t_us,state,imu_t_us,imu_q0,imu_q1,imu_q2,imu_q3,imu_calib,imu_ax,imu_ay,imu_az,imu_gx,imu_gy,imu_gz,imu_seq,baro_t_us,baro_pressure_hPa,baro_temperature_C,baro_altitude_m,baro_seq,gnss_t_us,gnss_lat_e7,gnss_lon_e7,gnss_alt_m,gnss_speed_mps,gnss_heading_deg,gnss_sats_used,gnss_seq
5902224,0,5848553,1.0,0.0,0.0,0.0,3,0.0859375,0.1484375,0.0,0.0,0.0,0.0,1,5849618,1026.369384765625,25.540000915527344,-108.3747329711914,1,5902221,0,0,0.0,0.0,0.0,0,1
6004178,0,5848553,1.0,0.0,0.0,0.0,3,0.0859375,0.1484375,0.0,0.0,0.0,0.0,1,5975339,1026.32373046875,25.549999237060547,0.37520936131477356,3,6004175,0,0,0.0,0.0,0.0,0,2
6054228,0,6011635,1.0,0.0,0.0,0.0,3,0.02734375,0.03125,0.015625,0.0,0.0,0.0,2,6012700,1026.30126953125,25.549999237060547,0.5601717233657837,4,6054225,0,0,0.0,0.0,0.0,0,3
6106186,0,6064329,1.0,0.0,0.0,0.0,0,0.02734375,0.03125,0.015625,nan,6.428568808967244e-40,1.3295393712652075e-39,3,6065395,1026.293212890625,25.559999465942383,0.623587429523468,5,6106183,0,0,0.0,0.0,0.0,0,4
6154174,0,6118500,1.0,0.0,0.0,0.0,3,0.02734375,0.03125,-0.0234375,nan,6.428568808967244e-40,1.3295393712652075e-39,4,6119566,1026.318603515625,25.56999969482422,0.4174864888191223,6,6154171,0,0,0.0,0.0,0.0,0,5
6203281,0,6155329,1.0,0.0,0.0,0.0,0,0.02734375,0.03125,-0.0234375,nan,7.346727588762151e-40,1.4296509361535011e-39,5,6156395,1026.30712890625,25.56999969482422,0.5126100182533264,7,6203278,0,0,0.0,0.0,0.0,0,6
6256185,0,6208533,0.25250244140625,0.05517578125,-0.00421142578125,0.96600341796875,0,0.02734375,0.03125,-0.0234375,nan,7.346727588762151e-40,1.4296509361535011e-39,6,6209599,1026.376220703125,25.59000015258789,-0.0554887093603611,8,6256182,0,0,0.0,0.0,0.0,0,7
6303289,0,6261295,0.25250244140625,0.05517578125,-0.00421142578125,0.96600341796875,3,-0.01171875,0.03125,0.0546875,nan,7.346727588762151e-40,1.4296509361535011e-39,7,6262361,1026.350830078125,25.59000015258789,0.15325453877449036,9,6303286,0,0,0.0,0.0,0.0,0,8
6356182,0,6314480,0.25250244140625,0.05517578125,-0.00421142578125,0.96600341796875,0,-0.01171875,0.03125,0.0546875,3.673391820350362e-40,6.428610847921174e-40,1.6665222246675752e-39,8,6315546,1026.3564453125,25.59000015258789,0.1056927815079689,10,6356179,0,0,0.0,0.0,0.0,0,9
6403080,0,6367271,0.25250244140625,0.05517578125,-0.00421142578125,0.96600341796875,3,0.02734375,-0.00390625,0.015625,3.673391820350362e-40,6.428610847921174e-40,1.6665222246675752e-39,9,6368336,1026.33984375,25.59000015258789,0.24309340119361877,11,6403077,0,0,0.0,0.0,0.0,0,10
6453079,0,6405545,0.25250244140625,0.05517578125,-0.00421142578125,0.96600341796875,0,0.02734375,-0.00390625,0.015625,nan,6.428596834936531e-40,1.8154690410375887e-39,10,6406610,1026.337646484375,25.600000381469727,0.25894731283187866,12,6453076,0,0,0.0,0.0,0.0,0,11
6501242,0,6459271,0.25250244140625,0.05517578125,-0.00421142578125,0.96600341796875,3,0.02734375,0.03125,0.0546875,nan,6.428596834936531e-40,1.8154690410375887e-39,11,6460337,1026.33984375,25.600000381469727,0.24309340119361877,13,6501239,0,0,0.0,0.0,0.0,0,12
6554172,0,6512504,0.25250244140625,0.05517578125,-0.00421142578125,0.96600341796875,3,-0.01171875,-0.00390625,0.0546875,nan,6.428596834936531e-40,1.8154690410375887e-39,12,6513570,1026.326904296875,25.610000610351562,0.3487861752510071,14,6554169,0,0,0.0,0.0,0.0,0,13
6601232,0,6565271,0.25250244140625,0.05517578125,-0.00421142578125,0.96600341796875,3,-0.01171875,-0.00390625,0.0078125,nan,6.428596834936531e-40,1.8154690410375887e-39,13,6566336,1026.333251953125,25.600000381469727,0.2959398031234741,15,6601229,0,0,0.0,0.0,0.0,0,14
6651229,0,6603558,0.25250244140625,0.05517578125,-0.00421142578125,0.96600341796875,0,-0.01171875,-0.00390625,0.0078125,nan,9.183507576845191e-40,2.0921960604739892e-39,14,6604623,1026.347900390625,25.610000610351562,0.17439308762550354,16,6651226,0,0,0.0,0.0,0.0,0,15
6705235,0,6657271,0.25250244140625,0.05517578125,-0.00421142578125,0.96600341796875,3,0.02734375,-0.00390625,-0.03125,nan,9.183507576845191e-40,2.0921960604739892e-39,15,6658336,1026.349365234375,25.610000610351562,0.16382381319999695,17,6705232,0,0,0.0,0.0,0.0,0,16
6752218,0,6710582,0.25250244140625,0.05517578125,-0.00421142578125,0.96600341796875,0,0.02734375,-0.00390625,-0.03125,nan,9.183521589829835e-40,2.2032994105164467e-39,16,6711648,1026.338134765625,25.610000610351562,0.25894731283187866,18,6752215,0,0,0.0,0.0,0.0,0,17
6804210,0,6762271,0.25250244140625,0.05517578125,-0.00421142578125,0.96600341796875,3,-0.01171875,0.03125,-0.03125,nan,9.183521589829835e-40,2.2032994105164467e-39,17,6763337,1026.33154296875,25.6200008392334,0.311793714761734,19,6804207,0,0,0.0,0.0,0.0,0,18
6856180,0,6814480,0.25250244140625,0.05517578125,-0.00421142578125,0.96600341796875,0,-0.01171875,0.03125,-0.03125,nan,9.183493563860548e-40,2.3695228356531208e-39,18,6815545,1026.31298828125,25.610000610351562,0.46504825353622437,20,6856177,0,0,0.0,0.0,0.0,0,19
6902082,0,6866349,0.25250244140625,0.05517578125,-0.00421142578125,0.96600341796875,0,-0.01171875,0.03125,-0.03125,9.183689745645554e-41,9.183521589829835e-40,2.419814036239274e-39,19,6867415,1026.34375,25.6200008392334,0.2113855630159378,21,6902079,0,0,0.0,0.0,0.0,0,20
6952080,0,6904480,0.25250244140625,0.05517578125,-0.00421142578125,0.96600341796875,0,-0.01171875,0.03125,-0.03125,2.75503685877045e-40,9.183521589829835e-40,2.5151780019304352e-39,20,6905545,1026.320556640625,25.6200008392334,0.4016325771808624,22,6952077,0,0,0.0,0.0,0.0,0,21
7055219,0,7019271,0.25250244140625,0.05517578125,-0.00421142578125,0.96600341796875,3,-0.01171875,-0.04296875,-0.03125,2.75503685877045e-40,9.183521589829835e-40,2.5151780019304352e-39,21,7020337,1026.312255859375,25.6299991607666,0.47033289074897766,23,7055216,0,0,0.0,0.0,0.0,0,22
7106164,0,7058582,0.25250244140625,0.05517578125,-0.00421142578125,0.96600341796875,0,-0.01171875,-0.04296875,-0.03125,1.8366818971905377e-40,9.183507576845191e-40,2.616100918629573e-39,22,7059648,1026.348876953125,25.6200008392334,0.16910845041275024,24,7106161,0,0,0.0,0.0,0.0,0,23
7153274,0,7111165,0.25250244140625,0.05517578125,-0.00421142578125,0.96600341796875,0,-0.01171875,-0.04296875,-0.03125,nan,8.265222680188496e-40,2.7728908025044123e-39,23,7112230,1026.324462890625,25.6299991607666,0.36992472410202026,25,7153271,0,0,0.0,0.0,0.0,0,24
7205230,0,7163582,0.25250244140625,0.05517578125,-0.00421142578125,0.96600341796875,0,-0.01171875,-0.04296875,-0.03125,9.182848966566959e-41,9.183535602814478e-40,2.8407865156978784e-39,24,7164647,1026.331787109375,25.6299991607666,0.311793714761734,26,7205227,0,0,0.0,0.0,0.0,0,25
7252213,0,7216164,0.25250244140625,0.05517578125,-0.00421142578125,0.96600341796875,0,-0.01171875,-0.04296875,-0.03125,9.182989096413391e-41,9.183465537891262e-40,2.9036908037614194e-39,25,7217230,1026.3095703125,25.6299991607666,0.49147143959999084,27,7252210,0,0,0.0,0.0,0.0,0,26
7303284,0,7254664,0.25244140625,0.0548095703125,-0.0018310546875,0.966064453125,0,-0.01171875,-0.04296875,-0.03125,9.182989096413391e-41,9.183465537891262e-40,2.9036908037614194e-39,26,7255730,1026.3046875,25.6299991607666,0.5337485671043396,28,7303281,0,0,0.0,0.0,0.0,0,27
7355238,0,7307164,0.25244140625,0.0548095703125,-0.0018310546875,0.966064453125,0,-0.01171875,-0.04296875,-0.03125,9.182848966566959e-41,8.265222680188496e-40,3.0509714762573507e-39,27,7308230,1026.316162109375,25.639999389648438,0.4386250376701355,29,7355235,0,0,0.0,0.0,0.0,0,28
7401223,0,7359582,0.25244140625,0.0548095703125,-0.0018310546875,0.966064453125,0,-0.01171875,-0.04296875,-0.03125,1.836639858236608e-40,9.183521589829835e-40,3.115589552342761e-39,28,7360647,1026.35302734375,25.6299991607666,0.13211597502231598,30,7401220,0,0,0.0,0.0,0.0,0,29
7454069,0,7412271,0.25244140625,0.0548095703125,-0.0018310546875,0.966064453125,3,-0.05078125,0.03125,0.015625,1.836639858236608e-40,9.183521589829835e-40,3.115589552342761e-39,29,7413336,1026.359375,25.6299991607666,0.08455422520637512,31,7454066,0,0,0.0,0.0,0.0,0,30
7501510,0,7465480,0.25244140625,0.0548095703125,-0.0018310546875,0.966064453125,0,-0.05078125,0.03125,0.015625,nan,9.183465537891262e-40,3.279845554435523e-39,30,7466545,1026.307861328125,25.6299991607666,0.5073253512382507,32,7501507,0,0,0.0,0.0,0.0,0,31
7553270,0,7505271,0.25244140625,0.0548095703125,-0.0018310546875,0.966064453125,3,0.03515625,-0.04296875,0.046875,nan,9.183465537891262e-40,3.279845554435523e-39,31,7506337,1026.34423828125,25.639999389648438,0.2061009258031845,33,7553267,0,0,0.0,0.0,0.0,0,32
7606173,0,7558480,0.25244140625,0.0548095703125,-0.0018310546875,0.966064453125,3,-0.05078125,0.03125,-0.03125,nan,9.183465537891262e-40,3.279845554435523e-39,32,7559545,1026.330810546875,25.639999389648438,0.3170783519744873,34,7606170,0,0,0.0,0.0,0.0,0,33
7653302,0,7611373,0.25244140625,0.0548095703125,-0.0018310546875,0.966064453125,0,-0.05078125,0.03125,-0.03125,nan,9.183493563860548e-40,3.4597204292116495e-39,33,7612438,1026.3330078125,25.639999389648438,0.3012244403362274,35,7653299,0,0,0.0,0.0,0.0,0,34
7706170,0,7664456,0.25250244140625,0.05474853515625,-0.00146484375,0.966064453125,0,-0.05078125,0.03125,-0.03125,nan,9.183493563860548e-40,3.4597204292116495e-39,34,7665521,1026.3544921875,25.649999618530273,0.12154670059680939,36,7706167,0,0,0.0,0.0,0.0,0,35
7754160,0,7718349,0.25250244140625,0.05474853515625,-0.00146484375,0.966064453125,0,-0.05078125,0.03125,-0.03125,nan,9.183493563860548e-40,3.4597204292116495e-39,35,7719414,1026.3505859375,25.639999389648438,0.15325453877449036,37,7754157,0,0,0.0,0.0,0.0,0,36
7804171,0,7756480,0.25250244140625,0.05474853515625,-0.00146484375,0.966064453125,0,-0.05078125,0.03125,-0.03125,nan,1.010180648648653e-39,3.7143223471948255e-39,36,7757545,1026.342041015625,25.649999618530273,0.2272394746541977,38,7804168,0,0,0.0,0.0,0.0,0,37
7851227,0,7809271,0.25250244140625,0.05474853515625,-0.00146484375,0.966064453125,3,-0.01171875,-0.12109375,0.0078125,nan,1.010180648648653e-39,3.7143223471948255e-39,37,7810336,1026.348876953125,25.639999389648438,0.16910845041275024,39,7851224,0,0,0.0,0.0,0.0,0,38
7905067,0,7863504,0.25250244140625,0.05474853515625,-0.00146484375,0.966064453125,3,-0.05078125,-0.04296875,-0.10546875,nan,1.010180648648653e-39,3.7143223471948255e-39,38,7864570,1026.32080078125,25.649999618530273,0.4016325771808624,40,7905064,0,0,0.0,0.0,0.0,0,39
7952218,0,7916349,0.25262451171875,0.05474853515625,-0.00140380859375,0.96600341796875,0,-0.05078125,-0.04296875,-0.10546875,nan,1.010180648648653e-39,3.7143223471948255e-39,39,7917414,1026.3095703125,25.639999389648438,0.49147143959999084,41,7952215,0,0,0.0,0.0,0.0,0,40
8002211,0,7954480,0.25262451171875,0.05474853515625,-0.00140380859375,0.96600341796875,0,-0.05078125,-0.04296875,-0.10546875,nan,1.0101834512455817e-39,3.962532942882216e-39,40,7955545,1026.3291015625,25.649999618530273,0.3329322636127472,42,8002208,0,0,0.0,0.0,0.0,0,41
8107236,0,8065271,0.25262451171875,0.05474853515625,-0.00140380859375,0.96600341796875,3,-0.01171875,0.03125,-0.10546875,nan,1.0101834512455817e-39,3.962532942882216e-39,41,8066337,1026.321044921875,25.649999618530273,0.39634793996810913,43,8107233,0,0,0.0,0.0,0.0,0,42
8154198,0,8118582,0.25262451171875,0.05474853515625,-0.00140380859375,0.96600341796875,0,-0.01171875,0.03125,-0.10546875,1.8365417673441053e-40,1.0101834512455817e-39,4.096300894286663e-39,42,8119648,1026.334228515625,25.649999618530273,0.29065513610839844,44,8154195,0,0,0.0,0.0,0.0,0,43
8204155,0,8156164,0.25262451171875,0.05474853515625,-0.00140380859375,0.96600341796875,0,-0.01171875,0.03125,-0.10546875,4.591802833868847e-40,1.010184852544046e-39,4.238378545584556e-39,43,8157230,1026.33544921875,25.65999984741211,0.28008586168289185,45,8204152,0,0,0.0,0.0,0.0,0,44
8252205,0,8209664,0.25244140625,0.0546875,-0.001220703125,0.966064453125,0,-0.01171875,0.03125,-0.10546875,4.591802833868847e-40,1.010184852544046e-39,4.238378545584556e-39,44,8210730,1026.3330078125,25.649999618530273,0.3012244403362274,46,8252202,0,0,0.0,0.0,0.0,0,45
8304197,0,8262164,0.25244140625,0.0546875,-0.001220703125,0.966064453125,0,-0.01171875,0.03125,-0.10546875,1.401298464324817e-45,1.0101792473501887e-39,4.3654300734494945e-39,45,8263230,1026.33544921875,25.649999618530273,0.28008586168289185,47,8304194,0,0,0.0,0.0,0.0,0,46
8351208,0,8314689,0.25244140625,0.0546875,-0.001220703125,0.966064453125,0,-0.01171875,0.03125,-0.10546875,2.7549527808625904e-40,1.010189056439439e-39,4.485269118118553e-39,46,8315754,1026.313232421875,25.65999984741211,0.4597635865211487,48,8351205,0,0,0.0,0.0,0.0,0,47
8401085,0,8353140,0.2523193359375,0.05474853515625,-0.001220703125,0.966064453125,0,-0.01171875,0.03125,-0.10546875,2.7549527808625904e-40,1.010189056439439e-39,4.485269118118553e-39,47,8354206,1026.31787109375,25.65999984741211,0.4227711260318756,49,8401082,0,0,0.0,0.0,0.0,0,48
8454199,0,8406558,0.2523193359375,0.05474853515625,-0.001220703125,0.966064453125,0,-0.01171875,0.03125,-0.10546875,9.183269356106256e-40,9.183549615799121e-40,4.593604903693969e-39,48,8407623,1026.30224609375,25.65999984741211,0.5496024489402771,50,8454196,0,0,0.0,0.0,0.0,0,49
8506166,0,8458295,0.2523193359375,0.05474853515625,-0.001220703125,0.966064453125,3,-0.10546875,0.03125,0.03125,9.183269356106256e-40,9.183549615799121e-40,4.593604903693969e-39,49,8459361,1026.328857421875,25.65999984741211,0.3329322636127472,51,8506163,0,0,0.0,0.0,0.0,0,50
8553269,0,8511480,0.2523193359375,0.05474853515625,-0.001220703125,0.966064453125,0,-0.10546875,0.03125,0.03125,7.622325161636306e-39,1.0100489265930065e-39,4.746144649326511e-39,50,8512545,1026.348388671875,25.670000076293945,0.17439308762550354,52,8553266,0,0,0.0,0.0,0.0,0,51
8606163,0,8564271,0.25634765625,0.05523681640625,-0.0020751953125,0.96502685546875,0,-0.10546875,0.03125,0.03125,7.622325161636306e-39,1.0100489265930065e-39,4.746144649326511e-39,51,8565336,1026.328369140625,25.670000076293945,0.3382169008255005,53,8606160,0,0,0.0,0.0,0.0,0,52
8653273,0,8617480,0.25634765625,0.05523681640625,-0.0020751953125,0.96502685546875,0,-0.10546875,0.03125,0.03125,nan,1.0100881629500076e-39,4.894067116519103e-39,52,8618545,1026.335205078125,25.670000076293945,0.28008586168289185,54,8653270,0,0,0.0,0.0,0.0,0,53
8705215,0,8657271,0.2530517578125,0.054443359375,-0.00213623046875,0.9659423828125,0,-0.10546875,0.03125,0.03125,nan,1.0100881629500076e-39,4.894067116519103e-39,53,8658337,1026.3388671875,25.670000076293945,0.24837803840637207,55,8705212,0,0,0.0,0.0,0.0,0,54
8751212,0,8709480,0.2530517578125,0.054443359375,-0.00213623046875,0.9659423828125,3,-1.51171875,0.73828125,-1.953125,nan,1.0100881629500076e-39,4.894067116519103e-39,54,8710545,1026.316162109375,25.670000076293945,0.4386250376701355,56,8751209,0,0,0.0,0.0,0.0,0,55
8804150,0,8762373,0.2530517578125,0.054443359375,-0.00213623046875,0.9659423828125,0,-1.51171875,0.73828125,-1.953125,nan,1.0101778460517244e-39,5.0562800254508796e-39,55,8763438,1026.31201171875,25.68000030517578,0.47033289074897766,57,8804147,0,0,0.0,0.0,0.0,0,56
8851206,0,8815480,0.2530517578125,0.054443359375,-0.00213623046875,0.9659423828125,0,-1.51171875,0.73828125,-1.953125,nan,1.0098219162417859e-39,5.147658698309501e-39,56,8816545,1026.349365234375,25.68000030517578,0.16382381319999695,58,8851203,0,0,0.0,0.0,0.0,0,57
8903060,0,8855349,0.25787353515625,0.0537109375,0.00311279296875,0.96466064453125,0,-1.51171875,0.73828125,-1.953125,nan,1.0098219162417859e-39,5.147658698309501e-39,57,8856414,1026.28662109375,25.670000076293945,0.6817184686660767,59,8903057,0,0,0.0,0.0,0.0,0,58
8951202,0,8909271,0.25787353515625,0.0537109375,0.00311279296875,0.96466064453125,3,0.171875,0.6796875,0.0625,nan,1.0098219162417859e-39,5.147658698309501e-39,58,8910336,1026.322998046875,25.68000030517578,0.38049399852752686,60,8951199,0,0,0.0,0.0,0.0,0,59
9004148,0,8962582,0.25787353515625,0.0537109375,0.00311279296875,0.96466064453125,0,0.171875,0.6796875,0.0625,6.575606496309462e-38,9.186856680174928e-40,5.358359336703845e-39,59,8963647,1026.353515625,25.68000030517578,0.13211597502231598,61,9004145,0,0,0.0,0.0,0.0,0,60
9051587,0,9015271,0.25787353515625,0.0537109375,0.00311279296875,0.96466064453125,3,-0.47265625,-0.8359375,-0.4296875,6.575606496309462e-38,9.186856680174928e-40,5.358359336703845e-39,60,9016336,1026.3212890625,25.68000030517578,0.39634793996810913,62,9051584,0,0,0.0,0.0,0.0,0,61
9154147,0,9118480,0.25787353515625,0.0537109375,0.00311279296875,0.96466064453125,3,-0.25,-0.703125,0.98046875,6.575606496309462e-38,9.186856680174928e-40,5.358359336703845e-39,61,9119546,1026.319580078125,25.68000030517578,0.4069172143936157,63,9154144,0,0,0.0,0.0,0.0,0,62
9205374,0,9157271,0.25787353515625,0.0537109375,0.00311279296875,0.96466064453125,3,0.390625,0.78515625,-0.0625,6.575606496309462e-38,9.186856680174928e-40,5.358359336703845e-39,62,9158337,1026.290283203125,25.68000030517578,0.6500105857849121,64,9205371,0,0,0.0,0.0,0.0,0,63
9252348,0,9210480,0.25787353515625,0.0537109375,0.00311279296875,0.96466064453125,3,0.01953125,-0.8984375,-2.21484375,6.575606496309462e-38,9.186856680174928e-40,5.358359336703845e-39,63,9211545,1026.34423828125,25.690000534057617,0.2061009258031845,65,9252345,0,0,0.0,0.0,0.0,0,64
9304146,0,9262373,0.25787353515625,0.0537109375,0.00311279296875,0.96466064453125,0,0.01953125,-0.8984375,-2.21484375,nan,9.183871914445916e-40,5.7752316168558346e-39,64,9263439,1026.33154296875,25.690000534057617,0.311793714761734,66,9304143,0,0,0.0,0.0,0.0,0,65
9352070,0,9316480,0.25787353515625,0.0537109375,0.00311279296875,0.96466064453125,0,0.01953125,-0.8984375,-2.21484375,-1.4703701150902273e+37,1.009805100660214e-39,5.879775488786788e-39,65,9317545,1026.316650390625,25.68000030517578,0.4333404004573822,67,9352067,0,0,0.0,0.0,0.0,0,66
9402071,0,9354271,0.25787353515625,0.0537109375,0.00311279296875,0.96466064453125,3,-1.15234375,-0.5078125,0.08203125,-1.4703701150902273e+37,1.009805100660214e-39,5.879775488786788e-39,66,9355337,1026.328369140625,25.690000534057617,0.3382169008255005,68,9402068,0,0,0.0,0.0,0.0,0,67
9456203,0,9408271,0.25787353515625,0.0537109375,0.00311279296875,0.96466064453125,3,0.03125,-0.09375,-0.1171875,-1.4703701150902273e+37,1.009805100660214e-39,5.879775488786788e-39,67,9409337,1026.347900390625,25.690000534057617,0.17439308762550354,69,9456200,0,0,0.0,0.0,0.0,0,68
9502194,0,9460582,0.25787353515625,0.0537109375,0.00311279296875,0.96466064453125,0,0.03125,-0.09375,-0.1171875,1.4785240226937577e-38,9.185034992171305e-40,6.058068297596691e-39,68,9461648,1026.3359375,25.690000534057617,0.27480122447013855,70,9502191,0,0,0.0,0.0,0.0,0,69
9555217,0,9513164,0.25787353515625,0.0537109375,0.00311279296875,0.96466064453125,0,0.03125,-0.09375,-0.1171875,2.405977615202531e-38,9.184306316969857e-40,6.122298214007484e-39,69,9514230,1026.330078125,25.690000534057617,0.3223629891872406,71,9555214,0,0,0.0,0.0,0.0,0,70
9602194,0,9565689,0.25787353515625,0.0537109375,0.00311279296875,0.96466064453125,0,0.03125,-0.09375,-0.1171875,1.8917616148889819e-38,9.183927966384489e-40,6.199530778868746e-39,70,9566754,1026.340087890625,25.690000534057617,0.24309340119361877,72,9602191,0,0,0.0,0.0,0.0,0,71
9652193,0,9604164,0.25787353515625,0.0537109375,0.00311279296875,0.96466064453125,0,0.03125,-0.09375,-0.1171875,4.059146586543862e-38,1.0101652343655455e-39,6.269664365709739e-39,71,9605230,1026.341064453125,25.690000534057617,0.23252412676811218,73,9652190,0,0,0.0,0.0,0.0,0,72
9706155,0,9657665,0.24151611328125,0.10546875,0.037841796875,0.96392822265625,0,0.03125,-0.09375,-0.1171875,4.059146586543862e-38,1.0101652343655455e-39,6.269664365709739e-39,72,9658730,1026.34423828125,25.700000762939453,0.2061009258031845,74,9706152,0,0,0.0,0.0,0.0,0,73
9752190,0,9710164,0.24151611328125,0.10546875,0.037841796875,0.96392822265625,0,0.03125,-0.09375,-0.1171875,-7.942265561055615e+37,1.0097028058723183e-39,6.394421967988577e-39,73,9711230,1026.355712890625,25.700000762939453,0.1109774187207222,75,9752187,0,0,0.0,0.0,0.0,0,74
9806152,0,9763689,0.24151611328125,0.10546875,0.037841796875,0.96392822265625,0,0.03125,-0.09375,-0.1171875,2.029504629647179e-38,1.010184852544046e-39,6.506357689318844e-39,74,9764754,1026.32373046875,25.690000534057617,0.37520936131477356,76,9806149,0,0,0.0,0.0,0.0,0,75
9853117,0,9817063,0.24151611328125,0.10546875,0.037841796875,0.96392822265625,3,-0.12890625,-1.59765625,1.29296875,2.029504629647179e-38,1.010184852544046e-39,6.506357689318844e-39,75,9818128,1026.324951171875,25.700000762939453,0.36464008688926697,77,9853114,0,0,0.0,0.0,0.0,0,76
9906070,0,9857689,0.24151611328125,0.10546875,0.037841796875,0.96392822265625,0,-0.12890625,-1.59765625,1.29296875,1.0726424066571603e-37,9.18471269352451e-40,6.62794275187445e-39,76,9858754,1026.3818359375,25.700000762939453,-0.10305046290159225,78,9906067,0,0,0.0,0.0,0.0,0,77
9953250,0,9911140,0.250244140625,0.119140625,0.023193359375,0.9605712890625,0,-0.12890625,-1.59765625,1.29296875,1.0726424066571603e-37,9.18471269352451e-40,6.62794275187445e-39,77,9912206,1026.32177734375,25.700000762939453,0.39106330275535583,79,9953247,0,0,0.0,0.0,0.0,0,78
10001195,0,9964713,0.250244140625,0.119140625,0.023193359375,0.9605712890625,3,0.0,-0.19921875,-0.40234375,1.0726424066571603e-37,9.18471269352451e-40,6.62794275187445e-39,78,9965778,1026.325927734375,25.700000762939453,0.35935544967651367,80,10001192,0,0,0.0,0.0,0.0,0,79
10051201,0,10003127,0.250244140625,0.119140625,0.023193359375,0.9605712890625,3,-0.3828125,-1.1875,0.6640625,1.0726424066571603e-37,9.18471269352451e-40,6.62794275187445e-39,79,10004192,1026.308837890625,25.690000534057617,0.49675607681274414,81,10051198,0,0,0.0,0.0,0.0,0,80
10111191,0,10057534,0.249755859375,0.10797119140625,0.02008056640625,0.9620361328125,0,-0.3828125,-1.1875,0.6640625,1.0726424066571603e-37,9.18471269352451e-40,6.62794275187445e-39,80,10058599,1026.30859375,25.700000762939453,0.502040684223175,82,10111188,0,0,0.0,0.0,0.0,0,81
10202186,0,10184296,0.249755859375,0.10797119140625,0.02008056640625,0.9620361328125,3,0.38671875,-0.42578125,0.09375,1.0726424066571603e-37,9.18471269352451e-40,6.62794275187445e-39,81,10185361,1026.306396484375,25.700000762939453,0.5178946256637573,83,10202183,0,0,0.0,0.0,0.0,0,82
10254192,0,10212480,0.249755859375,0.10797119140625,0.02008056640625,0.9620361328125,3,-0.5,0.13671875,-0.00390625,1.0726424066571603e-37,9.18471269352451e-40,6.62794275187445e-39,82,10213546,1026.354736328125,25.700000762939453,0.12154670059680939,84,10254189,0,0,0.0,0.0,0.0,0,83
10301191,0,10265349,0.241943359375,0.09588623046875,0.0670166015625,0.96319580078125,0,-0.5,0.13671875,-0.00390625,1.0726424066571603e-37,9.18471269352451e-40,6.62794275187445e-39,83,10266415,1026.325927734375,25.690000534057617,0.35935544967651367,85,10301188,0,0,0.0,0.0,0.0,0,84
10351068,0,10303480,0.241943359375,0.09588623046875,0.0670166015625,0.96319580078125,0,-0.5,0.13671875,-0.00390625,9.000080410462002e-39,1.0102352992887617e-39,7.277616949800115e-39,84,10304545,1026.29833984375,25.700000762939453,0.5813102722167969,86,10351065,0,0,0.0,0.0,0.0,0,85
10405248,0,10357271,0.241943359375,0.09588623046875,0.0670166015625,0.96319580078125,3,0.46484375,-0.59375,0.15625,9.000080410462002e-39,1.0102352992887617e-39,7.277616949800115e-39,85,10358337,1026.30712890625,25.690000534057617,0.5126100182533264,87,10405245,0,0,0.0,0.0,0.0,0,86
10452187,0,10410558,0.24261474609375,0.087890625,0.069091796875,0.96368408203125,0,0.46484375,-0.59375,0.15625,9.000080410462002e-39,1.0102352992887617e-39,7.277616949800115e-39,86,10411623,1026.35986328125,25.690000534057617,0.07926958799362183,88,10452184,0,0,0.0,0.0,0.0,0,87
10505199,0,10463295,0.24261474609375,0.087890625,0.069091796875,0.96368408203125,3,0.3203125,-0.4375,-0.41015625,9.000080410462002e-39,1.0102352992887617e-39,7.277616949800115e-39,87,10464361,1026.3017578125,25.68000030517578,0.5548871159553528,89,10505196,0,0,0.0,0.0,0.0,0,88
10551197,0,10515456,0.23699951171875,0.0804443359375,0.0634765625,0.966064453125,0,0.3203125,-0.4375,-0.41015625,9.000080410462002e-39,1.0102352992887617e-39,7.277616949800115e-39,88,10516521,1026.314697265625,25.68000030517578,0.4491943120956421,90,10551194,0,0,0.0,0.0,0.0,0,89
10601199,0,10553402,0.23699951171875,0.0804443359375,0.0634765625,0.966064453125,3,-0.0078125,0.15234375,0.25,9.000080410462002e-39,1.0102352992887617e-39,7.277616949800115e-39,89,10554467,1026.331298828125,25.68000030517578,0.311793714761734,91,10601196,0,0,0.0,0.0,0.0,0,90
10654137,0,10606271,0.23699951171875,0.0804443359375,0.0634765625,0.966064453125,3,-0.1328125,0.03515625,0.41796875,9.000080410462002e-39,1.0102352992887617e-39,7.277616949800115e-39,90,10607336,1026.297607421875,25.68000030517578,0.5918796062469482,92,10654134,0,0,0.0,0.0,0.0,0,91
10701490,0,10659545,0.23699951171875,0.0804443359375,0.0634765625,0.966064453125,3,0.4296875,-0.3515625,0.48828125,9.000080410462002e-39,1.0102352992887617e-39,7.277616949800115e-39,91,10660610,1026.3291015625,25.68000030517578,0.3329322636127472,93,10701487,0,0,0.0,0.0,0.0,0,92
10754137,0,10712271,0.23699951171875,0.0804443359375,0.0634765625,0.966064453125,3,0.54296875,0.0625,-0.625,9.000080410462002e-39,1.0102352992887617e-39,7.277616949800115e-39,92,10713336,1026.31201171875,25.68000030517578,0.47033289074897766,94,10754134,0,0,0.0,0.0,0.0,0,93
10801185,0,10765480,0.23699951171875,0.0804443359375,0.0634765625,0.966064453125,3,-0.3515625,0.3828125,-0.38671875,9.000080410462002e-39,1.0102352992887617e-39,7.277616949800115e-39,93,10766545,1026.333984375,25.68000030517578,0.29065513610839844,95,10801182,0,0,0.0,0.0,0.0,0,94
10851061,0,10803271,0.23699951171875,0.0804443359375,0.0634765625,0.966064453125,3,-0.9140625,1.60546875,-0.48046875,9.000080410462002e-39,1.0102352992887617e-39,7.277616949800115e-39,94,10804337,1026.310791015625,25.68000030517578,0.48090216517448425,96,10851058,0,0,0.0,0.0,0.0,0,95
10904143,0,10856587,0.23699951171875,0.0804443359375,0.0634765625,0.966064453125,3,-1.2421875,0.87890625,0.1796875,9.000080410462002e-39,1.0102352992887617e-39,7.277616949800115e-39,95,10857652,1026.310791015625,25.68000030517578,0.48090216517448425,97,10904140,0,0,0.0,0.0,0.0,0,96
10951183,0,10909164,0.23699951171875,0.0804443359375,0.0634765625,0.966064453125,0,-1.2421875,0.87890625,0.1796875,2.920419504828529e-38,1.0104076589998737e-39,8.074672713711143e-39,96,10910230,1026.331298828125,25.700000762939453,0.311793714761734,98,10951180,0,0,0.0,0.0,0.0,0,97
11004196,0,10961664,0.18292236328125,0.05731201171875,0.06268310546875,0.97943115234375,0,-1.2421875,0.87890625,0.1796875,2.920419504828529e-38,1.0104076589998737e-39,8.074672713711143e-39,97,10962730,1026.315673828125,25.690000534057617,0.4439096748828888,99,11004193,0,0,0.0,0.0,0.0,0,98
11056142,0,11014165,0.18292236328125,0.05731201171875,0.06268310546875,0.97943115234375,0,-1.2421875,0.87890625,0.1796875,4.958622134173619e-39,1.0102801408396201e-39,8.226084414079903e-39,98,11015230,1026.334716796875,25.68000030517578,0.28537049889564514,100,11056139,0,0,0.0,0.0,0.0,0,99
11109181,0,11066664,0.18048095703125,0.0723876953125,0.056396484375,0.97930908203125,0,-1.2421875,0.87890625,0.1796875,4.958622134173619e-39,1.0102801408396201e-39,8.226084414079903e-39,99,11067730,1026.30322265625,25.68000030517578,0.5443178415298462,101,11109178,0,0,0.0,0.0,0.0,0,100
11155239,0,11119140,0.184326171875,0.09271240234375,0.04644775390625,0.97735595703125,0,-1.2421875,0.87890625,0.1796875,4.958622134173619e-39,1.0102801408396201e-39,8.226084414079903e-39,100,11120206,1026.3466796875,25.690000534057617,0.18496236205101013,102,11155236,0,0,0.0,0.0,0.0,0,101
11252178,0,11221665,0.18609619140625,0.10198974609375,0.03485107421875,0.97662353515625,0,-1.2421875,0.87890625,0.1796875,4.958622134173619e-39,1.0102801408396201e-39,8.226084414079903e-39,101,11222730,1026.343505859375,25.690000534057617,0.2113855630159378,103,11252175,0,0,0.0,0.0,0.0,0,102
11305167,0,11257140,0.186767578125,0.10198974609375,0.02392578125,0.976806640625,0,-1.2421875,0.87890625,0.1796875,4.958622134173619e-39,1.0102801408396201e-39,8.226084414079903e-39,102,11258206,1026.3203125,25.690000534057617,0.4016325771808624,104,11305164,0,0,0.0,0.0,0.0,0,103
11353060,0,11310664,0.186767578125,0.10198974609375,0.02392578125,0.976806640625,0,-1.2421875,0.87890625,0.1796875,4.683615628991716e-38,1.1018311734093534e-39,8.667839551062909e-39,103,11311730,1026.330078125,25.690000534057617,0.3223629891872406,105,11353057,0,0,0.0,0.0,0.0,0,104
11405167,0,11363151,0.186767578125,0.10198974609375,0.02392578125,0.976806640625,3,-0.171875,-0.078125,0.453125,4.683615628991716e-38,1.1018311734093534e-39,8.667839551062909e-39,104,11364216,1026.328125,25.690000534057617,0.3382169008255005,106,11405164,0,0,0.0,0.0,0.0,0,105
11452184,0,11415664,0.186767578125,0.10198974609375,0.02392578125,0.976806640625,0,-0.171875,-0.078125,0.453125,2.755057317728029e-38,1.1017541019938155e-39,8.793994247910679e-39,105,11416730,1026.355224609375,25.690000534057617,0.11626206338405609,107,11452181,0,0,0.0,0.0,0.0,0,106
11504128,0,11456151,0.186767578125,0.10198974609375,0.02392578125,0.976806640625,3,0.49609375,-0.703125,0.453125,2.755057317728029e-38,1.1017541019938155e-39,8.793994247910679e-39,106,11457217,1026.32177734375,25.700000762939453,0.39106330275535583,108,11504125,0,0,0.0,0.0,0.0,0,107
11551179,0,11509586,0.186767578125,0.10198974609375,0.02392578125,0.976806640625,3,-0.30078125,-0.140625,0.1484375,2.755057317728029e-38,1.1017541019938155e-39,8.793994247910679e-39,107,11510652,1026.308349609375,25.690000534057617,0.502040684223175,109,11551176,0,0,0.0,0.0,0.0,0,108
11604170,0,11562164,0.186767578125,0.10198974609375,0.02392578125,0.976806640625,0,-0.30078125,-0.140625,0.1484375,-3.2167546689223485e+38,1.010232496691833e-39,8.977247653284293e-39,108,11563230,1026.3076171875,25.700000762939453,0.5073253512382507,110,11604167,0,0,0.0,0.0,0.0,0,109
11652177,0,11615664,0.20928955078125,0.0869140625,0.00128173828125,0.9739990234375,0,-0.30078125,-0.140625,0.1484375,-3.2167546689223485e+38,1.010232496691833e-39,8.977247653284293e-39,109,11616730,1026.3369140625,25.700000762939453,0.26951658725738525,111,11652174,0,0,0.0,0.0,0.0,0,110
11704140,0,11656164,0.20928955078125,0.0869140625,0.00128173828125,0.9739990234375,0,-0.30078125,-0.140625,0.1484375,nan,1.1019348694957134e-39,9.155715624402237e-39,110,11657230,1026.3583984375,25.690000534057617,0.08983886241912842,112,11704137,0,0,0.0,0.0,0.0,0,111
11752188,0,11709664,0.209228515625,0.09100341796875,0.0123291015625,0.97357177734375,0,-0.30078125,-0.140625,0.1484375,nan,1.1019348694957134e-39,9.155715624402237e-39,111,11710730,1026.330078125,25.690000534057617,0.3223629891872406,113,11752185,0,0,0.0,0.0,0.0,0,112
11805060,0,11763164,0.209228515625,0.09100341796875,0.0123291015625,0.97357177734375,0,-0.30078125,-0.140625,0.1484375,1.2214092963043545e-38,1.010197464230225e-39,9.269419784394482e-39,112,11764230,1026.328369140625,25.690000534057617,0.3382169008255005,114,11805057,0,0,0.0,0.0,0.0,0,113
11852060,0,11815689,0.209228515625,0.09100341796875,0.0123291015625,0.97357177734375,0,-0.30078125,-0.140625,0.1484375,1.5428188192234483e-38,1.1019867175388934e-39,9.368945606524687e-39,113,11816754,1026.3486328125,25.700000762939453,0.16910845041275024,115,11852057,0,0,0.0,0.0,0.0,0,114
11902171,0,11854164,0.209228515625,0.09100341796875,0.0123291015625,0.97357177734375,0,-0.30078125,-0.140625,0.1484375,1.0097434435277837e-39,1.1019292643018561e-39,9.437019284623123e-39,114,11855230,1026.34619140625,25.690000534057617,0.19024699926376343,116,11902168,0,0,0.0,0.0,0.0,0,115
11955187,0,11907586,0.209228515625,0.09100341796875,0.0123291015625,0.97357177734375,3,-0.92578125,-0.15625,1.48828125,1.0097434435277837e-39,1.1019292643018561e-39,9.437019284623123e-39,115,11908652,1026.339111328125,25.68000030517578,0.24837803840637207,117,11955184,0,0,0.0,0.0,0.0,0,116
12002171,0,11960164,0.209228515625,0.09100341796875,0.0123291015625,0.97357177734375,0,-0.92578125,-0.15625,1.48828125,-1.0965502210527843e+38,1.0104931382061975e-39,9.537244354687027e-39,116,11961230,1026.346435546875,25.68000030517578,0.19024699926376343,118,12002168,0,0,0.0,0.0,0.0,0,117
12056133,0,12013689,0.209228515625,0.09100341796875,0.0123291015625,0.97357177734375,0,-0.92578125,-0.15625,1.48828125,1.2583120709728092e-38,1.0102423057810833e-39,9.666327765325236e-39,117,12014754,1026.29931640625,25.670000076293945,0.576025664806366,119,12056130,0,0,0.0,0.0,0.0,0,118
12108117,0,12066164,0.209228515625,0.09100341796875,0.0123291015625,0.97357177734375,0,-0.92578125,-0.15625,1.48828125,3.085470058845106e-35,1.0102647265565125e-39,9.698543617020063e-39,118,12067230,1026.34765625,25.68000030517578,0.17967772483825684,120,12108114,0,0,0.0,0.0,0.0,0,119
12155120,0,12118664,0.209228515625,0.09100341796875,0.0123291015625,0.97357177734375,3,-0.8671875,-0.30859375,-6.8203125,3.085470058845106e-35,1.0102647265565125e-39,9.698543617020063e-39,119,12119730,1026.3212890625,25.68000030517578,0.39634793996810913,121,12155117,0,0,0.0,0.0,0.0,0,120
12205118,0,12157140,0.19854736328125,-0.0321044921875,-0.00152587890625,0.97955322265625,0,-0.8671875,-0.30859375,-6.8203125,3.085470058845106e-35,1.0102647265565125e-39,9.698543617020063e-39,120,12158206,1026.288818359375,25.670000076293945,0.6605798602104187,122,12205115,0,0,0.0,0.0,0.0,0,121
12306158,0,12270271,0.197265625,-0.028564453125,-0.0003662109375,0.97991943359375,0,-0.8671875,-0.30859375,-6.8203125,3.085470058845106e-35,1.0102647265565125e-39,9.698543617020063e-39,121,12271337,1026.313720703125,25.670000076293945,0.4597635865211487,123,12306155,0,0,0.0,0.0,0.0,0,122
12351262,0,12309582,0.197265625,-0.028564453125,-0.0003662109375,0.97991943359375,0,-0.8671875,-0.30859375,-6.8203125,-3.0403293966355847e+37,1.0106458797388089e-39,9.985920504785332e-39,122,12310648,1026.3125,25.670000076293945,0.46504825353622437,124,12351259,0,0,0.0,0.0,0.0,0,123
12404210,0,12362164,0.197265625,-0.028564453125,-0.0003662109375,0.97991943359375,0,-0.8671875,-0.30859375,-6.8203125,nan,1.1020161448066443e-39,1.0130306094653969e-38,123,12363230,1026.3115234375,25.670000076293945,0.47561752796173096,125,12404207,0,0,0.0,0.0,0.0,0,124
12456264,0,12414582,0.197265625,-0.028564453125,-0.0003662109375,0.97991943359375,0,-0.8671875,-0.30859375,-6.8203125,3.2324853097173515e-38,1.0102647265565125e-39,1.0198971120704349e-38,124,12415647,1026.313232421875,25.68000030517578,0.4597635865211487,126,12456261,0,0,0.0,0.0,0.0,0,125
12503114,0,12467271,0.197265625,-0.028564453125,-0.0003662109375,0.97991943359375,3,0.2265625,0.49609375,0.94140625,3.2324853097173515e-38,1.0102647265565125e-39,1.0198971120704349e-38,125,12468337,1026.314697265625,25.670000076293945,0.4491943120956421,127,12503111,0,0,0.0,0.0,0.0,0,126
12553249,0,12505558,0.197265625,-0.028564453125,-0.0003662109375,0.97991943359375,0,0.2265625,0.49609375,0.94140625,1.1111664836488389e-38,1.1018872253479264e-39,1.0369977177499764e-38,126,12506623,1026.30078125,25.670000076293945,0.5654563903808594,128,12553246,0,0,0.0,0.0,0.0,0,127
12606263,0,12558271,0.192138671875,0.05657958984375,-0.01373291015625,0.9796142578125,0,0.2265625,0.49609375,0.94140625,1.1111664836488389e-38,1.1018872253479264e-39,1.0369977177499764e-38,127,12559336,1026.32470703125,25.670000076293945,0.36464008688926697,129,12606260,0,0,0.0,0.0,0.0,0,128
12653229,0,12611569,0.192138671875,0.05657958984375,-0.01373291015625,0.9796142578125,3,-0.06640625,-0.8046875,0.4453125,1.1111664836488389e-38,1.1018872253479264e-39,1.0369977177499764e-38,128,12612634,1026.287353515625,25.670000076293945,0.676433801651001,130,12653226,0,0,0.0,0.0,0.0,0,129
12706220,0,12664164,0.192138671875,0.05657958984375,-0.01373291015625,0.9796142578125,0,-0.06640625,-0.8046875,0.4453125,1.395891273940527e-38,1.010357212255158e-39,1.0533658647222153e-38,129,12665230,1026.3046875,25.670000076293945,0.5337485671043396,131,12706217,0,0,0.0,0.0,0.0,0,130
12754578,0,12717664,0.192138671875,0.05657958984375,-0.01373291015625,0.9796142578125,3,-0.515625,-0.9921875,0.23046875,1.395891273940527e-38,1.010357212255158e-39,1.0533658647222153e-38,130,12718730,1026.3203125,25.670000076293945,0.4016325771808624,132,12754575,0,0,0.0,0.0,0.0,0,131
12804152,0,12756140,0.182861328125,0.06805419921875,-0.02581787109375,0.98046875,0,-0.515625,-0.9921875,0.23046875,1.395891273940527e-38,1.010357212255158e-39,1.0533658647222153e-38,131,12757206,1026.322265625,25.670000076293945,0.38577866554260254,133,12804149,0,0,0.0,0.0,0.0,0,132
12852315,0,12809665,0.17877197265625,0.07281494140625,-0.02593994140625,0.9808349609375,0,-0.515625,-0.9921875,0.23046875,1.395891273940527e-38,1.010357212255158e-39,1.0533658647222153e-38,132,12810730,1026.31005859375,25.670000076293945,0.48618680238723755,134,12852312,0,0,0.0,0.0,0.0,0,133
12905124,0,12863164,0.17877197265625,0.07281494140625,-0.02593994140625,0.9808349609375,0,-0.515625,-0.9921875,0.23046875,nan,1.0104805265200186e-39,1.0811882253418452e-38,133,12864230,1026.306884765625,25.68000030517578,0.5126100182533264,135,12905121,0,0,0.0,0.0,0.0,0,134
12953118,0,12916689,0.17877197265625,0.07281494140625,-0.02593994140625,0.9808349609375,0,-0.515625,-0.9921875,0.23046875,-7.0115027419826e+37,1.0103880408213731e-39,1.091787927185691e-38,134,12917754,1026.282470703125,25.670000076293945,0.7134262919425964,136,12953115,0,0,0.0,0.0,0.0,0,135
13003110,0,12955063,0.17877197265625,0.07281494140625,-0.02593994140625,0.9808349609375,3,-0.21484375,0.0859375,0.640625,-7.0115027419826e+37,1.0103880408213731e-39,1.091787927185691e-38,135,12956128,1026.330810546875,25.68000030517578,0.3170783519744873,137,13003107,0,0,0.0,0.0,0.0,0,136
13051256,0,13008689,0.17877197265625,0.07281494140625,-0.02593994140625,0.9808349609375,0,-0.21484375,0.0859375,0.640625,7.254779988727014e-39,1.0105267693693413e-39,1.1045017680226636e-38,136,13009754,1026.289794921875,25.68000030517578,0.6552952527999878,138,13051253,0,0,0.0,0.0,0.0,0,137
13109468,0,13061164,0.17877197265625,0.07281494140625,-0.02593994140625,0.9808349609375,0,-0.21484375,0.0859375,0.640625,2.4611851313209214e-38,1.010672504409631e-39,1.109023477907347e-38,137,13062230,1026.307861328125,25.68000030517578,0.5073253512382507,139,13109465,0,0,0.0,0.0,0.0,0,138
13156502,0,13113689,0.17877197265625,0.07281494140625,-0.02593994140625,0.9808349609375,0,-0.21484375,0.0859375,0.640625,1.6162893180975378e-38,1.0105001446985191e-39,1.1195120567829718e-38,138,13114754,1026.322509765625,25.68000030517578,0.38577866554260254,140,13156499,0,0,0.0,0.0,0.0,0,139
13202252,0,13166164,0.17877197265625,0.07281494140625,-0.02593994140625,0.9808349609375,0,-0.21484375,0.0859375,0.640625,6.832820995149525e-38,1.01063326805263e-39,1.1241305963915399e-38,139,13167230,1026.333740234375,25.68000030517578,0.29065513610839844,141,13202249,0,0,0.0,0.0,0.0,0,140
13255107,0,13206689,0.17877197265625,0.07281494140625,-0.02593994140625,0.9808349609375,0,-0.21484375,0.0859375,0.640625,8.302090282265496e-38,1.0106697018127024e-39,1.1342143401408213e-38,140,13207754,1026.316650390625,25.68000030517578,0.4333404004573822,142,13255104,0,0,0.0,0.0,0.0,0,141
13354202,0,13318165,0.17877197265625,0.07281494140625,-0.02593994140625,0.9808349609375,0,-0.21484375,0.0859375,0.640625,nan,1.0104707174307683e-39,1.138862867536526e-38,141,13319230,1026.29248046875,25.68000030517578,0.6341567039489746,143,13354199,0,0,0.0,0.0,0.0,0,142
13405106,0,13357582,0.17877197265625,0.07281494140625,-0.02593994140625,0.9808349609375,0,-0.21484375,0.0859375,0.640625,3.600147350918568e-38,1.0101988655286893e-39,1.1437852086521598e-38,142,13358648,1026.281494140625,25.68000030517578,0.723995566368103,144,13405103,0,0,0.0,0.0,0.0,0,143
13452249,0,13410164,0.17877197265625,0.07281494140625,-0.02593994140625,0.9808349609375,0,-0.21484375,0.0859375,0.640625,-2.2198320494908933e+38,1.0107579836159549e-39,1.1599299886491853e-38,143,13411230,1026.310791015625,25.68000030517578,0.48090216517448425,145,13452246,0,0,0.0,0.0,0.0,0,144
13504200,0,13462582,0.17877197265625,0.07281494140625,-0.02593994140625,0.9808349609375,0,-0.21484375,0.0859375,0.640625,-1.3624363850289748e+37,1.0104959408031261e-39,1.1667709876221727e-38,144,13463648,1026.28662109375,25.68000030517578,0.6817184686660767,146,13504197,0,0,0.0,0.0,0.0,0,145
13551643,0,13515271,0.17877197265625,0.07281494140625,-0.02593994140625,0.9808349609375,3,0.30859375,1.33984375,-0.2265625,-1.3624363850289748e+37,1.0104959408031261e-39,1.1667709876221727e-38,145,13516336,1026.32958984375,25.68000030517578,0.3276476263999939,147,13551641,0,0,0.0,0.0,0.0,0,146
13602248,0,13554480,0.17877197265625,0.07281494140625,-0.02593994140625,0.9808349609375,0,0.30859375,1.33984375,-0.2265625,3.39923057840214e-39,1.0103039629135136e-39,1.1809385354860359e-38,146,13555545,1026.324462890625,25.68000030517578,0.36992472410202026,148,13602245,0,0,0.0,0.0,0.0,0,147
13656253,0,13608271,0.17877197265625,0.07281494140625,-0.02593994140625,0.9808349609375,3,0.359375,-1.62890625,-1.1953125,3.39923057840214e-39,1.0103039629135136e-39,1.1809385354860359e-38,147,13609337,1026.31298828125,25.68000030517578,0.46504825353622437,149,13656250,0,0,0.0,0.0,0.0,0,148
13703103,0,13661582,0.17877197265625,0.07281494140625,-0.02593994140625,0.9808349609375,0,0.359375,-1.62890625,-1.1953125,1.0093720994347376e-39,1.0108196407483852e-39,1.1943025788104552e-38,148,13662647,1026.3046875,25.68000030517578,0.5337485671043396,150,13703100,0,0,0.0,0.0,0.0,0,149
13755106,0,13713271,0.17877197265625,0.07281494140625,-0.02593994140625,0.9808349609375,3,0.765625,0.6328125,0.015625,1.0093720994347376e-39,1.0108196407483852e-39,1.1943025788104552e-38,149,13714337,1026.34716796875,25.68000030517578,0.18496236205101013,151,13755103,0,0,0.0,0.0,0.0,0,150
13802122,0,13766480,0.17877197265625,0.07281494140625,-0.02593994140625,0.9808349609375,3,-0.16015625,-1.32421875,1.25,1.0093720994347376e-39,1.0108196407483852e-39,1.1943025788104552e-38,150,13767545,1026.305419921875,25.68000030517578,0.5284639000892639,152,13802119,0,0,0.0,0.0,0.0,0,151
13853104,0,13805271,0.17877197265625,0.07281494140625,-0.02593994140625,0.9808349609375,3,-0.3046875,-0.25390625,-0.3671875,1.0093720994347376e-39,1.0108196407483852e-39,1.1943025788104552e-38,151,13806337,1026.340087890625,25.690000534057617,0.24309340119361877,153,13853101,0,0,0.0,0.0,0.0,0,152
13906209,0,13858480,0.17877197265625,0.07281494140625,-0.02593994140625,0.9808349609375,3,0.84375,1.4140625,1.3515625,1.0093720994347376e-39,1.0108196407483852e-39,1.1943025788104552e-38,152,13859545,1026.34423828125,25.68000030517578,0.2061009258031845,154,13906206,0,0,0.0,0.0,0.0,0,153
13952324,0,13910373,0.17877197265625,0.07281494140625,-0.02593994140625,0.9808349609375,0,0.84375,1.4140625,1.3515625,-3.754989479634693e+37,1.1016448007135982e-39,1.2289037207512565e-38,153,13911438,1026.31494140625,25.690000534057617,0.4491943120956421,155,13952321,0,0,0.0,0.0,0.0,0,154
14005100,0,13963480,0.17877197265625,0.07281494140625,-0.02593994140625,0.9808349609375,3,0.23828125,0.1640625,0.09375,-3.754989479634693e+37,1.1016448007135982e-39,1.2289037207512565e-38,154,13964545,1026.32763671875,25.690000534057617,0.3435015380382538,156,14005097,0,0,0.0,0.0,0.0,0,155
14051247,0,14015271,0.17877197265625,0.07281494140625,-0.02593994140625,0.9808349609375,3,-0.16015625,-0.2109375,-0.01953125,-3.754989479634693e+37,1.1016448007135982e-39,1.2289037207512565e-38,155,14016337,1026.32373046875,25.68000030517578,0.37520936131477356,157,14051244,0,0,0.0,0.0,0.0,0,156
14107303,0,14053480,0.17877197265625,0.07281494140625,-0.02593994140625,0.9808349609375,0,-0.16015625,-0.2109375,-0.01953125,3.397854503310173e-39,1.0102296940949044e-39,1.2510761860925752e-38,156,14054545,1026.309326171875,25.690000534057617,0.49147143959999084,158,14107300,0,0,0.0,0.0,0.0,0,157
14151541,0,14109271,0.17877197265625,0.07281494140625,-0.02593994140625,0.9808349609375,3,-0.39453125,0.29296875,0.1015625,3.397854503310173e-39,1.0102296940949044e-39,1.2510761860925752e-38,157,14110337,1026.29296875,25.690000534057617,0.6288720369338989,159,14151538,0,0,0.0,0.0,0.0,0,158
14205100,0,14163582,0.17877197265625,0.07281494140625,-0.02593994140625,0.9808349609375,0,-0.39453125,0.29296875,0.1015625,8.816342155819731e-39,1.1019993292250724e-39,1.264299118661637e-38,158,14164647,1026.3310546875,25.68000030517578,0.3170783519744873,160,14205097,0,0,0.0,0.0,0.0,0,159
14252119,0,14216271,0.17877197265625,0.07281494140625,-0.02593994140625,0.9808349609375,3,-0.109375,0.34765625,-0.44921875,8.816342155819731e-39,1.1019993292250724e-39,1.264299118661637e-38,159,14217337,1026.3076171875,25.68000030517578,0.5073253512382507,161,14252116,0,0,0.0,0.0,0.0,0,160
14302117,0,14254534,0.06988525390625,0.04315185546875,-0.00677490234375,0.99658203125,0,-0.109375,0.34765625,-0.44921875,8.816342155819731e-39,1.1019993292250724e-39,1.264299118661637e-38,160,14255599,1026.294921875,25.690000534057617,0.6130181550979614,162,14302114,0,0,0.0,0.0,0.0,0,161
14401456,0,14365271,0.06988525390625,0.04315185546875,-0.00677490234375,0.99658203125,3,0.58203125,0.17578125,-0.04296875,8.816342155819731e-39,1.1019993292250724e-39,1.264299118661637e-38,161,14366337,1026.35888671875,25.690000534057617,0.08455422520637512,163,14401453,0,0,0.0,0.0,0.0,0,162
14454234,0,14406582,0.06988525390625,0.04315185546875,-0.00677490234375,0.99658203125,0,0.58203125,0.17578125,-0.04296875,1.0377713746321301e-38,1.1019839149419648e-39,1.2924593323410157e-38,162,14407648,1026.3154296875,25.690000534057617,0.4439096748828888,164,14454231,0,0,0.0,0.0,0.0,0,163
14501290,0,14459164,0.06988525390625,0.04315185546875,-0.00677490234375,0.99658203125,0,0.58203125,0.17578125,-0.04296875,6.979497708007332e-39,1.0102717330488342e-39,1.306671301366198e-38,163,14460230,1026.31982421875,25.68000030517578,0.4069172143936157,165,14501287,0,0,0.0,0.0,0.0,0,164
14554190,0,14512582,0.06988525390625,0.04315185546875,-0.00677490234375,0.99658203125,0,0.58203125,0.17578125,-0.04296875,nan,1.1021198408930043e-39,1.3137430941962596e-38,164,14513647,1026.33203125,25.68000030517578,0.3065090775489807,166,14554187,0,0,0.0,0.0,0.0,0,165
14606225,0,14564271,0.06988525390625,0.04315185546875,-0.00677490234375,0.99658203125,3,0.16015625,0.2265625,-0.40625,nan,1.1021198408930043e-39,1.3137430941962596e-38,165,14565336,1026.33251953125,25.68000030517578,0.3012244403362274,167,14606222,0,0,0.0,0.0,0.0,0,166
14653111,0,14617480,0.06988525390625,0.04315185546875,-0.00677490234375,0.99658203125,3,0.265625,0.2421875,0.1328125,nan,1.1021198408930043e-39,1.3137430941962596e-38,166,14618546,1026.301025390625,25.690000534057617,0.5601717233657837,168,14653108,0,0,0.0,0.0,0.0,0,167
14703230,0,14655349,0.06793212890625,0.027099609375,-0.02435302734375,0.99700927734375,0,0.265625,0.2421875,0.1328125,nan,1.1021198408930043e-39,1.3137430941962596e-38,167,14656414,1026.3115234375,25.68000030517578,0.47561752796173096,169,14703227,0,0,0.0,0.0,0.0,0,168
14751118,0,14709349,0.068603515625,0.02447509765625,-0.025634765625,0.99700927734375,0,0.265625,0.2421875,0.1328125,nan,1.1021198408930043e-39,1.3137430941962596e-38,168,14710414,1026.3271484375,25.68000030517578,0.3487861752510071,170,14751115,0,0,0.0,0.0,0.0,0,169
14804102,0,14762504,0.068603515625,0.02447509765625,-0.025634765625,0.99700927734375,3,0.23046875,0.3359375,0.09375,nan,1.1021198408930043e-39,1.3137430941962596e-38,169,14763569,1026.324951171875,25.690000534057617,0.36464008688926697,171,14804099,0,0,0.0,0.0,0.0,0,170
14856245,0,14814271,0.068603515625,0.02447509765625,-0.025634765625,0.99700927734375,3,0.06640625,0.03125,0.24609375,nan,1.1021198408930043e-39,1.3137430941962596e-38,170,14815337,1026.313232421875,25.68000030517578,0.4597635865211487,172,14856242,0,0,0.0,0.0,0.0,0,171
14903081,0,14867480,0.068603515625,0.02447509765625,-0.025634765625,0.99700927734375,3,0.12890625,0.19140625,-0.11328125,nan,1.1021198408930043e-39,1.3137430941962596e-38,171,14868545,1026.32177734375,25.68000030517578,0.39106330275535583,173,14903078,0,0,0.0,0.0,0.0,0,172
14953091,0,14905271,0.068603515625,0.02447509765625,-0.025634765625,0.99700927734375,3,0.015625,0.05859375,-0.0390625,nan,1.1021198408930043e-39,1.3137430941962596e-38,172,14906337,1026.335693359375,25.68000030517578,0.27480122447013855,174,14953088,0,0,0.0,0.0,0.0,0,173
15001236,0,14959480,0.068603515625,0.02447509765625,-0.025634765625,0.99700927734375,3,-0.265625,-0.046875,0.1171875,nan,1.1021198408930043e-39,1.3137430941962596e-38,173,14960545,1026.3310546875,25.68000030517578,0.3170783519744873,175,15001233,0,0,0.0,0.0,0.0,0,174
15054217,0,15012373,0.068603515625,0.02447509765625,-0.025634765625,0.99700927734375,0,-0.265625,-0.046875,0.1171875,2.571480772928542e-39,1.1020890123267892e-39,1.382974805345613e-38,174,15013439,1026.325439453125,25.68000030517578,0.35935544967651367,176,15054214,0,0,0.0,0.0,0.0,0,175
15106186,0,15064456,0.068603515625,0.02447509765625,-0.025634765625,0.99700927734375,3,-0.03515625,0.0625,0.078125,2.571480772928542e-39,1.1020890123267892e-39,1.382974805345613e-38,175,15065521,1026.3408203125,25.68000030517578,0.23252412676811218,177,15106183,0,0,0.0,0.0,0.0,0,176
15153079,0,15117402,0.068603515625,0.02447509765625,-0.025634765625,0.99700927734375,3,0.15625,0.0703125,0.18359375,2.571480772928542e-39,1.1020890123267892e-39,1.382974805345613e-38,176,15118467,1026.34033203125,25.68000030517578,0.23780876398086548,178,15153076,0,0,0.0,0.0,0.0,0,177
15205078,0,15157456,0.06927490234375,0.01055908203125,-0.028564453125,0.99713134765625,0,0.15625,0.0703125,0.18359375,2.571480772928542e-39,1.1020890123267892e-39,1.382974805345613e-38,177,15158521,1026.314453125,25.68000030517578,0.4491943120956421,179,15205075,0,0,0.0,0.0,0.0,0,178
15252098,0,15210271,0.06927490234375,0.01055908203125,-0.028564453125,0.99713134765625,3,-0.2734375,0.19140625,-0.08203125,2.571480772928542e-39,1.1020890123267892e-39,1.382974805345613e-38,178,15211336,1026.3125,25.670000076293945,0.46504825353622437,180,15252095,0,0,0.0,0.0,0.0,0,179
15305091,0,15263582,0.06927490234375,0.01055908203125,-0.028564453125,0.99713134765625,0,-0.2734375,0.19140625,-0.08203125,nan,1.1021296499822546e-39,1.4189430540682094e-38,179,15264647,1026.3427734375,25.68000030517578,0.2166702002286911,181,15305088,0,0,0.0,0.0,0.0,0,180
15352231,0,15316271,0.06927490234375,0.01055908203125,-0.028564453125,0.99713134765625,3,-0.05078125,0.16796875,-0.16015625,nan,1.1021296499822546e-39,1.4189430540682094e-38,180,15317336,1026.287109375,25.670000076293945,0.676433801651001,182,15352228,0,0,0.0,0.0,0.0,0,181
15454178,0,15418480,0.06927490234375,0.01055908203125,-0.028564453125,0.99713134765625,3,0.30859375,0.046875,0.23046875,nan,1.1021296499822546e-39,1.4189430540682094e-38,181,15419546,1026.320556640625,25.68000030517578,0.4016325771808624,183,15454175,0,0,0.0,0.0,0.0,0,182
15505213,0,15457271,0.06927490234375,0.01055908203125,-0.028564453125,0.99713134765625,3,0.078125,0.203125,-0.18359375,nan,1.1021296499822546e-39,1.4189430540682094e-38,182,15458337,1026.306884765625,25.670000076293945,0.5126100182533264,184,15505210,0,0,0.0,0.0,0.0,0,183
15552279,0,15510480,0.06927490234375,0.01055908203125,-0.028564453125,0.99713134765625,3,-0.1171875,-0.19140625,-1.1640625,nan,1.1021296499822546e-39,1.4189430540682094e-38,183,15511545,1026.31005859375,25.68000030517578,0.48618680238723755,185,15552276,0,0,0.0,0.0,0.0,0,184
15605079,0,15563373,0.06927490234375,0.01055908203125,-0.028564453125,0.99713134765625,0,-0.1171875,-0.19140625,-1.1640625,1.1754927813680075e-37,1.1937913851306695e-39,1.4586418395625315e-38,184,15564439,1026.31005859375,25.68000030517578,0.48618680238723755,186,15605076,0,0,0.0,0.0,0.0,0,185
15652277,0,15616480,0.06927490234375,0.01055908203125,-0.028564453125,0.99713134765625,3,-1.55859375,0.14453125,-0.87890625,1.1754927813680075e-37,1.1937913851306695e-39,1.4586418395625315e-38,185,15617546,1026.318603515625,25.68000030517578,0.4174864888191223,187,15652274,0,0,0.0,0.0,0.0,0,186
15702217,0,15654349,0.0587158203125,0.02569580078125,-0.0992431640625,0.99298095703125,0,-1.55859375,0.14453125,-0.87890625,1.1754927813680075e-37,1.1937913851306695e-39,1.4586418395625315e-38,186,15655414,1026.333984375,25.68000030517578,0.29065513610839844,188,15702214,0,0,0.0,0.0,0.0,0,187
15756118,0,15708504,0.0587158203125,0.02569580078125,-0.0992431640625,0.99298095703125,3,-0.73046875,0.03515625,0.8984375,1.1754927813680075e-37,1.1937913851306695e-39,1.4586418395625315e-38,187,15709569,1026.309326171875,25.690000534057617,0.49147143959999084,189,15756115,0,0,0.0,0.0,0.0,0,188
15803072,0,15761349,0.0657958984375,0.03076171875,-0.05548095703125,0.99578857421875,0,-0.73046875,0.03515625,0.8984375,1.1754927813680075e-37,1.1937913851306695e-39,1.4586418395625315e-38,188,15762414,1026.307861328125,25.690000534057617,0.5073253512382507,190,15803069,0,0,0.0,0.0,0.0,0,189
15855073,0,15813480,0.0657958984375,0.03076171875,-0.05548095703125,0.99578857421875,3,-0.625,-0.03515625,-0.48046875,1.1754927813680075e-37,1.1937913851306695e-39,1.4586418395625315e-38,189,15814546,1026.315673828125,25.690000534057617,0.4439096748828888,191,15855070,0,0,0.0,0.0,0.0,0,190
15902215,0,15866295,0.0657958984375,0.03076171875,-0.05548095703125,0.99578857421875,3,1.84765625,0.84375,-1.1875,1.1754927813680075e-37,1.1937913851306695e-39,1.4586418395625315e-38,190,15867361,1026.315185546875,25.690000534057617,0.4439096748828888,192,15902212,0,0,0.0,0.0,0.0,0,191
15952227,0,15904534,0.063232421875,0.02935791015625,-0.04791259765625,0.99639892578125,0,1.84765625,0.84375,-1.1875,1.1754927813680075e-37,1.1937913851306695e-39,1.4586418395625315e-38,191,15905599,1026.315673828125,25.690000534057617,0.4439096748828888,193,15952224,0,0,0.0,0.0,0.0,0,192
16005071,0,15957063,0.063232421875,0.02935791015625,-0.04791259765625,0.99639892578125,3,0.69921875,0.265625,1.65625,1.1754927813680075e-37,1.1937913851306695e-39,1.4586418395625315e-38,192,15958128,1026.303466796875,25.690000534057617,0.5443178415298462,194,16005068,0,0,0.0,0.0,0.0,0,193
16053071,0,16010791,0.063232421875,0.02935791015625,-0.04791259765625,0.99639892578125,0,0.69921875,0.265625,1.65625,5.877998642334024e-39,1.1935545656901986e-39,1.5253231875068137e-38,193,16011856,1026.331787109375,25.700000762939453,0.311793714761734,195,16053068,0,0,0.0,0.0,0.0,0,194
16105081,0,16062956,0.063232421875,0.02935791015625,-0.04791259765625,0.99639892578125,0,0.69921875,0.265625,1.65625,1.6384291051586684e-37,1.1021604785484697e-39,1.531329573114449e-38,194,16064021,1026.30224609375,25.690000534057617,0.5496024489402771,196,16105078,0,0,0.0,0.0,0.0,0,195
16152213,0,16115873,0.063232421875,0.02935791015625,-0.04791259765625,0.99639892578125,0,0.69921875,0.265625,1.65625,-2.9907445335233214e+38,1.1020413681790021e-39,1.5402180092736614e-38,195,16116939,1026.3291015625,25.700000762939453,0.3329322636127472,197,16152210,0,0,0.0,0.0,0.0,0,196
16204071,0,16155956,0.063232421875,0.02935791015625,-0.04791259765625,0.99639892578125,0,0.69921875,0.265625,1.65625,1.1022851941117946e-39,1.1938124046076344e-39,1.5461602154116308e-38,196,16157021,1026.3203125,25.700000762939453,0.4016325771808624,198,16204068,0,0,0.0,0.0,0.0,0,197
16252204,0,16209795,0.063232421875,0.02935791015625,-0.04791259765625,0.99639892578125,3,0.73046875,2.46484375,1.48828125,1.1022851941117946e-39,1.1938124046076344e-39,1.5461602154116308e-38,197,16210861,1026.343017578125,25.690000534057617,0.2166702002286911,199,16252201,0,0,0.0,0.0,0.0,0,198
16304174,0,16261956,0.063232421875,0.02935791015625,-0.04791259765625,0.99639892578125,0,0.73046875,2.46484375,1.48828125,2.9388451110736098e-36,1.102178695428506e-39,1.5568298420488464e-38,198,16263021,1026.31884765625,25.690000534057617,0.4174864888191223,200,16304171,0,0,0.0,0.0,0.0,0,199
16352280,0,16315897,0.063232421875,0.02935791015625,-0.04791259765625,0.99639892578125,3,0.04296875,-0.37890625,0.73828125,2.9388451110736098e-36,1.102178695428506e-39,1.5568298420488464e-38,199,16316963,1026.30712890625,25.690000534057617,0.5126100182533264,201,16352277,0,0,0.0,0.0,0.0,0,200
16404208,0,16355956,0.063232421875,0.02935791015625,-0.04791259765625,0.99639892578125,0,0.04296875,-0.37890625,0.73828125,1.3518929404200556e-37,1.1026901693679845e-39,1.574072399262824e-38,200,16357021,1026.32958984375,25.690000534057617,0.3276476263999939,202,16404205,0,0,0.0,0.0,0.0,0,201
16504162,0,16467665,0.05548095703125,-0.06414794921875,-0.17913818359375,0.98016357421875,0,0.04296875,-0.37890625,0.73828125,1.3518929404200556e-37,1.1026901693679845e-39,1.574072399262824e-38,201,16468730,1026.289794921875,25.68000030517578,0.6552952527999878,203,16504159,0,0,0.0,0.0,0.0,0,202
16555065,0,16507165,0.05548095703125,-0.06414794921875,-0.17913818359375,0.98016357421875,0,0.04296875,-0.37890625,0.73828125,4.4266598098481674e-38,1.193754951370597e-39,1.585575237966927e-38,202,16508230,1026.3017578125,25.68000030517578,0.5548871159553528,204,16555062,0,0,0.0,0.0,0.0,0,203
16602220,0,16560558,0.0670166015625,-0.12066650390625,-0.18048095703125,0.973876953125,0,0.04296875,-0.37890625,0.73828125,4.4266598098481674e-38,1.193754951370597e-39,1.585575237966927e-38,203,16561623,1026.312744140625,25.68000030517578,0.46504825353622437,205,16602217,0,0,0.0,0.0,0.0,0,204
16655069,0,16613295,0.0670166015625,-0.12066650390625,-0.18048095703125,0.973876953125,3,2.73828125,2.3671875,-1.34375,4.4266598098481674e-38,1.193754951370597e-39,1.585575237966927e-38,204,16614361,1026.295166015625,25.68000030517578,0.6077334880828857,206,16655066,0,0,0.0,0.0,0.0,0,205
16701070,0,16665480,0.0670166015625,-0.12066650390625,-0.18048095703125,0.973876953125,3,-1.70703125,-1.2265625,-3.3359375,4.4266598098481674e-38,1.193754951370597e-39,1.585575237966927e-38,205,16666545,1026.312744140625,25.68000030517578,0.46504825353622437,207,16701067,0,0,0.0,0.0,0.0,0,206
16751086,0,16703271,0.0670166015625,-0.12066650390625,-0.18048095703125,0.973876953125,3,0.50390625,1.44140625,0.29296875,4.4266598098481674e-38,1.193754951370597e-39,1.585575237966927e-38,206,16704337,1026.32470703125,25.68000030517578,0.36464008688926697,208,16751083,0,0,0.0,0.0,0.0,0,207
16804169,0,16756480,0.0670166015625,-0.12066650390625,-0.18048095703125,0.973876953125,0,0.50390625,1.44140625,0.29296875,-4.519000975211527e+37,1.1937927864291338e-39,1.6298090456813436e-38,207,16757545,1026.2822265625,25.68000030517578,0.7187108993530273,209,16804166,0,0,0.0,0.0,0.0,0,208
16851215,0,16809373,0.0670166015625,-0.12066650390625,-0.18048095703125,0.973876953125,0,0.50390625,1.44140625,0.29296875,-1.754586430686682e+38,1.102157675951541e-39,1.6349288297506007e-38,208,16810439,1026.273193359375,25.68000030517578,0.7926958799362183,210,16851212,0,0,0.0,0.0,0.0,0,209
16903071,0,16861456,0.0670166015625,-0.12066650390625,-0.18048095703125,0.973876953125,3,0.39453125,0.6484375,-1.4140625,-1.754586430686682e+38,1.102157675951541e-39,1.6349288297506007e-38,209,16862521,1026.323974609375,25.68000030517578,0.37520936131477356,211,16903068,0,0,0.0,0.0,0.0,0,210
16955129,0,16913349,0.05487060546875,-0.0360107421875,-0.1141357421875,0.99127197265625,0,0.39453125,0.6484375,-1.4140625,-1.754586430686682e+38,1.102157675951541e-39,1.6349288297506007e-38,210,16914414,1026.282958984375,25.68000030517578,0.7081416249275208,212,16955126,0,0,0.0,0.0,0.0,0,211
17001426,0,16965480,0.05487060546875,-0.0360107421875,-0.1141357421875,0.99127197265625,3,-0.2421875,1.2890625,0.69921875,-1.754586430686682e+38,1.102157675951541e-39,1.6349288297506007e-38,211,16966546,1026.3232421875,25.68000030517578,0.38049399852752686,213,17001423,0,0,0.0,0.0,0.0,0,212
17051412,0,17003271,0.05487060546875,-0.0360107421875,-0.1141357421875,0.99127197265625,3,-0.234375,0.765625,0.64453125,-1.754586430686682e+38,1.102157675951541e-39,1.6349288297506007e-38,212,17004337,1026.278564453125,25.68000030517578,0.7451341152191162,214,17051409,0,0,0.0,0.0,0.0,0,213
17105064,0,17057456,0.063720703125,-0.014892578125,-0.07720947265625,0.994873046875,0,-0.234375,0.765625,0.64453125,-1.754586430686682e+38,1.102157675951541e-39,1.6349288297506007e-38,213,17058521,1026.330322265625,25.68000030517578,0.3223629891872406,215,17105061,0,0,0.0,0.0,0.0,0,214
17152461,0,17110373,0.063720703125,-0.014892578125,-0.07720947265625,0.994873046875,0,-0.234375,0.765625,0.64453125,nan,1.1938572461584928e-39,1.677013045620743e-38,214,17111438,1026.308837890625,25.68000030517578,0.49675607681274414,216,17152458,0,0,0.0,0.0,0.0,0,215
17205063,0,17163480,0.063720703125,-0.014892578125,-0.07720947265625,0.994873046875,3,0.4140625,1.96484375,0.73828125,nan,1.1938572461584928e-39,1.677013045620743e-38,215,17164546,1026.3056640625,25.68000030517578,0.523179292678833,217,17205060,0,0,0.0,0.0,0.0,0,216
17252177,0,17216271,0.063720703125,-0.014892578125,-0.07720947265625,0.994873046875,3,0.109375,-1.3671875,-1.2109375,nan,1.1938572461584928e-39,1.677013045620743e-38,216,17217336,1026.319580078125,25.68000030517578,0.4069172143936157,218,17252174,0,0,0.0,0.0,0.0,0,217
17302202,0,17254480,0.063720703125,-0.014892578125,-0.07720947265625,0.994873046875,3,0.55859375,-0.44140625,-0.91015625,nan,1.1938572461584928e-39,1.677013045620743e-38,217,17255545,1026.316162109375,25.68000030517578,0.4386250376701355,219,17302199,0,0,0.0,0.0,0.0,0,218
17355060,0,17307271,0.063720703125,-0.014892578125,-0.07720947265625,0.994873046875,3,-0.4140625,0.74609375,-0.2890625,nan,1.1938572461584928e-39,1.677013045620743e-38,218,17308336,1026.311279296875,25.68000030517578,0.47561752796173096,220,17355057,0,0,0.0,0.0,0.0,0,219
17403165,0,17361569,0.063720703125,-0.014892578125,-0.07720947265625,0.994873046875,3,-0.1796875,-0.4296875,-0.71875,nan,1.1938572461584928e-39,1.677013045620743e-38,219,17362634,1026.292724609375,25.68000030517578,0.6288720369338989,221,17403162,0,0,0.0,0.0,0.0,0,220
17456163,0,17414164,0.063720703125,-0.014892578125,-0.07720947265625,0.994873046875,0,-0.1796875,-0.4296875,-0.71875,-2.8179108196231482e+38,1.1022389512624719e-39,1.7206253774662314e-38,220,17415230,1026.31884765625,25.690000534057617,0.4174864888191223,222,17456160,0,0,0.0,0.0,0.0,0,221
17556218,0,17519689,0.063720703125,-0.014892578125,-0.07720947265625,0.994873046875,0,-0.1796875,-0.4296875,-0.71875,-8.3406911870687885e+37,1.1021534720561481e-39,1.7294754180475212e-38,221,17520754,1026.346923828125,25.68000030517578,0.18496236205101013,223,17556215,0,0,0.0,0.0,0.0,0,222
17601212,0,17559141,0.061767578125,0.0286865234375,-0.04150390625,0.996826171875,0,-0.1796875,-0.4296875,-0.71875,-8.3406911870687885e+37,1.1021534720561481e-39,1.7294754180475212e-38,222,17560206,1026.297119140625,25.68000030517578,0.5918796062469482,224,17601209,0,0,0.0,0.0,0.0,0,223
17654150,0,17612558,0.04461669921875,0.09222412109375,-0.04052734375,0.993896484375,0,-0.1796875,-0.4296875,-0.71875,-8.3406911870687885e+37,1.1021534720561481e-39,1.7294754180475212e-38,223,17613623,1026.334228515625,25.68000030517578,0.29065513610839844,225,17654147,0,0,0.0,0.0,0.0,0,224
17706097,0,17664295,0.04461669921875,0.09222412109375,-0.04052734375,0.993896484375,3,6.53515625,-5.34375,10.3671875,-8.3406911870687885e+37,1.1021534720561481e-39,1.7294754180475212e-38,224,17665361,1026.315673828125,25.68000030517578,0.4439096748828888,226,17706094,0,0,0.0,0.0,0.0,0,225
17753176,0,17717480,0.04461669921875,0.09222412109375,-0.04052734375,0.993896484375,0,6.53515625,-5.34375,10.3671875,1.8645381692330043e-38,1.1021394590715048e-39,1.7653667354844263e-38,225,17718546,1026.260498046875,25.68000030517578,0.8931040167808533,227,17753173,0,0,0.0,0.0,0.0,0,226
17805061,0,17757271,0.04461669921875,0.09222412109375,-0.04052734375,0.993896484375,3,-0.140625,2.8203125,-10.57421875,1.8645381692330043e-38,1.1021394590715048e-39,1.7653667354844263e-38,226,17758337,1026.257568359375,25.670000076293945,0.9195271730422974,228,17805058,0,0,0.0,0.0,0.0,0,227
17854149,0,17812192,0.04461669921875,0.09222412109375,-0.04052734375,0.993896484375,3,0.27734375,1.7421875,-13.67578125,1.8645381692330043e-38,1.1021394590715048e-39,1.7653667354844263e-38,227,17813257,1026.287353515625,25.670000076293945,0.676433801651001,229,17854146,0,0,0.0,0.0,0.0,0,228
17901429,0,17865582,0.04461669921875,0.09222412109375,-0.04052734375,0.993896484375,0,0.27734375,1.7421875,-13.67578125,-1.927319619894257e+37,1.1934718890808035e-39,1.78331568725427e-38,228,17866647,1026.287353515625,25.670000076293945,0.676433801651001,230,17901426,0,0,0.0,0.0,0.0,0,229
17952209,0,17904164,0.04461669921875,0.09222412109375,-0.04052734375,0.993896484375,0,0.27734375,1.7421875,-13.67578125,1.5518833985996262e-38,1.1024211200628341e-39,1.7896233520317353e-38,229,17905230,1026.29443359375,25.670000076293945,0.6183027625083923,231,17952206,0,0,0.0,0.0,0.0,0,230
18005060,0,17957534,0.07720947265625,0.01605224609375,0.015869140625,0.99676513671875,0,0.27734375,1.7421875,-13.67578125,1.5518833985996262e-38,1.1024211200628341e-39,1.7896233520317353e-38,230,17958599,1026.254638671875,25.65999984741211,0.9406657814979553,232,18005057,0,0,0.0,0.0,0.0,0,231
18051420,0,18009295,0.07720947265625,0.01605224609375,0.015869140625,0.99676513671875,3,1.2890625,-1.01953125,1.453125,1.5518833985996262e-38,1.1024211200628341e-39,1.7896233520317353e-38,231,18010361,1026.287109375,25.670000076293945,0.676433801651001,233,18051417,0,0,0.0,0.0,0.0,0,232
18109411,0,18061558,0.07720947265625,0.01605224609375,0.015869140625,0.99676513671875,0,1.2890625,-1.01953125,1.453125,1.3407399498905558e-38,1.102062387655967e-39,1.8129939275600517e-38,232,18062623,1026.30615234375,25.670000076293945,0.5178946256637573,234,18109408,0,0,0.0,0.0,0.0,0,233
18156200,0,18114271,0.07720947265625,0.01605224609375,0.015869140625,0.99676513671875,3,-0.01171875,-1.109375,2.27734375,1.3407399498905558e-38,1.102062387655967e-39,1.8129939275600517e-38,233,18115336,1026.294677734375,25.670000076293945,0.6130181550979614,235,18156197,0,0,0.0,0.0,0.0,0,234
18202070,0,18166587,0.07720947265625,0.01605224609375,0.015869140625,0.99676513671875,3,0.875,0.81640625,2.62109375,1.3407399498905558e-38,1.102062387655967e-39,1.8129939275600517e-38,234,18167652,1026.2919921875,25.670000076293945,0.6341567039489746,236,18202067,0,0,0.0,0.0,0.0,0,235
18252209,0,18204271,0.07720947265625,0.01605224609375,0.015869140625,0.99676513671875,3,-0.2890625,-0.28125,1.00390625,1.3407399498905558e-38,1.102062387655967e-39,1.8129939275600517e-38,235,18205337,1026.31396484375,25.670000076293945,0.4544789493083954,237,18252206,0,0,0.0,0.0,0.0,0,236
18305060,0,18257456,0.06976318359375,0.05364990234375,0.01177978515625,0.99603271484375,0,-0.2890625,-0.28125,1.00390625,1.3407399498905558e-38,1.102062387655967e-39,1.8129939275600517e-38,236,18258521,1026.280517578125,25.65999984741211,0.7292801737785339,238,18305057,0,0,0.0,0.0,0.0,0,237
18352203,0,18310373,0.06976318359375,0.05364990234375,0.01177978515625,0.99603271484375,0,-0.2890625,-0.28125,1.00390625,1.588758988077873e-38,1.1023006083949022e-39,1.8452690541799202e-38,237,18311438,1026.309326171875,25.65999984741211,0.49147143959999084,239,18352200,0,0,0.0,0.0,0.0,0,238
18404143,0,18362480,0.06976318359375,0.05364990234375,0.01177978515625,0.99603271484375,3,-0.82421875,-0.359375,0.0,1.588758988077873e-38,1.1023006083949022e-39,1.8452690541799202e-38,238,18363546,1026.32568359375,25.670000076293945,0.35935544967651367,240,18404140,0,0,0.0,0.0,0.0,0,239
18451432,0,18415271,0.06976318359375,0.05364990234375,0.01177978515625,0.99603271484375,3,0.38671875,0.109375,-1.37890625,1.588758988077873e-38,1.1023006083949022e-39,1.8452690541799202e-38,239,18416336,1026.285888671875,25.649999618530273,0.6870030760765076,241,18451429,0,0,0.0,0.0,0.0,0,240
18501407,0,18453534,0.06976318359375,0.05364990234375,0.01177978515625,0.99603271484375,0,0.38671875,0.109375,-1.37890625,2.60810847270845e-38,1.1937521487736684e-39,1.8674799150991614e-38,240,18454599,1026.31396484375,25.670000076293945,0.4544789493083954,242,18501404,0,0,0.0,0.0,0.0,0,241
18605060,0,18581271,0.06976318359375,0.05364990234375,0.01177978515625,0.99603271484375,3,0.01171875,0.41796875,-0.87109375,2.60810847270845e-38,1.1937521487736684e-39,1.8674799150991614e-38,241,18582337,1026.318359375,25.670000076293945,0.4174864888191223,243,18605057,0,0,0.0,0.0,0.0,0,242
18651203,0,18609582,0.06976318359375,0.05364990234375,0.01177978515625,0.99603271484375,0,0.01171875,0.41796875,-0.87109375,1.0652802647852906e-38,1.1934088306499088e-39,1.8809037938680074e-38,242,18610648,1026.32568359375,25.670000076293945,0.35935544967651367,244,18651200,0,0,0.0,0.0,0.0,0,243
18704065,0,18662271,0.06976318359375,0.05364990234375,0.01177978515625,0.99603271484375,3,0.046875,-1.140625,-0.58984375,1.0652802647852906e-38,1.1934088306499088e-39,1.8809037938680074e-38,243,18663336,1026.318603515625,25.670000076293945,0.4174864888191223,245,18704062,0,0,0.0,0.0,0.0,0,244
18756220,0,18714480,0.06976318359375,0.05364990234375,0.01177978515625,0.99603271484375,3,0.21875,-0.703125,-1.5234375,1.0652802647852906e-38,1.1934088306499088e-39,1.8809037938680074e-38,244,18715545,1026.33056640625,25.670000076293945,0.3170783519744873,246,18756217,0,0,0.0,0.0,0.0,0,245
18803060,0,18767271,0.06976318359375,0.05364990234375,0.01177978515625,0.99603271484375,3,0.18359375,-0.6796875,0.25390625,1.0652802647852906e-38,1.1934088306499088e-39,1.8809037938680074e-38,245,18768337,1026.300537109375,25.670000076293945,0.5654563903808594,247,18803057,0,0,0.0,0.0,0.0,0,246
18853060,0,18805480,0.06976318359375,0.05364990234375,0.01177978515625,0.99603271484375,0,0.18359375,-0.6796875,0.25390625,nan,1.1020932162221821e-39,1.9191605031126928e-38,246,18806545,1026.320556640625,25.670000076293945,0.4016325771808624,248,18853057,0,0,0.0,0.0,0.0,0,247
18906193,0,18858271,0.09588623046875,0.08404541015625,-0.0233154296875,0.9915771484375,0,0.18359375,-0.6796875,0.25390625,nan,1.1020932162221821e-39,1.9191605031126928e-38,247,18859336,1026.307373046875,25.670000076293945,0.5073253512382507,249,18906190,0,0,0.0,0.0,0.0,0,248
18953060,0,18911558,0.09600830078125,0.0880126953125,-0.01678466796875,0.9913330078125,0,0.18359375,-0.6796875,0.25390625,nan,1.1020932162221821e-39,1.9191605031126928e-38,248,18912623,1026.30078125,25.670000076293945,0.5654563903808594,250,18953057,0,0,0.0,0.0,0.0,0,249
19006166,0,18964295,0.09600830078125,0.0880126953125,-0.01678466796875,0.9913330078125,3,0.234375,0.265625,0.625,nan,1.1020932162221821e-39,1.9191605031126928e-38,249,18965361,1026.299560546875,25.670000076293945,0.576025664806366,251,19006163,0,0,0.0,0.0,0.0,0,250
19053060,0,19017480,0.09600830078125,0.0880126953125,-0.01678466796875,0.9913330078125,3,0.69921875,0.66796875,0.05078125,nan,1.1020932162221821e-39,1.9191605031126928e-38,250,19018545,1026.3203125,25.68000030517578,0.4016325771808624,252,19053057,0,0,0.0,0.0,0.0,0,251
19109433,0,19055349,0.09515380859375,0.09320068359375,0.02008056640625,0.99090576171875,0,0.69921875,0.66796875,0.05078125,nan,1.1020932162221821e-39,1.9191605031126928e-38,251,19056414,1026.2919921875,25.670000076293945,0.6341567039489746,253,19109430,0,0,0.0,0.0,0.0,0,252
19153060,0,19111480,0.09515380859375,0.09320068359375,0.02008056640625,0.99090576171875,0,0.69921875,0.66796875,0.05078125,-1.4887659817176073e+38,1.1021674850407913e-39,1.9593203158017778e-38,252,19112545,1026.330322265625,25.68000030517578,0.3223629891872406,254,19153057,0,0,0.0,0.0,0.0,0,253
19206082,0,19164373,0.09515380859375,0.09320068359375,0.02008056640625,0.99090576171875,0,0.69921875,0.66796875,0.05078125,-2.924362843603818e+38,1.1023244304687957e-39,1.9645170311567264e-38,253,19165439,1026.285888671875,25.68000030517578,0.6870030760765076,255,19206079,0,0,0.0,0.0,0.0,0,254
19253060,0,19217480,0.09515380859375,0.09320068359375,0.02008056640625,0.99090576171875,3,-0.203125,1.11328125,-1.73046875,-2.924362843603818e+38,1.1023244304687957e-39,1.9645170311567264e-38,254,19218545,1026.33349609375,25.68000030517578,0.2959398031234741,256,19253057,0,0,0.0,0.0,0.0,0,255
19303060,0,19255373,0.09515380859375,0.09320068359375,0.02008056640625,0.99090576171875,0,-0.203125,1.11328125,-1.73046875,nan,1.102394495392012e-39,1.9796675898933134e-38,255,19256439,1026.3193359375,25.690000534057617,0.412201851606369,257,19303057,0,0,0.0,0.0,0.0,0,256
19356189,0,19308349,0.0552978515625,0.06103515625,0.04949951171875,0.995361328125,0,-0.203125,1.11328125,-1.73046875,nan,1.102394495392012e-39,1.9796675898933134e-38,256,19309415,1026.337158203125,25.68000030517578,0.26423195004463196,258,19356186,0,0,0.0,0.0,0.0,0,257
19402242,0,19360504,0.0552978515625,0.06103515625,0.04949951171875,0.995361328125,3,0.89453125,1.9765625,-2.87890625,nan,1.102394495392012e-39,1.9796675898933134e-38,257,19361569,1026.327392578125,25.690000534057617,0.3435015380382538,259,19402239,0,0,0.0,0.0,0.0,0,258
19455060,0,19413349,0.0552978515625,0.06103515625,0.04949951171875,0.995361328125,0,0.89453125,1.9765625,-2.87890625,-1.229518656052884e+37,1.193495711154697e-39,1.999993424118345e-38,258,19414414,1026.322265625,25.68000030517578,0.38577866554260254,260,19455057,0,0,0.0,0.0,0.0,0,259
19502437,0,19466456,0.04345703125,0.0579833984375,0.0826416015625,0.99395751953125,0,0.89453125,1.9765625,-2.87890625,-1.229518656052884e+37,1.193495711154697e-39,1.999993424118345e-38,259,19467521,1026.32470703125,25.68000030517578,0.36464008688926697,261,19502434,0,0,0.0,0.0,0.0,0,260
19554174,0,19506402,0.04345703125,0.0579833984375,0.0826416015625,0.99395751953125,3,0.73046875,2.234375,2.15625,-1.229518656052884e+37,1.193495711154697e-39,1.999993424118345e-38,260,19507468,1026.3330078125,25.690000534057617,0.3012244403362274,262,19554171,0,0,0.0,0.0,0.0,0,261
19653156,0,19617349,0.0416259765625,0.07073974609375,0.08734130859375,0.9927978515625,0,0.73046875,2.234375,2.15625,-1.229518656052884e+37,1.193495711154697e-39,1.999993424118345e-38,261,19618415,1026.360107421875,25.690000534057617,0.07398495078086853,263,19653153,0,0,0.0,0.0,0.0,0,262
19704096,0,19656504,0.0416259765625,0.07073974609375,0.08734130859375,0.9927978515625,3,0.015625,0.97265625,0.390625,-1.229518656052884e+37,1.193495711154697e-39,1.999993424118345e-38,262,19656720,0.0,0.0,nan,264,19704093,0,0,0.0,0.0,0.0,0,263
19751183,0,19709349,0.0538330078125,0.07476806640625,0.14569091796875,0.98504638671875,0,0.015625,0.97265625,0.390625,-1.229518656052884e+37,1.193495711154697e-39,1.999993424118345e-38,263,19710414,1026.3046875,25.68000030517578,0.5337485671043396,265,19751180,0,0,0.0,0.0,0.0,0,264
19803060,0,19761504,0.0538330078125,0.07476806640625,0.14569091796875,0.98504638671875,3,3.359375,1.30078125,-0.46875,-1.229518656052884e+37,1.193495711154697e-39,1.999993424118345e-38,264,19762570,1026.30615234375,25.690000534057617,0.5178946256637573,266,19803057,0,0,0.0,0.0,0.0,0,265
19856140,0,19814349,0.058837890625,0.09100341796875,0.1612548828125,0.98095703125,0,3.359375,1.30078125,-0.46875,-1.229518656052884e+37,1.193495711154697e-39,1.999993424118345e-38,265,19815414,1026.321044921875,25.690000534057617,0.39634793996810913,267,19856137,0,0,0.0,0.0,0.0,0,266
19904128,0,19868480,0.058837890625,0.09100341796875,0.1612548828125,0.98095703125,0,3.359375,1.30078125,-0.46875,-5.516157248001616e+37,1.1934130345453018e-39,2.0645282630749743e-38,266,19869545,1026.311279296875,25.690000534057617,0.47561752796173096,268,19904125,0,0,0.0,0.0,0.0,0,267
19954128,0,19906295,0.058837890625,0.09100341796875,0.1612548828125,0.98095703125,3,0.2734375,1.80078125,-2.61328125,-5.516157248001616e+37,1.1934130345453018e-39,2.0645282630749743e-38,267,19907361,1026.333251953125,25.690000534057617,0.2959398031234741,269,19954125,0,0,0.0,0.0,0.0,0,268
20002176,0,19960480,0.058837890625,0.09100341796875,0.1612548828125,0.98095703125,0,0.2734375,1.80078125,-2.61328125,-3.296532484736872e+38,1.193263095609619e-39,2.0785427891465332e-38,268,19961546,1026.3310546875,25.700000762939453,0.3170783519744873,270,20002173,0,0,0.0,0.0,0.0,0,269
20055138,0,20013373,0.058837890625,0.09100341796875,0.1612548828125,0.98095703125,0,0.2734375,1.80078125,-2.61328125,-1.5419595418525763e+38,1.1930767229138639e-39,2.083790792025276e-38,269,20014438,1026.336181640625,25.690000534057617,0.27480122447013855,271,20055135,0,0,0.0,0.0,0.0,0,270
20107186,0,20065480,0.058837890625,0.09100341796875,0.1612548828125,0.98095703125,0,0.2734375,1.80078125,-2.61328125,-6.87870315804245e+37,1.1937059059243457e-39,2.0938096556556592e-38,270,20066545,1026.3203125,25.690000534057617,0.4016325771808624,272,20107183,0,0,0.0,0.0,0.0,0,271
20154085,0,20118271,0.1031494140625,0.06719970703125,0.2166748046875,0.96844482421875,0,0.2734375,1.80078125,-2.61328125,-6.87870315804245e+37,1.1937059059243457e-39,2.0938096556556592e-38,271,20119336,1026.31298828125,25.700000762939453,0.46504825353622437,273,20154082,0,0,0.0,0.0,0.0,0,272
20205060,0,20157480,0.1031494140625,0.06719970703125,0.2166748046875,0.96844482421875,0,0.2734375,1.80078125,-2.61328125,nan,1.102053979865181e-39,2.1084734033057398e-38,272,20158546,1026.342529296875,25.700000762939453,0.2219548374414444,274,20205057,0,0,0.0,0.0,0.0,0,273
20252190,0,20210271,0.1019287109375,0.0634765625,0.22613525390625,0.9666748046875,0,0.2734375,1.80078125,-2.61328125,nan,1.102053979865181e-39,2.1084734033057398e-38,273,20211336,1026.330078125,25.690000534057617,0.3223629891872406,275,20252187,0,0,0.0,0.0,0.0,0,274
20305063,0,20263558,0.10308837890625,0.06243896484375,0.232421875,0.965087890625,0,0.2734375,1.80078125,-2.61328125,nan,1.102053979865181e-39,2.1084734033057398e-38,274,20264623,1026.318603515625,25.700000762939453,0.4174864888191223,276,20305060,0,0,0.0,0.0,0.0,0,275
20352175,0,20316271,0.10308837890625,0.06243896484375,0.232421875,0.965087890625,3,-0.19921875,0.20703125,-0.35546875,nan,1.102053979865181e-39,2.1084734033057398e-38,275,20317337,1026.30810546875,25.700000762939453,0.502040684223175,277,20352172,0,0,0.0,0.0,0.0,0,276
20402241,0,20354480,0.10308837890625,0.06243896484375,0.232421875,0.965087890625,0,-0.19921875,0.20703125,-0.35546875,1.0101694382609385e-39,1.1023230291703314e-39,2.133943824582847e-38,276,20355545,1026.323486328125,25.700000762939453,0.37520936131477356,278,20402238,0,0,0.0,0.0,0.0,0,277
20456422,0,20408271,0.10308837890625,0.06243896484375,0.232421875,0.965087890625,3,0.25390625,-0.10546875,-0.0546875,1.0101694382609385e-39,1.1023230291703314e-39,2.133943824582847e-38,277,20409337,1026.349609375,25.700000762939453,0.16382381319999695,279,20456419,0,0,0.0,0.0,0.0,0,278
20503060,0,20461582,0.10308837890625,0.06243896484375,0.232421875,0.965087890625,0,0.25390625,-0.10546875,-0.0546875,4.867250467807319e-39,1.1936260319118792e-39,2.1472564402536256e-38,278,20462647,1026.329833984375,25.690000534057617,0.3276476263999939,280,20503057,0,0,0.0,0.0,0.0,0,279
20555077,0,20513165,0.10308837890625,0.06243896484375,0.232421875,0.965087890625,0,0.25390625,-0.10546875,-0.0546875,8.265096563326706e-39,1.1936610643734873e-39,2.1535768568471163e-38,279,20514230,1026.302001953125,25.690000534057617,0.5548871159553528,281,20555074,0,0,0.0,0.0,0.0,0,280
20603060,0,20566689,0.10308837890625,0.06243896484375,0.232421875,0.965087890625,0,0.25390625,-0.10546875,-0.0546875,nan,1.1937829773398836e-39,2.1645965278407202e-38,280,20567754,1026.31787109375,25.690000534057617,0.4227711260318756,282,20603057,0,0,0.0,0.0,0.0,0,281
20704125,0,20668140,0.1046142578125,0.063232421875,0.227783203125,0.96600341796875,0,0.25390625,-0.10546875,-0.0546875,nan,1.1937829773398836e-39,2.1645965278407202e-38,281,20669206,1026.28076171875,25.690000534057617,0.7292801737785339,283,20704122,0,0,0.0,0.0,0.0,0,282
20756147,0,20707689,0.1046142578125,0.063232421875,0.227783203125,0.96600341796875,0,0.25390625,-0.10546875,-0.0546875,-4.423631880987086e+36,1.1927908580271416e-39,2.1793929784553724e-38,282,20708754,1026.314697265625,25.709999084472656,0.4491943120956421,284,20756144,0,0,0.0,0.0,0.0,0,283
20803070,0,20761140,0.1517333984375,0.09527587890625,0.271240234375,0.9456787109375,0,0.25390625,-0.10546875,-0.0546875,-4.423631880987086e+36,1.1927908580271416e-39,2.1793929784553724e-38,283,20762206,1026.322265625,25.700000762939453,0.38577866554260254,285,20803067,0,0,0.0,0.0,0.0,0,284
20851171,0,20814713,0.1517333984375,0.09527587890625,0.271240234375,0.9456787109375,3,1.14453125,-1.88671875,-2.73828125,-4.423631880987086e+36,1.1927908580271416e-39,2.1793929784553724e-38,284,20815778,1026.279541015625,25.700000762939453,0.7398494482040405,286,20851168,0,0,0.0,0.0,0.0,0,285
20901179,0,20853140,0.18707275390625,0.04388427734375,0.04754638671875,0.980224609375,0,1.14453125,-1.88671875,-2.73828125,-4.423631880987086e+36,1.1927908580271416e-39,2.1793929784553724e-38,285,20854206,1026.311279296875,25.700000762939453,0.47561752796173096,287,20901176,0,0,0.0,0.0,0.0,0,286
20954120,0,20906480,0.18707275390625,0.04388427734375,0.04754638671875,0.980224609375,0,1.14453125,-1.88671875,-2.73828125,5.234581242051569e-39,1.1937899838322052e-39,2.2110862859528532e-38,286,20907545,1026.32177734375,25.709999084472656,0.39106330275535583,288,20954117,0,0,0.0,0.0,0.0,0,287
21006173,0,20958373,0.18707275390625,0.04388427734375,0.04754638671875,0.980224609375,0,1.14453125,-1.88671875,-2.73828125,5.969296039881714e-39,1.1934901059608397e-39,2.216488151402979e-38,287,20959439,1026.31982421875,25.690000534057617,0.4069172143936157,289,21006170,0,0,0.0,0.0,0.0,0,288
21053072,0,21011480,0.18707275390625,0.04388427734375,0.04754638671875,0.980224609375,0,1.14453125,-1.88671875,-2.73828125,8.265054524372777e-40,1.1937381357890252e-39,2.2262760810464414e-38,288,21012545,1026.304443359375,25.700000762939453,0.5337485671043396,290,21053069,0,0,0.0,0.0,0.0,0,289
21106060,0,21064271,0.20391845703125,0.04644775390625,-0.0093994140625,0.97784423828125,0,1.14453125,-1.88671875,-2.73828125,8.265054524372777e-40,1.1937381357890252e-39,2.2262760810464414e-38,289,21065336,1026.305419921875,25.700000762939453,0.5284639000892639,291,21106057,0,0,0.0,0.0,0.0,0,290
21152141,0,21116545,0.20391845703125,0.04644775390625,-0.0093994140625,0.97784423828125,0,1.14453125,-1.88671875,-2.73828125,-3.083833086288433e+38,1.10227398372408e-39,2.241042543873957e-38,290,21117610,1026.30078125,25.700000762939453,0.5654563903808594,292,21152138,0,0,0.0,0.0,0.0,0,291
21202412,0,21154271,0.2108154296875,0.04656982421875,-0.01605224609375,0.97625732421875,0,1.14453125,-1.88671875,-2.73828125,-3.083833086288433e+38,1.10227398372408e-39,2.241042543873957e-38,291,21155337,1026.32958984375,25.700000762939453,0.3276476263999939,293,21202409,0,0,0.0,0.0,0.0,0,292
21255060,0,21207271,0.2108154296875,0.04656982421875,-0.01605224609375,0.97625732421875,3,-2.41796875,0.25,-0.66796875,-3.083833086288433e+38,1.10227398372408e-39,2.241042543873957e-38,292,21208336,1026.3291015625,25.700000762939453,0.3329322636127472,294,21255057,0,0,0.0,0.0,0.0,0,293
21302165,0,21260582,0.2108154296875,0.04656982421875,-0.01605224609375,0.97625732421875,0,-2.41796875,0.25,-0.66796875,-2.778113689619343e+38,1.102705583651092e-39,2.2593671837620862e-38,293,21261647,1026.31640625,25.700000762939453,0.4333404004573822,295,21302162,0,0,0.0,0.0,0.0,0,294
21356126,0,21314271,0.2108154296875,0.04656982421875,-0.01605224609375,0.97625732421875,3,-1.7890625,0.5078125,-2.359375,-2.778113689619343e+38,1.102705583651092e-39,2.2593671837620862e-38,294,21315337,1026.312744140625,25.690000534057617,0.46504825353622437,296,21356123,0,0,0.0,0.0,0.0,0,295
21402165,0,21366480,0.2108154296875,0.04656982421875,-0.01605224609375,0.97625732421875,0,-1.7890625,0.5078125,-2.359375,nan,1.1938502396661712e-39,2.2766601877207795e-38,295,21367545,1026.33935546875,25.690000534057617,0.24837803840637207,297,21402162,0,0,0.0,0.0,0.0,0,296
21452164,0,21404349,0.1851806640625,0.04400634765625,-0.01776123046875,0.9815673828125,0,-1.7890625,0.5078125,-2.359375,nan,1.1938502396661712e-39,2.2766601877207795e-38,296,21405414,1026.34033203125,25.700000762939453,0.23780876398086548,298,21452161,0,0,0.0,0.0,0.0,0,297
21505063,0,21457271,0.1851806640625,0.04400634765625,-0.01776123046875,0.9815673828125,3,-0.15625,0.37890625,0.09375,nan,1.1938502396661712e-39,2.2766601877207795e-38,297,21458336,1026.314208984375,25.700000762939453,0.4544789493083954,299,21505060,0,0,0.0,0.0,0.0,0,298
21551171,0,21509582,0.1851806640625,0.04400634765625,-0.01776123046875,0.9815673828125,0,-0.15625,0.37890625,0.09375,5.605193857299268e-45,1.1938600487554214e-39,2.294403989395446e-38,298,21510648,1026.293701171875,25.690000534057617,0.623587429523468,300,21551168,0,0,0.0,0.0,0.0,0,299
21604060,0,21562271,0.1851806640625,0.04400634765625,-0.01776123046875,0.9815673828125,3,-0.22265625,0.41796875,-0.0625,5.605193857299268e-45,1.1938600487554214e-39,2.294403989395446e-38,299,21563336,1026.291015625,25.700000762939453,0.6447259783744812,301,21604057,0,0,0.0,0.0,0.0,0,300
21656060,0,21614480,0.1851806640625,0.04400634765625,-0.01776123046875,0.9815673828125,0,-0.22265625,0.41796875,-0.0625,nan,1.1020273551943589e-39,2.3085629893386769e-38,300,21615545,1026.350341796875,25.700000762939453,0.15853917598724365,302,21656057,0,0,0.0,0.0,0.0,0,301
21756407,0,21720336,0.1851806640625,0.04400634765625,-0.01776123046875,0.9815673828125,3,-0.21484375,0.33203125,-0.09765625,nan,1.1020273551943589e-39,2.3085629893386769e-38,301,21721401,1026.344482421875,25.690000534057617,0.2061009258031845,303,21756404,0,0,0.0,0.0,0.0,0,302
21803060,0,21761480,0.1851806640625,0.04400634765625,-0.01776123046875,0.9815673828125,0,-0.21484375,0.33203125,-0.09765625,2.755050871755093e-40,1.1938600487554214e-39,2.323295260483663e-38,302,21762545,1026.3271484375,25.700000762939453,0.3487861752510071,304,21803057,0,0,0.0,0.0,0.0,0,303
21851162,0,21815373,0.1851806640625,0.04400634765625,-0.01776123046875,0.9815673828125,0,-0.21484375,0.33203125,-0.09765625,3.6733077424425025e-40,1.1020273551943589e-39,2.337997683971359e-38,303,21816438,1026.32421875,25.700000762939453,0.36992472410202026,305,21851159,0,0,0.0,0.0,0.0,0,304
21901162,0,21853373,0.1851806640625,0.04400634765625,-0.01776123046875,0.9815673828125,0,-0.21484375,0.33203125,-0.09765625,nan,1.1938586474569571e-39,2.343681911062046e-38,304,21854439,1026.3291015625,25.700000762939453,0.3329322636127472,306,21901159,0,0,0.0,0.0,0.0,0,305
21955063,0,21907480,0.1851806640625,0.04400634765625,-0.01776123046875,0.9815673828125,0,-0.21484375,0.33203125,-0.09765625,nan,1.1020273551943589e-39,2.3517000007450663e-38,305,21908546,1026.3125,25.700000762939453,0.46504825353622437,307,21955060,0,0,0.0,0.0,0.0,0,306
22002158,0,21960373,0.1851806640625,0.04400634765625,-0.01776123046875,0.9815673828125,0,-0.21484375,0.33203125,-0.09765625,2.75503685877045e-40,1.1020273551943589e-39,2.3622472940263463e-38,306,21961438,1026.29541015625,25.700000762939453,0.6077334880828857,308,22002155,0,0,0.0,0.0,0.0,0,307
22055060,0,22013480,0.1851806640625,0.04400634765625,-0.01776123046875,0.9815673828125,0,-0.21484375,0.33203125,-0.09765625,nan,1.1020273551943589e-39,2.38219085403031e-38,307,22014545,1026.346435546875,25.690000534057617,0.19024699926376343,309,22055057,0,0,0.0,0.0,0.0,0,308
22107060,0,22065271,0.1851806640625,0.04400634765625,-0.01776123046875,0.9815673828125,3,-0.078125,0.29296875,0.015625,nan,1.1020273551943589e-39,2.38219085403031e-38,308,22066337,1026.33349609375,25.700000762939453,0.2959398031234741,310,22107057,0,0,0.0,0.0,0.0,0,309
22154060,0,22118480,0.1851806640625,0.04400634765625,-0.01776123046875,0.9815673828125,0,-0.078125,0.29296875,0.015625,3.673489911242865e-40,1.1938432331738495e-39,2.411724059945034e-38,309,22119546,1026.3408203125,25.700000762939453,0.23252412676811218,311,22154057,0,0,0.0,0.0,0.0,0,310
22204107,0,22156271,0.1851806640625,0.04400634765625,-0.01776123046875,0.9815673828125,3,-0.30859375,0.4296875,0.12890625,3.673489911242865e-40,1.1938432331738495e-39,2.411724059945034e-38,310,22157337,1026.310302734375,25.700000762939453,0.48618680238723755,312,22204104,0,0,0.0,0.0,0.0,0,311
22251167,0,22209271,0.1851806640625,0.04400634765625,-0.01776123046875,0.9815673828125,3,-0.109375,0.35546875,0.015625,3.673489911242865e-40,1.1938432331738495e-39,2.411724059945034e-38,311,22210337,1026.323974609375,25.690000534057617,0.37520936131477356,313,22251164,0,0,0.0,0.0,0.0,0,312
22304106,0,22262582,0.1851806640625,0.04400634765625,-0.01776123046875,0.9815673828125,0,-0.109375,0.35546875,0.015625,nan,1.1938586474569571e-39,2.4470558389051343e-38,312,22263647,1026.2998046875,25.690000534057617,0.5707409977912903,314,22304103,0,0,0.0,0.0,0.0,0,313
22351158,0,22315165,0.1851806640625,0.04400634765625,-0.01776123046875,0.9815673828125,0,-0.109375,0.35546875,0.015625,nan,1.1938572461584928e-39,2.461099371854905e-38,313,22316230,1026.288818359375,25.700000762939453,0.6605798602104187,315,22351155,0,0,0.0,0.0,0.0,0,314
22402155,0,22353664,0.18463134765625,0.04339599609375,-0.0172119140625,0.981689453125,0,-0.109375,0.35546875,0.015625,nan,1.1938572461584928e-39,2.461099371854905e-38,314,22354730,1026.34716796875,25.700000762939453,0.18496236205101013,316,22402152,0,0,0.0,0.0,0.0,0,315
22454104,0,22406140,0.18463134765625,0.04339599609375,-0.01715087890625,0.981689453125,0,-0.109375,0.35546875,0.015625,nan,1.1938572461584928e-39,2.461099371854905e-38,315,22407206,1026.336181640625,25.700000762939453,0.27480122447013855,317,22454101,0,0,0.0,0.0,0.0,0,316
22502171,0,22459713,0.18463134765625,0.04339599609375,-0.01715087890625,0.981689453125,0,-0.109375,0.35546875,0.015625,nan,1.1020259538958945e-39,2.503136644226492e-38,316,22460778,1026.325927734375,25.700000762939453,0.35935544967651367,318,22502168,0,0,0.0,0.0,0.0,0,317
22554158,0,22512140,0.184326171875,0.04315185546875,-0.01690673828125,0.98175048828125,0,-0.109375,0.35546875,0.015625,nan,1.1020259538958945e-39,2.503136644226492e-38,317,22513206,1026.31494140625,25.700000762939453,0.4491943120956421,319,22554155,0,0,0.0,0.0,0.0,0,318
22602068,0,22565664,0.18450927734375,0.04296875,-0.01641845703125,0.98175048828125,0,-0.109375,0.35546875,0.015625,nan,1.1020259538958945e-39,2.503136644226492e-38,318,22566730,1026.29296875,25.700000762939453,0.6288720369338989,320,22602065,0,0,0.0,0.0,0.0,0,319
22652220,0,22604140,0.1844482421875,0.04302978515625,-0.016357421875,0.98175048828125,0,-0.109375,0.35546875,0.015625,nan,1.1020259538958945e-39,2.503136644226492e-38,319,22605206,1026.288818359375,25.690000534057617,0.6605798602104187,321,22652217,0,0,0.0,0.0,0.0,0,320
22706126,0,22657665,0.1844482421875,0.04302978515625,-0.016357421875,0.98175048828125,0,-0.109375,0.35546875,0.015625,9.183129226259824e-41,1.1020273551943589e-39,2.5620573210156505e-38,320,22658730,1026.320556640625,25.700000762939453,0.4016325771808624,322,22706123,0,0,0.0,0.0,0.0,0,321
22805091,0,22769165,0.1844482421875,0.04302978515625,-0.016357421875,0.98175048828125,0,-0.109375,0.35546875,0.015625,2.7550788977243796e-40,1.1938572461584928e-39,2.5713058908801943e-38,321,22770230,1026.319091796875,25.700000762939453,0.412201851606369,323,22805088,0,0,0.0,0.0,0.0,0,322
22851162,0,22808689,0.1844482421875,0.04302978515625,-0.016357421875,0.98175048828125,0,-0.109375,0.35546875,0.015625,nan,1.1938572461584928e-39,2.5936930351462476e-38,322,22809754,1026.29638671875,25.700000762939453,0.5971642136573792,324,22851159,0,0,0.0,0.0,0.0,0,323
22904101,0,22862164,0.1844482421875,0.04302978515625,-0.016357421875,0.98175048828125,0,-0.109375,0.35546875,0.015625,nan,1.1020273551943589e-39,2.6177222209527967e-38,323,22863230,1026.31201171875,25.700000762939453,0.47033289074897766,325,22904098,0,0,0.0,0.0,0.0,0,324
22951158,0,22915582,0.1844482421875,0.04302978515625,-0.016357421875,0.98175048828125,0,-0.109375,0.35546875,0.015625,nan,1.1938544435615641e-39,2.631301643851183e-38,324,22916648,1026.3154296875,25.700000762939453,0.4439096748828888,326,22951155,0,0,0.0,0.0,0.0,0,325
23001363,0,22953271,0.1844482421875,0.04302978515625,-0.016357421875,0.98175048828125,0,-0.109375,0.35546875,0.015625,nan,1.1938516409646355e-39,2.649766833975284e-38,325,22954337,1026.3388671875,25.700000762939453,0.24837803840637207,327,23001360,0,0,0.0,0.0,0.0,0,326
23054398,0,23006480,0.1844482421875,0.04302978515625,-0.016357421875,0.98175048828125,3,-0.0703125,-0.12109375,0.015625,nan,1.1938516409646355e-39,2.649766833975284e-38,326,23007545,1026.347900390625,25.700000762939453,0.17439308762550354,328,23054395,0,0,0.0,0.0,0.0,0,327
23107060,0,23059373,0.1844482421875,0.04302978515625,-0.016357421875,0.98175048828125,0,-0.0703125,-0.12109375,0.015625,nan,1.1938586474569571e-39,2.670543325786442e-38,327,23060439,1026.264892578125,25.700000762939453,0.8561115264892578,329,23107057,0,0,0.0,0.0,0.0,0,328
23154405,0,23112480,0.1844482421875,0.04302978515625,-0.016357421875,0.98175048828125,0,-0.0703125,-0.12109375,0.015625,nan,1.1020259538958945e-39,2.685457905861637e-38,328,23113546,1026.312255859375,25.690000534057617,0.47033289074897766,330,23154402,0,0,0.0,0.0,0.0,0,329
23201150,0,23165271,0.1844482421875,0.04302978515625,-0.016357421875,0.98175048828125,3,0.046875,0.08984375,-0.015625,nan,1.1020259538958945e-39,2.685457905861637e-38,329,23166336,1026.301513671875,25.700000762939453,0.5601717233657837,331,23201147,0,0,0.0,0.0,0.0,0,330
23251149,0,23203480,0.1844482421875,0.04302978515625,-0.016357421875,0.98175048828125,3,-0.03125,0.58203125,-0.0546875,nan,1.1020259538958945e-39,2.685457905861637e-38,330,23204545,1026.31982421875,25.700000762939453,0.4069172143936157,332,23251146,0,0,0.0,0.0,0.0,0,331
23305125,0,23257325,0.18463134765625,0.0411376953125,-0.01068115234375,0.98187255859375,0,-0.03125,0.58203125,-0.0546875,nan,1.1020259538958945e-39,2.685457905861637e-38,331,23258390,1026.30859375,25.700000762939453,0.502040684223175,333,23305122,0,0,0.0,0.0,0.0,0,332
23352150,0,23310504,0.18463134765625,0.0411376953125,-0.01068115234375,0.98187255859375,3,-0.17578125,0.49609375,-0.0546875,nan,1.1020259538958945e-39,2.685457905861637e-38,332,23311570,1026.287109375,25.700000762939453,0.676433801651001,334,23352147,0,0,0.0,0.0,0.0,0,333
23405060,0,23363271,0.18463134765625,0.0411376953125,-0.01068115234375,0.98187255859375,0,-0.17578125,0.49609375,-0.0546875,nan,1.1020343616866805e-39,2.760380850593999e-38,333,23364336,1026.31591796875,25.700000762939453,0.4386250376701355,335,23405057,0,0,0.0,0.0,0.0,0,334
23452143,0,23416480,0.18463134765625,0.0411376953125,-0.01068115234375,0.98187255859375,3,0.0546875,0.10546875,0.015625,nan,1.1020343616866805e-39,2.760380850593999e-38,334,23417545,1026.290283203125,25.700000762939453,0.6500105857849121,336,23452140,0,0,0.0,0.0,0.0,0,335
23502143,0,23454271,0.18475341796875,0.04107666015625,-0.0103759765625,0.98187255859375,0,0.0546875,0.10546875,0.015625,nan,1.1020343616866805e-39,2.760380850593999e-38,335,23455337,1026.28173828125,25.690000534057617,0.7187108993530273,337,23502140,0,0,0.0,0.0,0.0,0,336
23555060,0,23507480,0.18475341796875,0.04107666015625,-0.0103759765625,0.98187255859375,0,0.0546875,0.10546875,0.015625,9.182288447181229e-41,1.1020315590897518e-39,2.800459387972153e-38,336,23508546,1026.31591796875,25.700000762939453,0.4386250376701355,338,23555057,0,0,0.0,0.0,0.0,0,337
23602060,0,23560373,0.18475341796875,0.04107666015625,-0.0103759765625,0.98187255859375,0,0.0546875,0.10546875,0.015625,nan,1.1938600487554214e-39,2.810955393729639e-38,337,23561439,1026.325927734375,25.700000762939453,0.35935544967651367,339,23602057,0,0,0.0,0.0,0.0,0,338
23655060,0,23613480,0.18475341796875,0.04107666015625,-0.0103759765625,0.98187255859375,3,0.0625,0.08203125,-0.0546875,nan,1.1938600487554214e-39,2.810955393729639e-38,338,23614545,1026.322265625,25.690000534057617,0.38577866554260254,340,23655057,0,0,0.0,0.0,0.0,0,339
23703060,0,23667349,0.1851806640625,0.04083251953125,-0.01031494140625,0.9818115234375,0,0.0625,0.08203125,-0.0546875,nan,1.1938600487554214e-39,2.810955393729639e-38,339,23668415,1026.302734375,25.700000762939453,0.5496024489402771,341,23703057,0,0,0.0,0.0,0.0,0,340
23753060,0,23705480,0.185302734375,0.0406494140625,-0.009765625,0.9818115234375,0,0.0625,0.08203125,-0.0546875,nan,1.1938600487554214e-39,2.810955393729639e-38,340,23706545,1026.28173828125,25.700000762939453,0.7187108993530273,342,23753057,0,0,0.0,0.0,0.0,0,341
23852142,0,23816271,0.185302734375,0.0406494140625,-0.009765625,0.9818115234375,3,-0.0546875,0.03515625,-0.015625,nan,1.1938600487554214e-39,2.810955393729639e-38,341,23817337,1026.32421875,25.690000534057617,0.36992472410202026,343,23852139,0,0,0.0,0.0,0.0,0,342
23903063,0,23855558,0.18536376953125,0.04058837890625,-0.00958251953125,0.9818115234375,0,-0.0546875,0.03515625,-0.015625,nan,1.1938600487554214e-39,2.810955393729639e-38,342,23856623,1026.295166015625,25.700000762939453,0.6077334880828857,344,23903060,0,0,0.0,0.0,0.0,0,343
23951143,0,23909165,0.18536376953125,0.04058837890625,-0.00958251953125,0.9818115234375,0,-0.0546875,0.03515625,-0.015625,1.836639858236608e-40,1.1938586474569571e-39,2.9084849260675675e-38,343,23910230,1026.33935546875,25.700000762939453,0.24837803840637207,345,23951140,0,0,0.0,0.0,0.0,0,344
24005060,0,23962622,0.18536376953125,0.04046630859375,-0.00921630859375,0.9818115234375,0,-0.0546875,0.03515625,-0.015625,1.836639858236608e-40,1.1938586474569571e-39,2.9084849260675675e-38,344,23963688,1026.307861328125,25.700000762939453,0.5073253512382507,346,24005057,0,0,0.0,0.0,0.0,0,345
24051060,0,24015164,0.18536376953125,0.04046630859375,-0.00921630859375,0.9818115234375,0,-0.0546875,0.03515625,-0.015625,1.836695910175181e-40,1.1938600487554214e-39,2.940508239353397e-38,345,24016230,1026.315185546875,25.700000762939453,0.4439096748828888,347,24051057,0,0,0.0,0.0,0.0,0,346
24108060,0,24053689,0.18536376953125,0.04046630859375,-0.00921630859375,0.9818115234375,0,-0.0546875,0.03515625,-0.015625,nan,1.1020259538958945e-39,2.958028393793157e-38,346,24054754,1026.307861328125,25.690000534057617,0.5073253512382507,348,24108057,0,0,0.0,0.0,0.0,0,347
24154374,0,24112140,0.1854248046875,0.0406494140625,-0.00909423828125,0.98175048828125,0,-0.0546875,0.03515625,-0.015625,nan,1.1020259538958945e-39,2.958028393793157e-38,347,24113206,1026.35595703125,25.700000762939453,0.1109774187207222,349,24154371,0,0,0.0,0.0,0.0,0,348
24202136,0,24165713,0.1854248046875,0.0406494140625,-0.00909423828125,0.98175048828125,3,-0.08203125,0.07421875,-0.0078125,nan,1.1020259538958945e-39,2.958028393793157e-38,348,24166778,1026.33251953125,25.709999084472656,0.3012244403362274,350,24202133,0,0,0.0,0.0,0.0,0,349
24252136,0,24204140,0.18536376953125,0.0406494140625,-0.0091552734375,0.98175048828125,0,-0.08203125,0.07421875,-0.0078125,nan,1.1020259538958945e-39,2.958028393793157e-38,349,24205206,1026.30126953125,25.700000762939453,0.5601717233657837,351,24252133,0,0,0.0,0.0,0.0,0,350
24306163,0,24257664,0.1854248046875,0.0404052734375,-0.00848388671875,0.9818115234375,0,-0.08203125,0.07421875,-0.0078125,nan,1.1020259538958945e-39,2.958028393793157e-38,350,24258730,1026.3212890625,25.709999084472656,0.39634793996810913,352,24306160,0,0,0.0,0.0,0.0,0,351
24351147,0,24309165,0.1854248046875,0.0404052734375,-0.00848388671875,0.9818115234375,0,-0.08203125,0.07421875,-0.0078125,nan,1.1020315590897518e-39,3.016464501573352e-38,351,24310230,1026.31103515625,25.700000762939453,0.48090216517448425,353,24351144,0,0,0.0,0.0,0.0,0,352
24405060,0,24362664,0.18536376953125,0.0404052734375,-0.00872802734375,0.9818115234375,0,-0.08203125,0.07421875,-0.0078125,nan,1.1020315590897518e-39,3.016464501573352e-38,352,24363730,1026.281982421875,25.700000762939453,0.7187108993530273,354,24405057,0,0,0.0,0.0,0.0,0,353
24451138,0,24415140,0.18536376953125,0.04034423828125,-0.0087890625,0.9818115234375,0,-0.08203125,0.07421875,-0.0078125,nan,1.1020315590897518e-39,3.016464501573352e-38,353,24416206,1026.30322265625,25.700000762939453,0.5443178415298462,355,24451135,0,0,0.0,0.0,0.0,0,354
24504127,0,24455664,0.18536376953125,0.04022216796875,-0.00811767578125,0.9818115234375,0,-0.08203125,0.07421875,-0.0078125,nan,1.1020315590897518e-39,3.016464501573352e-38,354,24456730,1026.320068359375,25.700000762939453,0.4069172143936157,356,24504124,0,0,0.0,0.0,0.0,0,355
24556060,0,24508140,0.18536376953125,0.04022216796875,-0.0081787109375,0.9818115234375,0,-0.08203125,0.07421875,-0.0078125,nan,1.1020315590897518e-39,3.016464501573352e-38,355,24509206,1026.310546875,25.690000534057617,0.48618680238723755,357,24556057,0,0,0.0,0.0,0.0,0,356
24604060,0,24561713,0.18536376953125,0.04022216796875,-0.0081787109375,0.9818115234375,3,0.046875,0.1640625,-0.0078125,nan,1.1020315590897518e-39,3.016464501573352e-38,356,24562778,1026.348388671875,25.700000762939453,0.17439308762550354,358,24604057,0,0,0.0,0.0,0.0,0,357
24656096,0,24614140,0.1854248046875,0.0401611328125,-0.0078125,0.9818115234375,0,0.046875,0.1640625,-0.0078125,nan,1.1020315590897518e-39,3.016464501573352e-38,357,24615206,1026.3369140625,25.690000534057617,0.26951658725738525,359,24656093,0,0,0.0,0.0,0.0,0,358
24704083,0,24667665,0.185546875,0.04010009765625,-0.0074462890625,0.9818115234375,0,0.046875,0.1640625,-0.0078125,nan,1.1020315590897518e-39,3.016464501573352e-38,358,24668730,1026.34033203125,25.690000534057617,0.23780876398086548,360,24704080,0,0,0.0,0.0,0.0,0,359
24754082,0,24706140,0.185546875,0.0401611328125,-0.0074462890625,0.9818115234375,0,0.046875,0.1640625,-0.0078125,nan,1.1020315590897518e-39,3.016464501573352e-38,359,24707206,1026.296875,25.690000534057617,0.5971642136573792,361,24754079,0,0,0.0,0.0,0.0,0,360
24802142,0,24759664,0.185546875,0.0401611328125,-0.0074462890625,0.9818115234375,3,0.046875,0.08984375,0.0,nan,1.1020315590897518e-39,3.016464501573352e-38,360,24760730,1026.310546875,25.700000762939453,0.48618680238723755,362,24802139,0,0,0.0,0.0,0.0,0,361
