t_us,imu_t_us,imu_q0,imu_q1,imu_q2,imu_q3,imu_calib,imu_ax,imu_ay,imu_az,imu_gx,imu_gy,imu_gz,imu_seq,baro_t_us,baro_pressure_hPa,baro_temperature_C,baro_altitude_m,baro_seq,gnss_t_us,gnss_lat_e7,gnss_lon_e7,gnss_alt_m,gnss_speed_mps,gnss_heading_deg,gnss_sats_used,gnss_seq
6072797,6017553,1.0,0.0,0.0,0.0,3,-0.16796875,0.0234375,-0.13671875,0.0,0.0,0.0,1,6018618,1014.737548828125,22.440000534057617,-12.371339797973633,1,6072795,257343527,-803440025,-21.601999282836914,0.01600000075995922,313.9132080078125,16,1
6173232,6017553,1.0,0.0,0.0,0.0,3,-0.16796875,0.0234375,-0.13671875,0.0,0.0,0.0,1,6148340,1014.75146484375,22.450000762939453,-0.11626206338405609,3,6173229,257343528,-803440024,-21.589000701904297,0.03700000047683716,313.9132080078125,16,2
6220728,6177713,1.0,0.0,0.0,0.0,3,-0.01953125,0.11328125,-0.08203125,0.0,0.0,0.0,2,6178778,1014.7314453125,22.440000534057617,0.05284639075398445,4,6220726,257343528,-803440024,-21.591999053955078,0.014999999664723873,313.9132080078125,16,3
6272502,6230329,1.0,0.0,0.0,0.0,0,-0.01953125,0.11328125,-0.08203125,nan,2.7549527808625904e-40,1.3982184103002311e-39,3,6231395,1014.756591796875,22.450000762939453,-0.15853917598724365,5,6272499,257343528,-803440024,-21.58799934387207,0.008999999612569809,313.9132080078125,16,4
6320976,6230329,1.0,0.0,0.0,0.0,0,-0.01953125,0.11328125,-0.08203125,nan,2.7549527808625904e-40,1.3982184103002311e-39,3,6285069,1014.7158203125,22.440000534057617,0.17967772483825684,6,6320973,257343528,-803440024,-21.584999084472656,0.020999999716877937,313.9132080078125,16,5
6371486,6322747,1.0,0.0,0.0,0.0,0,-0.01953125,0.11328125,-0.08203125,nan,2.7549107419086606e-40,1.506826047777726e-39,4,6323812,1014.768798828125,22.450000762939453,-0.25894731283187866,7,6371483,257343528,-803440024,-21.570999145507812,0.014000000432133675,313.9132080078125,16,6
6425564,6376480,1.0,0.0,0.0,0.0,3,0.08203125,0.11328125,0.1484375,nan,2.7549107419086606e-40,1.506826047777726e-39,5,6377545,1014.74658203125,22.440000534057617,-0.07662726938724518,8,6425561,257343527,-803440024,-21.575000762939453,0.026000000536441803,313.9132080078125,16,7
6472640,6429373,1.0,0.0,0.0,0.0,0,0.08203125,0.11328125,0.1484375,1.2857277747780921e-39,1.8368360400216135e-40,1.634114395083135e-39,6,6430439,1014.739013671875,22.440000534057617,-0.013211597688496113,9,6472637,257343527,-803440024,-21.575000762939453,0.023000000044703484,313.9132080078125,16,8
6525603,6482480,1.0,0.0,0.0,0.0,3,0.01953125,0.16015625,-0.0078125,1.2857277747780921e-39,1.8368360400216135e-40,1.634114395083135e-39,7,6483546,1014.713623046875,22.440000534057617,0.2008162885904312,10,6525600,257343528,-803440023,-21.56999969482422,0.020999999716877937,313.9132080078125,16,9
6573263,6535349,0.2086181640625,-0.1231689453125,0.16595458984375,0.9559326171875,0,0.01953125,0.16015625,-0.0078125,1.2857277747780921e-39,1.8368360400216135e-40,1.634114395083135e-39,8,6536415,1014.732666015625,22.450000762939453,0.04227711260318756,11,6573260,257343528,-803440023,-21.569000244140625,0.0430000014603138,313.9132080078125,16,10
6624406,6575456,0.2081298828125,-0.12353515625,0.16552734375,0.9560546875,0,0.01953125,0.16015625,-0.0078125,1.2857277747780921e-39,1.8368360400216135e-40,1.634114395083135e-39,9,6576521,1014.752197265625,22.450000762939453,-0.12154670059680939,12,6624404,257343528,-803440023,-21.562999725341797,0.02199999988079071,313.9132080078125,16,11
6670767,6627349,0.20867919921875,-0.12353515625,0.166015625,0.95587158203125,0,0.01953125,0.16015625,-0.0078125,1.2857277747780921e-39,1.8368360400216135e-40,1.634114395083135e-39,10,6628414,1014.72900390625,22.440000534057617,0.06870030611753464,13,6670764,257343527,-803440023,-21.552000045776367,0.007000000216066837,313.9132080078125,16,12
6723486,6680504,0.20867919921875,-0.12353515625,0.166015625,0.95587158203125,3,0.01953125,0.05859375,0.0,1.2857277747780921e-39,1.8368360400216135e-40,1.634114395083135e-39,11,6681570,1014.711181640625,22.440000534057617,0.2166702002286911,14,6723483,257343527,-803440023,-21.549999237060547,0.01600000075995922,313.9132080078125,16,13
6770735,6733271,0.208740234375,-0.1229248046875,0.16693115234375,0.95574951171875,0,0.01953125,0.05859375,0.0,1.2857277747780921e-39,1.8368360400216135e-40,1.634114395083135e-39,12,6734337,1014.728515625,22.440000534057617,0.07398495078086853,15,6770733,257343527,-803440023,-21.54199981689453,0.017999999225139618,313.9132080078125,16,14
6829187,6773480,0.208740234375,-0.1229248046875,0.16693115234375,0.95574951171875,0,0.01953125,0.05859375,0.0,4.0407576270562203e-39,4.5917187559609876e-40,2.1586946790985234e-39,13,6774545,1014.73779296875,22.440000534057617,-0.0026423195376992226,16,6829184,257343528,-803440023,-21.548999786376953,0.03999999910593033,313.9132080078125,16,15
6875318,6831271,0.208740234375,-0.1229248046875,0.16693115234375,0.95574951171875,3,-0.02734375,0.12109375,-0.0390625,4.0407576270562203e-39,4.5917187559609876e-40,2.1586946790985234e-39,14,6832337,1014.74951171875,22.450000762939453,-0.1004081442952156,17,6875315,257343527,-803440023,-21.55699920654297,0.035999998450279236,313.9132080078125,16,16
6933562,6884582,0.208740234375,-0.1229248046875,0.16693115234375,0.95574951171875,0,-0.02734375,0.12109375,-0.0390625,3.122406869371701e-39,3.673545963181438e-40,2.2712946159008797e-39,15,6885648,1014.75732421875,22.440000534057617,-0.16382381319999695,18,6933560,257343527,-803440023,-21.538000106811523,0.03799999877810478,313.9132080078125,16,17
6975485,6937164,0.208740234375,-0.1229248046875,0.16693115234375,0.95574951171875,0,-0.02734375,0.12109375,-0.0390625,nan,3.673573989150724e-40,2.335632432293425e-39,16,6938230,1014.72021484375,22.440000534057617,0.14268524944782257,19,6975482,257343527,-803440023,-21.535999298095703,0.006000000052154064,313.9132080078125,16,18
7021958,6978689,0.208740234375,-0.1229248046875,0.16693115234375,0.95574951171875,3,-0.00390625,0.05078125,0.0,nan,3.673573989150724e-40,2.335632432293425e-39,17,6979754,1014.74365234375,22.440000534057617,-0.0502040721476078,20,7021955,257343527,-803440023,-21.527999877929688,0.024000000208616257,313.9132080078125,16,19
7076302,7032164,0.208740234375,-0.1229248046875,0.16693115234375,0.95574951171875,0,-0.00390625,0.05078125,0.0,1.6530431347392348e-39,3.67368609302787e-40,2.4899041828278728e-39,18,7033230,1014.750732421875,22.450000762939453,-0.10833510011434555,21,7076299,257343528,-803440023,-21.527000427246094,0.026000000536441803,313.9132080078125,16,20
7121554,7084582,0.208740234375,-0.1229248046875,0.16693115234375,0.95574951171875,0,-0.00390625,0.05078125,0.0,5.326486803132777e-39,4.591564613129912e-40,2.5458776486868633e-39,19,7085648,1014.70263671875,22.440000534057617,0.29065513610839844,22,7121551,257343528,-803440023,-21.52400016784668,0.006000000052154064,313.9132080078125,16,21
7218590,7187165,0.208740234375,-0.1229248046875,0.16693115234375,0.95574951171875,0,-0.00390625,0.05078125,0.0,6.244802528355688e-39,3.673798196905016e-40,2.6231144174435186e-39,20,7188230,1014.739990234375,22.450000762939453,-0.02113855630159378,23,7218587,257343528,-803440023,-21.50200080871582,0.026000000536441803,313.9132080078125,16,22
7270629,7221689,0.208740234375,-0.1229248046875,0.16693115234375,0.95574951171875,0,-0.00390625,0.05078125,0.0,1.2856773280333764e-39,3.6735880021353674e-40,2.700346982304781e-39,21,7222755,1014.738525390625,22.440000534057617,-0.007926958613097668,24,7270626,257343527,-803440023,-21.503999710083008,0.013000000268220901,313.9132080078125,16,23
7322681,7274164,0.208740234375,-0.1229248046875,0.16693115234375,0.95574951171875,0,-0.00390625,0.05078125,0.0,1.5612104411781722e-39,3.6737001060125134e-40,2.8405707157343724e-39,22,7275230,1014.751708984375,22.450000762939453,-0.11890438199043274,25,7322678,257343527,-803440023,-21.48900032043457,0.019999999552965164,313.9132080078125,16,24
7369479,7326582,0.208740234375,-0.1229248046875,0.16693115234375,0.95574951171875,0,-0.00390625,0.05078125,0.0,nan,4.591522574175982e-40,2.8895783269272042e-39,23,7327648,1014.756591796875,22.450000762939453,-0.15853917598724365,26,7369476,257343527,-803440023,-21.482999801635742,0.017999999225139618,313.9132080078125,16,25
7421393,7379164,0.208740234375,-0.1229248046875,0.16693115234375,0.95574951171875,0,-0.00390625,0.05078125,0.0,9.183871914445916e-40,3.673517937212151e-40,2.959626434561873e-39,24,7380230,1014.746337890625,22.450000762939453,-0.07398495078086853,27,7421390,257343528,-803440023,-21.47599983215332,0.026000000536441803,313.9132080078125,16,26
7469472,7432689,0.208740234375,-0.1229248046875,0.16693115234375,0.95574951171875,0,-0.00390625,0.05078125,0.0,nan,4.59138244432955e-40,3.071148772845164e-39,25,7433754,1014.725830078125,22.440000534057617,0.09512349963188171,28,7469469,257343528,-803440023,-21.47100067138672,0.013000000268220901,313.9132080078125,16,27
7520594,7472063,0.208740234375,-0.1229248046875,0.16693115234375,0.95574951171875,3,0.04296875,-0.0078125,0.109375,nan,4.59138244432955e-40,3.071148772845164e-39,26,7473128,1014.707275390625,22.440000534057617,0.25366267561912537,29,7520591,257343528,-803440023,-21.4689998626709,0.03799999877810478,313.9132080078125,16,28
7575584,7526665,0.2093505859375,-0.1248779296875,0.16583251953125,0.95556640625,0,0.04296875,-0.0078125,0.109375,nan,4.59138244432955e-40,3.071148772845164e-39,27,7527730,1014.708251953125,22.440000534057617,0.24309340119361877,30,7575581,257343528,-803440023,-21.457000732421875,0.032999999821186066,313.9132080078125,16,29
7621324,7579164,0.2093505859375,-0.1248779296875,0.16583251953125,0.95556640625,0,0.04296875,-0.0078125,0.109375,nan,3.673868261828232e-40,3.226142192088739e-39,28,7580230,1014.7626953125,22.450000762939453,-0.20874324440956116,31,7621321,257343528,-803440023,-21.459999084472656,0.028999999165534973,313.9132080078125,16,30
7669371,7632664,0.2093505859375,-0.1248779296875,0.16583251953125,0.95556640625,0,0.04296875,-0.0078125,0.109375,-3.1768368585814017e+38,4.593722612764972e-40,3.343820434525808e-39,29,7633730,1014.7490234375,22.450000762939453,-0.09512349963188171,32,7669368,257343528,-803440022,-21.458999633789062,0.041999999433755875,313.9132080078125,16,31
7720234,7671140,0.20513916015625,-0.115478515625,0.1689453125,0.95709228515625,0,0.04296875,-0.0078125,0.109375,-3.1768368585814017e+38,4.593722612764972e-40,3.343820434525808e-39,30,7672206,1014.755859375,22.450000762939453,-0.1506122201681137,33,7720232,257343528,-803440022,-21.447999954223633,0.019999999552965164,313.9132080078125,16,32
7772386,7723665,0.203125,-0.11322021484375,0.17327880859375,0.95703125,0,0.04296875,-0.0078125,0.109375,-3.1768368585814017e+38,4.593722612764972e-40,3.343820434525808e-39,31,7724730,1014.739990234375,22.450000762939453,-0.02113855630159378,34,7772383,257343528,-803440023,-21.44099998474121,0.02800000086426735,313.9132080078125,16,33
7824580,7776164,0.203125,-0.11322021484375,0.17327880859375,0.95703125,0,0.04296875,-0.0078125,0.109375,-1.3358928969927238e+38,5.508336107445137e-40,3.516517858567663e-39,32,7777230,1014.71337890625,22.440000534057617,0.2008162885904312,35,7824577,257343528,-803440022,-21.41699981689453,0.03099999949336052,313.9132080078125,16,34
7872446,7829664,0.2093505859375,-0.11724853515625,0.19000244140625,0.9520263671875,0,0.04296875,-0.0078125,0.109375,-1.3358928969927238e+38,5.508336107445137e-40,3.516517858567663e-39,33,7830730,1014.716064453125,22.440000534057617,0.17967772483825684,36,7872443,257343528,-803440022,-21.415000915527344,0.014999999664723873,313.9132080078125,16,35
7925533,7882140,0.2156982421875,-0.11590576171875,0.1982421875,0.9490966796875,0,0.04296875,-0.0078125,0.109375,-1.3358928969927238e+38,5.508336107445137e-40,3.516517858567663e-39,34,7883206,1014.725830078125,22.440000534057617,0.09512349963188171,37,7925530,257343528,-803440022,-21.420000076293945,0.02500000037252903,313.9132080078125,16,36
7972665,7935665,0.220458984375,-0.1143798828125,0.2037353515625,0.947021484375,0,0.04296875,-0.0078125,0.109375,-1.3358928969927238e+38,5.508336107445137e-40,3.516517858567663e-39,35,7936730,1014.709716796875,22.440000534057617,0.23252412676811218,38,7972662,257343528,-803440023,-21.420000076293945,0.05700000002980232,313.9132080078125,16,37
8017646,7975140,0.2261962890625,-0.11285400390625,0.204345703125,0.9456787109375,0,0.04296875,-0.0078125,0.109375,-1.3358928969927238e+38,5.508336107445137e-40,3.516517858567663e-39,36,7976206,1014.73779296875,22.440000534057617,-0.0026423195376992226,39,8017643,257343528,-803440022,-21.4060001373291,0.00800000037997961,313.9132080078125,16,38
8071448,8028558,0.232177734375,-0.11077880859375,0.2025146484375,0.94488525390625,0,0.04296875,-0.0078125,0.109375,-1.3358928969927238e+38,5.508336107445137e-40,3.516517858567663e-39,37,8029623,1014.759521484375,22.440000534057617,-0.18232004344463348,40,8071445,257343528,-803440022,-21.405000686645508,0.012000000104308128,313.9132080078125,16,39
8118465,8081295,0.232177734375,-0.11077880859375,0.2025146484375,0.94488525390625,3,0.38671875,-0.21875,0.88671875,-1.3358928969927238e+38,5.508336107445137e-40,3.516517858567663e-39,38,8082361,1014.744873046875,22.450000762939453,-0.060773350298404694,41,8118462,257343529,-803440022,-21.41699981689453,0.00800000037997961,313.9132080078125,16,40
8171921,8122480,0.232177734375,-0.11077880859375,0.2025146484375,0.94488525390625,3,0.08984375,-0.3046875,0.40234375,-1.3358928969927238e+38,5.508336107445137e-40,3.516517858567663e-39,39,8123546,1014.737548828125,22.440000534057617,0.0,42,8171918,257343529,-803440022,-21.40399932861328,0.041999999433755875,313.9132080078125,16,41
8266359,8235272,0.232177734375,-0.11077880859375,0.2025146484375,0.94488525390625,3,0.046875,0.13671875,-0.515625,-1.3358928969927238e+38,5.508336107445137e-40,3.516517858567663e-39,40,8236337,1014.72216796875,22.440000534057617,0.12683133780956268,43,8266356,257343529,-803440022,-21.389999389648438,0.01899999938905239,313.9132080078125,16,42
8317435,8269582,0.232177734375,-0.11077880859375,0.2025146484375,0.94488525390625,0,0.046875,0.13671875,-0.515625,-1.4422149107278342e+38,5.504987004115401e-40,4.162244598719325e-39,41,8270648,1014.723876953125,22.440000534057617,0.1109774187207222,44,8317432,257343529,-803440022,-21.391000747680664,0.02500000037252903,313.9132080078125,16,43
8370510,8322164,0.232177734375,-0.11077880859375,0.2025146484375,0.94488525390625,0,0.046875,0.13671875,-0.515625,-1.6283230560654053e+38,5.507845652982623e-40,4.3068011470006085e-39,42,8323230,1014.76953125,22.450000762939453,-0.26423195004463196,45,8370507,257343529,-803440022,-21.368999481201172,0.008999999612569809,313.9132080078125,16,44
8418461,8375582,0.232177734375,-0.11077880859375,0.2025146484375,0.94488525390625,0,0.046875,0.13671875,-0.515625,nan,5.507817627013337e-40,4.362165048027618e-39,43,8376648,1014.74951171875,22.440000534057617,-0.1004081442952156,46,8418458,257343529,-803440022,-21.368999481201172,0.01600000075995922,313.9132080078125,16,45
8471990,8428271,0.232177734375,-0.11077880859375,0.2025146484375,0.94488525390625,3,0.34375,0.171875,0.37109375,nan,5.507817627013337e-40,4.362165048027618e-39,44,8429337,1014.751708984375,22.450000762939453,-0.11890438199043274,47,8471987,257343529,-803440021,-21.364999771118164,0.04399999976158142,313.9132080078125,16,46
8517371,8480480,0.232177734375,-0.11077880859375,0.2025146484375,0.94488525390625,0,0.34375,0.171875,0.37109375,-9.96910145749549e+37,5.504790822330395e-40,4.5410842372510746e-39,45,8481545,1014.763427734375,22.450000762939453,-0.21402788162231445,48,8517368,257343530,-803440021,-21.360000610351562,0.04699999839067459,313.9132080078125,16,47
8568641,8519349,0.2867431640625,-0.13653564453125,0.25091552734375,0.9144287109375,0,0.34375,0.171875,0.37109375,-9.96910145749549e+37,5.504790822330395e-40,4.5410842372510746e-39,46,8520415,1014.74462890625,22.450000762939453,-0.058131031692028046,49,8568638,257343529,-803440022,-21.35300064086914,0.03999999910593033,313.9132080078125,16,48
8621445,8572480,0.2867431640625,-0.13653564453125,0.25091552734375,0.9144287109375,3,0.390625,0.36328125,-0.45703125,-9.96910145749549e+37,5.504790822330395e-40,4.5410842372510746e-39,47,8573546,1014.781494140625,22.440000534057617,-0.36464008688926697,50,8621442,257343529,-803440022,-21.336999893188477,0.03799999877810478,313.9132080078125,16,49
8668720,8625373,0.2867431640625,-0.13653564453125,0.25091552734375,0.9144287109375,0,0.390625,0.36328125,-0.45703125,-1.0966070117996745e+37,5.502772952541767e-40,4.711941756409271e-39,48,8626439,1014.757568359375,22.450000762939453,-0.1664661318063736,51,8668717,257343529,-803440021,-21.344999313354492,0.019999999552965164,313.9132080078125,16,50
8721311,8679480,0.2867431640625,-0.13653564453125,0.25091552734375,0.9144287109375,0,0.390625,0.36328125,-0.45703125,-1.8608723417326978e+38,5.506402315564369e-40,4.796770760245638e-39,49,8680545,1014.7265625,22.440000534057617,0.08983886241912842,52,8721308,257343530,-803440022,-21.33300018310547,0.035999998450279236,313.9132080078125,16,51
8769279,8732295,0.2867431640625,-0.13653564453125,0.25091552734375,0.9144287109375,3,-0.01171875,-0.05078125,-0.85546875,-1.8608723417326978e+38,5.506402315564369e-40,4.796770760245638e-39,50,8733361,1014.74658203125,22.440000534057617,-0.07662726938724518,53,8769276,257343529,-803440022,-21.325000762939453,0.009999999776482582,313.9132080078125,16,52
8822518,8773480,0.2867431640625,-0.13653564453125,0.25091552734375,0.9144287109375,0,-0.01171875,-0.05078125,-0.85546875,-1.7546237503203527e+38,4.5918308598381336e-40,4.937086979373875e-39,51,8774546,1014.736083984375,22.440000534057617,0.01056927815079689,54,8822515,257343529,-803440021,-21.326000213623047,0.04899999871850014,313.9132080078125,16,53
8869407,8826271,0.33416748046875,-0.13848876953125,0.3206787109375,0.87542724609375,0,-0.01171875,-0.05078125,-0.85546875,-1.7546237503203527e+38,4.5918308598381336e-40,4.937086979373875e-39,52,8827337,1014.748046875,22.440000534057617,-0.08719654381275177,55,8869404,257343530,-803440021,-21.31800079345703,0.05299999937415123,313.9132080078125,16,54
8928646,8879582,0.33416748046875,-0.13848876953125,0.3206787109375,0.87542724609375,0,-0.01171875,-0.05078125,-0.85546875,-3.2067965128671957e+37,5.506738627195807e-40,5.0741059432155556e-39,53,8880647,1014.728759765625,22.43000030517578,0.07398495078086853,56,8928644,257343529,-803440020,-21.30699920654297,0.02800000086426735,313.9132080078125,16,55
8969466,8932164,0.33416748046875,-0.13848876953125,0.3206787109375,0.87542724609375,0,-0.01171875,-0.05078125,-0.85546875,1.6622060852676083e-38,5.503865965343941e-40,5.1523418377772745e-39,54,8933230,1014.739990234375,22.440000534057617,-0.02113855630159378,57,8969463,257343529,-803440021,-21.295000076293945,0.013000000268220901,313.9132080078125,16,56
9022352,8973689,0.33416748046875,-0.13848876953125,0.3206787109375,0.87542724609375,0,-0.01171875,-0.05078125,-0.85546875,-1.0010877643616371e+37,5.507215068673677e-40,5.239900571022146e-39,55,8974755,1014.739990234375,22.43000030517578,-0.02113855630159378,58,9022350,257343529,-803440021,-21.299999237060547,0.03500000014901161,313.9132080078125,16,57
9068681,9026140,0.3592529296875,-0.14312744140625,0.35888671875,0.8494873046875,0,-0.01171875,-0.05078125,-0.85546875,-1.0010877643616371e+37,5.507215068673677e-40,5.239900571022146e-39,56,9027206,1014.72607421875,22.43000030517578,0.09512349963188171,59,9068678,257343529,-803440021,-21.29400062561035,0.017000000923871994,313.9132080078125,16,58
9121400,9078713,0.3592529296875,-0.14312744140625,0.35888671875,0.8494873046875,3,-0.3671875,-2.22265625,-1.1171875,-1.0010877643616371e+37,5.507215068673677e-40,5.239900571022146e-39,57,9079778,1014.755126953125,22.440000534057617,-0.14532756805419922,60,9121397,257343530,-803440021,-21.280000686645508,0.050999999046325684,313.9132080078125,16,59
9167370,9131140,0.35711669921875,-0.1397705078125,0.3575439453125,0.85150146484375,0,-0.3671875,-2.22265625,-1.1171875,-1.0010877643616371e+37,5.507215068673677e-40,5.239900571022146e-39,58,9132206,1014.763671875,22.43000030517578,-0.2166702002286911,61,9167367,257343530,-803440021,-21.280000686645508,0.027000000700354576,313.9132080078125,16,60
9220592,9171665,0.35711669921875,-0.1397705078125,0.3575439453125,0.85150146484375,3,0.13671875,1.3671875,-0.6328125,-1.0010877643616371e+37,5.507215068673677e-40,5.239900571022146e-39,59,9172730,1014.71875,22.43000030517578,0.15853917598724365,62,9220589,257343530,-803440021,-21.27400016784668,0.03500000014901161,313.9132080078125,16,61
9320703,9284165,0.35711669921875,-0.1397705078125,0.3575439453125,0.85150146484375,0,0.13671875,1.3671875,-0.6328125,nan,5.508714458030505e-40,5.5792151850691505e-39,60,9285230,1014.756103515625,22.43000030517578,-0.15325453877449036,63,9320700,257343530,-803440021,-21.27899932861328,0.028999999165534973,313.9132080078125,16,62
9374253,9324582,0.35711669921875,-0.1397705078125,0.3575439453125,0.85150146484375,0,0.13671875,1.3671875,-0.6328125,2.6448398685747177e-38,5.505239237838979e-40,5.632349620239419e-39,61,9325648,1014.73779296875,22.43000030517578,-0.0026423195376992226,64,9374250,257343530,-803440021,-21.275999069213867,0.019999999552965164,313.9132080078125,16,63
9420587,9378164,0.35711669921875,-0.1397705078125,0.3575439453125,0.85150146484375,0,0.13671875,1.3671875,-0.6328125,4.408647519387736e-39,4.597239871910427e-40,5.7761368556637884e-39,62,9379230,1014.760986328125,22.43000030517578,-0.19553165137767792,65,9420585,257343529,-803440021,-21.277000427246094,0.04100000113248825,313.9132080078125,16,64
9474212,9430582,0.35711669921875,-0.1397705078125,0.3575439453125,0.85150146484375,0,0.13671875,1.3671875,-0.6328125,-1.63493593289258e+38,5.503557679681789e-40,5.841765267941977e-39,63,9431648,1014.728759765625,22.43000030517578,0.07398495078086853,66,9474209,257343530,-803440021,-21.270999908447266,0.027000000700354576,313.9132080078125,16,65
9520689,9483271,0.35711669921875,-0.1397705078125,0.3575439453125,0.85150146484375,3,0.078125,-0.79296875,0.5546875,-1.63493593289258e+38,5.503557679681789e-40,5.841765267941977e-39,64,9484337,1014.77783203125,22.43000030517578,-0.33557456731796265,67,9520686,257343530,-803440021,-21.268999099731445,0.02199999988079071,313.9132080078125,16,66
9573118,9523480,0.35711669921875,-0.1397705078125,0.3575439453125,0.85150146484375,0,0.078125,-0.79296875,0.5546875,1.8918221509826407e-38,5.507733549105477e-40,5.988831541772866e-39,65,9524545,1014.716796875,22.43000030517578,0.17439308762550354,68,9573115,257343530,-803440021,-21.261999130249023,0.028999999165534973,313.9132080078125,16,67
9620286,9576271,0.35711669921875,-0.1397705078125,0.3575439453125,0.85150146484375,3,0.08984375,-0.30859375,0.15625,1.8918221509826407e-38,5.507733549105477e-40,5.988831541772866e-39,66,9577337,1014.772216796875,22.43000030517578,-0.288012832403183,69,9620283,257343530,-803440021,-21.256999969482422,0.03200000151991844,313.9132080078125,16,68
9678483,9629582,0.35711669921875,-0.1397705078125,0.3575439453125,0.85150146484375,0,0.08984375,-0.30859375,0.15625,-2.7248844324434716e+37,5.508209990583348e-40,6.12495087200045e-39,67,9630648,1014.764892578125,22.43000030517578,-0.2272394746541977,70,9678480,257343530,-803440021,-21.256999969482422,0.03099999949336052,313.9132080078125,16,69
9720176,9682164,0.35711669921875,-0.1397705078125,0.3575439453125,0.85150146484375,0,0.08984375,-0.30859375,0.15625,3.5816291917125156e-38,4.597253884895071e-40,6.203230206814563e-39,68,9683230,1014.74462890625,22.43000030517578,-0.058131031692028046,71,9720173,257343530,-803440021,-21.26300048828125,0.023000000044703484,313.9132080078125,16,70
9771567,9722665,0.35711669921875,-0.1397705078125,0.3575439453125,0.85150146484375,3,0.42578125,1.12890625,0.44140625,3.5816291917125156e-38,4.597253884895071e-40,6.203230206814563e-39,69,9723730,1014.775146484375,22.43000030517578,-0.311793714761734,72,9771564,257343530,-803440021,-21.259000778198242,0.05900000035762787,313.9132080078125,16,71
9836310,9775140,0.37396240234375,-0.1485595703125,0.36474609375,0.83966064453125,0,0.42578125,1.12890625,0.44140625,3.5816291917125156e-38,4.597253884895071e-40,6.203230206814563e-39,70,9776206,1014.7626953125,22.43000030517578,-0.20874324440956116,73,9836307,257343530,-803440021,-21.267000198364258,0.05700000002980232,313.9132080078125,16,72
9871572,9840713,0.37396240234375,-0.1485595703125,0.36474609375,0.83966064453125,3,0.5546875,-0.2578125,1.25390625,3.5816291917125156e-38,4.597253884895071e-40,6.203230206814563e-39,71,9841779,1014.747802734375,22.43000030517578,-0.08455422520637512,74,9871569,257343530,-803440021,-21.253000259399414,0.010999999940395355,313.9132080078125,16,73
9927362,9873140,0.36895751953125,-0.15234375,0.374267578125,0.8370361328125,0,0.5546875,-0.2578125,1.25390625,3.5816291917125156e-38,4.597253884895071e-40,6.203230206814563e-39,72,9874206,1014.7177734375,22.43000030517578,0.16382381319999695,75,9927359,257343530,-803440021,-21.235000610351562,0.0430000014603138,313.9132080078125,16,74
9972460,9929582,0.36895751953125,-0.15234375,0.374267578125,0.8370361328125,0,0.5546875,-0.2578125,1.25390625,1.5613057294737463e-39,5.5122036912066734e-40,6.557376163807981e-39,73,9930647,1014.753662109375,22.440000534057617,-0.13475829362869263,76,9972457,257343530,-803440021,-21.226999282836914,0.02199999988079071,313.9132080078125,16,75
10019774,9982164,0.36895751953125,-0.15234375,0.374267578125,0.8370361328125,0,0.5546875,-0.2578125,1.25390625,5.4183937655124485e-39,6.428330588228309e-40,6.602555427596278e-39,74,9983230,1014.743896484375,22.440000534057617,-0.05284639075398445,77,10019771,257343530,-803440021,-21.222000122070312,0.009999999776482582,313.9132080078125,16,76
10073135,10023689,0.36895751953125,-0.15234375,0.374267578125,0.8370361328125,0,0.5546875,-0.2578125,1.25390625,nan,6.426116536654676e-40,6.690164607585865e-39,75,10024755,1014.736572265625,22.43000030517578,0.01056927815079689,78,10073132,257343530,-803440021,-21.239999771118164,0.0560000017285347,313.9132080078125,16,77
10124440,10076164,0.36895751953125,-0.15234375,0.374267578125,0.8370361328125,0,0.5546875,-0.2578125,1.25390625,nan,6.425668121146092e-40,6.771994832708577e-39,76,10077230,1014.734375,22.420000076293945,0.026423195376992226,79,10124437,257343530,-803440021,-21.24799919128418,0.03200000151991844,313.9132080078125,16,78
10172515,10129582,0.36895751953125,-0.15234375,0.374267578125,0.8370361328125,0,0.5546875,-0.2578125,1.25390625,-4.984519798073099e+37,6.423748342249967e-40,6.826627255937209e-39,77,10130647,1014.7353515625,22.420000076293945,0.015853917226195335,80,10172512,257343530,-803440022,-21.243999481201172,0.07100000232458115,313.9132080078125,16,79
10219770,10182271,0.36895751953125,-0.15234375,0.374267578125,0.8370361328125,3,0.4140625,-0.41015625,0.484375,-4.984519798073099e+37,6.423748342249967e-40,6.826627255937209e-39,78,10183337,1014.74365234375,22.420000076293945,-0.0502040721476078,81,10219767,257343530,-803440022,-21.235000610351562,0.05700000002980232,313.9132080078125,16,80
10322401,10285534,0.38348388671875,-0.15240478515625,0.3907470703125,0.82281494140625,0,0.4140625,-0.41015625,0.484375,-4.984519798073099e+37,6.423748342249967e-40,6.826627255937209e-39,79,10286599,1014.711181640625,22.40999984741211,0.2166702002286911,82,10322398,257343531,-803440021,-21.22800064086914,0.03400000184774399,313.9132080078125,16,81
10373443,10324295,0.38348388671875,-0.15240478515625,0.3907470703125,0.82281494140625,3,0.28515625,-0.703125,0.1640625,-4.984519798073099e+37,6.423748342249967e-40,6.826627255937209e-39,80,10325361,1014.759765625,22.420000076293945,-0.18496236205101013,83,10373440,257343531,-803440021,-21.229000091552734,0.029999999329447746,313.9132080078125,16,82
10421517,10378480,0.38348388671875,-0.15240478515625,0.3907470703125,0.82281494140625,3,-0.125,-0.23046875,-0.5390625,-4.984519798073099e+37,6.423748342249967e-40,6.826627255937209e-39,81,10379545,1014.72509765625,22.40999984741211,0.1056927815079689,84,10421514,257343531,-803440022,-21.219999313354492,0.020999999716877937,313.9132080078125,16,83
10474720,10431373,0.38348388671875,-0.15240478515625,0.3907470703125,0.82281494140625,0,-0.125,-0.23046875,-0.5390625,3.423687832863571e-37,6.4277280298886494e-40,7.24131911567871e-39,82,10432439,1014.73486328125,22.40999984741211,0.02113855630159378,85,10474717,257343531,-803440022,-21.218000411987305,0.00800000037997961,313.9132080078125,16,84
10521462,10484480,0.38348388671875,-0.15240478515625,0.3907470703125,0.82281494140625,0,-0.125,-0.23046875,-0.5390625,-5.183887771513154e+37,5.512918353423479e-40,7.340651558620839e-39,83,10485546,1014.736083984375,22.399999618530273,0.01056927815079689,86,10521459,257343531,-803440022,-21.216999053955078,0.02500000037252903,313.9132080078125,16,85
10573134,10523271,0.38348388671875,-0.15240478515625,0.3907470703125,0.82281494140625,3,0.140625,0.56640625,-0.2109375,-5.183887771513154e+37,5.512918353423479e-40,7.340651558620839e-39,84,10524337,1014.76513671875,22.399999618530273,-0.22988179326057434,87,10573132,257343531,-803440022,-21.224000930786133,0.02500000037252903,313.9132080078125,16,86
10620610,10577480,0.38348388671875,-0.15240478515625,0.3907470703125,0.82281494140625,3,-0.48046875,-1.08203125,-0.515625,-5.183887771513154e+37,5.512918353423479e-40,7.340651558620839e-39,85,10578546,1014.7314453125,22.399999618530273,0.05284639075398445,88,10620607,257343531,-803440022,-21.215999603271484,0.014999999664723873,313.9132080078125,16,87
10672648,10630373,0.38348388671875,-0.15240478515625,0.3907470703125,0.82281494140625,0,-0.48046875,-1.08203125,-0.515625,-4.1371334013385347e+37,6.4268311988714815e-40,7.520312034731923e-39,86,10631439,1014.73193359375,22.399999618530273,0.04756174981594086,89,10672645,257343531,-803440022,-21.222999572753906,0.041999999433755875,313.9132080078125,16,88
10720773,10683480,0.38348388671875,-0.15240478515625,0.3907470703125,0.82281494140625,3,-0.3515625,-0.9296875,-0.1328125,-4.1371334013385347e+37,6.4268311988714815e-40,7.520312034731923e-39,87,10684546,1014.767578125,22.389999389648438,-0.24837803840637207,90,10720770,257343532,-803440022,-21.208999633789062,0.012000000104308128,313.9132080078125,16,89
10772359,10723349,0.421142578125,-0.1370849609375,0.404541015625,0.80010986328125,0,-0.3515625,-0.9296875,-0.1328125,-4.1371334013385347e+37,6.4268311988714815e-40,7.520312034731923e-39,88,10724414,1014.74560546875,22.389999389648438,-0.06605798751115799,91,10772356,257343531,-803440022,-21.21299934387207,0.041999999433755875,313.9132080078125,16,90
10832637,10776271,0.421142578125,-0.1370849609375,0.404541015625,0.80010986328125,3,0.2109375,0.2734375,0.140625,-4.1371334013385347e+37,6.4268311988714815e-40,7.520312034731923e-39,89,10777337,1014.75830078125,22.399999618530273,-0.1717507690191269,92,10832634,257343531,-803440022,-21.200000762939453,0.014000000432133675,313.9132080078125,16,91
10873055,10835582,0.421142578125,-0.1370849609375,0.404541015625,0.80010986328125,0,0.2109375,0.2734375,0.140625,-2.4855843495636997e+38,5.512049548375598e-40,7.806740243436845e-39,90,10836647,1014.75537109375,22.389999389648438,-0.14796990156173706,93,10873052,257343531,-803440022,-21.200000762939453,0.04100000113248825,313.9132080078125,16,92
10933134,10877271,0.421142578125,-0.1370849609375,0.404541015625,0.80010986328125,3,0.53125,0.20703125,0.4765625,-2.4855843495636997e+38,5.512049548375598e-40,7.806740243436845e-39,91,10878337,1014.711669921875,22.389999389648438,0.2166702002286911,94,10933132,257343531,-803440023,-21.197999954223633,0.04800000041723251,313.9132080078125,16,93
10972763,10935558,0.42724609375,-0.104248046875,0.39874267578125,0.8046875,0,0.53125,0.20703125,0.4765625,-2.4855843495636997e+38,5.512049548375598e-40,7.806740243436845e-39,92,10936623,1014.73681640625,22.399999618530273,0.005284639075398445,95,10972760,257343532,-803440022,-21.197999954223633,0.02199999988079071,313.9132080078125,16,94
11024424,10975295,0.42724609375,-0.104248046875,0.39874267578125,0.8046875,3,-0.1953125,0.703125,0.171875,-2.4855843495636997e+38,5.512049548375598e-40,7.806740243436845e-39,93,10976361,1014.76953125,22.399999618530273,-0.26423195004463196,96,11024422,257343532,-803440022,-21.200000762939453,0.032999999821186066,313.9132080078125,16,95
11071950,11028558,0.43743896484375,-0.0963134765625,0.4019775390625,0.798583984375,0,-0.1953125,0.703125,0.171875,-2.4855843495636997e+38,5.512049548375598e-40,7.806740243436845e-39,94,11029623,1014.74169921875,22.399999618530273,-0.03435015305876732,97,11071947,257343532,-803440022,-21.20599937438965,0.02500000037252903,313.9132080078125,16,96
11124677,11081296,0.43743896484375,-0.0963134765625,0.4019775390625,0.798583984375,3,0.00390625,0.34375,0.34765625,-2.4855843495636997e+38,5.512049548375598e-40,7.806740243436845e-39,95,11082361,1014.742919921875,22.399999618530273,-0.04491943120956421,98,11124675,257343532,-803440023,-21.195999145507812,0.02800000086426735,313.9132080078125,16,97
11171222,11133456,0.4400634765625,-0.0928955078125,0.40380859375,0.796630859375,0,0.00390625,0.34375,0.34765625,-2.4855843495636997e+38,5.512049548375598e-40,7.806740243436845e-39,96,11134521,1014.70849609375,22.399999618530273,0.24309340119361877,99,11171220,257343532,-803440023,-21.187999725341797,0.02800000086426735,313.9132080078125,16,98
11222373,11173402,0.4400634765625,-0.0928955078125,0.40380859375,0.796630859375,3,0.15234375,0.23046875,0.44140625,-2.4855843495636997e+38,5.512049548375598e-40,7.806740243436845e-39,97,11174467,1014.748046875,22.389999389648438,-0.08719654381275177,100,11222370,257343532,-803440023,-21.18400001525879,0.006000000052154064,313.9132080078125,16,99
11322543,11285349,0.4423828125,-0.0941162109375,0.40618896484375,0.79400634765625,0,0.15234375,0.23046875,0.44140625,-2.4855843495636997e+38,5.512049548375598e-40,7.806740243436845e-39,98,11286415,1014.75927734375,22.399999618530273,-0.17967772483825684,101,11322540,257343532,-803440023,-21.18000030517578,0.017999999225139618,313.9132080078125,16,100
11370585,11327504,0.4423828125,-0.0941162109375,0.40618896484375,0.79400634765625,3,0.4609375,0.22265625,0.37890625,-2.4855843495636997e+38,5.512049548375598e-40,7.806740243436845e-39,99,11328570,1014.749267578125,22.399999618530273,-0.09776582568883896,102,11370582,257343532,-803440023,-21.174999237060547,0.03799999877810478,313.9132080078125,16,101
11425280,11381349,0.451171875,-0.0980224609375,0.4051513671875,0.78912353515625,0,0.4609375,0.22265625,0.37890625,-2.4855843495636997e+38,5.512049548375598e-40,7.806740243436845e-39,100,11382414,1014.75634765625,22.399999618530273,-0.155896857380867,103,11425277,257343533,-803440023,-21.18000030517578,0.04399999976158142,313.9132080078125,16,102
11472669,11433504,0.451171875,-0.0980224609375,0.4051513671875,0.78912353515625,3,-0.9921875,-0.49609375,-0.29296875,-2.4855843495636997e+38,5.512049548375598e-40,7.806740243436845e-39,101,11434570,1014.72314453125,22.399999618530273,0.12154670059680939,104,11472666,257343533,-803440024,-21.18000030517578,0.032999999821186066,313.9132080078125,16,103
11525157,11475349,0.4476318359375,-0.095458984375,0.41082763671875,0.7884521484375,0,-0.9921875,-0.49609375,-0.29296875,-2.4855843495636997e+38,5.512049548375598e-40,7.806740243436845e-39,102,11476414,1014.758544921875,22.399999618530273,-0.17439308762550354,105,11525154,257343533,-803440023,-21.172000885009766,0.02500000037252903,313.9132080078125,16,104
11573046,11529271,0.4476318359375,-0.095458984375,0.41082763671875,0.7884521484375,3,0.08203125,-0.4765625,0.00390625,-2.4855843495636997e+38,5.512049548375598e-40,7.806740243436845e-39,103,11530337,1014.71826171875,22.399999618530273,0.15853917598724365,106,11573043,257343533,-803440023,-21.177000045776367,0.029999999329447746,313.9132080078125,16,105
11626355,11582582,0.4476318359375,-0.095458984375,0.41082763671875,0.7884521484375,0,0.08203125,-0.4765625,0.00390625,nan,6.427840133765795e-40,8.86032330942103e-39,104,11583647,1014.724609375,22.399999618530273,0.1056927815079689,107,11626352,257343534,-803440023,-21.17799949645996,0.0860000029206276,313.9132080078125,16,106
11672334,11635271,0.4476318359375,-0.095458984375,0.41082763671875,0.7884521484375,3,-0.33984375,-0.4609375,-0.40625,nan,6.427840133765795e-40,8.86032330942103e-39,105,11636337,1014.760009765625,22.399999618530273,-0.18760468065738678,108,11672331,257343534,-803440023,-21.176000595092773,0.06800000369548798,313.9132080078125,16,107
11717694,11674480,0.4476318359375,-0.095458984375,0.41082763671875,0.7884521484375,0,-0.33984375,-0.4609375,-0.40625,2.0201819310938725e-39,6.4233840046492425e-40,9.004137169516222e-39,106,11675546,1014.7119140625,22.399999618530273,0.2113855630159378,109,11717691,257343534,-803440023,-21.17300033569336,0.017999999225139618,313.9132080078125,16,108
11772034,11728349,0.4520263671875,-0.08953857421875,0.39227294921875,0.796142578125,0,-0.33984375,-0.4609375,-0.40625,2.0201819310938725e-39,6.4233840046492425e-40,9.004137169516222e-39,107,11729415,1014.752197265625,22.399999618530273,-0.12154670059680939,110,11772031,257343534,-803440023,-21.17300033569336,0.019999999552965164,313.9132080078125,16,109
11831411,11781504,0.4520263671875,-0.08953857421875,0.39227294921875,0.796142578125,3,-0.0625,-0.01171875,0.44921875,2.0201819310938725e-39,6.4233840046492425e-40,9.004137169516222e-39,108,11782570,1014.756591796875,22.40999984741211,-0.15853917598724365,111,11831408,257343535,-803440023,-21.17099952697754,0.03500000014901161,313.9132080078125,16,110
11870416,11833271,0.4520263671875,-0.08953857421875,0.39227294921875,0.796142578125,0,-0.0625,-0.01171875,0.44921875,nan,6.420651472643809e-40,9.232454932204057e-39,109,11834337,1014.749267578125,22.40999984741211,-0.09776582568883896,112,11870413,257343535,-803440023,-21.167999267578125,0.004999999888241291,313.9132080078125,16,111
11928749,11872586,0.4520263671875,-0.08953857421875,0.39227294921875,0.796142578125,3,-1.12109375,-0.7109375,-0.1171875,nan,6.420651472643809e-40,9.232454932204057e-39,110,11873652,1014.71630859375,22.399999618530273,0.17439308762550354,113,11928746,257343535,-803440023,-21.167999267578125,0.027000000700354576,313.9132080078125,16,112
11969520,11932192,0.4520263671875,-0.08953857421875,0.39227294921875,0.796142578125,3,-0.80859375,-0.78125,-0.078125,nan,6.420651472643809e-40,9.232454932204057e-39,111,11933258,1014.75732421875,22.40999984741211,-0.16382381319999695,114,11969517,257343535,-803440023,-21.16900062561035,0.02500000037252903,313.9132080078125,16,113
12021972,11971582,0.4520263671875,-0.08953857421875,0.39227294921875,0.796142578125,0,-0.80859375,-0.78125,-0.078125,7.530467244702885e-39,5.518957949804719e-40,9.417754233335585e-39,112,11972647,1014.726318359375,22.399999618530273,0.09512349963188171,115,12021969,257343536,-803440023,-21.152000427246094,0.03400000184774399,313.9132080078125,16,114
12072720,12024164,0.4520263671875,-0.08953857421875,0.39227294921875,0.796142578125,0,-0.80859375,-0.78125,-0.078125,nan,6.428036315550801e-40,9.487559916335926e-39,113,12025230,1014.758056640625,22.40999984741211,-0.1717507690191269,116,12072717,257343536,-803440023,-21.142000198364258,0.03400000184774399,313.9132080078125,16,115
12121987,12076582,0.4520263671875,-0.08953857421875,0.39227294921875,0.796142578125,0,-0.80859375,-0.78125,-0.078125,nan,6.419838719534501e-40,9.551134025065414e-39,114,12077647,1014.726318359375,22.399999618530273,0.09512349963188171,117,12121984,257343536,-803440024,-21.131999969482422,0.03700000047683716,313.9132080078125,16,116
12172654,12129271,0.4520263671875,-0.08953857421875,0.39227294921875,0.796142578125,3,-0.3203125,-0.60546875,-0.17578125,nan,6.419838719534501e-40,9.551134025065414e-39,115,12130337,1014.75634765625,22.399999618530273,-0.155896857380867,118,12172651,257343536,-803440023,-21.1299991607666,0.020999999716877937,313.9132080078125,16,117
12218641,12181586,0.4520263671875,-0.08953857421875,0.39227294921875,0.796142578125,3,-0.65234375,-0.58203125,-0.0390625,nan,6.419838719534501e-40,9.551134025065414e-39,116,12182652,1014.7265625,22.399999618530273,0.08983886241912842,119,12218638,257343537,-803440023,-21.131999969482422,0.04100000113248825,313.9132080078125,16,118
12270459,12221271,0.4520263671875,-0.08953857421875,0.39227294921875,0.796142578125,3,0.171875,-1.05078125,0.3984375,nan,6.419838719534501e-40,9.551134025065414e-39,117,12222337,1014.771728515625,22.389999389648438,-0.28537049889564514,120,12270456,257343537,-803440023,-21.131000518798828,0.026000000536441803,313.9132080078125,16,119
12372390,12334587,0.4520263671875,-0.08953857421875,0.39227294921875,0.796142578125,3,-0.3125,1.91015625,0.1953125,nan,6.419838719534501e-40,9.551134025065414e-39,118,12335652,1014.760986328125,22.399999618530273,-0.19553165137767792,121,12372387,257343537,-803440024,-21.118999481201172,0.041999999433755875,313.9132080078125,16,120
12424715,12387165,0.4520263671875,-0.08953857421875,0.39227294921875,0.796142578125,0,-0.3125,1.91015625,0.1953125,6.611914700039503e-39,5.513100522223841e-40,9.891681781761024e-39,119,12388230,1014.754150390625,22.389999389648438,-0.13740061223506927,122,12424712,257343538,-803440023,-21.113000869750977,0.02500000037252903,313.9132080078125,16,121
12471934,12427582,0.4520263671875,-0.08953857421875,0.39227294921875,0.796142578125,0,-0.3125,1.91015625,0.1953125,6.520433732392986e-39,6.420273122058441e-40,1.0048869634399732e-38,120,12428647,1014.7373046875,22.399999618530273,0.0,123,12471931,257343538,-803440023,-21.110000610351562,0.023000000044703484,313.9132080078125,16,122
12524728,12481271,0.4520263671875,-0.08953857421875,0.39227294921875,0.796142578125,3,-1.0625,-1.3125,0.0234375,6.520433732392986e-39,6.420273122058441e-40,1.0048869634399732e-38,121,12482337,1014.74609375,22.399999618530273,-0.07134262472391129,124,12524725,257343539,-803440024,-21.10099983215332,0.03400000184774399,313.9132080078125,16,123
12570591,12533582,0.4520263671875,-0.08953857421875,0.39227294921875,0.796142578125,0,-1.0625,-1.3125,0.0234375,2.7550901081120942e-39,5.5185936122039946e-40,1.0194353842264399e-38,122,12534647,1014.714599609375,22.389999389648438,0.19024699926376343,125,12570588,257343538,-803440024,-21.089000701904297,0.008999999612569809,313.9132080078125,16,124
12622406,12574165,0.4520263671875,-0.08953857421875,0.39227294921875,0.796142578125,0,-1.0625,-1.3125,0.0234375,2.3876976767354137e-39,6.428316575243666e-40,1.0259353071532105e-38,123,12575230,1014.729248046875,22.389999389648438,0.06870030611753464,126,12622404,257343539,-803440024,-21.073999404907227,0.008999999612569809,313.9132080078125,16,125
12670471,12627558,0.4520263671875,-0.08953857421875,0.39227294921875,0.796142578125,0,-1.0625,-1.3125,0.0234375,-2.9774984974593686e+38,6.418619589870538e-40,1.0336329198774396e-38,124,12628623,1014.716796875,22.3799991607666,0.17439308762550354,127,12670468,257343539,-803440024,-21.075000762939453,0.02199999988079071,313.9132080078125,16,126
12722239,12680295,0.4520263671875,-0.08953857421875,0.39227294921875,0.796142578125,3,-0.33203125,1.5703125,0.28515625,-2.9774984974593686e+38,6.418619589870538e-40,1.0336329198774396e-38,125,12681361,1014.736328125,22.3799991607666,0.01056927815079689,128,12722236,257343539,-803440024,-21.086999893188477,0.006000000052154064,313.9132080078125,16,127
12770486,12732456,0.50128173828125,-0.12744140625,0.3956298828125,0.7589111328125,0,-0.33203125,1.5703125,0.28515625,-2.9774984974593686e+38,6.418619589870538e-40,1.0336329198774396e-38,126,12733521,1014.739013671875,22.389999389648438,-0.013211597688496113,129,12770483,257343539,-803440024,-21.089000701904297,0.054999999701976776,313.9132080078125,16,128
12828659,12784402,0.50128173828125,-0.12744140625,0.3956298828125,0.7589111328125,3,-0.26953125,-0.44140625,0.31640625,-2.9774984974593686e+38,6.418619589870538e-40,1.0336329198774396e-38,127,12785468,1014.722412109375,22.3799991607666,0.12683133780956268,130,12828656,257343540,-803440023,-21.082000732421875,0.04100000113248825,313.9132080078125,16,129
12873479,12836456,0.50128173828125,-0.12744140625,0.3956298828125,0.7589111328125,3,-1.0234375,-1.5625,-0.39453125,-2.9774984974593686e+38,6.418619589870538e-40,1.0336329198774396e-38,128,12837521,1014.709716796875,22.389999389648438,0.23252412676811218,131,12873476,257343540,-803440024,-21.06599998474121,0.02199999988079071,313.9132080078125,16,130
12931449,12875402,0.50128173828125,-0.12744140625,0.3956298828125,0.7589111328125,3,1.5859375,1.59375,0.7890625,-2.9774984974593686e+38,6.418619589870538e-40,1.0336329198774396e-38,129,12876467,1014.73681640625,22.3799991607666,0.005284639075398445,132,12931446,257343540,-803440024,-21.035999298095703,0.009999999776482582,313.9132080078125,16,131
12971420,12933349,0.47503662109375,-0.11187744140625,0.39617919921875,0.7777099609375,0,1.5859375,1.59375,0.7890625,-2.9774984974593686e+38,6.418619589870538e-40,1.0336329198774396e-38,130,12934415,1014.71630859375,22.389999389648438,0.17439308762550354,133,12971417,257343540,-803440025,-21.040000915527344,0.0689999982714653,313.9132080078125,16,132
13018679,12975504,0.47503662109375,-0.11187744140625,0.39617919921875,0.7777099609375,3,0.28515625,0.25390625,-0.7109375,-2.9774984974593686e+38,6.418619589870538e-40,1.0336329198774396e-38,131,12976570,1014.7158203125,22.389999389648438,0.17967772483825684,134,13018676,257343540,-803440024,-21.045000076293945,0.03700000047683716,313.9132080078125,16,133
13072551,13028349,0.50048828125,-0.124755859375,0.3939208984375,0.76080322265625,0,0.28515625,0.25390625,-0.7109375,-2.9774984974593686e+38,6.418619589870538e-40,1.0336329198774396e-38,132,13029414,1014.7490234375,22.389999389648438,-0.09512349963188171,135,13072548,257343541,-803440024,-21.035999298095703,0.06599999964237213,313.9132080078125,16,134
13118629,13080504,0.50048828125,-0.124755859375,0.3939208984375,0.76080322265625,3,0.18359375,0.265625,0.796875,-2.9774984974593686e+38,6.418619589870538e-40,1.0336329198774396e-38,133,13081570,1014.749267578125,22.399999618530273,-0.09776582568883896,136,13118626,257343541,-803440024,-21.027000427246094,0.029999999329447746,313.9132080078125,16,135
13170635,13121271,0.50048828125,-0.124755859375,0.3939208984375,0.76080322265625,3,-0.44140625,-0.859375,-0.12109375,-2.9774984974593686e+38,6.418619589870538e-40,1.0336329198774396e-38,134,13122337,1014.691162109375,22.389999389648438,0.38577866554260254,137,13170632,257343542,-803440024,-21.02400016784668,0.03500000014901161,313.9132080078125,16,136
13216311,13174272,0.50048828125,-0.124755859375,0.3939208984375,0.76080322265625,3,0.61328125,-1.06640625,0.0625,-2.9774984974593686e+38,6.418619589870538e-40,1.0336329198774396e-38,135,13175337,1014.73046875,22.399999618530273,0.058131031692028046,138,13216308,257343541,-803440025,-21.01799964904785,0.012000000104308128,313.9132080078125,16,137
13270378,13227582,0.50048828125,-0.124755859375,0.3939208984375,0.76080322265625,0,0.61328125,-1.06640625,0.0625,1.3867087052336528e-38,5.5263848316656406e-40,1.1166854976505822e-38,136,13228647,1014.71484375,22.3799991607666,0.19024699926376343,139,13270375,257343542,-803440025,-21.011999130249023,0.024000000208616257,313.9132080078125,16,138
13370348,13334229,0.50048828125,-0.124755859375,0.3939208984375,0.76080322265625,0,0.61328125,-1.06640625,0.0625,nan,5.510438055141624e-40,1.12280216544736e-38,137,13335295,1014.75927734375,22.389999389648438,-0.17967772483825684,140,13370345,257343542,-803440025,-21.016000747680664,0.017999999225139618,313.9132080078125,16,139
13422329,13373611,0.50048828125,-0.124755859375,0.3939208984375,0.76080322265625,3,0.51953125,1.0078125,0.203125,nan,5.510438055141624e-40,1.12280216544736e-38,138,13374677,1014.71630859375,22.389999389648438,0.17439308762550354,141,13422326,257343543,-803440025,-21.006999969482422,0.009999999776482582,313.9132080078125,16,140
13470326,13427165,0.50048828125,-0.124755859375,0.3939208984375,0.76080322265625,0,0.51953125,1.0078125,0.203125,nan,6.416966057682635e-40,1.1444921637274117e-38,139,13428230,1014.72998046875,22.389999389648438,0.06341566890478134,142,13470323,257343543,-803440025,-21.01099967956543,0.03200000151991844,313.9132080078125,16,141
13518513,13480582,0.50048828125,-0.124755859375,0.3939208984375,0.76080322265625,0,0.51953125,1.0078125,0.203125,6.97958458851212e-39,5.510760353788419e-40,1.1521027558170062e-38,140,13481647,1014.735595703125,22.389999389648438,0.015853917226195335,143,13518511,257343543,-803440025,-21.006000518798828,0.023000000044703484,313.9132080078125,16,142
13570366,13520164,0.50048828125,-0.124755859375,0.3939208984375,0.76080322265625,0,0.51953125,1.0078125,0.203125,9.367292074336784e-39,5.521312131224785e-40,1.158448816172394e-38,141,13521230,1014.750244140625,22.389999389648438,-0.1056927815079689,144,13570363,257343543,-803440025,-20.996999740600586,0.026000000536441803,313.9132080078125,16,143
13622378,13573664,0.49554443359375,-0.14361572265625,0.38507080078125,0.76519775390625,0,0.51953125,1.0078125,0.203125,9.367292074336784e-39,5.521312131224785e-40,1.158448816172394e-38,142,13574730,1014.75927734375,22.3799991607666,-0.17967772483825684,145,13622375,257343543,-803440025,-20.982999801635742,0.004000000189989805,313.9132080078125,16,144
13669576,13626165,0.49554443359375,-0.14361572265625,0.38507080078125,0.76519775390625,0,0.51953125,1.0078125,0.203125,nan,5.511545080928441e-40,1.1713096532182743e-38,143,13627230,1014.725830078125,22.389999389648438,0.09512349963188171,146,13669573,257343544,-803440025,-20.968000411987305,0.0430000014603138,313.9132080078125,16,145
13716068,13678664,0.4921875,-0.1419677734375,0.38653564453125,0.76690673828125,0,0.51953125,1.0078125,0.203125,nan,5.511545080928441e-40,1.1713096532182743e-38,144,13679730,1014.731689453125,22.389999389648438,0.04756174981594086,147,13716065,257343544,-803440025,-20.9689998626709,0.014999999664723873,313.9132080078125,16,146
13772552,13718140,0.5078125,-0.1534423828125,0.38275146484375,0.75634765625,0,0.51953125,1.0078125,0.203125,nan,5.511545080928441e-40,1.1713096532182743e-38,145,13719206,1014.732421875,22.389999389648438,0.04227711260318756,148,13772549,257343544,-803440025,-20.969999313354492,0.01899999938905239,313.9132080078125,16,147
13824639,13774665,0.5078125,-0.1534423828125,0.38275146484375,0.75634765625,0,0.51953125,1.0078125,0.203125,nan,6.420749563536312e-40,1.1942168193444385e-38,146,13775730,1014.717529296875,22.389999389648438,0.16382381319999695,149,13824636,257343544,-803440025,-20.961000442504883,0.02500000037252903,313.9132080078125,16,148
13871444,13828165,0.5078125,-0.1534423828125,0.38275146484375,0.75634765625,0,0.51953125,1.0078125,0.203125,nan,6.4271114585643465e-40,1.1989951069779397e-38,147,13829230,1014.716552734375,22.3799991607666,0.17439308762550354,150,13871441,257343545,-803440025,-20.95599937438965,0.009999999776482582,313.9132080078125,16,149
13931403,13880664,0.5162353515625,-0.15570068359375,0.38482666015625,0.7491455078125,0,0.51953125,1.0078125,0.203125,nan,6.4271114585643465e-40,1.1989951069779397e-38,148,13881730,1014.7412109375,22.389999389648438,-0.029065515846014023,151,13931400,257343545,-803440025,-20.947999954223633,0.02199999988079071,313.9132080078125,16,150
13970368,13933164,0.5162353515625,-0.15570068359375,0.38482666015625,0.7491455078125,0,0.51953125,1.0078125,0.203125,5.601757873464744e-39,5.520163066484038e-40,1.2145469975947094e-38,149,13934230,1014.72412109375,22.389999389648438,0.1109774187207222,152,13970365,257343545,-803440026,-20.937999725341797,0.017000000923871994,313.9132080078125,16,151
14022600,13972689,0.5162353515625,-0.15570068359375,0.38482666015625,0.7491455078125,0,0.51953125,1.0078125,0.203125,nan,6.423972550004259e-40,1.2255281328805444e-38,150,13973754,1014.7373046875,22.3799991607666,0.0,153,14022597,257343546,-803440026,-20.93600082397461,0.014999999664723873,313.9132080078125,16,152
14070366,14026141,0.51104736328125,-0.150146484375,0.38043212890625,0.7559814453125,0,0.51953125,1.0078125,0.203125,nan,6.423972550004259e-40,1.2255281328805444e-38,151,14027206,1014.749267578125,22.3799991607666,-0.09776582568883896,154,14070363,257343546,-803440026,-20.930999755859375,0.03700000047683716,313.9132080078125,16,153
14123709,14079713,0.51104736328125,-0.150146484375,0.38043212890625,0.7559814453125,0,0.51953125,1.0078125,0.203125,7.806197940931151e-39,6.4151443696790126e-40,1.2355869335171608e-38,152,14080778,1014.720458984375,22.389999389648438,0.14268524944782257,155,14123706,257343546,-803440026,-20.93400001525879,0.014000000432133675,313.9132080078125,16,154
14174439,14132140,0.53179931640625,-0.16534423828125,0.3724365234375,0.74237060546875,0,0.51953125,1.0078125,0.203125,7.806197940931151e-39,6.4151443696790126e-40,1.2355869335171608e-38,153,14133206,1014.735107421875,22.3799991607666,0.02113855630159378,156,14174437,257343546,-803440026,-20.92799949645996,0.03400000184774399,313.9132080078125,16,155
14223064,14185664,0.53179931640625,-0.16534423828125,0.3724365234375,0.74237060546875,3,-1.24609375,-0.03515625,-0.11328125,7.806197940931151e-39,6.4151443696790126e-40,1.2355869335171608e-38,154,14186730,1014.753173828125,22.389999389648438,-0.12947365641593933,157,14223061,257343546,-803440026,-20.91900062561035,0.010999999940395355,313.9132080078125,16,156
14271430,14227165,0.53179931640625,-0.16534423828125,0.3724365234375,0.74237060546875,0,-1.24609375,-0.03515625,-0.11328125,2.6628440315040558e-39,5.5332091551869024e-40,1.2573283594508532e-38,155,14228230,1014.697998046875,22.3799991607666,0.3276476263999939,158,14271427,257343546,-803440026,-20.902000427246094,0.01600000075995922,313.9132080078125,16,157
14373470,14335665,0.50628662109375,-0.14813232421875,0.376220703125,0.76171875,0,-1.24609375,-0.03515625,-0.11328125,2.6628440315040558e-39,5.5332091551869024e-40,1.2573283594508532e-38,156,14336730,1014.707763671875,22.3799991607666,0.24837803840637207,159,14373467,257343547,-803440026,-20.89900016784668,0.03700000047683716,313.9132080078125,16,158
14420429,14376165,0.50628662109375,-0.14813232421875,0.376220703125,0.76171875,0,-1.24609375,-0.03515625,-0.11328125,nan,6.426340744408968e-40,1.2702788795984503e-38,157,14377230,1014.70166015625,22.3799991607666,0.2959398031234741,160,14420426,257343547,-803440026,-20.908000946044922,0.05700000002980232,313.9132080078125,16,159
14472618,14429558,0.53192138671875,-0.16571044921875,0.37060546875,0.74310302734375,0,-1.24609375,-0.03515625,-0.11328125,nan,6.426340744408968e-40,1.2702788795984503e-38,158,14430623,1014.72900390625,22.3799991607666,0.06870030611753464,161,14472616,257343547,-803440026,-20.902000427246094,0.0430000014603138,313.9132080078125,16,160
14520236,14482296,0.53192138671875,-0.16571044921875,0.37060546875,0.74310302734375,3,-1.33984375,0.51171875,-0.07421875,nan,6.426340744408968e-40,1.2702788795984503e-38,159,14483361,1014.736328125,22.3799991607666,0.01056927815079689,162,14520233,257343547,-803440026,-20.889999389648438,0.023000000044703484,313.9132080078125,16,161
14572490,14522480,0.53192138671875,-0.16571044921875,0.37060546875,0.74310302734375,0,-1.33984375,0.51171875,-0.07421875,-2.3925809829189233e+38,5.5256981954181214e-40,1.2994125753209954e-38,160,14523546,1014.71875,22.3799991607666,0.15853917598724365,163,14572487,257343547,-803440026,-20.875999450683594,0.01600000075995922,313.9132080078125,16,162
14626299,14575271,0.53192138671875,-0.16571044921875,0.37060546875,0.74310302734375,3,0.921875,1.6796875,0.796875,-2.3925809829189233e+38,5.5256981954181214e-40,1.2994125753209954e-38,161,14576337,1014.74853515625,22.3799991607666,-0.09248118102550507,164,14626296,257343548,-803440026,-20.868999481201172,0.028999999165534973,313.9132080078125,16,163
14672698,14628582,0.53192138671875,-0.16571044921875,0.37060546875,0.74310302734375,0,0.921875,1.6796875,0.796875,1.0101175902177584e-39,6.43144147081911e-40,1.3130930318386593e-38,162,14629647,1014.720947265625,22.3799991607666,0.13740061223506927,165,14672695,257343548,-803440027,-20.86199951171875,0.03500000014901161,313.9132080078125,16,164
14718548,14681165,0.53192138671875,-0.16571044921875,0.37060546875,0.74310302734375,0,0.921875,1.6796875,0.796875,nan,7.338529992745851e-40,1.3208696777962763e-38,163,14682230,1014.72900390625,22.3799991607666,0.06870030611753464,166,14718545,257343548,-803440027,-20.868000030517578,0.01600000075995922,313.9132080078125,16,165
14770542,14720586,0.53192138671875,-0.16571044921875,0.37060546875,0.74310302734375,3,-0.19921875,-0.3046875,-0.3359375,nan,7.338529992745851e-40,1.3208696777962763e-38,164,14721652,1014.7373046875,22.3799991607666,0.0,167,14770539,257343548,-803440027,-20.868999481201172,0.024000000208616257,313.9132080078125,16,166
14828378,14772164,0.53192138671875,-0.16571044921875,0.37060546875,0.74310302734375,0,-0.19921875,-0.3046875,-0.3359375,7.071491550891792e-39,7.34189310906023e-40,1.3356661284109285e-38,165,14773230,1014.700927734375,22.3799991607666,0.3065090775489807,168,14828375,257343548,-803440027,-20.857999801635742,0.02500000037252903,313.9132080078125,16,167
14873478,14830582,0.53192138671875,-0.16571044921875,0.37060546875,0.74310302734375,0,-0.19921875,-0.3046875,-0.3359375,nan,6.431021081279813e-40,1.3408726528551273e-38,166,14831647,1014.720703125,22.3799991607666,0.14268524944782257,169,14873475,257343549,-803440027,-20.847000122070312,0.032999999821186066,313.9132080078125,16,168
14933074,14883271,0.53192138671875,-0.16571044921875,0.37060546875,0.74310302734375,3,-22.1484375,-3.078125,-26.26171875,nan,6.431021081279813e-40,1.3408726528551273e-38,167,14884337,1014.70947265625,22.389999389648438,0.23252412676811218,170,14933071,257343549,-803440027,-20.844999313354492,0.041999999433755875,313.9132080078125,16,169
14972701,14935558,0.46160888671875,-0.03363037109375,0.30059814453125,0.83392333984375,0,-22.1484375,-3.078125,-26.26171875,nan,6.431021081279813e-40,1.3408726528551273e-38,168,14936623,1014.73291015625,22.3700008392334,0.036992475390434265,171,14972698,257343549,-803440027,-20.83099937438965,0.04100000113248825,313.9132080078125,16,170
15025237,14975271,0.46160888671875,-0.03363037109375,0.30059814453125,0.83392333984375,3,0.18359375,-0.578125,-0.41796875,nan,6.431021081279813e-40,1.3408726528551273e-38,169,14976337,1014.70654296875,22.3799991607666,0.25894731283187866,172,15025234,257343549,-803440028,-20.825000762939453,0.04100000113248825,313.9132080078125,16,171
15073632,15028414,0.51220703125,-0.0791015625,0.33685302734375,0.78607177734375,0,0.18359375,-0.578125,-0.41796875,nan,6.431021081279813e-40,1.3408726528551273e-38,170,15029479,1014.715576171875,22.3700008392334,0.18496236205101013,173,15073629,257343549,-803440027,-20.81800079345703,0.009999999776482582,313.9132080078125,16,172
15118372,15081374,0.51220703125,-0.0791015625,0.33685302734375,0.78607177734375,0,0.18359375,-0.578125,-0.41796875,5.417890699363756e-39,6.432842769283435e-40,1.3757818001983872e-38,171,15082439,1014.68359375,22.3700008392334,0.4491943120956421,174,15118369,257343549,-803440027,-20.81599998474121,0.009999999776482582,313.9132080078125,16,173
15168609,15120480,0.51220703125,-0.0791015625,0.33685302734375,0.78607177734375,3,0.5625,0.26171875,0.6875,5.417890699363756e-39,6.432842769283435e-40,1.3757818001983872e-38,172,15121546,1014.7099609375,22.3799991607666,0.2272394746541977,175,15168606,257343549,-803440027,-20.80699920654297,0.050999999046325684,313.9132080078125,16,174
15223527,15173271,0.51220703125,-0.0791015625,0.33685302734375,0.78607177734375,3,0.45703125,1.50390625,-1.28515625,5.417890699363756e-39,6.432842769283435e-40,1.3757818001983872e-38,173,15174337,1014.744384765625,22.3700008392334,-0.058131031692028046,176,15223525,257343549,-803440027,-20.801000595092773,0.017000000923871994,313.9132080078125,16,175
15270432,15225582,0.51220703125,-0.0791015625,0.33685302734375,0.78607177734375,0,0.45703125,1.50390625,-1.28515625,2.194832064545764e-38,6.437186794522842e-40,1.396910998833016e-38,174,15226647,1014.745849609375,22.3700008392334,-0.06870030611753464,177,15270429,257343549,-803440028,-20.799999237060547,0.03500000014901161,313.9132080078125,16,176
15371354,15334165,0.51220703125,-0.0791015625,0.33685302734375,0.78607177734375,0,0.45703125,1.50390625,-1.28515625,1.946900607512467e-38,6.434874652056706e-40,1.403175783877473e-38,175,15335230,1014.720703125,22.3700008392334,0.14268524944782257,178,15371351,257343550,-803440029,-20.78700065612793,0.07800000160932541,313.9132080078125,16,177
15423603,15373689,0.51220703125,-0.0791015625,0.33685302734375,0.78607177734375,0,0.45703125,1.50390625,-1.28515625,7.346549623857182e-39,6.432744678390932e-40,1.414716457640113e-38,176,15374754,1014.703369140625,22.3700008392334,0.28537049889564514,179,15423601,257343551,-803440028,-20.777999877929688,0.02800000086426735,313.9132080078125,16,178
15471409,15427164,0.51220703125,-0.0791015625,0.33685302734375,0.78607177734375,0,0.45703125,1.50390625,-1.28515625,nan,6.4306707566637315e-40,1.425440314527898e-38,177,15428230,1014.71435546875,22.3700008392334,0.19024699926376343,180,15471407,257343550,-803440028,-20.77899932861328,0.03099999949336052,313.9132080078125,16,179
15522045,15479582,0.51220703125,-0.0791015625,0.33685302734375,0.78607177734375,0,0.45703125,1.50390625,-1.28515625,1.4602007841040929e-38,6.430824899494807e-40,1.4319260843401789e-38,178,15480647,1014.7197265625,22.3799991607666,0.14796990156173706,181,15522042,257343551,-803440028,-20.777000427246094,0.017999999225139618,313.9132080078125,16,180
15569697,15532272,0.51220703125,-0.0791015625,0.33685302734375,0.78607177734375,3,-0.453125,0.21484375,0.08984375,1.4602007841040929e-38,6.430824899494807e-40,1.4319260843401789e-38,179,15533337,1014.740478515625,22.3799991607666,-0.02378087490797043,182,15569694,257343551,-803440028,-20.788000106811523,0.026000000536441803,313.9132080078125,16,181
15621677,15572586,0.51220703125,-0.0791015625,0.33685302734375,0.78607177734375,3,-0.25390625,0.23046875,0.11328125,1.4602007841040929e-38,6.430824899494807e-40,1.4319260843401789e-38,180,15573652,1014.7216796875,22.3799991607666,0.13211597502231598,183,15621674,257343551,-803440028,-20.791000366210938,0.026000000536441803,313.9132080078125,16,182
15668354,15625271,0.51220703125,-0.0791015625,0.33685302734375,0.78607177734375,3,-0.8671875,-0.58984375,-0.5078125,1.4602007841040929e-38,6.430824899494807e-40,1.4319260843401789e-38,181,15626337,1014.71435546875,22.3799991607666,0.19024699926376343,184,15668352,257343551,-803440028,-20.784000396728516,0.04600000008940697,313.9132080078125,16,183
15721498,15678582,0.51220703125,-0.0791015625,0.33685302734375,0.78607177734375,0,-0.8671875,-0.58984375,-0.5078125,2.755148962647596e-40,6.428905120598682e-40,1.4601593056695488e-38,182,15679647,1014.710693359375,22.3799991607666,0.2219548374414444,185,15721495,257343550,-803440028,-20.770999908447266,0.02800000086426735,313.9132080078125,16,184
15775195,15731272,0.51220703125,-0.0791015625,0.33685302734375,0.78607177734375,3,-0.4296875,-0.43359375,-0.1640625,2.755148962647596e-40,6.428905120598682e-40,1.4601593056695488e-38,183,15732337,1014.689208984375,22.389999389648438,0.4016325771808624,186,15775192,257343551,-803440028,-20.777000427246094,0.00800000037997961,313.9132080078125,16,185
15827527,15783480,0.51220703125,-0.0791015625,0.33685302734375,0.78607177734375,3,0.10546875,0.5390625,0.09765625,2.755148962647596e-40,6.428905120598682e-40,1.4601593056695488e-38,184,15784545,1014.719970703125,22.3799991607666,0.14796990156173706,187,15827524,257343551,-803440028,-20.76799964904785,0.023000000044703484,313.9132080078125,16,186
15874469,15836349,0.51220703125,-0.0791015625,0.33685302734375,0.78607177734375,0,0.10546875,0.5390625,0.09765625,nan,6.42928347118405e-40,1.4817293528010543e-38,185,15837415,1014.7392578125,22.389999389648438,-0.013211597688496113,188,15874466,257343551,-803440029,-20.76799964904785,0.03400000184774399,313.9132080078125,16,187
15931331,15876480,0.51220703125,-0.0791015625,0.33685302734375,0.78607177734375,0,0.10546875,0.5390625,0.09765625,1.2948848398529155e-38,6.429661821769418e-40,1.4914582877791687e-38,186,15877546,1014.75732421875,22.389999389648438,-0.16382381319999695,189,15931328,257343551,-803440029,-20.77199935913086,0.014999999664723873,313.9132080078125,16,188
15972686,15935063,0.44305419921875,-0.06353759765625,0.28741455078125,0.8468017578125,0,0.10546875,0.5390625,0.09765625,1.2948848398529155e-38,6.429661821769418e-40,1.4914582877791687e-38,187,15936128,1014.68408203125,22.389999389648438,0.4439096748828888,190,15972683,257343551,-803440029,-20.763999938964844,0.006000000052154064,313.9132080078125,16,189
16024566,15975767,0.441650390625,-0.0634765625,0.287841796875,0.847412109375,0,0.10546875,0.5390625,0.09765625,1.2948848398529155e-38,6.429661821769418e-40,1.4914582877791687e-38,188,15976832,1014.769287109375,22.399999618530273,-0.26423195004463196,191,16024563,257343550,-803440029,-20.753000259399414,0.05900000035762787,313.9132080078125,16,190
16072677,16028956,0.441650390625,-0.0634765625,0.287841796875,0.847412109375,0,0.10546875,0.5390625,0.09765625,nan,6.429059263429758e-40,1.5089509767690282e-38,189,16030021,1014.72021484375,22.389999389648438,0.14268524944782257,192,16072674,257343550,-803440029,-20.74799919128418,0.02199999988079071,313.9132080078125,16,191
16118409,16081791,0.441650390625,-0.0634765625,0.287841796875,0.847412109375,0,0.10546875,0.5390625,0.09765625,5.601927430578927e-39,6.429451626999769e-40,1.518472379444576e-38,190,16082856,1014.72802734375,22.3799991607666,0.07926958799362183,193,16118407,257343551,-803440029,-20.756999969482422,0.028999999165534973,313.9132080078125,16,192
16170458,16121956,0.441650390625,-0.0634765625,0.287841796875,0.847412109375,0,0.10546875,0.5390625,0.09765625,1.838041156700933e-40,6.4294236010304824e-40,1.5223876073538996e-38,191,16123021,1014.73193359375,22.3799991607666,0.04756174981594086,194,16170455,257343551,-803440029,-20.746000289916992,0.032999999821186066,313.9132080078125,16,193
16220200,16175664,0.43658447265625,-0.0615234375,0.2879638671875,0.85009765625,0,0.10546875,0.5390625,0.09765625,1.838041156700933e-40,6.4294236010304824e-40,1.5223876073538996e-38,192,16176730,1014.69287109375,22.3799991607666,0.36992472410202026,195,16220197,257343551,-803440029,-20.743000030517578,0.039000000804662704,313.9132080078125,16,194
16272661,16228164,0.43658447265625,-0.0615234375,0.2879638671875,0.85009765625,0,0.10546875,0.5390625,0.09765625,4.499851029938317e-39,6.430110237278002e-40,1.5358448370261965e-38,193,16229230,1014.71875,22.3799991607666,0.15853917598724365,196,16272658,257343551,-803440029,-20.739999771118164,0.03400000184774399,313.9132080078125,16,195
16375239,16336665,0.43341064453125,-0.058837890625,0.2869873046875,0.85223388671875,0,0.10546875,0.5390625,0.09765625,4.499851029938317e-39,6.430110237278002e-40,1.5358448370261965e-38,194,16337730,1014.72119140625,22.3700008392334,0.13740061223506927,197,16375236,257343551,-803440029,-20.724000930786133,0.02199999988079071,313.9132080078125,16,196
16420194,16389141,0.42999267578125,-0.052978515625,0.285400390625,0.85491943359375,0,0.10546875,0.5390625,0.09765625,4.499851029938317e-39,6.430110237278002e-40,1.5358448370261965e-38,195,16390206,1014.738037109375,22.3700008392334,-0.005284639075398445,198,16420191,257343551,-803440029,-20.725000381469727,0.01899999938905239,313.9132080078125,16,197
16472530,16422713,0.42999267578125,-0.052978515625,0.285400390625,0.85491943359375,3,-0.12890625,0.33203125,-0.2109375,4.499851029938317e-39,6.430110237278002e-40,1.5358448370261965e-38,196,16423778,1014.755615234375,22.3700008392334,-0.1506122201681137,199,16472527,257343550,-803440029,-20.729999542236328,0.03099999949336052,313.9132080078125,16,198
16522988,16473956,0.42999267578125,-0.052978515625,0.285400390625,0.85491943359375,0,-0.12890625,0.33203125,-0.2109375,nan,6.431623639619472e-40,1.572866441804426e-38,197,16475021,1014.722900390625,22.360000610351562,0.12154670059680939,200,16522985,257343551,-803440029,-20.729999542236328,0.014000000432133675,313.9132080078125,16,199
16570434,16526807,0.413330078125,-0.03411865234375,0.29443359375,0.8609619140625,0,-0.12890625,0.33203125,-0.2109375,nan,6.431623639619472e-40,1.572866441804426e-38,198,16527873,1014.734619140625,22.3700008392334,0.026423195376992226,201,16570431,257343551,-803440030,-20.725000381469727,0.02199999988079071,313.9132080078125,16,200
16621235,16578956,0.413330078125,-0.03411865234375,0.29443359375,0.8609619140625,0,-0.12890625,0.33203125,-0.2109375,nan,6.431385418880537e-40,1.586824635677719e-38,199,16580022,1014.748046875,22.360000610351562,-0.08719654381275177,202,16621232,257343551,-803440030,-20.716999053955078,0.02199999988079071,313.9132080078125,16,201
16668314,16631897,0.413330078125,-0.03411865234375,0.29443359375,0.8609619140625,0,-0.12890625,0.33203125,-0.2109375,nan,6.430012146385499e-40,1.5962940501802405e-38,200,16632963,1014.717041015625,22.3700008392334,0.16910845041275024,203,16668311,257343551,-803440030,-20.716999053955078,0.023000000044703484,313.9132080078125,16,202
16720522,16669956,0.413330078125,-0.03411865234375,0.29443359375,0.8609619140625,0,-0.12890625,0.33203125,-0.2109375,nan,6.4307828605408775e-40,1.6015227151401757e-38,201,16671021,1014.7353515625,22.360000610351562,0.015853917226195335,204,16720519,257343551,-803440030,-20.72599983215332,0.02800000086426735,313.9132080078125,16,203
16772540,16723480,0.413330078125,-0.03411865234375,0.29443359375,0.8609619140625,3,-0.25390625,0.03515625,-0.05078125,nan,6.4307828605408775e-40,1.6015227151401757e-38,202,16724545,1014.72509765625,22.360000610351562,0.1056927815079689,205,16772537,257343551,-803440030,-20.722999572753906,0.04399999976158142,313.9132080078125,16,204
16827017,16776374,0.413330078125,-0.03411865234375,0.29443359375,0.8609619140625,0,-0.25390625,0.03515625,-0.05078125,nan,6.4293675490919094e-40,1.613392694041932e-38,203,16777439,1014.74853515625,22.360000610351562,-0.09248118102550507,206,16827015,257343551,-803440030,-20.714000701904297,0.00800000037997961,313.9132080078125,16,205
16872653,16829480,0.413330078125,-0.03411865234375,0.29443359375,0.8609619140625,0,-0.25390625,0.03515625,-0.05078125,5.510070914943971e-39,6.430979042325883e-40,1.6231849677106337e-38,204,16830546,1014.750732421875,22.3700008392334,-0.10833510011434555,207,16872650,257343551,-803440030,-20.704999923706055,0.01899999938905239,313.9132080078125,16,206
16932522,16882271,0.413330078125,-0.03411865234375,0.29443359375,0.8609619140625,3,-0.234375,-0.09765625,-0.06640625,5.510070914943971e-39,6.430979042325883e-40,1.6231849677106337e-38,205,16883337,1014.71630859375,22.350000381469727,0.17439308762550354,208,16932519,257343552,-803440031,-20.694000244140625,0.05400000140070915,313.9132080078125,16,207
16972661,16935480,0.413330078125,-0.03411865234375,0.29443359375,0.8609619140625,3,-0.015625,0.26953125,0.05859375,5.510070914943971e-39,6.430979042325883e-40,1.6231849677106337e-38,206,16936545,1014.743408203125,22.360000610351562,-0.04756174981594086,209,16972658,257343552,-803440031,-20.695999145507812,0.020999999716877937,313.9132080078125,16,208
17025546,16976349,0.39459228515625,-0.01031494140625,0.29766845703125,0.8692626953125,0,-0.015625,0.26953125,0.05859375,5.510070914943971e-39,6.430979042325883e-40,1.6231849677106337e-38,207,16977415,1014.704345703125,22.350000381469727,0.27480122447013855,210,17025543,257343552,-803440031,-20.691999435424805,0.006000000052154064,313.9132080078125,16,209
17071783,17029480,0.39459228515625,-0.01031494140625,0.29766845703125,0.8692626953125,3,-0.0546875,0.40625,0.109375,5.510070914943971e-39,6.430979042325883e-40,1.6231849677106337e-38,208,17030545,1014.733154296875,22.350000381469727,0.036992475390434265,211,17071780,257343552,-803440031,-20.68600082397461,0.013000000268220901,313.9132080078125,16,210
17120020,17082373,0.39459228515625,-0.01031494140625,0.29766845703125,0.8692626953125,0,-0.0546875,0.40625,0.109375,7.622304142159341e-39,6.429773925646564e-40,1.6562682231548783e-38,209,17083439,1014.750732421875,22.350000381469727,-0.10833510011434555,212,17120017,257343552,-803440031,-20.680999755859375,0.019999999552965164,313.9132080078125,16,211
17172341,17122480,0.39459228515625,-0.01031494140625,0.29766845703125,0.8692626953125,0,-0.0546875,0.40625,0.109375,nan,7.345718653867837e-40,1.666047464747862e-38,210,17123546,1014.732666015625,22.350000381469727,0.04227711260318756,213,17172338,257343552,-803440031,-20.679000854492188,0.04500000178813934,313.9132080078125,16,212
17220567,17176349,0.39459228515625,-0.01031494140625,0.29766845703125,0.8692626953125,0,-0.0546875,0.40625,0.109375,1.1203875880634819e-38,6.429773925646564e-40,1.6710509410445801e-38,211,17177415,1014.71435546875,22.350000381469727,0.19024699926376343,214,17220564,257343553,-803440031,-20.67300033569336,0.020999999716877937,313.9132080078125,16,213
17271312,17229438,0.39459228515625,-0.01031494140625,0.29766845703125,0.8692626953125,0,-0.0546875,0.40625,0.109375,9.642802766706151e-39,6.429563730876915e-40,1.6767095243733702e-38,212,17230503,1014.73828125,22.350000381469727,-0.005284639075398445,215,17271309,257343552,-803440031,-20.676000595092773,0.013000000268220901,313.9132080078125,16,214
17323369,17281402,0.39459228515625,-0.01031494140625,0.29766845703125,0.8692626953125,3,0.203125,0.35546875,0.23828125,9.642802766706151e-39,6.429563730876915e-40,1.6767095243733702e-38,213,17282467,1014.733642578125,22.350000381469727,0.03170783445239067,216,17323366,257343552,-803440031,-20.670000076293945,0.03099999949336052,313.9132080078125,16,215
17418467,17387456,0.3858642578125,-0.00634765625,0.29046630859375,0.8756103515625,0,0.203125,0.35546875,0.23828125,9.642802766706151e-39,6.429563730876915e-40,1.6767095243733702e-38,214,17388521,1014.754150390625,22.350000381469727,-0.13740061223506927,217,17418465,257343553,-803440032,-20.658000946044922,0.03700000047683716,313.9132080078125,16,216
17472623,17423402,0.3858642578125,-0.00634765625,0.29046630859375,0.8756103515625,3,-0.625,0.25390625,-0.3984375,9.642802766706151e-39,6.429563730876915e-40,1.6767095243733702e-38,215,17424468,1014.732177734375,22.34000015258789,0.04227711260318756,218,17472620,257343553,-803440031,-20.65399932861328,0.009999999776482582,313.9132080078125,16,217
17520563,17476295,0.3858642578125,-0.00634765625,0.29046630859375,0.8756103515625,3,0.25390625,0.0078125,0.65234375,9.642802766706151e-39,6.429563730876915e-40,1.6767095243733702e-38,216,17477361,1014.74560546875,22.34000015258789,-0.06605798751115799,219,17520560,257343552,-803440031,-20.656999588012695,0.035999998450279236,313.9132080078125,16,218
17571235,17528558,0.38690185546875,-0.00177001953125,0.2965087890625,0.8731689453125,0,0.25390625,0.0078125,0.65234375,9.642802766706151e-39,6.429563730876915e-40,1.6767095243733702e-38,217,17529623,1014.723876953125,22.350000381469727,0.1109774187207222,220,17571232,257343552,-803440032,-20.6560001373291,0.029999999329447746,313.9132080078125,16,219
17616232,17580271,0.38690185546875,-0.00177001953125,0.2965087890625,0.8731689453125,3,-0.09375,0.47265625,0.05859375,9.642802766706151e-39,6.429563730876915e-40,1.6767095243733702e-38,218,17581337,1014.753173828125,22.34000015258789,-0.12947365641593933,221,17616229,257343552,-803440031,-20.66900062561035,0.035999998450279236,313.9132080078125,16,220
17668275,17620480,0.38690185546875,-0.00177001953125,0.2965087890625,0.8731689453125,0,-0.09375,0.47265625,0.05859375,1.4234695283676715e-38,7.346489368023216e-40,1.7359499774720876e-38,219,17621546,1014.716796875,22.350000381469727,0.17439308762550354,222,17668272,257343553,-803440031,-20.68600082397461,0.04600000008940697,313.9132080078125,16,221
17722272,17673271,0.3824462890625,-0.01214599609375,0.29974365234375,0.8739013671875,0,-0.09375,0.47265625,0.05859375,1.4234695283676715e-38,7.346489368023216e-40,1.7359499774720876e-38,220,17674337,1014.706298828125,22.350000381469727,0.25894731283187866,223,17722269,257343553,-803440031,-20.677000045776367,0.03799999877810478,313.9132080078125,16,222
17770139,17726582,0.3824462890625,-0.01214599609375,0.29974365234375,0.8739013671875,0,-0.09375,0.47265625,0.05859375,5.032615457504748e-38,6.430979042325883e-40,1.745418130805991e-38,221,17727647,1014.71630859375,22.34000015258789,0.17439308762550354,224,17770136,257343553,-803440032,-20.67099952697754,0.03799999877810478,313.9132080078125,16,223
17827369,17779271,0.3824462890625,-0.01214599609375,0.29974365234375,0.8739013671875,3,-0.20703125,-0.44921875,-0.6640625,5.032615457504748e-38,6.430979042325883e-40,1.745418130805991e-38,222,17780337,1014.72412109375,22.34000015258789,0.1109774187207222,225,17827366,257343553,-803440032,-20.67300033569336,0.04500000178813934,313.9132080078125,16,224
17874566,17830587,0.3824462890625,-0.01214599609375,0.29974365234375,0.8739013671875,3,-0.05859375,1.91015625,0.3828125,5.032615457504748e-38,6.430979042325883e-40,1.745418130805991e-38,223,17831652,1014.7314453125,22.34000015258789,0.05284639075398445,226,17874563,257343553,-803440032,-20.68199920654297,0.0020000000949949026,313.9132080078125,16,225
17926953,17883271,0.3824462890625,-0.01214599609375,0.29974365234375,0.8739013671875,3,0.1953125,-0.640625,-0.02734375,5.032615457504748e-38,6.430979042325883e-40,1.745418130805991e-38,224,17884337,1014.71923828125,22.329999923706055,0.15325453877449036,227,17926950,257343553,-803440031,-20.68199920654297,0.05700000002980232,313.9132080078125,16,226
17973234,17936480,0.3824462890625,-0.01214599609375,0.29974365234375,0.8739013671875,0,0.1953125,-0.640625,-0.02734375,2.020399833005075e-38,7.3393007069012294e-40,1.7762423529958976e-38,225,17937546,1014.748291015625,22.34000015258789,-0.08983886241912842,228,17973232,257343553,-803440032,-20.66900062561035,0.020999999716877937,313.9132080078125,16,227
18018307,17975349,0.4398193359375,0.05560302734375,0.24786376953125,0.86138916015625,0,0.1953125,-0.640625,-0.02734375,2.020399833005075e-38,7.3393007069012294e-40,1.7762423529958976e-38,226,17976415,1014.72802734375,22.34000015258789,0.07926958799362183,229,18018305,257343553,-803440032,-20.66699981689453,0.007000000216066837,313.9132080078125,16,228
18072427,18029456,0.44915771484375,0.05596923828125,0.2435302734375,0.8577880859375,0,0.1953125,-0.640625,-0.02734375,2.020399833005075e-38,7.3393007069012294e-40,1.7762423529958976e-38,227,18030521,1014.716552734375,22.34000015258789,0.17439308762550354,230,18072424,257343554,-803440032,-20.677000045776367,0.039000000804662704,313.9132080078125,16,229
18118519,18081373,0.44915771484375,0.05596923828125,0.2435302734375,0.8577880859375,0,0.1953125,-0.640625,-0.02734375,1.074470400503872e-38,7.34361670617135e-40,1.796269710648028e-38,228,18082439,1014.73193359375,22.329999923706055,0.04756174981594086,231,18118517,257343554,-803440032,-20.69099998474121,0.006000000052154064,313.9132080078125,16,230
18170408,18120480,0.44915771484375,0.05596923828125,0.2435302734375,0.8577880859375,0,0.1953125,-0.640625,-0.02734375,5.1427863835490435e-39,7.341206472812711e-40,1.8061645593643183e-38,229,18121546,1014.69921875,22.34000015258789,0.3170783519744873,232,18170405,257343554,-803440032,-20.687999725341797,0.01899999938905239,313.9132080078125,16,231
18222345,18173325,0.471435546875,0.04730224609375,0.23748779296875,0.84796142578125,0,0.1953125,-0.640625,-0.02734375,5.1427863835490435e-39,7.341206472812711e-40,1.8061645593643183e-38,230,18174390,1014.710205078125,22.34000015258789,0.2272394746541977,233,18222342,257343554,-803440032,-20.68199920654297,0.012000000104308128,313.9132080078125,16,232
18271176,18227504,0.471435546875,0.04730224609375,0.23748779296875,0.84796142578125,3,0.30859375,-0.05859375,0.18359375,5.1427863835490435e-39,7.341206472812711e-40,1.8061645593643183e-38,231,18228570,1014.699462890625,22.329999923706055,0.3170783519744873,234,18271174,257343554,-803440032,-20.660999298095703,0.014000000432133675,313.9132080078125,16,233
18322576,18279349,0.4798583984375,0.04986572265625,0.2330322265625,0.8443603515625,0,0.30859375,-0.05859375,0.18359375,5.1427863835490435e-39,7.341206472812711e-40,1.8061645593643183e-38,232,18280414,1014.740478515625,22.34000015258789,-0.02378087490797043,235,18322574,257343554,-803440032,-20.67099952697754,0.04500000178813934,313.9132080078125,16,234
18368385,18331480,0.4798583984375,0.04986572265625,0.2330322265625,0.8443603515625,0,0.30859375,-0.05859375,0.18359375,nan,7.3408841741659165e-40,1.831634840511579e-38,233,18332545,1014.7314453125,22.34000015258789,0.05284639075398445,236,18368382,257343555,-803440032,-20.676000595092773,0.039000000804662704,313.9132080078125,16,235
18470519,18433271,0.4798583984375,0.04986572265625,0.2330322265625,0.8443603515625,3,-0.765625,-0.2109375,0.04296875,nan,7.3408841741659165e-40,1.831634840511579e-38,234,18434337,1014.6962890625,22.34000015258789,0.3435015380382538,237,18470516,257343554,-803440032,-20.676000595092773,0.004999999888241291,313.9132080078125,16,236
18519089,18475480,0.4798583984375,0.04986572265625,0.2330322265625,0.8443603515625,0,-0.765625,-0.2109375,0.04296875,8.724601947957314e-39,7.341626862352009e-40,1.8463629077611722e-38,235,18476546,1014.74462890625,22.350000381469727,-0.058131031692028046,238,18519086,257343554,-803440032,-20.67799949645996,0.02800000086426735,313.9132080078125,16,237
18571366,18528349,0.52496337890625,0.03326416015625,0.2225341796875,0.82086181640625,0,-0.765625,-0.2109375,0.04296875,8.724601947957314e-39,7.341626862352009e-40,1.8463629077611722e-38,236,18529414,1014.76220703125,22.34000015258789,-0.2061009258031845,239,18571363,257343554,-803440032,-20.687000274658203,0.03700000047683716,313.9132080078125,16,238
18618501,18581504,0.52496337890625,0.03326416015625,0.2225341796875,0.82086181640625,3,2.24609375,1.359375,0.80078125,8.724601947957314e-39,7.341626862352009e-40,1.8463629077611722e-38,237,18582570,1014.682861328125,22.34000015258789,0.4544789493083954,240,18618499,257343555,-803440032,-20.691999435424805,0.06800000369548798,313.9132080078125,16,239
18670288,18621349,0.52496337890625,0.03326416015625,0.2225341796875,0.82086181640625,0,2.24609375,1.359375,0.80078125,1.4232463015223045e-38,7.33533503224719e-40,1.8737148524863283e-38,238,18622414,1014.72021484375,22.34000015258789,0.14268524944782257,241,18670285,257343555,-803440031,-20.707000732421875,0.07199999690055847,313.9132080078125,16,240
18722274,18674349,0.56475830078125,0.072265625,0.1832275390625,0.8013916015625,0,2.24609375,1.359375,0.80078125,1.4232463015223045e-38,7.33533503224719e-40,1.8737148524863283e-38,239,18675415,1014.741943359375,22.34000015258789,-0.036992475390434265,242,18722271,257343554,-803440031,-20.69099998474121,0.08900000154972076,313.9132080078125,16,241
18770461,18726504,0.56475830078125,0.072265625,0.1832275390625,0.8013916015625,3,0.12890625,0.48828125,0.50390625,1.4232463015223045e-38,7.33533503224719e-40,1.8737148524863283e-38,240,18727570,1014.71826171875,22.34000015258789,0.15853917598724365,243,18770458,257343555,-803440031,-20.680999755859375,0.05700000002980232,313.9132080078125,16,242
18828485,18779271,0.56475830078125,0.072265625,0.1832275390625,0.8013916015625,3,-0.55078125,-1.58984375,-1.890625,1.4232463015223045e-38,7.33533503224719e-40,1.8737148524863283e-38,241,18780337,1014.777587890625,22.350000381469727,-0.3329322636127472,244,18828482,257343555,-803440031,-20.68400001525879,0.012000000104308128,313.9132080078125,16,243
18870387,18832558,0.56475830078125,0.072265625,0.1832275390625,0.8013916015625,0,-0.55078125,-1.58984375,-1.890625,4.583591224867904e-40,7.343644732140636e-40,1.9017468473562212e-38,242,18833623,1014.74072265625,22.34000015258789,-0.026423195376992226,245,18870384,257343556,-803440032,-20.69499969482422,0.024000000208616257,313.9132080078125,16,244
18928549,18885296,0.56475830078125,0.072265625,0.1832275390625,0.8013916015625,3,1.484375,0.625,0.54296875,4.583591224867904e-40,7.343644732140636e-40,1.9017468473562212e-38,243,18886361,1014.732666015625,22.329999923706055,0.04227711260318756,246,18928546,257343556,-803440032,-20.691999435424805,0.032999999821186066,313.9132080078125,16,245
18974441,18938480,0.56475830078125,0.072265625,0.1832275390625,0.8013916015625,0,1.484375,0.625,0.54296875,8.485440657492841e-38,7.3350127336003955e-40,1.9164834625264467e-38,244,18939545,1014.69970703125,22.329999923706055,0.3170783519744873,247,18974438,257343557,-803440032,-20.690000534057617,0.04100000113248825,313.9132080078125,16,246
19020605,18976271,0.56475830078125,0.072265625,0.1832275390625,0.8013916015625,3,0.6328125,1.703125,0.5390625,8.485440657492841e-38,7.3350127336003955e-40,1.9164834625264467e-38,245,18977337,1014.711669921875,22.329999923706055,0.2166702002286911,248,19020603,257343557,-803440032,-20.69099998474121,0.012000000104308128,313.9132080078125,16,247
19071296,19029520,0.65936279296875,0.102783203125,0.1395263671875,0.73162841796875,0,0.6328125,1.703125,0.5390625,8.485440657492841e-38,7.3350127336003955e-40,1.9164834625264467e-38,246,19030586,1014.72216796875,22.329999923706055,0.12683133780956268,249,19071293,257343557,-803440032,-20.683000564575195,0.03500000014901161,313.9132080078125,16,248
19119081,19082296,0.65936279296875,0.102783203125,0.1395263671875,0.73162841796875,3,0.9296875,-1.5078125,0.74609375,8.485440657492841e-38,7.3350127336003955e-40,1.9164834625264467e-38,247,19083361,1014.72607421875,22.34000015258789,0.09512349963188171,250,19119078,257343557,-803440032,-20.680999755859375,0.023000000044703484,313.9132080078125,16,249
19170652,19121480,0.65936279296875,0.102783203125,0.1395263671875,0.73162841796875,3,-0.8828125,1.3671875,-0.3046875,8.485440657492841e-38,7.3350127336003955e-40,1.9164834625264467e-38,248,19122546,1014.738037109375,22.34000015258789,-0.005284639075398445,251,19170649,257343558,-803440032,-20.679000854492188,0.023000000044703484,313.9132080078125,16,250
19218368,19175271,0.6883544921875,0.11474609375,0.10748291015625,0.7081298828125,0,-0.8828125,1.3671875,-0.3046875,8.485440657492841e-38,7.3350127336003955e-40,1.9164834625264467e-38,249,19176337,1014.74609375,22.34000015258789,-0.07134262472391129,252,19218365,257343558,-803440032,-20.684999465942383,0.024000000208616257,313.9132080078125,16,251
19272445,19228582,0.6883544921875,0.11474609375,0.10748291015625,0.7081298828125,0,-0.8828125,1.3671875,-0.3046875,2.3261554507791963e-43,7.345424381190329e-40,1.9571564307131674e-38,250,19229647,1014.749755859375,22.34000015258789,-0.1004081442952156,253,19272442,257343559,-803440033,-20.67799949645996,0.04100000113248825,313.9132080078125,16,252
19318494,19281272,0.6883544921875,0.11474609375,0.10748291015625,0.7081298828125,3,-0.25390625,0.63671875,-0.0078125,2.3261554507791963e-43,7.345424381190329e-40,1.9571564307131674e-38,251,19282337,1014.696533203125,22.329999923706055,0.3435015380382538,254,19318491,257343559,-803440033,-20.676000595092773,0.0,313.9132080078125,16,253
19369472,19320480,0.6883544921875,0.11474609375,0.10748291015625,0.7081298828125,0,-0.25390625,0.63671875,-0.0078125,2.4243626510544725e-38,6.435659379196728e-40,1.9718759500421281e-38,252,19321546,1014.716796875,22.34000015258789,0.17439308762550354,255,19369469,257343559,-803440033,-20.68600082397461,0.01899999938905239,313.9132080078125,16,254
19471396,19433271,0.6883544921875,0.11474609375,0.10748291015625,0.7081298828125,3,-0.04296875,-0.76171875,0.05078125,2.4243626510544725e-38,6.435659379196728e-40,1.9718759500421281e-38,253,19434337,1014.738525390625,22.329999923706055,-0.007926958613097668,256,19471393,257343559,-803440033,-20.680999755859375,0.03200000151991844,313.9132080078125,16,255
19523924,19474582,0.6883544921875,0.11474609375,0.10748291015625,0.7081298828125,0,-0.04296875,-0.76171875,0.05078125,nan,6.431203250080175e-40,1.9854793351442542e-38,254,19475648,1014.725341796875,22.34000015258789,0.1004081442952156,257,19523921,257343559,-803440033,-20.677000045776367,0.012000000104308128,313.9132080078125,16,256
19570212,19527165,0.6883544921875,0.11474609375,0.10748291015625,0.7081298828125,0,-0.04296875,-0.76171875,0.05078125,3.6146278647814536e-37,7.34517214746675e-40,1.9997982232422644e-38,255,19528230,1014.71337890625,22.34000015258789,0.2008162885904312,258,19570209,257343560,-803440033,-20.683000564575195,0.06199999898672104,313.9132080078125,16,257
19622974,19580582,0.6883544921875,0.11474609375,0.10748291015625,0.7081298828125,0,-0.04296875,-0.76171875,0.05078125,2.9571312825162964e-38,6.42932551013798e-40,2.0070496625354525e-38,256,19581647,1014.730224609375,22.329999923706055,0.06341566890478134,259,19622971,257343560,-803440033,-20.666000366210938,0.03099999949336052,313.9132080078125,16,258
19669555,19632271,0.6883544921875,0.11474609375,0.10748291015625,0.7081298828125,3,-0.046875,0.78515625,0.05078125,2.9571312825162964e-38,6.42932551013798e-40,2.0070496625354525e-38,257,19633337,1014.732177734375,22.350000381469727,0.04227711260318756,260,19669552,257343560,-803440033,-20.670000076293945,0.017000000923871994,313.9132080078125,16,259
19723323,19672558,0.6883544921875,0.11474609375,0.10748291015625,0.7081298828125,0,-0.046875,0.78515625,0.05078125,1.293037395983519e-37,6.433291184792019e-40,2.0242015557387883e-38,258,19673623,1014.727294921875,22.34000015258789,0.08455422520637512,261,19723320,257343560,-803440033,-20.670000076293945,0.03700000047683716,313.9132080078125,16,260
19771099,19726271,0.6883544921875,0.11474609375,0.10748291015625,0.7081298828125,3,0.29296875,0.77734375,0.26171875,1.293037395983519e-37,6.433291184792019e-40,2.0242015557387883e-38,259,19727337,1014.724365234375,22.350000381469727,0.1109774187207222,262,19771096,257343560,-803440033,-20.672000885009766,0.04699999839067459,313.9132080078125,16,261
19828442,19779582,0.6883544921875,0.11474609375,0.10748291015625,0.7081298828125,0,0.29296875,0.77734375,0.26171875,1.0010013029282469e-38,7.346012926545345e-40,2.0335846502559072e-38,260,19780647,1014.705322265625,22.34000015258789,0.26951658725738525,263,19828439,257343561,-803440033,-20.66900062561035,0.04100000113248825,313.9132080078125,16,262
19870366,19832271,0.7098388671875,0.0557861328125,0.057373046875,0.69976806640625,0,0.29296875,0.77734375,0.26171875,1.0010013029282469e-38,7.346012926545345e-40,2.0335846502559072e-38,261,19833337,1014.742919921875,22.34000015258789,-0.04491943120956421,264,19870363,257343561,-803440033,-20.658000946044922,0.013000000268220901,313.9132080078125,16,263
19928632,19872480,0.7098388671875,0.0557861328125,0.057373046875,0.69976806640625,0,0.29296875,0.77734375,0.26171875,7.254994387392055e-39,6.4295357049076284e-40,2.0521737151642545e-38,262,19873546,1014.712158203125,22.34000015258789,0.2113855630159378,265,19928629,257343561,-803440033,-20.660999298095703,0.027000000700354576,313.9132080078125,16,264
19970429,19932349,0.70843505859375,0.054931640625,0.0494384765625,0.701904296875,0,0.29296875,0.77734375,0.26171875,7.254994387392055e-39,6.4295357049076284e-40,2.0521737151642545e-38,263,19933415,1014.740966796875,22.34000015258789,-0.029065515846014023,266,19970427,257343561,-803440033,-20.658000946044922,0.0430000014603138,313.9132080078125,16,265
20022523,19972504,0.70843505859375,0.054931640625,0.0494384765625,0.701904296875,3,0.109375,0.671875,0.16796875,7.254994387392055e-39,6.4295357049076284e-40,2.0521737151642545e-38,264,19973570,1014.732421875,22.34000015258789,0.04227711260318756,267,20022520,257343561,-803440033,-20.655000686645508,0.010999999940395355,313.9132080078125,16,266
20068438,20025349,0.71466064453125,0.05584716796875,0.0421142578125,0.69598388671875,0,0.109375,0.671875,0.16796875,7.254994387392055e-39,6.4295357049076284e-40,2.0521737151642545e-38,265,20026414,1014.73876953125,22.34000015258789,-0.01056927815079689,268,20068435,257343562,-803440033,-20.658000946044922,0.023000000044703484,313.9132080078125,16,267
20120566,20078504,0.71466064453125,0.05584716796875,0.0421142578125,0.69598388671875,3,0.19140625,-0.453125,0.23828125,7.254994387392055e-39,6.4295357049076284e-40,2.0521737151642545e-38,266,20079570,1014.760498046875,22.350000381469727,-0.19024699926376343,269,20120564,257343562,-803440033,-20.656999588012695,0.009999999776482582,313.9132080078125,16,268
20168540,20131272,0.71466064453125,0.05584716796875,0.0421142578125,0.69598388671875,3,0.15625,0.03125,0.14453125,7.254994387392055e-39,6.4295357049076284e-40,2.0521737151642545e-38,267,20132337,1014.72265625,22.34000015258789,0.12154670059680939,270,20168537,257343562,-803440033,-20.659000396728516,0.03500000014901161,313.9132080078125,16,269
20218492,20170480,0.71466064453125,0.05584716796875,0.0421142578125,0.69598388671875,0,0.15625,0.03125,0.14453125,4.683680368980768e-39,6.42932551013798e-40,2.0910811874157724e-38,268,20171546,1014.743408203125,22.350000381469727,-0.04756174981594086,271,20218489,257343562,-803440033,-20.645999908447266,0.017000000923871994,313.9132080078125,16,270
20272994,20223271,0.71466064453125,0.05584716796875,0.0421142578125,0.69598388671875,3,0.171875,-0.25,0.3984375,4.683680368980768e-39,6.42932551013798e-40,2.0910811874157724e-38,269,20224337,1014.744140625,22.350000381469727,-0.0554887093603611,272,20272991,257343562,-803440033,-20.643999099731445,0.01899999938905239,313.9132080078125,16,271
20318539,20275582,0.71466064453125,0.05584716796875,0.0421142578125,0.69598388671875,0,0.171875,-0.25,0.3984375,nan,6.430586678755872e-40,2.1045948894161816e-38,270,20276647,1014.728515625,22.350000381469727,0.07398495078086853,273,20318537,257343563,-803440034,-20.63800048828125,0.02199999988079071,313.9132080078125,16,272
20372567,20328272,0.72265625,0.0552978515625,0.0330810546875,0.688232421875,0,0.171875,-0.25,0.3984375,nan,6.430586678755872e-40,2.1045948894161816e-38,271,20329337,1014.706787109375,22.350000381469727,0.25366267561912537,274,20372564,257343563,-803440033,-20.634000778198242,0.010999999940395355,313.9132080078125,16,273
20471523,20440480,0.72265625,0.0552978515625,0.0330810546875,0.688232421875,0,0.171875,-0.25,0.3984375,7.071415880774718e-39,6.429003211491185e-40,2.1209692021016635e-38,272,20441546,1014.70458984375,22.34000015258789,0.27480122447013855,275,20471520,257343563,-803440034,-20.618999481201172,0.020999999716877937,313.9132080078125,16,274
20517491,20474325,0.72259521484375,0.05267333984375,0.03839111328125,0.68817138671875,0,0.171875,-0.25,0.3984375,7.071415880774718e-39,6.429003211491185e-40,2.1209692021016635e-38,273,20475391,1014.7490234375,22.350000381469727,-0.09512349963188171,276,20517488,257343563,-803440034,-20.621000289916992,0.03799999877810478,313.9132080078125,16,275
20570395,20527504,0.72259521484375,0.05267333984375,0.03839111328125,0.68817138671875,3,0.07421875,-0.25390625,0.09765625,7.071415880774718e-39,6.429003211491185e-40,2.1209692021016635e-38,274,20528570,1014.68701171875,22.34000015258789,0.4227711260318756,277,20570392,257343563,-803440034,-20.618999481201172,0.019999999552965164,313.9132080078125,16,276
20625174,20580336,0.72259521484375,0.05267333984375,0.03839111328125,0.68817138671875,3,0.5546875,-0.48828125,0.05078125,7.071415880774718e-39,6.429003211491185e-40,2.1209692021016635e-38,275,20581402,1014.715087890625,22.350000381469727,0.18496236205101013,278,20625171,257343564,-803440034,-20.628999710083008,0.014000000432133675,313.9132080078125,16,277
20671484,20633480,0.72259521484375,0.05267333984375,0.03839111328125,0.68817138671875,3,0.5625,-0.2578125,0.20703125,7.071415880774718e-39,6.429003211491185e-40,2.1209692021016635e-38,276,20634545,1014.7255859375,22.350000381469727,0.1004081442952156,279,20671481,257343564,-803440034,-20.618000030517578,0.012000000104308128,313.9132080078125,16,278
20724225,20673336,0.72259521484375,0.05267333984375,0.03839111328125,0.68817138671875,0,0.5625,-0.2578125,0.20703125,nan,7.346559432946432e-40,2.1636136570978428e-38,277,20674402,1014.701171875,22.34000015258789,0.3012244403362274,280,20724222,257343564,-803440034,-20.607999801635742,0.010999999940395355,313.9132080078125,16,279
20770343,20726349,0.72198486328125,0.04132080078125,0.04705810546875,0.68902587890625,0,0.5625,-0.2578125,0.20703125,nan,7.346559432946432e-40,2.1636136570978428e-38,278,20727415,1014.73193359375,22.34000015258789,0.04756174981594086,281,20770340,257343564,-803440034,-20.606000900268555,0.013000000268220901,313.9132080078125,16,280
20826289,20778504,0.72198486328125,0.04132080078125,0.04705810546875,0.68902587890625,3,0.375,-0.41015625,0.05859375,nan,7.346559432946432e-40,2.1636136570978428e-38,279,20779570,1014.710693359375,22.34000015258789,0.2219548374414444,282,20826286,257343564,-803440034,-20.610000610351562,0.0430000014603138,313.9132080078125,16,281
20869568,20831271,0.72198486328125,0.04132080078125,0.04705810546875,0.68902587890625,3,-0.8671875,0.140625,-0.66015625,nan,7.346559432946432e-40,2.1636136570978428e-38,280,20832337,1014.72998046875,22.34000015258789,0.06341566890478134,283,20869565,257343564,-803440033,-20.60099983215332,0.07500000298023224,313.9132080078125,16,282
20932625,20871558,0.72198486328125,0.04132080078125,0.04705810546875,0.68902587890625,0,-0.8671875,0.140625,-0.66015625,1.653096384080879e-39,7.3466995627928644e-40,2.1914318138220798e-38,281,20872623,1014.738525390625,22.34000015258789,-0.007926958613097668,284,20932622,257343564,-803440033,-20.579999923706055,0.0430000014603138,313.9132080078125,16,283
20972625,20935271,0.72198486328125,0.04132080078125,0.04705810546875,0.68902587890625,3,0.140625,-0.49609375,-0.0625,1.653096384080879e-39,7.3466995627928644e-40,2.1914318138220798e-38,282,20936337,1014.725830078125,22.34000015258789,0.09512349963188171,285,20972622,257343564,-803440034,-20.58300018310547,0.023000000044703484,313.9132080078125,16,284
21020339,20976582,0.72198486328125,0.04132080078125,0.04705810546875,0.68902587890625,0,0.140625,-0.49609375,-0.0625,nan,7.344877874789242e-40,2.2028200263118011e-38,283,20977648,1014.685791015625,22.34000015258789,0.4280557632446289,286,21020336,257343564,-803440034,-20.576000213623047,0.026000000536441803,313.9132080078125,16,285
21066402,21029164,0.72198486328125,0.04132080078125,0.04705810546875,0.68902587890625,0,0.140625,-0.49609375,-0.0625,nan,7.345228199405323e-40,2.210271010506309e-38,284,21030230,1014.720947265625,22.350000381469727,0.13740061223506927,287,21066399,257343565,-803440033,-20.566999435424805,0.04500000178813934,313.9132080078125,16,286
21120577,21068582,0.72198486328125,0.04132080078125,0.04705810546875,0.68902587890625,0,0.140625,-0.49609375,-0.0625,5.877232132074038e-39,7.345900822668199e-40,2.217522449799497e-38,285,21069647,1014.732177734375,22.350000381469727,0.04227711260318756,288,21120574,257343565,-803440033,-20.559999465942383,0.020999999716877937,313.9132080078125,16,287
21172591,21122271,0.72198486328125,0.04132080078125,0.04705810546875,0.68902587890625,3,0.29296875,-0.15625,-0.01171875,5.877232132074038e-39,7.345900822668199e-40,2.217522449799497e-38,286,21123337,1014.706787109375,22.350000381469727,0.25366267561912537,289,21172588,257343566,-803440034,-20.55699920654297,0.035999998450279236,313.9132080078125,16,288
21220408,21176582,0.72198486328125,0.04132080078125,0.04705810546875,0.68902587890625,0,0.29296875,-0.15625,-0.01171875,1.3958565217386116e-38,7.346783640700724e-40,2.2299195971835323e-38,287,21177648,1014.698974609375,22.350000381469727,0.3223629891872406,290,21220406,257343566,-803440034,-20.555999755859375,0.01600000075995922,313.9132080078125,16,289
21272556,21229271,0.72198486328125,0.04132080078125,0.04705810546875,0.68902587890625,3,-0.1953125,0.0,-0.140625,1.3958565217386116e-38,7.346783640700724e-40,2.2299195971835323e-38,288,21230337,1014.718017578125,22.34000015258789,0.16382381319999695,291,21272553,257343566,-803440034,-20.549999237060547,0.04899999871850014,313.9132080078125,16,290
21318475,21281534,0.72552490234375,0.03729248046875,0.0296630859375,0.68658447265625,0,-0.1953125,0.0,-0.140625,1.3958565217386116e-38,7.346783640700724e-40,2.2299195971835323e-38,289,21282599,1014.719482421875,22.360000610351562,0.14796990156173706,292,21318472,257343566,-803440034,-20.53700065612793,0.019999999552965164,313.9132080078125,16,291
21370247,21320271,0.72552490234375,0.03729248046875,0.0296630859375,0.68658447265625,3,-0.1484375,0.0546875,0.05078125,1.3958565217386116e-38,7.346783640700724e-40,2.2299195971835323e-38,290,21321337,1014.705078125,22.350000381469727,0.26951658725738525,293,21370244,257343566,-803440034,-20.53700065612793,0.023000000044703484,313.9132080078125,16,292
21422332,21373271,0.72552490234375,0.03729248046875,0.0296630859375,0.68658447265625,3,0.30078125,-0.3359375,0.2734375,1.3958565217386116e-38,7.346783640700724e-40,2.2299195971835323e-38,291,21374337,1014.696533203125,22.34000015258789,0.3435015380382538,294,21422329,257343566,-803440034,-20.538999557495117,0.008999999612569809,313.9132080078125,16,293
21517407,21486582,0.72552490234375,0.03729248046875,0.0296630859375,0.68658447265625,0,0.30078125,-0.3359375,0.2734375,nan,6.429689847738704e-40,2.2657348241138246e-38,292,21487648,1014.735595703125,22.34000015258789,0.015853917226195335,295,21517404,257343566,-803440034,-20.535999298095703,0.027000000700354576,313.9132080078125,16,294
21569027,21520165,0.72552490234375,0.03729248046875,0.0296630859375,0.68658447265625,0,0.30078125,-0.3359375,0.2734375,nan,6.42868091284439e-40,2.2719996091582816e-38,293,21521230,1014.74658203125,22.360000610351562,-0.07662726938724518,296,21569024,257343566,-803440034,-20.520000457763672,0.008999999612569809,313.9132080078125,16,295
21622328,21573582,0.72552490234375,0.03729248046875,0.0296630859375,0.68658447265625,0,0.30078125,-0.3359375,0.2734375,-5.217517527816728e+37,6.428596834936531e-40,2.2888917016263315e-38,294,21574647,1014.715576171875,22.360000610351562,0.18496236205101013,297,21622325,257343567,-803440034,-20.520999908447266,0.009999999776482582,313.9132080078125,16,296
21670240,21626205,0.72552490234375,0.03729248046875,0.0296630859375,0.68658447265625,0,0.30078125,-0.3359375,0.2734375,-2.1932846063847697e+38,6.4293675490919094e-40,2.2916648712872303e-38,295,21627271,1014.742919921875,22.360000610351562,-0.04491943120956421,298,21670237,257343566,-803440034,-20.531999588012695,0.027000000700354576,313.9132080078125,16,297
21721977,21679611,0.72552490234375,0.03729248046875,0.0296630859375,0.68658447265625,3,0.3828125,-0.515625,-0.01171875,-2.1932846063847697e+38,6.4293675490919094e-40,2.2916648712872303e-38,296,21680676,1014.7705078125,22.360000610351562,-0.27480122447013855,299,21721974,257343567,-803440035,-20.524999618530273,0.017999999225139618,313.9132080078125,16,298
21776033,21732164,0.72552490234375,0.03729248046875,0.0296630859375,0.68658447265625,0,0.3828125,-0.515625,-0.01171875,nan,6.429914055492996e-40,2.3088816446094643e-38,297,21733230,1014.722900390625,22.350000381469727,0.12154670059680939,300,21776031,257343567,-803440035,-20.523000717163086,0.01600000075995922,313.9132080078125,16,299
21828507,21785689,0.72552490234375,0.03729248046875,0.0296630859375,0.68658447265625,0,0.3828125,-0.515625,-0.01171875,nan,6.429928068477639e-40,2.3154694289499481e-38,298,21786754,1014.749755859375,22.350000381469727,-0.1004081442952156,301,21828504,257343567,-803440035,-20.516000747680664,0.026000000536441803,313.9132080078125,16,300
21870979,21838141,0.71588134765625,0.04339599609375,0.0635986328125,0.6939697265625,0,0.3828125,-0.515625,-0.01171875,nan,6.429928068477639e-40,2.3154694289499481e-38,299,21839206,1014.764404296875,22.360000610351562,-0.2219548374414444,302,21870977,257343567,-803440035,-20.506000518798828,0.00800000037997961,313.9132080078125,16,301
21923849,21873664,0.71588134765625,0.04339599609375,0.0635986328125,0.6939697265625,0,0.3828125,-0.515625,-0.01171875,nan,6.430096224293358e-40,2.3301974961995413e-38,300,21874730,1014.718994140625,22.350000381469727,0.15325453877449036,303,21923846,257343567,-803440035,-20.496000289916992,0.041999999433755875,313.9132080078125,16,302
21970343,21927140,0.70806884765625,0.0499267578125,0.06243896484375,0.70159912109375,0,0.3828125,-0.515625,-0.01171875,nan,6.430096224293358e-40,2.3301974961995413e-38,301,21928206,1014.740234375,22.350000381469727,-0.02113855630159378,304,21970340,257343567,-803440035,-20.49799919128418,0.017999999225139618,313.9132080078125,16,303
22016365,21979689,0.70806884765625,0.0499267578125,0.06243896484375,0.70159912109375,3,0.00390625,-0.08203125,-0.30078125,nan,6.430096224293358e-40,2.3301974961995413e-38,302,21980754,1014.7275390625,22.350000381469727,0.08455422520637512,305,22016363,257343567,-803440035,-20.48900032043457,0.03700000047683716,313.9132080078125,16,304
22068540,22020151,0.70806884765625,0.0499267578125,0.06243896484375,0.70159912109375,3,-0.2421875,-0.203125,-0.109375,nan,6.430096224293358e-40,2.3301974961995413e-38,303,22021217,1014.754150390625,22.360000610351562,-0.13740061223506927,306,22068537,257343567,-803440036,-20.483999252319336,0.029999999329447746,313.9132080078125,16,305
22122321,22073665,0.70806884765625,0.0499267578125,0.06243896484375,0.70159912109375,0,-0.2421875,-0.203125,-0.109375,3.30615773570015e-39,6.4293114971533365e-40,2.364101772414034e-38,304,22074730,1014.7001953125,22.360000610351562,0.311793714761734,307,22122318,257343568,-803440035,-20.483999252319336,0.050999999046325684,313.9132080078125,16,306
22170991,22126164,0.70806884765625,0.0499267578125,0.06243896484375,0.70159912109375,0,-0.2421875,-0.203125,-0.109375,2.2041471960873632e-39,6.4289191335833255e-40,2.3737096352048305e-38,305,22127230,1014.7255859375,22.350000381469727,0.1004081442952156,308,22170988,257343567,-803440035,-20.474000930786133,0.041999999433755875,313.9132080078125,16,307
22222313,22179689,0.70806884765625,0.0499267578125,0.06243896484375,0.70159912109375,0,-0.2421875,-0.203125,-0.109375,1.2305856992979855e-38,6.432324288851635e-40,2.390795106860957e-38,306,22180754,1014.70068359375,22.360000610351562,0.3065090775489807,309,22222310,257343567,-803440035,-20.457000732421875,0.02500000037252903,313.9132080078125,16,308
22269638,22232127,0.70806884765625,0.0499267578125,0.06243896484375,0.70159912109375,3,-0.11328125,0.7578125,0.04296875,1.2305856992979855e-38,6.432324288851635e-40,2.390795106860957e-38,307,22233193,1014.728271484375,22.360000610351562,0.07926958799362183,310,22269635,257343568,-803440036,-20.45800018310547,0.04100000113248825,313.9132080078125,16,309
22321629,22272664,0.7049560546875,0.04339599609375,0.055908203125,0.7056884765625,0,-0.11328125,0.7578125,0.04296875,1.2305856992979855e-38,6.432324288851635e-40,2.390795106860957e-38,308,22273730,1014.730224609375,22.350000381469727,0.06341566890478134,311,22321626,257343568,-803440036,-20.45400047302246,0.008999999612569809,313.9132080078125,16,310
22369411,22326140,0.70587158203125,0.0423583984375,0.05303955078125,0.705078125,0,-0.11328125,0.7578125,0.04296875,1.2305856992979855e-38,6.432324288851635e-40,2.390795106860957e-38,309,22327206,1014.73095703125,22.350000381469727,0.05284639075398445,312,22369408,257343568,-803440035,-20.44099998474121,0.035999998450279236,313.9132080078125,16,311
22422613,22378713,0.70587158203125,0.0423583984375,0.05303955078125,0.705078125,3,-0.3515625,0.765625,0.01953125,1.2305856992979855e-38,6.432324288851635e-40,2.390795106860957e-38,310,22379778,1014.697509765625,22.350000381469727,0.3329322636127472,313,22422610,257343568,-803440035,-20.437000274658203,0.04600000008940697,313.9132080078125,16,312
22517301,22486141,0.7060546875,0.04498291015625,0.04425048828125,0.705322265625,0,-0.3515625,0.765625,0.01953125,1.2305856992979855e-38,6.432324288851635e-40,2.390795106860957e-38,311,22487206,1014.743408203125,22.360000610351562,-0.04756174981594086,314,22517298,257343568,-803440036,-20.41699981689453,0.019999999552965164,313.9132080078125,16,313
22568324,22519689,0.7060546875,0.04498291015625,0.04425048828125,0.705322265625,0,-0.3515625,0.765625,0.01953125,nan,6.428610847921174e-40,2.4816676307142644e-38,312,22520754,1014.7607421875,22.360000610351562,-0.19288933277130127,315,22568321,257343568,-803440036,-20.410999298095703,0.007000000216066837,313.9132080078125,16,314
22621610,22572164,0.7060546875,0.04498291015625,0.04425048828125,0.705322265625,0,-0.3515625,0.765625,0.01953125,-2.8046613355495627e+38,6.430306419063007e-40,2.5043543725919904e-38,313,22573230,1014.718994140625,22.350000381469727,0.15325453877449036,316,22621608,257343569,-803440036,-20.408000946044922,0.010999999940395355,313.9132080078125,16,315
22666239,22623689,0.7060546875,0.04498291015625,0.04425048828125,0.705322265625,3,0.37890625,-0.21484375,-0.2890625,-2.8046613355495627e+38,6.430306419063007e-40,2.5043543725919904e-38,314,22624754,1014.7314453125,22.350000381469727,0.05284639075398445,317,22666236,257343569,-803440036,-20.39900016784668,0.007000000216066837,313.9132080078125,16,316
22720583,22677141,0.697265625,0.05792236328125,0.0374755859375,0.7135009765625,0,0.37890625,-0.21484375,-0.2890625,-2.8046613355495627e+38,6.430306419063007e-40,2.5043543725919904e-38,315,22678206,1014.7607421875,22.350000381469727,-0.19288933277130127,318,22720580,257343569,-803440036,-20.382999420166016,0.024000000208616257,313.9132080078125,16,317
22767491,22730689,0.697265625,0.05792236328125,0.0374755859375,0.7135009765625,0,0.37890625,-0.21484375,-0.2890625,-1.1963084413919609e+38,7.346279173253567e-40,2.550415613633733e-38,316,22731754,1014.7138671875,22.350000381469727,0.19553165137767792,319,22767488,257343569,-803440036,-20.3700008392334,0.03500000014901161,313.9132080078125,16,318
22825543,22769063,0.697265625,0.05792236328125,0.0374755859375,0.7135009765625,3,-0.265625,1.21484375,-0.2109375,-1.1963084413919609e+38,7.346279173253567e-40,2.550415613633733e-38,317,22770128,1014.746826171875,22.360000610351562,-0.07662726938724518,320,22825540,257343569,-803440036,-20.368999481201172,0.004999999888241291,313.9132080078125,16,319
22871025,22827689,0.697265625,0.05792236328125,0.0374755859375,0.7135009765625,3,-0.30078125,-0.2421875,0.02734375,-1.1963084413919609e+38,7.346279173253567e-40,2.550415613633733e-38,318,22828754,1014.735107421875,22.360000610351562,0.02113855630159378,321,22871022,257343569,-803440037,-20.36400032043457,0.024000000208616257,313.9132080078125,16,320
22925303,22881165,0.697265625,0.05792236328125,0.0374755859375,0.7135009765625,0,-0.30078125,-0.2421875,0.02734375,nan,6.429773925646564e-40,2.5837847339646997e-38,319,22882230,1014.722900390625,22.350000381469727,0.12154670059680939,322,22925301,257343569,-803440036,-20.361000061035156,0.02199999988079071,313.9132080078125,16,321
22970615,22933689,0.68829345703125,0.08746337890625,0.027099609375,0.7196044921875,0,-0.30078125,-0.2421875,0.02734375,nan,6.429773925646564e-40,2.5837847339646997e-38,320,22934754,1014.717529296875,22.350000381469727,0.16382381319999695,323,22970612,257343569,-803440036,-20.349000930786133,0.017000000923871994,313.9132080078125,16,322
23022442,22972140,0.68817138671875,0.088623046875,0.02447509765625,0.7197265625,0,-0.30078125,-0.2421875,0.02734375,nan,6.429773925646564e-40,2.5837847339646997e-38,321,22973206,1014.76806640625,22.360000610351562,-0.25366267561912537,324,23022439,257343569,-803440036,-20.344999313354492,0.010999999940395355,313.9132080078125,16,323
23072983,23024271,0.68817138671875,0.088623046875,0.02447509765625,0.7197265625,3,-0.11328125,0.10546875,-0.1171875,nan,6.429773925646564e-40,2.5837847339646997e-38,322,23025337,1014.74169921875,22.360000610351562,-0.03435015305876732,325,23072980,257343570,-803440037,-20.3439998626709,0.01600000075995922,313.9132080078125,16,324
23121706,23076582,0.68817138671875,0.088623046875,0.02447509765625,0.7197265625,0,-0.11328125,0.10546875,-0.1171875,6.061128733442777e-39,6.429297484168693e-40,2.64349798516528e-38,323,23077648,1014.72412109375,22.360000610351562,0.1109774187207222,326,23121703,257343570,-803440036,-20.32699966430664,0.026000000536441803,313.9132080078125,16,325
23173499,23129271,0.68817138671875,0.088623046875,0.02447509765625,0.7197265625,3,-0.10546875,-0.4453125,-0.09375,6.061128733442777e-39,6.429297484168693e-40,2.64349798516528e-38,324,23130337,1014.75048828125,22.3700008392334,-0.10833510011434555,327,23173496,257343570,-803440037,-20.31599998474121,0.006000000052154064,313.9132080078125,16,326
23219018,23181586,0.68817138671875,0.088623046875,0.02447509765625,0.7197265625,3,0.76953125,0.27734375,0.546875,6.061128733442777e-39,6.429297484168693e-40,2.64349798516528e-38,325,23182652,1014.76171875,22.3700008392334,-0.2008162885904312,328,23219015,257343570,-803440037,-20.305999755859375,0.0010000000474974513,313.9132080078125,16,327
23271339,23221271,0.68817138671875,0.088623046875,0.02447509765625,0.7197265625,3,-0.5546875,0.03515625,-0.71484375,6.061128733442777e-39,6.429297484168693e-40,2.64349798516528e-38,326,23222337,1014.71728515625,22.360000610351562,0.16910845041275024,329,23271336,257343570,-803440037,-20.308000564575195,0.010999999940395355,313.9132080078125,16,328
23327047,23275587,0.68817138671875,0.088623046875,0.02447509765625,0.7197265625,3,1.21484375,-0.2265625,1.015625,6.061128733442777e-39,6.429297484168693e-40,2.64349798516528e-38,327,23276652,1014.74267578125,22.360000610351562,-0.04227711260318756,330,23327044,257343570,-803440037,-20.301000595092773,0.00800000037997961,313.9132080078125,16,329
23371343,23329164,0.68817138671875,0.088623046875,0.02447509765625,0.7197265625,0,1.21484375,-0.2265625,1.015625,5.032853117724297e-38,7.342733888138825e-40,2.710315539320295e-38,328,23330230,1014.74951171875,22.360000610351562,-0.1004081442952156,331,23371341,257343570,-803440037,-20.284000396728516,0.023000000044703484,313.9132080078125,16,330
23420318,23382689,0.68817138671875,0.088623046875,0.02447509765625,0.7197265625,3,0.234375,0.19140625,0.23046875,5.032853117724297e-38,7.342733888138825e-40,2.710315539320295e-38,329,23383754,1014.7294921875,22.360000610351562,0.06870030611753464,332,23420315,257343570,-803440037,-20.27899932861328,0.026000000536441803,313.9132080078125,16,331
23472412,23422140,0.69415283203125,0.03369140625,-0.00048828125,0.718994140625,0,0.234375,0.19140625,0.23046875,5.032853117724297e-38,7.342733888138825e-40,2.710315539320295e-38,330,23423206,1014.700927734375,22.350000381469727,0.3065090775489807,333,23472409,257343570,-803440037,-20.266000747680664,0.014000000432133675,313.9132080078125,16,332
23575220,23536063,0.69415283203125,0.03369140625,-0.00048828125,0.718994140625,3,-0.0859375,-0.3671875,0.30859375,5.032853117724297e-38,7.342733888138825e-40,2.710315539320295e-38,331,23537128,1014.725830078125,22.360000610351562,0.09512349963188171,334,23575217,257343570,-803440037,-20.27199935913086,0.02800000086426735,313.9132080078125,16,333
23627036,23577767,0.7027587890625,0.035400390625,0.0076904296875,0.71051025390625,0,-0.0859375,-0.3671875,0.30859375,5.032853117724297e-38,7.342733888138825e-40,2.710315539320295e-38,332,23578832,1014.73681640625,22.350000381469727,0.005284639075398445,335,23627033,257343571,-803440037,-20.253000259399414,0.01600000075995922,313.9132080078125,16,334
23675276,23630956,0.7027587890625,0.035400390625,0.0076904296875,0.71051025390625,0,-0.0859375,-0.3671875,0.30859375,nan,7.344037095710647e-40,2.7972223885195627e-38,333,23632021,1014.73681640625,22.360000610351562,0.005284639075398445,336,23675273,257343571,-803440037,-20.23699951171875,0.03099999949336052,313.9132080078125,16,335
23720445,23683791,0.7027587890625,0.035400390625,0.0076904296875,0.71051025390625,0,-0.0859375,-0.3671875,0.30859375,-1.3557974453054595e+38,7.3446116280810205e-40,2.8164703439658356e-38,334,23684856,1014.752685546875,22.350000381469727,-0.12683133780956268,337,23720442,257343571,-803440037,-20.23200035095215,0.05000000074505806,313.9132080078125,16,336
23772916,23723956,0.7027587890625,0.035400390625,0.0076904296875,0.71051025390625,0,-0.0859375,-0.3671875,0.30859375,1.1018535941847826e-39,7.346517393992502e-40,2.825501992828102e-38,335,23725022,1014.7265625,22.350000381469727,0.08983886241912842,338,23772913,257343571,-803440038,-20.226999282836914,0.027000000700354576,313.9132080078125,16,337
23833211,23776480,0.7027587890625,0.035400390625,0.0076904296875,0.71051025390625,3,0.4921875,-0.1484375,0.484375,1.1018535941847826e-39,7.346517393992502e-40,2.825501992828102e-38,336,23777546,1014.739501953125,22.350000381469727,-0.015853917226195335,339,23833208,257343571,-803440038,-20.219999313354492,0.01600000075995922,313.9132080078125,16,338
23872975,23835373,0.7027587890625,0.035400390625,0.0076904296875,0.71051025390625,0,0.4921875,-0.1484375,0.484375,-2.698343175472277e+38,7.347820601564324e-40,2.852710444590511e-38,337,23836439,1014.764892578125,22.350000381469727,-0.2272394746541977,340,23872972,257343571,-803440038,-20.2189998626709,0.013000000268220901,313.9132080078125,16,339
23926936,23875456,0.7137451171875,0.059326171875,0.02191162109375,0.69757080078125,0,0.4921875,-0.1484375,0.484375,-2.698343175472277e+38,7.347820601564324e-40,2.852710444590511e-38,338,23876521,1014.752197265625,22.350000381469727,-0.12154670059680939,341,23926933,257343571,-803440037,-20.202999114990234,0.054999999701976776,313.9132080078125,16,340
23972238,23930373,0.7137451171875,0.059326171875,0.02191162109375,0.69757080078125,0,0.4921875,-0.1484375,0.484375,nan,8.264620121848836e-40,2.883019969854471e-38,339,23931439,1014.698974609375,22.34000015258789,0.3223629891872406,342,23972235,257343571,-803440037,-20.198999404907227,0.02800000086426735,313.9132080078125,16,341
24020428,23983373,0.7137451171875,0.059326171875,0.02191162109375,0.69757080078125,0,0.4921875,-0.1484375,0.484375,8.999622185864167e-39,7.347862640518254e-40,2.89500415458107e-38,340,23984439,1014.731689453125,22.350000381469727,0.04756174981594086,343,24020425,257343571,-803440038,-20.19099998474121,0.04600000008940697,313.9132080078125,16,342
24073267,24022480,0.7137451171875,0.059326171875,0.02191162109375,0.69757080078125,3,0.28515625,0.0546875,0.1171875,8.999622185864167e-39,7.347862640518254e-40,2.89500415458107e-38,341,24023546,1014.7392578125,22.350000381469727,-0.013211597688496113,344,24073264,257343571,-803440038,-20.18400001525879,0.019999999552965164,313.9132080078125,16,343
24120509,24075271,0.7137451171875,0.059326171875,0.02191162109375,0.69757080078125,3,0.34375,0.1328125,0.1953125,8.999622185864167e-39,7.347862640518254e-40,2.89500415458107e-38,342,24076337,1014.7158203125,22.34000015258789,0.17967772483825684,345,24120506,257343571,-803440037,-20.170000076293945,0.02199999988079071,313.9132080078125,16,344
24175214,24128582,0.7137451171875,0.059326171875,0.02191162109375,0.69757080078125,0,0.34375,0.1328125,0.1953125,1.8359251960198023e-39,7.353131522744115e-40,2.9377586115066986e-38,343,24129648,1014.73388671875,22.34000015258789,0.03170783445239067,346,24175211,257343572,-803440037,-20.176000595092773,0.02500000037252903,313.9132080078125,16,345
24225225,24181164,0.7137451171875,0.059326171875,0.02191162109375,0.69757080078125,0,0.34375,0.1328125,0.1953125,nan,8.263050667568792e-40,2.950322373278142e-38,344,24182230,1014.755859375,22.350000381469727,-0.1506122201681137,347,24225223,257343572,-803440037,-20.167999267578125,0.020999999716877937,313.9132080078125,16,346
24272349,24234689,0.7137451171875,0.059326171875,0.02191162109375,0.69757080078125,0,0.34375,0.1328125,0.1953125,nan,7.346993835470373e-40,2.9721136854371645e-38,345,24235754,1014.7216796875,22.34000015258789,0.13211597502231598,348,24272346,257343571,-803440037,-20.158000946044922,0.017999999225139618,313.9132080078125,16,347
24323208,24274164,0.7137451171875,0.059326171875,0.02191162109375,0.69757080078125,0,0.34375,0.1328125,0.1953125,nan,8.264339862155971e-40,2.9797698197268495e-38,346,24275230,1014.75244140625,22.34000015258789,-0.12418901920318604,349,24323205,257343571,-803440037,-20.152000427246094,0.05400000140070915,313.9132080078125,16,348
24372388,24327271,0.7137451171875,0.059326171875,0.02191162109375,0.69757080078125,3,0.25390625,-0.203125,0.28515625,nan,8.264339862155971e-40,2.9797698197268495e-38,347,24328337,1014.734130859375,22.329999923706055,0.026423195376992226,350,24372385,257343571,-803440037,-20.141000747680664,0.014999999664723873,313.9132080078125,16,349
24424024,24380582,0.7137451171875,0.059326171875,0.02191162109375,0.69757080078125,0,0.25390625,-0.203125,0.28515625,nan,8.263667238893095e-40,3.008362193852626e-38,348,24381647,1014.731201171875,22.34000015258789,0.05284639075398445,351,24424021,257343571,-803440037,-20.141000747680664,0.012000000104308128,313.9132080078125,16,350
24470378,24433271,0.7137451171875,0.059326171875,0.02191162109375,0.69757080078125,3,0.0703125,-0.09765625,-0.05078125,nan,8.263667238893095e-40,3.008362193852626e-38,349,24434337,1014.737548828125,22.329999923706055,0.0,352,24470375,257343571,-803440037,-20.141000747680664,0.007000000216066837,313.9132080078125,16,351
24523271,24472534,0.7115478515625,0.0771484375,0.00335693359375,0.6983642578125,0,0.0703125,-0.09765625,-0.05078125,nan,8.263667238893095e-40,3.008362193852626e-38,350,24473599,1014.744140625,22.34000015258789,-0.0554887093603611,353,24523268,257343572,-803440037,-20.128999710083008,0.03099999949336052,313.9132080078125,16,352
24620100,24587296,0.7115478515625,0.0771484375,0.00335693359375,0.6983642578125,3,0.0390625,-0.08203125,-0.06640625,nan,8.263667238893095e-40,3.008362193852626e-38,351,24588361,1014.732421875,22.329999923706055,0.04227711260318756,354,24620097,257343571,-803440038,-20.125,0.04500000178813934,313.9132080078125,16,353
24673161,24622558,0.71484375,0.07708740234375,0.00311279296875,0.69500732421875,0,0.0390625,-0.08203125,-0.06640625,nan,8.263667238893095e-40,3.008362193852626e-38,352,24623623,1014.75390625,22.329999923706055,-0.13475829362869263,355,24673158,257343571,-803440037,-20.11400032043457,0.009999999776482582,313.9132080078125,16,354
24724511,24675164,0.71484375,0.07708740234375,0.00311279296875,0.69500732421875,0,0.0390625,-0.08203125,-0.06640625,1.4694043722879318e-39,8.264494004987047e-40,3.0930639597884324e-38,353,24676230,1014.749755859375,22.329999923706055,-0.1004081442952156,356,24724508,257343571,-803440037,-20.110000610351562,0.010999999940395355,313.9132080078125,16,355
24772988,24728582,0.71484375,0.07708740234375,0.00311279296875,0.69500732421875,0,0.0390625,-0.08203125,-0.06640625,1.2857431890611997e-39,8.264802290649198e-40,3.1045986079676757e-38,354,24729647,1014.724609375,22.329999923706055,0.1056927815079689,357,24772985,257343572,-803440038,-20.10300064086914,0.0430000014603138,313.9132080078125,16,356
24830586,24781271,0.71484375,0.07708740234375,0.00311279296875,0.69500732421875,3,0.00390625,0.046875,0.078125,1.2857431890611997e-39,8.264802290649198e-40,3.1045986079676757e-38,355,24782337,1014.70947265625,22.34000015258789,0.23252412676811218,358,24830583,257343572,-803440037,-20.08799934387207,0.02199999988079071,313.9132080078125,16,357
24871026,24833480,0.71484375,0.07708740234375,0.00311279296875,0.69500732421875,0,0.00390625,0.046875,0.078125,nan,8.265040511388133e-40,3.1403653499711023e-38,356,24834546,1014.756103515625,22.329999923706055,-0.15325453877449036,359,24871024,257343571,-803440037,-20.086000442504883,0.02800000086426735,313.9132080078125,16,358
24928260,24873349,0.71844482421875,0.0760498046875,0.00347900390625,0.69140625,0,0.00390625,0.046875,0.078125,nan,8.265040511388133e-40,3.1403653499711023e-38,357,24874415,1014.749755859375,22.34000015258789,-0.1004081442952156,360,24928257,257343571,-803440037,-20.07900047302246,0.014999999664723873,313.9132080078125,16,359
24972588,24930480,0.718017578125,0.07708740234375,0.00146484375,0.6917724609375,0,0.00390625,0.046875,0.078125,nan,8.265040511388133e-40,3.1403653499711023e-38,358,24931545,1014.72705078125,22.329999923706055,0.08983886241912842,361,24972585,257343572,-803440037,-20.082000732421875,0.028999999165534973,313.9132080078125,16,360
25021243,24983374,0.718017578125,0.07708740234375,0.00146484375,0.6917724609375,0,0.00390625,0.046875,0.078125,3.030537742050566e-39,8.265012485418847e-40,3.174716500265868e-38,359,24984439,1014.719482421875,22.34000015258789,0.14796990156173706,362,25021240,257343572,-803440037,-20.06999969482422,0.01600000075995922,313.9132080078125,16,361
25075135,25023373,0.718017578125,0.07708740234375,0.00146484375,0.6917724609375,0,0.00390625,0.046875,0.078125,1.4693763463186453e-39,7.347358173071097e-40,3.1901355477882197e-38,360,25024439,1014.721435546875,22.34000015258789,0.13211597502231598,363,25075133,257343572,-803440037,-20.059999465942383,0.006000000052154064,313.9132080078125,16,362
25121508,25077480,0.718017578125,0.07708740234375,0.00146484375,0.6917724609375,0,0.00390625,0.046875,0.078125,nan,7.347232056209308e-40,3.2055649649192074e-38,361,25078546,1014.718017578125,22.34000015258789,0.16382381319999695,364,25121505,257343571,-803440037,-20.05699920654297,0.019999999552965164,313.9132080078125,16,363
25175131,25129373,0.718017578125,0.07708740234375,0.00146484375,0.6917724609375,0,0.00390625,0.046875,0.078125,nan,8.265082550342063e-40,3.216830844052993e-38,362,25130439,1014.72802734375,22.34000015258789,0.07926958799362183,365,25175128,257343571,-803440037,-20.054000854492188,0.029999999329447746,313.9132080078125,16,364
25225270,25181480,0.718017578125,0.07708740234375,0.00146484375,0.6917724609375,3,0.29296875,-0.1796875,0.109375,nan,8.265082550342063e-40,3.216830844052993e-38,363,25182546,1014.732666015625,22.360000610351562,0.04227711260318756,366,25225267,257343571,-803440037,-20.049999237060547,0.024000000208616257,313.9132080078125,16,365
25270434,25233271,0.718017578125,0.07708740234375,0.00146484375,0.6917724609375,3,-0.08203125,-0.12109375,0.078125,nan,8.265082550342063e-40,3.216830844052993e-38,364,25234337,1014.724853515625,22.350000381469727,0.1056927815079689,367,25270431,257343571,-803440037,-20.04400062561035,0.035999998450279236,313.9132080078125,16,366
25321357,25272480,0.718017578125,0.07708740234375,0.00146484375,0.6917724609375,3,0.0234375,-0.08984375,0.00390625,nan,8.265082550342063e-40,3.216830844052993e-38,365,25273546,1014.755126953125,22.350000381469727,-0.14532756805419922,368,25321354,257343571,-803440036,-20.03499984741211,0.04600000008940697,313.9132080078125,16,367
25375984,25326349,0.7169189453125,0.0789794921875,0.00048828125,0.692626953125,0,0.0234375,-0.08984375,0.00390625,nan,8.265082550342063e-40,3.216830844052993e-38,366,25327414,1014.73095703125,22.34000015258789,0.05284639075398445,369,25375981,257343571,-803440036,-20.033000946044922,0.003000000026077032,313.9132080078125,16,368
25423492,25379504,0.7169189453125,0.0789794921875,0.00048828125,0.692626953125,3,0.21484375,0.00390625,0.1953125,nan,8.265082550342063e-40,3.216830844052993e-38,367,25380570,1014.723388671875,22.350000381469727,0.11626206338405609,370,25423489,257343571,-803440037,-20.025999069213867,0.02500000037252903,313.9132080078125,16,369
25474472,25431349,0.71783447265625,0.0806884765625,0.00201416015625,0.6915283203125,0,0.21484375,0.00390625,0.1953125,nan,8.265082550342063e-40,3.216830844052993e-38,368,25432414,1014.734130859375,22.329999923706055,0.026423195376992226,371,25474469,257343572,-803440037,-20.025999069213867,0.026000000536441803,313.9132080078125,16,370
25521239,25484480,0.71783447265625,0.0806884765625,0.00201416015625,0.6915283203125,3,0.1015625,-0.2265625,0.15625,nan,8.265082550342063e-40,3.216830844052993e-38,369,25485545,1014.78955078125,22.34000015258789,-0.4333404004573822,372,25521236,257343572,-803440037,-20.018999099731445,0.01600000075995922,313.9132080078125,16,371
25573474,25523271,0.71783447265625,0.0806884765625,0.00201416015625,0.6915283203125,0,0.1015625,-0.2265625,0.15625,nan,8.265166628249923e-40,3.3304024412105124e-38,370,25524337,1014.73486328125,22.329999923706055,0.02113855630159378,373,25573471,257343571,-803440036,-20.009000778198242,0.02199999988079071,313.9132080078125,16,372
25675300,25637558,0.71783447265625,0.0806884765625,0.00201416015625,0.6915283203125,0,0.1015625,-0.2265625,0.15625,nan,8.264746238710625e-40,3.3458060744497565e-38,371,25638624,1014.731201171875,22.329999923706055,0.05284639075398445,374,25675298,257343571,-803440036,-20.000999450683594,0.012000000104308128,313.9132080078125,16,373
25721327,25677295,0.71783447265625,0.0806884765625,0.00201416015625,0.6915283203125,3,-0.05859375,0.0703125,-0.11328125,nan,8.264746238710625e-40,3.3458060744497565e-38,372,25678361,1014.748779296875,22.329999923706055,-0.09248118102550507,375,25721324,257343571,-803440036,-19.988000869750977,0.023000000044703484,313.9132080078125,16,374
25772340,25730558,0.71875,0.083740234375,0.0074462890625,0.69012451171875,0,-0.05859375,0.0703125,-0.11328125,nan,8.264746238710625e-40,3.3458060744497565e-38,373,25731623,1014.73876953125,22.329999923706055,-0.01056927815079689,376,25772337,257343571,-803440036,-19.993999481201172,0.01600000075995922,313.9132080078125,16,375
25832339,25783295,0.71875,0.083740234375,0.0074462890625,0.69012451171875,3,-0.04296875,-0.1328125,0.0859375,nan,8.264746238710625e-40,3.3458060744497565e-38,374,25784361,1014.738525390625,22.31999969482422,-0.007926958613097668,377,25832336,257343571,-803440036,-19.996999740600586,0.02500000037252903,313.9132080078125,16,376
25873458,25836480,0.71875,0.083740234375,0.0074462890625,0.69012451171875,0,-0.04296875,-0.1328125,0.0859375,nan,7.346909757562513e-40,3.4197539957106414e-38,375,25837546,1014.75439453125,22.329999923706055,-0.14004293084144592,378,25873455,257343571,-803440036,-19.98900032043457,0.020999999716877937,313.9132080078125,16,377
25924474,25875271,0.71875,0.083740234375,0.0074462890625,0.69012451171875,3,0.1484375,0.0,0.05078125,nan,7.346909757562513e-40,3.4197539957106414e-38,376,25876337,1014.726806640625,22.329999923706055,0.08983886241912842,379,25924471,257343571,-803440036,-19.982999801635742,0.03700000047683716,313.9132080078125,16,378
25970421,25928271,0.71875,0.083740234375,0.0074462890625,0.69012451171875,3,-0.14453125,-0.1015625,-0.10546875,nan,7.346909757562513e-40,3.4197539957106414e-38,377,25929337,1014.708740234375,22.31999969482422,0.23780876398086548,380,25970418,257343571,-803440036,-19.979999542236328,0.017000000923871994,313.9132080078125,16,379
26023374,25980582,0.71875,0.083740234375,0.0074462890625,0.69012451171875,0,-0.14453125,-0.1015625,-0.10546875,7.346447329069286e-40,8.264900381541701e-40,3.457096077447662e-38,378,25981647,1014.75390625,22.329999923706055,-0.13475829362869263,381,26023371,257343571,-803440036,-19.9689998626709,0.01600000075995922,313.9132080078125,16,380
26070360,26033272,0.720947265625,0.08795166015625,0.0118408203125,0.68731689453125,0,-0.14453125,-0.1015625,-0.10546875,7.346447329069286e-40,8.264900381541701e-40,3.457096077447662e-38,379,26034337,1014.73974609375,22.31999969482422,-0.018496237695217133,382,26070357,257343571,-803440036,-19.959999084472656,0.032999999821186066,313.9132080078125,16,381
26121218,26072480,0.720947265625,0.08795166015625,0.0118408203125,0.68731689453125,0,-0.14453125,-0.1015625,-0.10546875,nan,8.264956433480274e-40,3.489844422558933e-38,380,26073546,1014.738037109375,22.31999969482422,-0.005284639075398445,383,26121215,257343571,-803440036,-19.959999084472656,0.024000000208616257,313.9132080078125,16,382
26175173,26125271,0.720947265625,0.08795166015625,0.0118408203125,0.68731689453125,3,0.046875,-0.109375,0.05078125,nan,8.264956433480274e-40,3.489844422558933e-38,381,26126337,1014.705078125,22.31999969482422,0.26951658725738525,384,26175170,257343571,-803440036,-19.94700050354004,0.02800000086426735,313.9132080078125,16,383
26221963,26178558,0.72064208984375,0.0894775390625,0.01055908203125,0.68743896484375,0,0.046875,-0.109375,0.05078125,nan,8.264956433480274e-40,3.489844422558933e-38,382,26179623,1014.735595703125,22.31999969482422,0.015853917226195335,385,26221960,257343571,-803440036,-19.948999404907227,0.02199999988079071,313.9132080078125,16,384
26276165,26230271,0.72064208984375,0.0894775390625,0.01055908203125,0.68743896484375,3,-0.23046875,-0.05078125,0.01953125,nan,8.264956433480274e-40,3.489844422558933e-38,383,26231337,1014.72314453125,22.309999465942383,0.12154670059680939,386,26276162,257343571,-803440036,-19.950000762939453,0.03400000184774399,313.9132080078125,16,385
26321488,26283480,0.72064208984375,0.0894775390625,0.01055908203125,0.68743896484375,0,-0.23046875,-0.05078125,0.01953125,-2.9641729543497694e+38,8.264830316618485e-40,3.540751073430618e-38,384,26284546,1014.72412109375,22.31999969482422,0.1109774187207222,387,26321485,257343571,-803440036,-19.93400001525879,0.003000000026077032,313.9132080078125,16,386
26375048,26323271,0.72064208984375,0.0894775390625,0.01055908203125,0.68743896484375,3,-0.3671875,0.0078125,-0.08203125,-2.9641729543497694e+38,8.264830316618485e-40,3.540751073430618e-38,385,26324337,1014.740966796875,22.31999969482422,-0.029065515846014023,388,26375045,257343571,-803440036,-19.93199920654297,0.03700000047683716,313.9132080078125,16,387
26420435,26377480,0.72064208984375,0.0894775390625,0.01055908203125,0.68743896484375,3,0.15234375,0.0078125,0.01171875,-2.9641729543497694e+38,8.264830316618485e-40,3.540751073430618e-38,386,26378545,1014.7158203125,22.31999969482422,0.17967772483825684,389,26420432,257343571,-803440035,-19.929000854492188,0.04699999839067459,313.9132080078125,16,388
26472497,26429374,0.72064208984375,0.0894775390625,0.01055908203125,0.68743896484375,0,0.15234375,0.0078125,0.01171875,nan,7.346993835470373e-40,3.5812418728169763e-38,387,26430439,1014.700439453125,22.309999465942383,0.3065090775489807,390,26472494,257343571,-803440036,-19.937999725341797,0.03099999949336052,313.9132080078125,16,389
26521149,26482480,0.72064208984375,0.0894775390625,0.01055908203125,0.68743896484375,3,0.13671875,-0.0078125,0.02734375,nan,7.346993835470373e-40,3.5812418728169763e-38,388,26483545,1014.740234375,22.309999465942383,-0.02113855630159378,391,26521147,257343571,-803440036,-19.929000854492188,0.04699999839067459,313.9132080078125,16,390
26575963,26523349,0.719482421875,0.10089111328125,0.01702880859375,0.6868896484375,0,0.13671875,-0.0078125,0.02734375,nan,7.346993835470373e-40,3.5812418728169763e-38,389,26524415,1014.72802734375,22.309999465942383,0.07926958799362183,392,26575960,257343571,-803440036,-19.917999267578125,0.00800000037997961,313.9132080078125,16,391
26675157,26650480,0.719482421875,0.10089111328125,0.01702880859375,0.6868896484375,3,0.2890625,-0.0390625,-0.05078125,nan,7.346993835470373e-40,3.5812418728169763e-38,390,26651546,1014.718017578125,22.309999465942383,0.16382381319999695,393,26675154,257343571,-803440036,-19.90999984741211,0.013000000268220901,313.9132080078125,16,392
26722311,26680373,0.719482421875,0.10089111328125,0.01702880859375,0.6868896484375,0,0.2890625,-0.0390625,-0.05078125,nan,8.264830316618485e-40,3.6333116014140507e-38,391,26681439,1014.76806640625,22.31999969482422,-0.25366267561912537,394,26722309,257343572,-803440036,-19.902000427246094,0.05000000074505806,313.9132080078125,16,393
26770428,26733480,0.719482421875,0.10089111328125,0.01702880859375,0.6868896484375,3,-0.0703125,-0.0546875,-0.05078125,nan,8.264830316618485e-40,3.6333116014140507e-38,392,26734545,1014.722900390625,22.309999465942383,0.12154670059680939,395,26770426,257343571,-803440036,-19.895999908447266,0.014000000432133675,313.9132080078125,16,394
26827468,26772349,0.719482421875,0.10089111328125,0.01702880859375,0.6868896484375,0,-0.0703125,-0.0546875,-0.05078125,nan,7.3469377835318e-40,3.6810176865932176e-38,393,26773415,1014.73193359375,22.309999465942383,0.04756174981594086,396,26827466,257343571,-803440036,-19.9060001373291,0.010999999940395355,313.9132080078125,16,395
26875069,26829480,0.719482421875,0.10089111328125,0.01702880859375,0.6868896484375,3,-0.03125,0.015625,-0.01171875,nan,7.3469377835318e-40,3.6810176865932176e-38,394,26830546,1014.728515625,22.309999465942383,0.07398495078086853,397,26875066,257343571,-803440036,-19.913999557495117,0.019999999552965164,313.9132080078125,16,396
26926287,26882374,0.719482421875,0.10089111328125,0.01702880859375,0.6868896484375,0,-0.03125,0.015625,-0.01171875,nan,8.264844329603128e-40,3.707088564262288e-38,395,26883439,1014.728271484375,22.309999465942383,0.07926958799362183,398,26926284,257343571,-803440036,-19.9060001373291,0.00800000037997961,313.9132080078125,16,397
26972483,26935373,0.719482421875,0.10089111328125,0.01702880859375,0.6868896484375,0,-0.03125,0.015625,-0.01171875,nan,7.346881731593227e-40,3.723048232732176e-38,396,26936439,1014.743408203125,22.309999465942383,-0.04756174981594086,399,26972480,257343571,-803440036,-19.898000717163086,0.01600000075995922,313.9132080078125,16,398
27022259,26974480,0.719482421875,0.10089111328125,0.01702880859375,0.6868896484375,0,-0.03125,0.015625,-0.01171875,nan,8.264872355572414e-40,3.7425896200768786e-38,397,26975546,1014.747314453125,22.309999465942383,-0.08191190659999847,400,27022256,257343571,-803440036,-19.895999908447266,0.013000000268220901,313.9132080078125,16,399
27070264,27027063,0.719482421875,0.10089111328125,0.01702880859375,0.6868896484375,3,0.296875,0.16796875,0.296875,nan,8.264872355572414e-40,3.7425896200768786e-38,398,27028128,1014.720703125,22.309999465942383,0.14268524944782257,401,27070262,257343571,-803440036,-19.898000717163086,0.041999999433755875,313.9132080078125,16,400
27122258,27079767,0.7213134765625,0.10589599609375,0.015625,0.68426513671875,0,0.296875,0.16796875,0.296875,nan,8.264872355572414e-40,3.7425896200768786e-38,399,27080832,1014.754150390625,22.31999969482422,-0.13740061223506927,402,27122256,257343571,-803440036,-19.895999908447266,0.017000000923871994,313.9132080078125,16,401
27170466,27132087,0.7213134765625,0.10589599609375,0.015625,0.68426513671875,3,-0.01953125,-0.078125,0.1875,nan,8.264872355572414e-40,3.7425896200768786e-38,400,27133152,1014.76953125,22.309999465942383,-0.26423195004463196,403,27170463,257343571,-803440036,-19.89900016784668,0.032999999821186066,313.9132080078125,16,402
27223145,27172689,0.7213134765625,0.10589599609375,0.015625,0.68426513671875,0,-0.01953125,-0.078125,0.1875,6.152989452973126e-39,7.347568367840746e-40,3.7978153530753054e-38,401,27173754,1014.7548828125,22.309999465942383,-0.14268524944782257,404,27223142,257343571,-803440036,-19.905000686645508,0.029999999329447746,313.9132080078125,16,403
27268175,27225140,0.719970703125,0.10430908203125,0.00836181640625,0.68603515625,0,-0.01953125,-0.078125,0.1875,6.152989452973126e-39,7.347568367840746e-40,3.7978153530753054e-38,402,27226206,1014.75146484375,22.31999969482422,-0.11626206338405609,405,27268172,257343571,-803440036,-19.893999099731445,0.014999999664723873,313.9132080078125,16,404
27320423,27277713,0.719970703125,0.10430908203125,0.00836181640625,0.68603515625,3,-0.125,0.046875,-0.01171875,6.152989452973126e-39,7.347568367840746e-40,3.7978153530753054e-38,403,27278779,1014.764892578125,22.309999465942383,-0.2272394746541977,406,27320420,257343570,-803440036,-19.89900016784668,0.02199999988079071,313.9132080078125,16,405
27372338,27330063,0.719970703125,0.10430908203125,0.00836181640625,0.68603515625,3,0.1015625,0.0390625,0.10546875,6.152989452973126e-39,7.347568367840746e-40,3.7978153530753054e-38,404,27331128,1014.758544921875,22.309999465942383,-0.17439308762550354,407,27372335,257343570,-803440036,-19.900999069213867,0.019999999552965164,313.9132080078125,16,406
27420273,27383795,0.719970703125,0.10430908203125,0.00836181640625,0.68603515625,3,-0.08203125,-0.109375,0.12890625,6.152989452973126e-39,7.347568367840746e-40,3.7978153530753054e-38,405,27384861,1014.75634765625,22.309999465942383,-0.155896857380867,408,27420270,257343571,-803440036,-19.895000457763672,0.035999998450279236,313.9132080078125,16,407
27470569,27421956,0.719970703125,0.10430908203125,0.00836181640625,0.68603515625,0,-0.08203125,-0.109375,0.12890625,-3.4028224522648084e+38,8.263092706522722e-40,3.8619275604150944e-38,406,27423021,1014.747802734375,22.31999969482422,-0.08455422520637512,409,27470566,257343571,-803440036,-19.891000747680664,0.03099999949336052,313.9132080078125,16,408
27522467,27474480,0.719970703125,0.10430908203125,0.00836181640625,0.68603515625,3,0.0546875,-0.171875,0.25,-3.4028224522648084e+38,8.263092706522722e-40,3.8619275604150944e-38,407,27475546,1014.72119140625,22.31999969482422,0.13740061223506927,410,27522464,257343570,-803440036,-19.88599967956543,0.03799999877810478,313.9132080078125,16,409
27570375,27527373,0.719970703125,0.10430908203125,0.00836181640625,0.68603515625,0,0.0546875,-0.171875,0.25,nan,8.264718212741339e-40,3.885920032201878e-38,408,27528439,1014.755859375,22.309999465942383,-0.1506122201681137,411,27570372,257343570,-803440036,-19.891000747680664,0.019999999552965164,313.9132080078125,16,410
27622263,27580456,0.724609375,0.1134033203125,0.010009765625,0.6796875,0,0.0546875,-0.171875,0.25,nan,8.264718212741339e-40,3.885920032201878e-38,409,27581521,1014.759033203125,22.309999465942383,-0.17967772483825684,412,27622260,257343570,-803440036,-19.892000198364258,0.04899999871850014,313.9132080078125,16,411
