t_us,imu_t_us,imu_q0,imu_q1,imu_q2,imu_q3,imu_calib,imu_seq,baro_t_us,baro_pressure_hPa,baro_temperature_C,baro_altitude_m,baro_seq,gnss_t_us,gnss_lat_e7,gnss_lon_e7,gnss_alt_m,gnss_speed_mps,gnss_heading_deg,gnss_sats_used,gnss_seq
9793135,0,1.0,0.0,0.0,0.0,0,0,9770340,1015.509521484375,23.18000030517578,-18.784250259399414,1,9793132,0,0,0.0,0.0,0.0,0,1
9840092,9809708,0.2864990234375,0.34808349609375,-0.0489501953125,-0.89129638671875,0,1,9810774,1015.533935546875,23.200000762939453,-18.987709045410156,2,9840089,0,0,0.0,0.0,0.0,0,2
9897059,9843306,0.28350830078125,0.3468017578125,-0.049560546875,-0.8927001953125,0,2,9844372,1015.513671875,23.209999084472656,-18.818599700927734,3,9897057,0,0,0.0,0.0,0.0,0,3
9940134,9898305,0.2818603515625,0.34588623046875,-0.05010986328125,-0.8935546875,0,3,9899372,1015.508056640625,23.219999313354492,-18.771038055419922,4,9940131,0,0,0.0,0.0,0.0,0,4
9993130,9950924,0.27838134765625,0.3450927734375,-0.0523681640625,-0.894775390625,0,4,9951990,1015.50830078125,23.229999542236328,-18.773679733276367,5,9993127,0,0,0.0,0.0,0.0,0,5
10044059,10002490,0.27496337890625,0.34503173828125,-0.05474853515625,-0.895751953125,0,5,10003556,1015.516845703125,23.25,-18.845022201538086,6,10044056,0,0,0.0,0.0,0.0,0,6
10092066,10055675,0.27227783203125,0.3446044921875,-0.055908203125,-0.89666748046875,0,6,10056741,1015.532958984375,23.25,-18.97713851928711,7,10092063,0,0,0.0,0.0,0.0,0,7
10142060,10093675,0.27001953125,0.34429931640625,-0.05633544921875,-0.89739990234375,0,7,10094741,1015.509033203125,23.25,-18.77896499633789,8,10142057,0,0,0.0,0.0,0.0,0,8
10194059,10146305,0.2691650390625,0.34429931640625,-0.05633544921875,-0.897705078125,0,8,10147371,1015.50830078125,23.260000228881836,-18.773679733276367,9,10194056,0,0,0.0,0.0,0.0,0,9
10240133,10198490,0.26776123046875,0.34442138671875,-0.05474853515625,-0.89813232421875,0,9,10199556,1015.5419921875,23.270000457763672,-19.05376625061035,10,10240130,0,0,0.0,0.0,0.0,0,10
10292059,10250490,0.26605224609375,0.34356689453125,-0.0531005859375,-0.89910888671875,0,10,10251556,1015.54345703125,23.280000686645508,-19.064334869384766,11,10292057,0,0,0.0,0.0,0.0,0,11
10345132,10302924,0.26708984375,0.34423828125,-0.051025390625,-0.898681640625,0,11,10303990,1015.541259765625,23.280000686645508,-19.048480987548828,12,10345129,0,0,0.0,0.0,0.0,0,12
10392059,10355675,0.2679443359375,0.34405517578125,-0.0489501953125,-0.8985595703125,0,12,10356741,1015.5146484375,23.290000915527344,-18.826526641845703,13,10392057,0,0,0.0,0.0,0.0,0,13
10442059,10393675,0.2698974609375,0.3447265625,-0.0472412109375,-0.8978271484375,0,13,10394741,1015.522705078125,23.290000915527344,-18.8925838470459,14,10442056,0,0,0.0,0.0,0.0,0,14
10494065,10446305,0.2701416015625,0.34466552734375,-0.046875,-0.89776611328125,0,14,10447371,1015.552490234375,23.290000915527344,-19.140962600708008,15,10494062,0,0,0.0,0.0,0.0,0,15
10540130,10498490,0.2725830078125,0.34478759765625,-0.04522705078125,-0.8970947265625,0,15,10499556,1015.533203125,23.299999237060547,-18.979782104492188,16,10540127,0,0,0.0,0.0,0.0,0,16
10592060,10550490,0.27484130859375,0.3443603515625,-0.0439453125,-0.89666748046875,0,16,10551556,1015.51904296875,23.299999237060547,-18.8635196685791,17,10592057,0,0,0.0,0.0,0.0,0,17
10645059,10602739,0.2783203125,0.34344482421875,-0.0426025390625,-0.89599609375,0,17,10603805,1015.540283203125,23.309999465942383,-19.037912368774414,18,10645056,0,0,0.0,0.0,0.0,0,18
10692059,10655740,0.28070068359375,0.3426513671875,-0.04119873046875,-0.8956298828125,0,18,10656805,1015.51953125,23.309999465942383,-18.866161346435547,19,10692056,0,0,0.0,0.0,0.0,0,19
10741357,10693490,0.2825927734375,0.34136962890625,-0.0400390625,-0.89556884765625,0,19,10694556,1015.5390625,23.309999465942383,-19.029985427856445,20,10741354,0,0,0.0,0.0,0.0,0,20
10793124,10745555,0.282958984375,0.34112548828125,-0.03985595703125,-0.8955078125,0,20,10746621,1015.520751953125,23.309999465942383,-18.87672996520996,21,10793121,0,0,0.0,0.0,0.0,0,21
10840129,10797675,0.28369140625,0.34002685546875,-0.0391845703125,-0.895751953125,0,21,10798741,1015.528076171875,23.309999465942383,-18.937503814697266,22,10840126,0,0,0.0,0.0,0.0,0,22
10899060,10850740,0.28387451171875,0.3394775390625,-0.0390625,-0.8958740234375,0,22,10851806,1015.531005859375,23.31999969482422,-18.961284637451172,23,10899057,0,0,0.0,0.0,0.0,0,23
10945125,10903490,0.28369140625,0.339111328125,-0.03961181640625,-0.89605712890625,0,23,10904556,1015.517578125,23.31999969482422,-18.85030746459961,24,10945122,0,0,0.0,0.0,0.0,0,24
10991179,10955490,0.2822265625,0.33795166015625,-0.04095458984375,-0.89691162109375,0,24,10956556,1015.52587890625,23.31999969482422,-18.919008255004883,25,10991176,0,0,0.0,0.0,0.0,0,25
11043334,10994675,0.2813720703125,0.33697509765625,-0.04156494140625,-0.89752197265625,0,25,10995741,1015.4931640625,23.31999969482422,-18.646848678588867,26,11043331,0,0,0.0,0.0,0.0,0,26
11094059,11046305,0.2808837890625,0.336669921875,-0.04180908203125,-0.89776611328125,0,26,11047371,1015.518310546875,23.31999969482422,-18.855592727661133,27,11094057,0,0,0.0,0.0,0.0,0,27
11140060,11098490,0.2774658203125,0.33489990234375,-0.0428466796875,-0.89947509765625,0,27,11099556,1015.539794921875,23.329999923706055,-19.03527069091797,28,11140057,0,0,0.0,0.0,0.0,0,28
11192060,11150490,0.2745361328125,0.3360595703125,-0.04534912109375,-0.8997802734375,0,28,11151556,1015.523681640625,23.329999923706055,-18.900510787963867,29,11192057,0,0,0.0,0.0,0.0,0,29
11245334,11202675,0.270751953125,0.338623046875,-0.04949951171875,-0.8997802734375,0,29,11203741,1015.53271484375,23.329999923706055,-18.97713851928711,30,11245331,0,0,0.0,0.0,0.0,0,30
11291188,11254740,0.269775390625,0.3431396484375,-0.0543212890625,-0.8980712890625,0,30,11255806,1015.51708984375,23.329999923706055,-18.847665786743164,31,11291185,0,0,0.0,0.0,0.0,0,31
11342060,11293675,0.268798828125,0.346435546875,-0.05950927734375,-0.89678955078125,0,31,11294741,1015.525390625,23.34000015258789,-18.916364669799805,32,11342057,0,0,0.0,0.0,0.0,0,32
11393121,11345555,0.26898193359375,0.34747314453125,-0.06121826171875,-0.89617919921875,0,32,11346621,1015.537841796875,23.34000015258789,-19.01941680908203,33,11393118,0,0,0.0,0.0,0.0,0,33
11445343,11397490,0.2686767578125,0.3480224609375,-0.06646728515625,-0.89569091796875,0,33,11398556,1015.51416015625,23.329999923706055,-18.82124137878418,34,11445340,0,0,0.0,0.0,0.0,0,34
11492059,11449739,0.26788330078125,0.347900390625,-0.0687255859375,-0.89581298828125,0,34,11450805,1015.53857421875,23.34000015258789,-19.024700164794922,35,11492056,0,0,0.0,0.0,0.0,0,35
11544059,11501860,0.2664794921875,0.3465576171875,-0.06964111328125,-0.89666748046875,0,35,11502926,1015.505859375,23.34000015258789,-18.75254249572754,36,11544057,0,0,0.0,0.0,0.0,0,36
11591059,11554859,0.2650146484375,0.34490966796875,-0.0699462890625,-0.897705078125,0,36,11555926,1015.53173828125,23.34000015258789,-18.96921157836914,37,11591057,0,0,0.0,0.0,0.0,0,37
11640059,11592490,0.26361083984375,0.34271240234375,-0.070068359375,-0.89892578125,0,37,11593556,1015.4873046875,23.34000015258789,-18.599287033081055,38,11640056,0,0,0.0,0.0,0.0,0,38
11692060,11644555,0.26300048828125,0.34185791015625,-0.07012939453125,-0.89947509765625,0,38,11645621,1015.53125,23.34000015258789,-18.96392822265625,39,11692057,0,0,0.0,0.0,0.0,0,39
11744060,11696305,0.26031494140625,0.33966064453125,-0.0701904296875,-0.90106201171875,0,39,11697371,1015.508544921875,23.34000015258789,-18.776323318481445,40,11744057,0,0,0.0,0.0,0.0,0,40
11791125,11748924,0.25933837890625,0.3388671875,-0.07012939453125,-0.90167236328125,0,40,11749991,1015.511474609375,23.34000015258789,-18.80010414123535,41,11791122,0,0,0.0,0.0,0.0,0,41
11843117,11801490,0.25775146484375,0.3380126953125,-0.0699462890625,-0.9024658203125,0,41,11802556,1015.5068359375,23.34000015258789,-18.760469436645508,42,11843114,0,0,0.0,0.0,0.0,0,42
11895124,11853490,0.25762939453125,0.3377685546875,-0.06915283203125,-0.90264892578125,0,42,11854556,1015.51171875,23.34000015258789,-18.802745819091797,43,11895121,0,0,0.0,0.0,0.0,0,43
11941172,11905490,0.25787353515625,0.33770751953125,-0.06884765625,-0.902587890625,0,43,11906556,1015.51025390625,23.350000381469727,-18.789533615112305,44,11941169,0,0,0.0,0.0,0.0,0,44
11992060,11943675,0.25830078125,0.3382568359375,-0.06842041015625,-0.90234375,0,44,11944741,1015.53076171875,23.350000381469727,-18.958642959594727,45,11992057,0,0,0.0,0.0,0.0,0,45
12043114,11995555,0.25885009765625,0.33880615234375,-0.06805419921875,-0.9019775390625,0,45,11996621,1015.488037109375,23.350000381469727,-18.607213973999023,46,12043111,0,0,0.0,0.0,0.0,0,46
12090060,12047675,0.26025390625,0.3404541015625,-0.06756591796875,-0.9010009765625,0,46,12048741,1015.511962890625,23.360000610351562,-18.805387496948242,47,12090057,0,0,0.0,0.0,0.0,0,47
12142059,12099924,0.2618408203125,0.341552734375,-0.0662841796875,-0.90020751953125,0,47,12100990,1015.51611328125,23.360000610351562,-18.839738845825195,48,12142056,0,0,0.0,0.0,0.0,0,48
12193113,12151490,0.26458740234375,0.34295654296875,-0.064453125,-0.89898681640625,0,48,12152556,1015.541015625,23.350000381469727,-19.045839309692383,49,12193111,0,0,0.0,0.0,0.0,0,49
12240073,12203859,0.266845703125,0.34442138671875,-0.06280517578125,-0.89788818359375,0,49,12204926,1015.532958984375,23.350000381469727,-18.97713851928711,50,12240070,0,0,0.0,0.0,0.0,0,50
12291170,12243490,0.2689208984375,0.3448486328125,-0.060791015625,-0.89727783203125,0,50,12244556,1015.5087890625,23.350000381469727,-18.776323318481445,51,12291167,0,0,0.0,0.0,0.0,0,51
12344060,12296305,0.27056884765625,0.34515380859375,-0.0594482421875,-0.896728515625,0,51,12297371,1015.5185546875,23.360000610351562,-18.858234405517578,52,12344057,0,0,0.0,0.0,0.0,0,52
12395112,12347490,0.2735595703125,0.3460693359375,-0.0576171875,-0.89556884765625,0,52,12348556,1015.512939453125,23.360000610351562,-18.81331443786621,53,12395109,0,0,0.0,0.0,0.0,0,53
12442059,12399740,0.27618408203125,0.347412109375,-0.056396484375,-0.89434814453125,0,53,12400805,1015.5263671875,23.360000610351562,-18.924291610717773,54,12442056,0,0,0.0,0.0,0.0,0,54
12494059,12452490,0.27789306640625,0.34820556640625,-0.05535888671875,-0.8935546875,0,54,12453556,1015.533447265625,23.360000610351562,-18.982423782348633,55,12494056,0,0,0.0,0.0,0.0,0,55
12540070,12504490,0.27923583984375,0.34869384765625,-0.0548095703125,-0.89300537109375,0,55,12505556,1015.504638671875,23.360000610351562,-18.74461555480957,56,12540067,0,0,0.0,0.0,0.0,0,56
12595059,12541490,0.27899169921875,0.34814453125,-0.05523681640625,-0.89324951171875,0,56,12542556,1015.535888671875,23.360000610351562,-19.003562927246094,57,12595057,0,0,0.0,0.0,0.0,0,57
12644059,12596305,0.27862548828125,0.34796142578125,-0.05548095703125,-0.8934326171875,0,57,12597372,1015.528076171875,23.360000610351562,-18.937503814697266,58,12644056,0,0,0.0,0.0,0.0,0,58
12690070,12648490,0.27740478515625,0.34814453125,-0.0570068359375,-0.8936767578125,0,58,12649556,1015.54296875,23.3700008392334,-19.06169319152832,59,12690067,0,0,0.0,0.0,0.0,0,59
12742059,12700490,0.27447509765625,0.347900390625,-0.05877685546875,-0.89453125,0,59,12701556,1015.52197265625,23.3700008392334,-18.887300491333008,60,12742057,0,0,0.0,0.0,0.0,0,60
12795119,12752675,0.27215576171875,0.34747314453125,-0.06085205078125,-0.895263671875,0,60,12753741,1015.510986328125,23.3700008392334,-18.797460556030273,61,12795116,0,0,0.0,0.0,0.0,0,61
12842059,12805924,0.269775390625,0.346923828125,-0.06329345703125,-0.89605712890625,0,61,12806990,1015.524169921875,23.3799991607666,-18.90579605102539,62,12842057,0,0,0.0,0.0,0.0,0,62
12897060,12843490,0.26763916015625,0.3466796875,-0.06658935546875,-0.89654541015625,0,62,12844556,1015.518310546875,23.3799991607666,-18.855592727661133,63,12897057,0,0,0.0,0.0,0.0,0,63
12940111,12898555,0.2667236328125,0.3460693359375,-0.0677490234375,-0.89691162109375,0,63,12899621,1015.521240234375,23.3700008392334,-18.882015228271484,64,12940108,0,0,0.0,0.0,0.0,0,64
12994059,12951675,0.2647705078125,0.3447265625,-0.07080078125,-0.89776611328125,0,64,12952741,1015.53955078125,23.3700008392334,-19.03262710571289,65,12994057,0,0,0.0,0.0,0.0,0,65
13040067,13003675,0.2623291015625,0.3436279296875,-0.0731201171875,-0.89874267578125,0,65,13004741,1015.52294921875,23.3700008392334,-18.895227432250977,66,13040064,0,0,0.0,0.0,0.0,0,66
13090059,13041740,0.262451171875,0.34332275390625,-0.0750732421875,-0.898681640625,0,66,13042806,1015.519775390625,23.3700008392334,-18.868803024291992,67,13090056,0,0,0.0,0.0,0.0,0,67
13142059,13094490,0.2613525390625,0.342041015625,-0.0772705078125,-0.8992919921875,0,67,13095556,1015.518310546875,23.3700008392334,-18.855592727661133,68,13142056,0,0,0.0,0.0,0.0,0,68
13194060,13146490,0.2613525390625,0.34173583984375,-0.08001708984375,-0.899169921875,0,68,13147556,1015.517822265625,23.3799991607666,-18.852949142456055,69,13194057,0,0,0.0,0.0,0.0,0,69
13241161,13198675,0.259765625,0.34112548828125,-0.082275390625,-0.899658203125,0,69,13199741,1015.541259765625,23.3700008392334,-19.048480987548828,70,13241158,0,0,0.0,0.0,0.0,0,70
13293106,13250739,0.258056640625,0.34063720703125,-0.0833740234375,-0.90020751953125,0,70,13251805,1015.504638671875,23.3700008392334,-18.74461555480957,71,13293103,0,0,0.0,0.0,0.0,0,71
13344059,13302490,0.25604248046875,0.340576171875,-0.08392333984375,-0.90081787109375,0,71,13303556,1015.5302734375,23.3799991607666,-18.95600128173828,72,13344056,0,0,0.0,0.0,0.0,0,72
13391160,13354675,0.2537841796875,0.34033203125,-0.08367919921875,-0.90155029296875,0,72,13355741,1015.502685546875,23.3700008392334,-18.726118087768555,73,13391157,0,0,0.0,0.0,0.0,0,73
13440063,13392490,0.25299072265625,0.34075927734375,-0.08343505859375,-0.901611328125,0,73,13393556,1015.510498046875,23.3799991607666,-18.792177200317383,74,13440060,0,0,0.0,0.0,0.0,0,74
13492059,13444490,0.252685546875,0.34100341796875,-0.08294677734375,-0.90167236328125,0,74,13445556,1015.544677734375,23.3799991607666,-19.074905395507812,75,13492057,0,0,0.0,0.0,0.0,0,75
13544060,13496490,0.25360107421875,0.34124755859375,-0.08111572265625,-0.9014892578125,0,75,13497556,1015.52392578125,23.3799991607666,-18.903154373168945,76,13544057,0,0,0.0,0.0,0.0,0,76
13591059,13548675,0.2554931640625,0.3414306640625,-0.07867431640625,-0.90106201171875,0,76,13549741,1015.52392578125,23.3799991607666,-18.903154373168945,77,13591056,0,0,0.0,0.0,0.0,0,77
13643103,13600924,0.25994873046875,0.342529296875,-0.07403564453125,-0.8997802734375,0,77,13601990,1015.505126953125,23.3700008392334,-18.747257232666016,78,13643100,0,0,0.0,0.0,0.0,0,78
13695313,13653490,0.27020263671875,0.34521484375,-0.06390380859375,-0.89654541015625,0,78,13654556,1015.526611328125,23.3700008392334,-18.92693519592285,79,13695310,0,0,0.0,0.0,0.0,0,79
13742059,13705675,0.302734375,0.358154296875,-0.03631591796875,-0.88250732421875,0,79,13706741,1015.51611328125,23.3799991607666,-18.839738845825195,80,13742057,0,0,0.0,0.0,0.0,0,80
13791110,13743490,0.3299560546875,0.37664794921875,-0.010009765625,-0.86553955078125,0,80,13744556,1015.515625,23.3700008392334,-18.834453582763672,81,13791107,0,0,0.0,0.0,0.0,0,81
13843100,13795305,0.3424072265625,0.3839111328125,0.0076904296875,-0.85748291015625,0,81,13796371,1015.533203125,23.3700008392334,-18.979782104492188,82,13843097,0,0,0.0,0.0,0.0,0,82
13895101,13847490,0.36981201171875,0.3935546875,0.04278564453125,-0.84051513671875,0,82,13848556,1015.5283203125,23.3700008392334,-18.940147399902344,83,13895098,0,0,0.0,0.0,0.0,0,83
13941156,13898675,0.383056640625,0.38616943359375,0.0859375,-0.834716796875,0,83,13899741,1015.54638671875,23.3799991607666,-19.09075927734375,84,13941153,0,0,0.0,0.0,0.0,0,84
13992059,13949740,0.38702392578125,0.3533935546875,0.146484375,-0.83892822265625,0,84,13950806,1015.500732421875,23.360000610351562,-18.710264205932617,85,13992056,0,0,0.0,0.0,0.0,0,85
14044059,14002490,0.38763427734375,0.30914306640625,0.19952392578125,-0.84521484375,0,85,14003556,1015.483154296875,23.360000610351562,-18.564937591552734,86,14044056,0,0,0.0,0.0,0.0,0,86
14091060,14054675,0.37384033203125,0.2557373046875,0.25390625,-0.8546142578125,0,86,14055741,1015.521484375,23.360000610351562,-18.882015228271484,87,14091057,0,0,0.0,0.0,0.0,0,87
14140103,14092490,0.3614501953125,0.22711181640625,0.2767333984375,-0.86090087890625,0,87,14093556,1015.501220703125,23.360000610351562,-18.71554946899414,88,14140100,0,0,0.0,0.0,0.0,0,88
14192060,14144305,0.35662841796875,0.2030029296875,0.283203125,-0.8668212890625,0,88,14145371,1015.518310546875,23.360000610351562,-18.855592727661133,89,14192057,0,0,0.0,0.0,0.0,0,89
14244059,14196490,0.366943359375,0.1640625,0.2738037109375,-0.873779296875,0,89,14197556,1015.529296875,23.360000610351562,-18.948074340820312,90,14244056,0,0,0.0,0.0,0.0,0,90
14295106,14247490,0.38714599609375,0.13983154296875,0.24273681640625,-0.87841796875,0,90,14248556,1015.507568359375,23.360000610351562,-18.768396377563477,91,14295103,0,0,0.0,0.0,0.0,0,91
14342060,14299740,0.40838623046875,0.11187744140625,0.1947021484375,-0.884765625,0,91,14300805,1015.536865234375,23.360000610351562,-19.011489868164062,92,14342057,0,0,0.0,0.0,0.0,0,92
14393098,14351490,0.4195556640625,0.1024169921875,0.15093994140625,-0.88922119140625,0,92,14352556,1015.50244140625,23.360000610351562,-18.726118087768555,93,14393095,0,0,0.0,0.0,0.0,0,93
14444064,14402490,0.43975830078125,0.1116943359375,0.1065673828125,-0.884765625,0,93,14403556,1015.53466796875,23.360000610351562,-18.992992401123047,94,14444061,0,0,0.0,0.0,0.0,0,94
14490063,14454490,0.4703369140625,0.1124267578125,0.07330322265625,-0.8721923828125,0,94,14455556,1015.52587890625,23.360000610351562,-18.919008255004883,95,14490060,0,0,0.0,0.0,0.0,0,95
14540059,14491740,0.4962158203125,0.11236572265625,0.0526123046875,-0.85931396484375,0,95,14492805,1015.521484375,23.360000610351562,-18.882015228271484,96,14540057,0,0,0.0,0.0,0.0,0,96
14591059,14543490,0.539306640625,0.11102294921875,0.039306640625,-0.8338623046875,0,96,14544556,1015.53662109375,23.360000610351562,-19.008846282958984,97,14591057,0,0,0.0,0.0,0.0,0,97
14642059,14594490,0.60205078125,0.10986328125,0.0311279296875,-0.790283203125,0,97,14595556,1015.524169921875,23.360000610351562,-18.90579605102539,98,14642057,0,0,0.0,0.0,0.0,0,98
14694059,14646490,0.64642333984375,0.1005859375,0.0299072265625,-0.7557373046875,0,98,14647556,1015.516357421875,23.360000610351562,-18.839738845825195,99,14694057,0,0,0.0,0.0,0.0,0,99
14745304,14697490,0.70343017578125,0.08917236328125,0.0301513671875,-0.7044677734375,0,99,14698556,1015.528076171875,23.3700008392334,-18.937503814697266,100,14745301,0,0,0.0,0.0,0.0,0,100
14791101,14749490,0.752685546875,0.07952880859375,0.0321044921875,-0.6527099609375,0,100,14750556,1015.529541015625,23.360000610351562,-18.950716018676758,101,14791098,0,0,0.0,0.0,0.0,0,101
14844062,14801924,0.7894287109375,0.083984375,0.0369873046875,-0.60693359375,0,101,14802990,1015.525634765625,23.3700008392334,-18.919008255004883,102,14844059,0,0,0.0,0.0,0.0,0,102
14895099,14853490,0.83642578125,0.0927734375,0.03662109375,-0.53887939453125,0,102,14854556,1015.50048828125,23.360000610351562,-18.710264205932617,103,14895096,0,0,0.0,0.0,0.0,0,103
14941100,14905490,0.87872314453125,0.1097412109375,0.0396728515625,-0.46282958984375,0,103,14906556,1015.52001953125,23.360000610351562,-18.87144660949707,104,14941097,0,0,0.0,0.0,0.0,0,104
14993091,14944740,0.9024658203125,0.1337890625,0.0419921875,-0.4073486328125,0,104,14945806,1015.5302734375,23.3700008392334,-18.95600128173828,105,14993088,0,0,0.0,0.0,0.0,0,105
15044060,14996305,0.914794921875,0.1502685546875,0.0430908203125,-0.37249755859375,0,105,14997371,1015.5390625,23.3799991607666,-19.029985427856445,106,15044057,0,0,0.0,0.0,0.0,0,106
15091146,15049490,0.93048095703125,0.1636962890625,0.04095458984375,-0.32513427734375,0,106,15050556,1015.52001953125,23.3700008392334,-18.87144660949707,107,15091143,0,0,0.0,0.0,0.0,0,107
15145090,15102675,0.94384765625,0.17327880859375,0.03875732421875,-0.27862548828125,0,107,15103741,1015.5234375,23.3700008392334,-18.900510787963867,108,15145087,0,0,0.0,0.0,0.0,0,108
15191145,15154675,0.94403076171875,0.18536376953125,0.04986572265625,-0.268310546875,0,108,15155741,1015.507080078125,23.360000610351562,-18.763111114501953,109,15191142,0,0,0.0,0.0,0.0,0,109
15243088,15194860,0.93975830078125,0.18914794921875,0.06781005859375,-0.276611328125,0,109,15195926,1015.5478515625,23.360000610351562,-19.101327896118164,110,15243085,0,0,0.0,0.0,0.0,0,110
15294059,15246305,0.93475341796875,0.18408203125,0.077392578125,-0.2938232421875,0,110,15247372,1015.55029296875,23.3700008392334,-19.122467041015625,111,15294056,0,0,0.0,0.0,0.0,0,111
15340091,15297675,0.90325927734375,0.158935546875,0.10858154296875,-0.383544921875,0,111,15298741,1015.51611328125,23.3700008392334,-18.839738845825195,112,15340088,0,0,0.0,0.0,0.0,0,112
15391144,15349490,0.8653564453125,0.12896728515625,0.12939453125,-0.46673583984375,0,112,15350556,1015.529052734375,23.3700008392334,-18.945430755615234,113,15391141,0,0,0.0,0.0,0.0,0,113
15442059,15400490,0.8143310546875,0.09710693359375,0.14666748046875,-0.5531005859375,0,113,15401556,1015.513427734375,23.360000610351562,-18.81595802307129,114,15442057,0,0,0.0,0.0,0.0,0,114
15493146,15451490,0.77362060546875,0.0548095703125,0.152587890625,-0.61260986328125,0,114,15452556,1015.503662109375,23.360000610351562,-18.734045028686523,115,15493143,0,0,0.0,0.0,0.0,0,115
15545059,15503490,0.7017822265625,0.0009765625,0.1590576171875,-0.69439697265625,0,115,15504556,1015.48583984375,23.3700008392334,-18.586074829101562,116,15545056,0,0,0.0,0.0,0.0,0,116
15592059,15555675,0.1844482421875,0.04498291015625,0.15814208984375,-0.968994140625,0,116,15556741,1015.515869140625,23.360000610351562,-18.837095260620117,117,15592056,0,0,0.0,0.0,0.0,0,117
15641142,15593490,0.1007080078125,0.05108642578125,0.155517578125,-0.98138427734375,0,117,15594556,1015.53271484375,23.3700008392334,-18.97713851928711,118,15641139,0,0,0.0,0.0,0.0,0,118
15693096,15645305,0.068359375,0.051513671875,0.1505126953125,-0.98486328125,0,118,15646371,1015.535400390625,23.3700008392334,-18.99827766418457,119,15693093,0,0,0.0,0.0,0.0,0,119
15745085,15697306,0.01361083984375,0.07196044921875,0.1119384765625,-0.99102783203125,0,119,15698372,1015.5224609375,23.3700008392334,-18.8925838470459,120,15745082,0,0,0.0,0.0,0.0,0,120
15790087,15748490,0.00579833984375,-0.099609375,-0.08380126953125,0.991455078125,0,120,15749556,1015.511962890625,23.3799991607666,-18.805387496948242,121,15790084,0,0,0.0,0.0,0.0,0,121
15842059,15800490,0.01519775390625,-0.1396484375,-0.04925537109375,0.98883056640625,0,121,15801556,1015.54541015625,23.3700008392334,-19.080188751220703,122,15842057,0,0,0.0,0.0,0.0,0,122
15894065,15852490,0.02325439453125,-0.1680908203125,-0.02252197265625,0.9852294921875,0,122,15853556,1015.5185546875,23.3799991607666,-18.858234405517578,123,15894062,0,0,0.0,0.0,0.0,0,123
15940098,15903675,0.05706787109375,-0.198486328125,0.03643798828125,0.977783203125,0,123,15904741,1015.52587890625,23.3700008392334,-18.919008255004883,124,15940095,0,0,0.0,0.0,0.0,0,124
15990059,15942490,0.0606689453125,-0.22430419921875,0.046630859375,0.97149658203125,0,124,15943556,1015.546142578125,23.3700008392334,-19.088115692138672,125,15990056,0,0,0.0,0.0,0.0,0,125
16042059,15994305,0.0462646484375,-0.23382568359375,0.0426025390625,0.97027587890625,0,125,15995371,1015.543701171875,23.3700008392334,-19.066978454589844,126,16042057,0,0,0.0,0.0,0.0,0,126
16093081,15994305,0.0462646484375,-0.23382568359375,0.0426025390625,0.97027587890625,0,125,16046371,1015.5283203125,23.3799991607666,-18.940147399902344,127,16093078,0,0,0.0,0.0,0.0,0,127
16141146,16098741,0.0919189453125,-0.20440673828125,0.04364013671875,0.97357177734375,0,126,16099806,1015.53125,23.3700008392334,-18.96392822265625,128,16141143,0,0,0.0,0.0,0.0,0,128
16192059,16150490,0.0953369140625,-0.17608642578125,0.02490234375,0.97943115234375,0,127,16151556,1015.529296875,23.3700008392334,-18.948074340820312,129,16192057,0,0,0.0,0.0,0.0,0,129
16244068,16202490,0.0787353515625,-0.15313720703125,-0.00701904296875,0.98504638671875,0,128,16203556,1015.5390625,23.3799991607666,-19.029985427856445,130,16244065,0,0,0.0,0.0,0.0,0,130
16290060,16254490,0.061767578125,-0.122314453125,-0.0316162109375,0.99005126953125,0,129,16255556,1015.532470703125,23.3700008392334,-18.974496841430664,131,16290057,0,0,0.0,0.0,0.0,0,131
16340059,16291675,0.04925537109375,-0.0977783203125,-0.04547119140625,0.992919921875,0,130,16292741,1015.576904296875,23.3799991607666,-19.341779708862305,132,16340056,0,0,0.0,0.0,0.0,0,132
16391135,16343305,0.0438232421875,-0.0849609375,-0.05072021484375,0.994140625,0,131,16344371,1015.558837890625,23.3799991607666,-19.193809509277344,133,16391132,0,0,0.0,0.0,0.0,0,133
16441088,16393306,0.0164794921875,-0.0760498046875,-0.0670166015625,0.99468994140625,0,132,16394372,1015.5537109375,23.3700008392334,-19.151531219482422,134,16441085,0,0,0.0,0.0,0.0,0,134
16493060,16445490,0.00201416015625,0.068603515625,0.0775146484375,-0.99462890625,0,133,16446556,1015.524658203125,23.3700008392334,-18.911081314086914,135,16493057,0,0,0.0,0.0,0.0,0,135
16540065,16497924,0.016357421875,0.068603515625,0.09600830078125,-0.99285888671875,0,134,16498990,1015.516845703125,23.360000610351562,-18.845022201538086,136,16540062,0,0,0.0,0.0,0.0,0,136
16592064,16549675,0.01727294921875,0.07403564453125,0.108642578125,-0.99114990234375,0,135,16550741,1015.543701171875,23.360000610351562,-19.066978454589844,137,16592061,0,0,0.0,0.0,0.0,0,137
16643078,16549675,0.01727294921875,0.07403564453125,0.108642578125,-0.99114990234375,0,135,16602555,1015.552978515625,23.360000610351562,-19.143604278564453,138,16643075,0,0,0.0,0.0,0.0,0,138
16695289,16653490,0.01812744140625,-0.07427978515625,-0.15240478515625,0.9853515625,0,136,16654556,1015.537109375,23.360000610351562,-19.014131546020508,139,16695286,0,0,0.0,0.0,0.0,0,139
16741311,16705490,0.042236328125,-0.05902099609375,-0.17706298828125,0.98150634765625,0,137,16706556,1015.565185546875,23.360000610351562,-19.24665641784668,140,16741308,0,0,0.0,0.0,0.0,0,140
16791086,16742925,0.06427001953125,-0.035400390625,-0.19805908203125,0.9774169921875,0,138,16743991,1015.5625,23.360000610351562,-19.22287368774414,141,16791083,0,0,0.0,0.0,0.0,0,141
16842060,16794305,0.069580078125,-0.02947998046875,-0.20257568359375,0.97637939453125,0,139,16795371,1015.569580078125,23.360000610351562,-19.283647537231445,142,16842057,0,0,0.0,0.0,0.0,0,142
16899059,16845490,0.08746337890625,0.00238037109375,-0.21337890625,0.9730224609375,0,140,16846556,1015.552490234375,23.360000610351562,-19.140962600708008,143,16899056,0,0,0.0,0.0,0.0,0,143
16944059,16901675,0.09442138671875,0.01947021484375,-0.218505859375,0.9710693359375,0,141,16902741,1015.557861328125,23.360000610351562,-19.185882568359375,144,16944056,0,0,0.0,0.0,0.0,0,144
16995060,16953490,0.10040283203125,0.02557373046875,-0.22705078125,0.9683837890625,0,142,16954556,1015.58056640625,23.360000610351562,-19.37348747253418,145,16995057,0,0,0.0,0.0,0.0,0,145
17041059,17005490,0.1055908203125,0.0341796875,-0.229248046875,0.967041015625,0,143,17006556,1015.58984375,23.3700008392334,-19.45011329650879,146,17041056,0,0,0.0,0.0,0.0,0,146
17090065,17042490,0.1007080078125,0.0394287109375,-0.233642578125,0.96630859375,0,144,17043556,1015.5712890625,23.3700008392334,-19.296859741210938,147,17090062,0,0,0.0,0.0,0.0,0,147
17142059,17094305,0.09857177734375,0.0400390625,-0.23651123046875,0.96575927734375,0,145,17095371,1015.551513671875,23.360000610351562,-19.13303565979004,148,17142056,0,0,0.0,0.0,0.0,0,148
17190064,17148491,0.09857177734375,0.0391845703125,-0.24578857421875,0.9635009765625,0,146,17149557,1015.571533203125,23.360000610351562,-19.299501419067383,149,17190061,0,0,0.0,0.0,0.0,0,149
17244059,17201860,0.0997314453125,0.0408935546875,-0.2532958984375,0.96136474609375,0,147,17202926,1015.586669921875,23.360000610351562,-19.423690795898438,150,17244056,0,0,0.0,0.0,0.0,0,150
17290087,17253675,0.1041259765625,0.04010009765625,-0.261474609375,0.958740234375,0,148,17254741,1015.603271484375,23.360000610351562,-19.56373405456543,151,17290084,0,0,0.0,0.0,0.0,0,151
17345072,17291490,0.1065673828125,0.0411376953125,-0.2681884765625,0.95660400390625,0,149,17292556,1015.572265625,23.360000610351562,-19.304786682128906,152,17345069,0,0,0.0,0.0,0.0,0,152
17394072,17346305,0.1070556640625,0.0408935546875,-0.27166748046875,0.95556640625,0,150,17347371,1015.582275390625,23.360000610351562,-19.389341354370117,153,17394069,0,0,0.0,0.0,0.0,0,153
17440085,17398306,0.10845947265625,0.04229736328125,-0.27752685546875,0.95367431640625,0,151,17399372,1015.590087890625,23.360000610351562,-19.452756881713867,154,17440082,0,0,0.0,0.0,0.0,0,154
17493059,17450739,0.11077880859375,0.04522705078125,-0.28204345703125,0.951904296875,0,152,17451805,1015.619873046875,23.360000610351562,-19.701133728027344,155,17493056,0,0,0.0,0.0,0.0,0,155
17545071,17502675,0.11334228515625,0.05029296875,-0.287353515625,0.94976806640625,0,153,17503741,1015.553466796875,23.360000610351562,-19.148889541625977,156,17545068,0,0,0.0,0.0,0.0,0,156
17592059,17555739,0.1146240234375,0.05328369140625,-0.290283203125,0.94854736328125,0,154,17556805,1015.578125,23.360000610351562,-19.35234832763672,157,17592056,0,0,0.0,0.0,0.0,0,157
17642059,17593675,0.11724853515625,0.0557861328125,-0.29315185546875,0.94720458984375,0,155,17594741,1015.541259765625,23.360000610351562,-19.048480987548828,158,17642057,0,0,0.0,0.0,0.0,0,158
17694059,17646555,0.1185302734375,0.057373046875,-0.2939453125,0.94671630859375,0,156,17647621,1015.608642578125,23.3700008392334,-19.60601043701172,159,17694057,0,0,0.0,0.0,0.0,0,159
17740061,17698490,0.12506103515625,0.062744140625,-0.29571533203125,0.9449462890625,0,157,17699556,1015.580810546875,23.3700008392334,-19.376129150390625,160,17740058,0,0,0.0,0.0,0.0,0,160
17793083,17750739,0.12762451171875,0.0679931640625,-0.29718017578125,0.94378662109375,0,158,17751805,1015.57373046875,23.3700008392334,-19.3179988861084,161,17793080,0,0,0.0,0.0,0.0,0,161
17844059,17802490,0.13299560546875,0.06854248046875,-0.29547119140625,0.94354248046875,0,159,17803556,1015.56396484375,23.3700008392334,-19.236085891723633,162,17844056,0,0,0.0,0.0,0.0,0,162
17897061,17854740,0.13671875,0.069091796875,-0.2906494140625,0.9444580078125,0,160,17855806,1015.61865234375,23.360000610351562,-19.69056510925293,163,17897058,0,0,0.0,0.0,0.0,0,163
17942060,17906490,0.13714599609375,0.072021484375,-0.2896728515625,0.94451904296875,0,161,17907556,1015.5673828125,23.3700008392334,-19.262510299682617,164,17942057,0,0,0.0,0.0,0.0,0,164
17992059,17943924,0.13665771484375,0.06134033203125,-0.2760009765625,0.94940185546875,0,162,17944990,1015.5830078125,23.360000610351562,-19.394624710083008,165,17992056,0,0,0.0,0.0,0.0,0,165
18043278,17995305,0.13726806640625,0.04351806640625,-0.2652587890625,0.953369140625,0,163,17996371,1015.55029296875,23.360000610351562,-19.122467041015625,166,18043275,0,0,0.0,0.0,0.0,0,166
18095275,18047490,0.13287353515625,-0.0006103515625,-0.240966796875,0.96142578125,0,164,18048556,1015.536376953125,23.360000610351562,-19.00620460510254,167,18095272,0,0,0.0,0.0,0.0,0,167
18141139,18099490,0.132568359375,-0.03082275390625,-0.218994140625,0.9661865234375,0,165,18100556,1015.57763671875,23.350000381469727,-19.349706649780273,168,18141136,0,0,0.0,0.0,0.0,0,168
18193065,18099490,0.132568359375,-0.03082275390625,-0.218994140625,0.9661865234375,0,165,18152556,1015.55224609375,23.350000381469727,-19.138320922851562,169,18193062,0,0,0.0,0.0,0.0,0,169
18245073,18202675,0.12603759765625,-0.1025390625,-0.136474609375,0.97723388671875,0,166,18203741,1015.55224609375,23.350000381469727,-19.138320922851562,170,18245070,0,0,0.0,0.0,0.0,0,170
18290059,18254490,0.12213134765625,-0.1168212890625,-0.106689453125,0.97979736328125,0,167,18255556,1015.5205078125,23.34000015258789,-18.874088287353516,171,18290056,0,0,0.0,0.0,0.0,0,171
18345072,18291490,0.11322021484375,-0.12750244140625,-0.07501220703125,0.98248291015625,0,168,18292556,1015.538818359375,23.329999923706055,-19.02734375,172,18345069,0,0,0.0,0.0,0.0,0,172
18394060,18346491,0.10662841796875,-0.12762451171875,-0.05859375,0.98431396484375,0,169,18347557,1015.560302734375,23.329999923706055,-19.204378128051758,173,18394057,0,0,0.0,0.0,0.0,0,173
18440059,18398490,0.09368896484375,-0.12451171875,-0.03375244140625,0.9871826171875,0,170,18399556,1015.556640625,23.329999923706055,-19.175312042236328,174,18440056,0,0,0.0,0.0,0.0,0,174
18491062,18449490,0.07342529296875,-0.114990234375,-0.02734375,0.99029541015625,0,171,18450556,1015.5146484375,23.329999923706055,-18.826526641845703,175,18491059,0,0,0.0,0.0,0.0,0,175
18544059,18501675,0.05389404296875,-0.10516357421875,-0.02520751953125,0.99267578125,0,172,18502741,1015.5107421875,23.329999923706055,-18.792177200317383,176,18544056,0,0,0.0,0.0,0.0,0,176
18590059,18553675,0.03375244140625,-0.090576171875,-0.03375244140625,0.9947509765625,0,173,18554741,1015.529052734375,23.31999969482422,-18.945430755615234,177,18590057,0,0,0.0,0.0,0.0,0,177
18645273,18591491,0.01934814453125,-0.087890625,-0.04327392578125,0.9949951171875,0,174,18592557,1015.520751953125,23.329999923706055,-18.87672996520996,178,18645270,0,0,0.0,0.0,0.0,0,178
18690059,18648490,0.00994873046875,-0.08740234375,-0.0430908203125,0.99517822265625,0,175,18649556,1015.5126953125,23.329999923706055,-18.810672760009766,179,18690056,0,0,0.0,0.0,0.0,0,179
18742059,18700305,0.00189208984375,0.0775146484375,0.05029296875,-0.9957275390625,0,176,18701371,1015.50927734375,23.329999923706055,-18.781606674194336,180,18742056,0,0,0.0,0.0,0.0,0,180
18793298,18751490,0.01898193359375,0.075927734375,0.05255126953125,-0.99554443359375,0,177,18752556,1015.497314453125,23.329999923706055,-18.68120002746582,181,18793295,0,0,0.0,0.0,0.0,0,181
18840059,18803924,0.0238037109375,0.09429931640625,0.0601806640625,-0.993408203125,0,178,18804990,1015.509521484375,23.329999923706055,-18.784250259399414,182,18840056,0,0,0.0,0.0,0.0,0,182
18896069,18841740,0.0328369140625,0.1064453125,0.057373046875,-0.99212646484375,0,179,18842805,1015.525390625,23.34000015258789,-18.916364669799805,183,18896066,0,0,0.0,0.0,0.0,0,183
18941059,18899490,0.03582763671875,0.1138916015625,0.0523681640625,-0.991455078125,0,180,18900556,1015.541748046875,23.329999923706055,-19.051124572753906,184,18941056,0,0,0.0,0.0,0.0,0,184
18993059,18951490,0.04266357421875,0.12646484375,0.05108642578125,-0.98974609375,0,181,18952556,1015.512451171875,23.329999923706055,-18.80803108215332,185,18993056,0,0,0.0,0.0,0.0,0,185
19040059,19003675,0.0458984375,0.14422607421875,0.04241943359375,-0.987548828125,0,182,19004741,1015.52294921875,23.329999923706055,-18.895227432250977,186,19040056,0,0,0.0,0.0,0.0,0,186
19095281,19041490,0.052734375,0.16033935546875,0.03802490234375,-0.98492431640625,0,183,19042556,1015.458251953125,23.329999923706055,-18.358835220336914,187,19095278,0,0,0.0,0.0,0.0,0,187
19144059,19096305,0.05389404296875,0.165283203125,0.0364990234375,-0.98406982421875,0,184,19097371,1015.478271484375,23.329999923706055,-18.52530288696289,188,19144057,0,0,0.0,0.0,0.0,0,188
19190059,19148306,0.05975341796875,0.171630859375,0.024658203125,-0.9830322265625,0,185,19149372,1015.53076171875,23.34000015258789,-18.958642959594727,189,19190057,0,0,0.0,0.0,0.0,0,189
19242218,19200490,0.05609130859375,0.17132568359375,0.01776123046875,-0.98345947265625,0,186,19201556,1015.51904296875,23.34000015258789,-18.8635196685791,190,19242215,0,0,0.0,0.0,0.0,0,190
19294112,19252490,0.04876708984375,0.17572021484375,0.01361083984375,-0.983154296875,0,187,19253556,1015.44140625,23.329999923706055,-18.218793869018555,191,19294109,0,0,0.0,0.0,0.0,0,191
19342218,19305740,0.03948974609375,0.1827392578125,0.0079345703125,-0.98236083984375,0,188,19306806,1015.481689453125,23.34000015258789,-18.551725387573242,192,19342215,0,0,0.0,0.0,0.0,0,192
19393266,19345490,0.0294189453125,0.181884765625,0.00201416015625,-0.98291015625,0,189,19346556,1015.495849609375,23.329999923706055,-18.670629501342773,193,19393263,0,0,0.0,0.0,0.0,0,193
19445287,19397490,0.02423095703125,0.17767333984375,0.0008544921875,-0.9837646484375,0,190,19398556,1015.504150390625,23.329999923706055,-18.739330291748047,194,19445284,0,0,0.0,0.0,0.0,0,194
19492231,19449675,0.00732421875,0.16119384765625,-0.00244140625,-0.98687744140625,0,191,19450741,1015.5283203125,23.34000015258789,-18.940147399902344,195,19492228,0,0,0.0,0.0,0.0,0,195
19544144,19502490,0.00286865234375,-0.146728515625,-0.00225830078125,0.98919677734375,0,192,19503556,1015.489990234375,23.329999923706055,-18.62306785583496,196,19544141,0,0,0.0,0.0,0.0,0,196
19591257,19554675,0.014892578125,-0.1400146484375,-0.00885009765625,0.989990234375,0,193,19555741,1015.478759765625,23.329999923706055,-18.527944564819336,197,19591254,0,0,0.0,0.0,0.0,0,197
19642223,19554675,0.014892578125,-0.1400146484375,-0.00885009765625,0.989990234375,0,193,19595555,1015.48974609375,23.329999923706055,-18.620426177978516,198,19642220,0,0,0.0,0.0,0.0,0,198
19694249,19646305,0.02337646484375,-0.134765625,-0.01495361328125,0.990478515625,0,194,19647371,1015.489013671875,23.329999923706055,-18.615140914916992,199,19694246,0,0,0.0,0.0,0.0,0,199
19745371,19646305,0.02337646484375,-0.134765625,-0.01495361328125,0.990478515625,0,194,19698371,1015.510986328125,23.329999923706055,-18.797460556030273,200,19745368,0,0,0.0,0.0,0.0,0,200
19791267,19749490,0.03656005859375,-0.11883544921875,-0.018310546875,0.9920654296875,0,195,19750556,1015.521484375,23.329999923706055,-18.882015228271484,201,19791264,0,0,0.0,0.0,0.0,0,201
19843368,19800859,0.04034423828125,-0.11846923828125,-0.02288818359375,0.99188232421875,0,196,19801926,1015.5439453125,23.329999923706055,-19.06962013244629,202,19843365,0,0,0.0,0.0,0.0,0,202
19895289,19852675,0.05474853515625,-0.1151123046875,-0.02813720703125,0.991455078125,0,197,19853741,1015.51953125,23.329999923706055,-18.866161346435547,203,19895286,0,0,0.0,0.0,0.0,0,203
19941160,19904675,0.0616455078125,-0.11309814453125,-0.03448486328125,0.9910888671875,0,198,19905741,1015.4912109375,23.34000015258789,-18.63099479675293,204,19941157,0,0,0.0,0.0,0.0,0,204
19991261,19942675,0.072509765625,-0.11834716796875,-0.03363037109375,0.98974609375,0,199,19943741,1015.5048828125,23.34000015258789,-18.74461555480957,205,19991258,0,0,0.0,0.0,0.0,0,205
20042212,19994305,0.0780029296875,-0.12420654296875,-0.032470703125,0.9886474609375,0,200,19995371,1015.521728515625,23.350000381469727,-18.88465690612793,206,20042209,0,0,0.0,0.0,0.0,0,206
20093244,20045490,0.103271484375,-0.135009765625,-0.03009033203125,0.9849853515625,0,201,20046556,1015.525634765625,23.34000015258789,-18.919008255004883,207,20093241,0,0,0.0,0.0,0.0,0,207
20145338,20097490,0.115234375,-0.14886474609375,-0.0341796875,0.98150634765625,0,202,20098556,1015.531005859375,23.34000015258789,-18.961284637451172,208,20145335,0,0,0.0,0.0,0.0,0,208
20192210,20149675,0.12493896484375,-0.14996337890625,-0.03936767578125,0.97998046875,0,203,20150741,1015.541015625,23.350000381469727,-19.045839309692383,209,20192207,0,0,0.0,0.0,0.0,0,209
20244136,20201675,0.1343994140625,-0.1453857421875,-0.0421142578125,0.97930908203125,0,204,20202741,1015.534423828125,23.350000381469727,-18.9903507232666,210,20244133,0,0,0.0,0.0,0.0,0,210
20295258,20253490,0.15155029296875,-0.1329345703125,-0.0419921875,0.97857666015625,0,205,20254556,1015.525634765625,23.34000015258789,-18.919008255004883,211,20295255,0,0,0.0,0.0,0.0,0,211
20342221,20305860,0.15789794921875,-0.1279296875,-0.04644775390625,0.97802734375,0,206,20306926,1015.52294921875,23.34000015258789,-18.895227432250977,212,20342218,0,0,0.0,0.0,0.0,0,212
20395244,20346740,0.1632080078125,-0.11517333984375,-0.05340576171875,0.9783935546875,0,207,20347806,1015.5146484375,23.34000015258789,-18.826526641845703,213,20395242,0,0,0.0,0.0,0.0,0,213
20440158,20398305,0.16827392578125,-0.1107177734375,-0.056640625,0.97784423828125,0,208,20399371,1015.551513671875,23.34000015258789,-19.13303565979004,214,20440155,0,0,0.0,0.0,0.0,0,214
20491260,20449490,0.17950439453125,-0.1116943359375,-0.06964111328125,0.97491455078125,0,209,20450556,1015.515625,23.34000015258789,-18.834453582763672,215,20491257,0,0,0.0,0.0,0.0,0,215
20543240,20501490,0.17486572265625,-0.11065673828125,-0.087646484375,0.97442626953125,0,210,20502556,1015.561279296875,23.34000015258789,-19.214946746826172,216,20543237,0,0,0.0,0.0,0.0,0,216
20595255,20553490,0.16839599609375,-0.109619140625,-0.0960693359375,0.974853515625,0,211,20554556,1015.534423828125,23.34000015258789,-18.9903507232666,217,20595252,0,0,0.0,0.0,0.0,0,217
20642207,20605675,0.1646728515625,-0.10693359375,-0.1041259765625,0.9749755859375,0,212,20606741,1015.552490234375,23.34000015258789,-19.140962600708008,218,20642204,0,0,0.0,0.0,0.0,0,218
20692207,20643740,0.1641845703125,-0.10137939453125,-0.11077880859375,0.97491455078125,0,213,20644806,1015.56103515625,23.34000015258789,-19.212305068969727,219,20692204,0,0,0.0,0.0,0.0,0,219
20744218,20696305,0.166259765625,-0.10162353515625,-0.11114501953125,0.97454833984375,0,214,20697371,1015.543212890625,23.34000015258789,-19.064334869384766,220,20744215,0,0,0.0,0.0,0.0,0,220
20795256,20747490,0.17340087890625,-0.10540771484375,-0.1197509765625,0.97186279296875,0,215,20748556,1015.563720703125,23.34000015258789,-19.233444213867188,221,20795253,0,0,0.0,0.0,0.0,0,221
20842207,20799675,0.17401123046875,-0.09588623046875,-0.1314697265625,0.97119140625,0,216,20800741,1015.539306640625,23.329999923706055,-19.029985427856445,222,20842204,0,0,0.0,0.0,0.0,0,222
20894143,20851925,0.17706298828125,-0.08892822265625,-0.139404296875,0.97021484375,0,217,20852991,1015.551025390625,23.329999923706055,-19.127750396728516,223,20894140,0,0,0.0,0.0,0.0,0,223
20945150,20903490,0.17803955078125,-0.077392578125,-0.1507568359375,0.96929931640625,0,218,20904556,1015.571533203125,23.329999923706055,-19.299501419067383,224,20945147,0,0,0.0,0.0,0.0,0,224
20992221,20956490,0.18377685546875,-0.06903076171875,-0.156005859375,0.968017578125,0,219,20957556,1015.5625,23.329999923706055,-19.22287368774414,225,20992218,0,0,0.0,0.0,0.0,0,225
21041259,20993490,0.1856689453125,-0.05902099609375,-0.168701171875,0.96624755859375,0,220,20994556,1015.5390625,23.34000015258789,-19.029985427856445,226,21041256,0,0,0.0,0.0,0.0,0,226
21094129,21046305,0.18603515625,-0.05255126953125,-0.1756591796875,0.96527099609375,0,221,21047371,1015.54443359375,23.329999923706055,-19.072261810302734,227,21094126,0,0,0.0,0.0,0.0,0,227
21140275,21098490,0.18701171875,-0.04071044921875,-0.183837890625,0.96417236328125,0,222,21099556,1015.576416015625,23.34000015258789,-19.339136123657227,228,21140272,0,0,0.0,0.0,0.0,0,228
21193234,21150675,0.189453125,-0.028564453125,-0.19415283203125,0.96209716796875,0,223,21151741,1015.56494140625,23.34000015258789,-19.2440128326416,229,21193231,0,0,0.0,0.0,0.0,0,229
21245319,21202740,0.1923828125,-0.01904296875,-0.203369140625,0.9598388671875,0,224,21203805,1015.5517578125,23.34000015258789,-19.135677337646484,230,21245316,0,0,0.0,0.0,0.0,0,230
21291243,21254675,0.1971435546875,-0.01068115234375,-0.2135009765625,0.956787109375,0,225,21255741,1015.521484375,23.34000015258789,-18.882015228271484,231,21291240,0,0,0.0,0.0,0.0,0,231
21340354,21254675,0.1971435546875,-0.01068115234375,-0.2135009765625,0.956787109375,0,225,21293555,1015.541748046875,23.34000015258789,-19.051124572753906,232,21340351,0,0,0.0,0.0,0.0,0,232
21395238,21347306,0.2034912109375,-0.003662109375,-0.22406005859375,0.95306396484375,0,226,21348372,1015.562255859375,23.34000015258789,-19.22287368774414,233,21395235,0,0,0.0,0.0,0.0,0,233
21441128,21399306,0.20654296875,0.00189208984375,-0.23406982421875,0.95001220703125,0,227,21400372,1015.57275390625,23.34000015258789,-19.31007194519043,234,21441125,0,0,0.0,0.0,0.0,0,234
21494093,21451859,0.2088623046875,0.00982666015625,-0.24725341796875,0.94610595703125,0,228,21452926,1015.56298828125,23.350000381469727,-19.228158950805664,235,21494090,0,0,0.0,0.0,0.0,0,235
21540271,21504490,0.20989990234375,0.01837158203125,-0.25860595703125,0.9427490234375,0,229,21505556,1015.592529296875,23.350000381469727,-19.473894119262695,236,21540268,0,0,0.0,0.0,0.0,0,236
21595241,21541490,0.21026611328125,0.02679443359375,-0.271728515625,0.938720703125,0,230,21542556,1015.57763671875,23.34000015258789,-19.349706649780273,237,21595238,0,0,0.0,0.0,0.0,0,237
21640281,21598306,0.21197509765625,0.02874755859375,-0.2752685546875,0.937255859375,0,231,21599372,1015.55908203125,23.350000381469727,-19.19645118713379,238,21640278,0,0,0.0,0.0,0.0,0,238
21692198,21650490,0.21563720703125,0.03399658203125,-0.285888671875,0.93304443359375,0,232,21651556,1015.564208984375,23.350000381469727,-19.23872947692871,239,21692195,0,0,0.0,0.0,0.0,0,239
21744132,21702490,0.215576171875,0.040283203125,-0.29840087890625,0.92889404296875,0,233,21703556,1015.55029296875,23.34000015258789,-19.122467041015625,240,21744129,0,0,0.0,0.0,0.0,0,240
21790288,21754490,0.2120361328125,0.05181884765625,-0.31268310546875,0.9244384765625,0,234,21755556,1015.569580078125,23.350000381469727,-19.283647537231445,241,21790285,0,0,0.0,0.0,0.0,0,241
21840294,21791675,0.206787109375,0.0595703125,-0.32403564453125,0.9212646484375,0,235,21792741,1015.605224609375,23.350000381469727,-19.579587936401367,242,21840291,0,0,0.0,0.0,0.0,0,242
21896144,21842306,0.207275390625,0.06195068359375,-0.32440185546875,0.92083740234375,0,236,21843372,1015.587890625,23.350000381469727,-19.43425941467285,243,21896141,0,0,0.0,0.0,0.0,0,243
21940360,21897675,0.2054443359375,0.06561279296875,-0.31597900390625,0.9239501953125,0,237,21898741,1015.54638671875,23.350000381469727,-19.09075927734375,244,21940357,0,0,0.0,0.0,0.0,0,244
21992198,21949675,0.2027587890625,0.07208251953125,-0.30780029296875,0.92681884765625,0,238,21950741,1015.559326171875,23.350000381469727,-19.19645118713379,245,21992195,0,0,0.0,0.0,0.0,0,245
22044239,22001924,0.20086669921875,0.07745361328125,-0.30126953125,0.92889404296875,0,239,22002990,1015.56494140625,23.350000381469727,-19.2440128326416,246,22044236,0,0,0.0,0.0,0.0,0,246
22091267,22054740,0.2022705078125,0.07275390625,-0.295654296875,0.9307861328125,0,240,22055805,1015.54052734375,23.34000015258789,-19.04055404663086,247,22091264,0,0,0.0,0.0,0.0,0,247
22142205,22094490,0.19195556640625,0.0802001953125,-0.30731201171875,0.9285888671875,0,241,22095556,1015.565673828125,23.34000015258789,-19.249298095703125,248,22142202,0,0,0.0,0.0,0.0,0,248
22194120,22146555,0.19342041015625,0.08026123046875,-0.30572509765625,0.9288330078125,0,242,22147621,1015.566162109375,23.34000015258789,-19.25458335876465,249,22194117,0,0,0.0,0.0,0.0,0,249
22240329,22198490,0.17877197265625,0.07122802734375,-0.30157470703125,0.933837890625,0,243,22199556,1015.5576171875,23.34000015258789,-19.183238983154297,250,22240326,0,0,0.0,0.0,0.0,0,250
22294118,22251675,0.16558837890625,0.06170654296875,-0.2877197265625,0.9412841796875,0,244,22252741,1015.59130859375,23.34000015258789,-19.46332550048828,251,22294115,0,0,0.0,0.0,0.0,0,251
22345256,22302740,0.15069580078125,0.05670166015625,-0.277099609375,0.947265625,0,245,22303805,1015.51953125,23.329999923706055,-18.866161346435547,252,22345253,0,0,0.0,0.0,0.0,0,252
22390142,22354490,0.13201904296875,0.03643798828125,-0.2530517578125,0.95770263671875,0,246,22355556,1015.5244140625,23.31999969482422,-18.908437728881836,253,22390139,0,0,0.0,0.0,0.0,0,253
22440266,22392490,0.120849609375,0.02783203125,-0.23931884765625,0.9630126953125,0,247,22393556,1015.538818359375,23.329999923706055,-19.02734375,254,22440263,0,0,0.0,0.0,0.0,0,254
22492193,22444305,0.115234375,0.0234375,-0.22918701171875,0.96624755859375,0,248,22445371,1015.55224609375,23.329999923706055,-19.138320922851562,255,22492190,0,0,0.0,0.0,0.0,0,255
22544208,22495675,0.095703125,0.012451171875,-0.217041015625,0.97137451171875,0,249,22496741,1015.515380859375,23.309999465942383,-18.831811904907227,256,22544205,0,0,0.0,0.0,0.0,0,256
22590198,22547741,0.07366943359375,0.01885986328125,-0.20648193359375,0.9754638671875,0,250,22548806,1015.544677734375,23.329999923706055,-19.074905395507812,257,22590195,0,0,0.0,0.0,0.0,0,257
22642202,22600490,0.0467529296875,0.02703857421875,-0.20782470703125,0.9766845703125,0,251,22601556,1015.525390625,23.31999969482422,-18.916364669799805,258,22642199,0,0,0.0,0.0,0.0,0,258
22695356,22652675,0.01605224609375,0.0360107421875,-0.19921875,0.97918701171875,1,252,22653741,1015.534423828125,23.31999969482422,-18.9903507232666,259,22695353,0,0,0.0,0.0,0.0,0,259
22742082,22705740,0.078857421875,-0.06640625,0.18621826171875,-0.97705078125,1,253,22706805,1015.541015625,23.31999969482422,-19.045839309692383,260,22742079,0,0,0.0,0.0,0.0,0,260
22792081,22743675,0.10357666015625,-0.07830810546875,0.19140625,-0.972900390625,1,254,22744741,1015.521728515625,23.31999969482422,-18.88465690612793,261,22792078,0,0,0.0,0.0,0.0,0,261
22843220,22795555,0.12225341796875,-0.08282470703125,0.1895751953125,-0.970703125,1,255,22796621,1015.475341796875,23.309999465942383,-18.498878479003906,262,22843217,0,0,0.0,0.0,0.0,0,262
22895136,22847490,0.161865234375,-0.07208251953125,0.191162109375,-0.9654541015625,1,256,22848556,1015.521484375,23.309999465942383,-18.882015228271484,263,22895133,0,0,0.0,0.0,0.0,0,263
22941229,22899490,0.18841552734375,-0.05706787109375,0.17755126953125,-0.9642333984375,1,257,22900556,1015.5,23.309999465942383,-18.704980850219727,264,22941226,0,0,0.0,0.0,0.0,0,264
22994081,22951675,0.20782470703125,-0.0423583984375,0.159423828125,-0.96417236328125,1,258,22952741,1015.478515625,23.309999465942383,-18.527944564819336,265,22994078,0,0,0.0,0.0,0.0,0,265
23040390,23003740,0.22894287109375,-0.03271484375,0.14471435546875,-0.9620361328125,1,259,23004805,1015.55126953125,23.31999969482422,-19.130393981933594,266,23040387,0,0,0.0,0.0,0.0,0,266
23091227,23043490,0.244140625,-0.022216796875,0.129150390625,-0.9608154296875,1,260,23044556,1015.518310546875,23.309999465942383,-18.855592727661133,267,23091224,0,0,0.0,0.0,0.0,0,267
23143218,23095305,0.25299072265625,-0.0177001953125,0.1241455078125,-0.95928955078125,1,261,23096371,1015.462646484375,23.309999465942383,-18.393186569213867,268,23143215,0,0,0.0,0.0,0.0,0,268
23194118,23146305,0.2686767578125,-0.009033203125,0.1102294921875,-0.95684814453125,1,262,23147371,1015.484619140625,23.309999465942383,-18.578147888183594,269,23194115,0,0,0.0,0.0,0.0,0,269
23241239,23198675,0.28192138671875,-0.00604248046875,0.10247802734375,-0.95391845703125,1,263,23199741,1015.49169921875,23.309999465942383,-18.636280059814453,270,23241236,0,0,0.0,0.0,0.0,0,270
23293217,23251490,0.29193115234375,0.00335693359375,0.09234619140625,-0.95196533203125,1,264,23252556,1015.49951171875,23.309999465942383,-18.70233726501465,271,23293214,0,0,0.0,0.0,0.0,0,271
23340116,23303675,0.29937744140625,-0.00341796875,0.08380126953125,-0.950439453125,1,265,23304741,1015.49169921875,23.309999465942383,-18.636280059814453,272,23340113,0,0,0.0,0.0,0.0,0,272
23390132,23341675,0.30108642578125,-0.01617431640625,0.069580078125,-0.950927734375,1,266,23342741,1015.478271484375,23.31999969482422,-18.52530288696289,273,23390129,0,0,0.0,0.0,0.0,0,273
23443216,23395305,0.30438232421875,-0.01788330078125,0.0650634765625,-0.95013427734375,1,267,23396371,1015.49658203125,23.309999465942383,-18.675914764404297,274,23443213,0,0,0.0,0.0,0.0,0,274
23494109,23446306,0.2994384765625,-0.01470947265625,0.05682373046875,-0.95233154296875,1,268,23447372,1015.482666015625,23.31999969482422,-18.55965232849121,275,23494106,0,0,0.0,0.0,0.0,0,275
23541244,23498675,0.296630859375,-0.0123291015625,0.05303955078125,-0.95343017578125,1,269,23499741,1015.485595703125,23.329999923706055,-18.586074829101562,276,23541241,0,0,0.0,0.0,0.0,0,276
23592181,23550490,0.28350830078125,-0.0108642578125,0.0478515625,-0.95770263671875,1,270,23551556,1015.46875,23.31999969482422,-18.446033477783203,277,23592178,0,0,0.0,0.0,0.0,0,277
23645243,23602675,0.27392578125,-0.00518798828125,0.04248046875,-0.9608154296875,1,271,23603741,1015.478515625,23.31999969482422,-18.527944564819336,278,23645240,0,0,0.0,0.0,0.0,0,278
23691233,23654675,0.26568603515625,0.00079345703125,0.0374755859375,-0.96331787109375,1,272,23655741,1015.47021484375,23.31999969482422,-18.456602096557617,279,23691230,0,0,0.0,0.0,0.0,0,279
23742180,23693675,0.2559814453125,0.00665283203125,0.03216552734375,-0.96612548828125,1,273,23694741,1015.472412109375,23.31999969482422,-18.47509765625,280,23742177,0,0,0.0,0.0,0.0,0,280
23793212,23745490,0.2532958984375,0.0072021484375,0.03106689453125,-0.96685791015625,1,274,23746556,1015.48388671875,23.31999969482422,-18.570220947265625,281,23793209,0,0,0.0,0.0,0.0,0,281
23844108,23796490,0.23699951171875,0.01177978515625,0.0245361328125,-0.97113037109375,1,275,23797556,1015.48779296875,23.31999969482422,-18.6019287109375,282,23844105,0,0,0.0,0.0,0.0,0,282
23895215,23847490,0.2293701171875,0.01739501953125,0.02191162109375,-0.97296142578125,1,276,23848556,1015.485107421875,23.31999969482422,-18.580791473388672,283,23895212,0,0,0.0,0.0,0.0,0,283
23941248,23899490,0.22271728515625,0.02398681640625,0.02081298828125,-0.974365234375,1,277,23900556,1015.4951171875,23.329999923706055,-18.665346145629883,284,23941245,0,0,0.0,0.0,0.0,0,284
23993221,23951490,0.2125244140625,0.02825927734375,0.02239990234375,-0.97650146484375,1,278,23952556,1015.501220703125,23.329999923706055,-18.71554946899414,285,23993218,0,0,0.0,0.0,0.0,0,285
24040260,24003924,0.208251953125,0.03375244140625,0.0233154296875,-0.97723388671875,1,279,24004990,1015.478515625,23.329999923706055,-18.527944564819336,286,24040257,0,0,0.0,0.0,0.0,0,286
24091341,24043490,0.2041015625,0.05072021484375,0.01885986328125,-0.97747802734375,1,280,24044556,1015.48583984375,23.329999923706055,-18.586074829101562,287,24091338,0,0,0.0,0.0,0.0,0,287
24143255,24095305,0.20794677734375,0.05743408203125,0.01336669921875,-0.97637939453125,1,281,24096371,1015.482666015625,23.329999923706055,-18.55965232849121,288,24143252,0,0,0.0,0.0,0.0,0,288
24195262,24147490,0.22607421875,0.09521484375,0.00341796875,-0.96942138671875,1,282,24148556,1015.47119140625,23.329999923706055,-18.464529037475586,289,24195259,0,0,0.0,0.0,0.0,0,289
24240180,24198490,0.21331787109375,0.09857177734375,0.01220703125,-0.971923828125,1,283,24199556,1015.5107421875,23.329999923706055,-18.792177200317383,290,24240177,0,0,0.0,0.0,0.0,0,290
24292070,24250490,0.19549560546875,0.0911865234375,0.02972412109375,-0.97601318359375,1,284,24251556,1015.4677734375,23.329999923706055,-18.438106536865234,291,24292067,0,0,0.0,0.0,0.0,0,291
24344103,24302490,0.1942138671875,0.08355712890625,0.03302001953125,-0.976806640625,1,285,24303556,1015.468017578125,23.329999923706055,-18.44074821472168,292,24344100,0,0,0.0,0.0,0.0,0,292
24391268,24354740,0.18212890625,0.08343505859375,0.0460205078125,-0.9786376953125,1,286,24355805,1015.51123046875,23.34000015258789,-18.797460556030273,293,24391265,0,0,0.0,0.0,0.0,0,293
24440292,24392490,0.16558837890625,0.09130859375,0.0511474609375,-0.98065185546875,1,287,24393556,1015.47802734375,23.329999923706055,-18.522659301757812,294,24440289,0,0,0.0,0.0,0.0,0,294
24493206,24445555,0.16009521484375,0.09320068359375,0.05450439453125,-0.981201171875,1,288,24446621,1015.50390625,23.34000015258789,-18.7366886138916,295,24493203,0,0,0.0,0.0,0.0,0,295
24545214,24497490,0.1353759765625,0.09979248046875,0.0543212890625,-0.9842529296875,1,289,24498556,1015.49951171875,23.34000015258789,-18.70233726501465,296,24545211,0,0,0.0,0.0,0.0,0,296
24592174,24550490,0.12158203125,0.10760498046875,0.04852294921875,-0.98553466796875,1,290,24551556,1015.490234375,23.34000015258789,-18.62306785583496,297,24592171,0,0,0.0,0.0,0.0,0,297
24644067,24602490,0.1015625,0.12713623046875,0.03204345703125,-0.98614501953125,1,291,24603556,1015.534423828125,23.350000381469727,-18.9903507232666,298,24644064,0,0,0.0,0.0,0.0,0,298
24691214,24654924,0.08465576171875,0.139892578125,0.02264404296875,-0.98626708984375,1,292,24655990,1015.507080078125,23.34000015258789,-18.763111114501953,299,24691211,0,0,0.0,0.0,0.0,0,299
24740334,24692490,0.06396484375,0.14764404296875,0.0059814453125,-0.9869384765625,1,293,24693556,1015.52490234375,23.350000381469727,-18.911081314086914,300,24740331,0,0,0.0,0.0,0.0,0,300
24792182,24744305,0.05963134765625,0.15045166015625,-0.00030517578125,-0.98681640625,1,294,24745371,1015.503662109375,23.34000015258789,-18.734045028686523,301,24792179,0,0,0.0,0.0,0.0,0,301
24843116,24795491,0.03466796875,0.143798828125,-0.0108642578125,-0.98895263671875,1,295,24796557,1015.48779296875,23.34000015258789,-18.6019287109375,302,24843113,0,0,0.0,0.0,0.0,0,302
24896294,24847675,0.0255126953125,0.13616943359375,-0.01104736328125,-0.99029541015625,1,296,24848741,1015.505126953125,23.34000015258789,-18.747257232666016,303,24896291,0,0,0.0,0.0,0.0,0,303
24943203,24900859,0.01397705078125,0.13671875,-0.0146484375,-0.99041748046875,1,297,24901925,1015.491455078125,23.34000015258789,-18.633636474609375,304,24943200,0,0,0.0,0.0,0.0,0,304
24994096,24952490,0.02008056640625,0.1453857421875,-0.01251220703125,-0.98907470703125,1,298,24953556,1015.494873046875,23.34000015258789,-18.662702560424805,305,24994093,0,0,0.0,0.0,0.0,0,305
25042196,25005860,0.02490234375,0.15484619140625,-0.01348876953125,-0.987548828125,1,299,25006926,1015.50732421875,23.329999923706055,-18.7657527923584,306,25042193,0,0,0.0,0.0,0.0,0,306
25093222,25045490,0.0452880859375,0.16998291015625,-0.02337646484375,-0.984130859375,1,300,25046556,1015.488037109375,23.329999923706055,-18.607213973999023,307,25093219,0,0,0.0,0.0,0.0,0,307
25145212,25097305,0.04913330078125,0.17010498046875,-0.02557373046875,-0.98388671875,1,301,25098371,1015.486572265625,23.31999969482422,-18.59400177001953,308,25145209,0,0,0.0,0.0,0.0,0,308
25190254,25148305,0.07891845703125,0.16009521484375,-0.0240478515625,-0.983642578125,1,302,25149371,1015.53125,23.329999923706055,-18.96392822265625,309,25190251,0,0,0.0,0.0,0.0,0,309
25242180,25200490,0.09796142578125,0.1470947265625,-0.0177001953125,-0.984130859375,1,303,25201556,1015.49072265625,23.31999969482422,-18.628353118896484,310,25242177,0,0,0.0,0.0,0.0,0,310
25295230,25253490,0.1201171875,0.1292724609375,-0.00927734375,-0.9842529296875,1,304,25254556,1015.512939453125,23.329999923706055,-18.81331443786621,311,25295227,0,0,0.0,0.0,0.0,0,311
25342096,25305925,0.13623046875,0.115966796875,-0.00616455078125,-0.98382568359375,1,305,25306991,1015.5029296875,23.31999969482422,-18.728761672973633,312,25342093,0,0,0.0,0.0,0.0,0,312
25392217,25343675,0.15057373046875,0.10345458984375,-0.00677490234375,-0.983154296875,1,306,25344741,1015.501708984375,23.329999923706055,-18.718191146850586,313,25392214,0,0,0.0,0.0,0.0,0,313
25443210,25395305,0.1539306640625,0.09857177734375,-0.00506591796875,-0.983154296875,1,307,25396371,1015.51318359375,23.31999969482422,-18.81331443786621,314,25443207,0,0,0.0,0.0,0.0,0,314
25494092,25446305,0.14984130859375,0.0941162109375,0.00311279296875,-0.98419189453125,1,308,25447372,1015.486083984375,23.309999465942383,-18.58871841430664,315,25494089,0,0,0.0,0.0,0.0,0,315
25542250,25499675,0.1427001953125,0.0902099609375,0.0081787109375,-0.985595703125,1,309,25500741,1015.4755859375,23.309999465942383,-18.501522064208984,316,25542247,0,0,0.0,0.0,0.0,0,316
25594090,25551924,0.130126953125,0.0821533203125,0.0089111328125,-0.988037109375,1,310,25552991,1015.50634765625,23.31999969482422,-18.75782585144043,317,25594087,0,0,0.0,0.0,0.0,0,317
25640248,25603675,0.1072998046875,0.069580078125,0.00994873046875,-0.99176025390625,1,311,25604741,1015.516845703125,23.31999969482422,-18.845022201538086,318,25640245,0,0,0.0,0.0,0.0,0,318
25690256,25641740,0.0977783203125,0.0716552734375,0.00994873046875,-0.9925537109375,1,312,25642806,1015.525634765625,23.31999969482422,-18.919008255004883,319,25690253,0,0,0.0,0.0,0.0,0,319
25741205,25693305,0.09344482421875,0.07025146484375,0.0108642578125,-0.99310302734375,1,313,25694371,1015.489501953125,23.31999969482422,-18.617782592773438,320,25741202,0,0,0.0,0.0,0.0,0,320
25792134,25744490,0.0787353515625,0.0526123046875,0.00872802734375,-0.9954833984375,1,314,25745556,1015.506591796875,23.31999969482422,-18.760469436645508,321,25792131,0,0,0.0,0.0,0.0,0,321
25844162,25796490,0.06982421875,0.03778076171875,0.01080322265625,-0.99676513671875,1,315,25797556,1015.55126953125,23.31999969482422,-19.130393981933594,322,25844159,0,0,0.0,0.0,0.0,0,322
25896191,25848490,0.062744140625,0.03045654296875,0.012939453125,-0.99749755859375,1,316,25849556,1015.49951171875,23.309999465942383,-18.70233726501465,323,25896189,0,0,0.0,0.0,0.0,0,323
25944088,25901740,0.0572509765625,0.025146484375,0.0172119140625,-0.9979248046875,1,317,25902806,1015.529296875,23.329999923706055,-18.948074340820312,324,25944085,0,0,0.0,0.0,0.0,0,324
25995246,25953490,0.0498046875,0.0244140625,0.0213623046875,-0.99822998046875,1,318,25954556,1015.50146484375,23.31999969482422,-18.718191146850586,325,25995243,0,0,0.0,0.0,0.0,0,325
26043193,26006860,0.0421142578125,0.02630615234375,0.02301025390625,-0.99847412109375,1,319,26007926,1015.513671875,23.31999969482422,-18.818599700927734,326,26043190,0,0,0.0,0.0,0.0,0,326
26092162,26044490,0.02972412109375,0.03302001953125,0.02142333984375,-0.998779296875,1,320,26045556,1015.45703125,23.309999465942383,-18.3482666015625,327,26092159,0,0,0.0,0.0,0.0,0,327
26144066,26096555,0.0262451171875,0.03594970703125,0.020263671875,-0.998779296875,1,321,26097621,1015.526611328125,23.31999969482422,-18.92693519592285,328,26144063,0,0,0.0,0.0,0.0,0,328
26192274,26149675,0.0157470703125,0.0460205078125,0.01171875,-0.99871826171875,1,322,26150741,1015.511962890625,23.31999969482422,-18.805387496948242,329,26192271,0,0,0.0,0.0,0.0,0,329
26245269,26202859,0.01324462890625,0.0511474609375,0.006103515625,-0.99859619140625,1,323,26203925,1015.523193359375,23.31999969482422,-18.897869110107422,330,26245266,0,0,0.0,0.0,0.0,0,330
26290109,26254490,0.0074462890625,0.0526123046875,-0.00482177734375,-0.99859619140625,1,324,26255556,1015.532958984375,23.31999969482422,-18.97713851928711,331,26290106,0,0,0.0,0.0,0.0,0,331
26340114,26291740,0.001953125,0.05194091796875,-0.01165771484375,-0.99859619140625,1,325,26292805,1015.5234375,23.31999969482422,-18.900510787963867,332,26340111,0,0,0.0,0.0,0.0,0,332
26392165,26344305,0.00030517578125,-0.05224609375,0.0145263671875,0.99853515625,1,326,26345371,1015.4912109375,23.31999969482422,-18.63099479675293,333,26392162,0,0,0.0,0.0,0.0,0,333
26443238,26395490,0.00518798828125,-0.05841064453125,0.01800537109375,0.99810791015625,1,327,26396556,1015.4814453125,23.31999969482422,-18.551725387573242,334,26443235,0,0,0.0,0.0,0.0,0,334
26490238,26448490,0.0107421875,-0.06378173828125,0.017578125,0.99774169921875,1,328,26449556,1015.550537109375,23.329999923706055,-19.12510871887207,335,26490235,0,0,0.0,0.0,0.0,0,335
26543190,26500675,0.01544189453125,-0.07037353515625,0.0159912109375,0.99725341796875,1,329,26501741,1015.496337890625,23.31999969482422,-18.67327308654785,336,26543187,0,0,0.0,0.0,0.0,0,336
26594081,26552490,0.01959228515625,-0.0828857421875,0.01580810546875,0.9962158203125,1,330,26553556,1015.4931640625,23.31999969482422,-18.646848678588867,337,26594078,0,0,0.0,0.0,0.0,0,337
26641196,26604675,0.0224609375,-0.09423828125,0.01837158203125,0.9951171875,1,331,26605741,1015.504638671875,23.329999923706055,-18.74461555480957,338,26641193,0,0,0.0,0.0,0.0,0,338
26691233,26642740,0.02197265625,-0.10308837890625,0.022705078125,0.99420166015625,1,332,26643806,1015.508056640625,23.329999923706055,-18.771038055419922,339,26691230,0,0,0.0,0.0,0.0,0,339
26742154,26694490,0.0220947265625,-0.10809326171875,0.026123046875,0.9935302734375,1,333,26695556,1015.5068359375,23.329999923706055,-18.760469436645508,340,26742151,0,0,0.0,0.0,0.0,0,340
26794118,26746490,0.0223388671875,-0.11553955078125,0.032470703125,0.99249267578125,1,334,26747556,1015.504150390625,23.34000015258789,-18.739330291748047,341,26794115,0,0,0.0,0.0,0.0,0,341
26840148,26798490,0.02093505859375,-0.122314453125,0.03851318359375,0.99151611328125,1,335,26799556,1015.485107421875,23.329999923706055,-18.580791473388672,342,26840145,0,0,0.0,0.0,0.0,0,342
26897193,26849490,0.02032470703125,-0.1302490234375,0.04486083984375,0.990234375,1,336,26850556,1015.504638671875,23.329999923706055,-18.74461555480957,343,26897190,0,0,0.0,0.0,0.0,0,343
26943226,26901305,0.020751953125,-0.13726806640625,0.0501708984375,0.989013671875,1,337,26902371,1015.49755859375,23.329999923706055,-18.683841705322266,344,26943223,0,0,0.0,0.0,0.0,0,344
26995197,26953490,0.02166748046875,-0.14349365234375,0.0548095703125,0.9879150390625,1,338,26954556,1015.483642578125,23.329999923706055,-18.56757926940918,345,26995194,0,0,0.0,0.0,0.0,0,345
27042157,27005675,0.02008056640625,-0.14923095703125,0.0574951171875,0.9869384765625,1,339,27006741,1015.500732421875,23.329999923706055,-18.710264205932617,346,27042155,0,0,0.0,0.0,0.0,0,346
27091271,27043491,0.0181884765625,-0.15283203125,0.060791015625,0.9862060546875,1,340,27044557,1015.49072265625,23.329999923706055,-18.628353118896484,347,27091268,0,0,0.0,0.0,0.0,0,347
27143234,27095305,0.017333984375,-0.15289306640625,0.0625,0.986083984375,1,341,27096371,1015.5,23.329999923706055,-18.704980850219727,348,27143231,0,0,0.0,0.0,0.0,0,348
27195247,27095305,0.017333984375,-0.15289306640625,0.0625,0.986083984375,1,341,27148555,1015.461181640625,23.329999923706055,-18.382617950439453,349,27195244,0,0,0.0,0.0,0.0,0,349
27242151,27199675,0.021484375,-0.15032958984375,0.06982421875,0.98590087890625,1,342,27200741,1015.50439453125,23.34000015258789,-18.741971969604492,350,27242148,0,0,0.0,0.0,0.0,0,350
27295099,27252860,0.023193359375,-0.15179443359375,0.07025146484375,0.98565673828125,1,343,27253926,1015.483642578125,23.34000015258789,-18.56757926940918,351,27295096,0,0,0.0,0.0,0.0,0,351
27341363,27304675,0.0281982421875,-0.1513671875,0.07080078125,0.98553466796875,1,344,27305741,1015.497802734375,23.329999923706055,-18.68648338317871,352,27341360,0,0,0.0,0.0,0.0,0,352
27391260,27342740,0.02392578125,-0.15863037109375,0.07379150390625,0.98431396484375,1,345,27343806,1015.488037109375,23.329999923706055,-18.607213973999023,353,27391257,0,0,0.0,0.0,0.0,0,353
27442174,27394305,0.02239990234375,-0.16387939453125,0.0755615234375,0.98333740234375,1,346,27395371,1015.52734375,23.34000015258789,-18.932218551635742,354,27442171,0,0,0.0,0.0,0.0,0,354
27494160,27446490,0.02105712890625,-0.17340087890625,0.07928466796875,0.9814453125,1,347,27447556,1015.476806640625,23.34000015258789,-18.5120906829834,355,27494157,0,0,0.0,0.0,0.0,0,355
27540153,27498490,0.0240478515625,-0.1812744140625,0.08026123046875,0.9798583984375,1,348,27499556,1015.49853515625,23.34000015258789,-18.691768646240234,356,27540150,0,0,0.0,0.0,0.0,0,356
27592194,27550490,0.041015625,-0.20001220703125,0.07708740234375,0.97589111328125,1,349,27551556,1015.525146484375,23.34000015258789,-18.91372299194336,357,27592191,0,0,0.0,0.0,0.0,0,357
27644085,27601740,0.07232666015625,-0.19964599609375,0.06060791015625,0.97528076171875,1,350,27602806,1015.441650390625,23.34000015258789,-18.218793869018555,358,27644082,0,0,0.0,0.0,0.0,0,358
27695299,27653490,0.1279296875,-0.1978759765625,0.03533935546875,0.97119140625,1,351,27654556,1015.52001953125,23.34000015258789,-18.87144660949707,359,27695296,0,0,0.0,0.0,0.0,0,359
27741259,27705490,0.19342041015625,-0.19879150390625,0.005615234375,0.96075439453125,1,352,27706556,1015.488037109375,23.34000015258789,-18.607213973999023,360,27741256,0,0,0.0,0.0,0.0,0,360
27793152,27744740,0.26702880859375,-0.2095947265625,-0.0126953125,0.9405517578125,1,353,27745806,1015.4951171875,23.34000015258789,-18.665346145629883,361,27793149,0,0,0.0,0.0,0.0,0,361
27844092,27796305,0.30938720703125,-0.21875,-0.0208740234375,0.9251708984375,1,354,27797371,1015.486572265625,23.34000015258789,-18.59400177001953,362,27844089,0,0,0.0,0.0,0.0,0,362
27896294,27848490,0.3721923828125,-0.20318603515625,-0.03546142578125,0.90496826171875,1,355,27849556,1015.5263671875,23.34000015258789,-18.924291610717773,363,27896291,0,0,0.0,0.0,0.0,0,363
27942190,27900490,0.38446044921875,-0.20068359375,-0.0550537109375,0.8994140625,1,356,27901556,1015.517822265625,23.34000015258789,-18.852949142456055,364,27942187,0,0,0.0,0.0,0.0,0,364
27995320,27952740,0.40533447265625,-0.19757080078125,-0.05291748046875,0.8909912109375,1,357,27953805,1015.47216796875,23.34000015258789,-18.472455978393555,365,27995317,0,0,0.0,0.0,0.0,0,365
28041197,28004675,0.4248046875,-0.1871337890625,-0.0484619140625,0.8843994140625,1,358,28005741,1015.508056640625,23.34000015258789,-18.771038055419922,366,28041194,0,0,0.0,0.0,0.0,0,366
28091205,28042924,0.4541015625,-0.15142822265625,-0.05780029296875,0.8760986328125,1,359,28043990,1015.49072265625,23.34000015258789,-18.628353118896484,367,28091202,0,0,0.0,0.0,0.0,0,367
28143234,28095305,0.46453857421875,-0.14056396484375,-0.06805419921875,0.8717041015625,1,360,28096371,1015.507568359375,23.34000015258789,-18.768396377563477,368,28143231,0,0,0.0,0.0,0.0,0,368
28194059,28146490,0.4927978515625,-0.0966796875,-0.1060791015625,0.85821533203125,1,361,28147556,1015.515869140625,23.34000015258789,-18.837095260620117,369,28194056,0,0,0.0,0.0,0.0,0,369
28240242,28198490,0.4923095703125,-0.07672119140625,-0.1199951171875,0.85870361328125,1,362,28199556,1015.515380859375,23.34000015258789,-18.831811904907227,370,28240239,0,0,0.0,0.0,0.0,0,370
28293121,28250675,0.49505615234375,-0.0706787109375,-0.1387939453125,0.85479736328125,1,363,28251741,1015.492919921875,23.329999923706055,-18.646848678588867,371,28293118,0,0,0.0,0.0,0.0,0,371
28345306,28302739,0.50677490234375,-0.08074951171875,-0.14483642578125,0.84600830078125,1,364,28303805,1015.49560546875,23.329999923706055,-18.667987823486328,372,28345303,0,0,0.0,0.0,0.0,0,372
28395254,28353490,0.53460693359375,-0.0780029296875,-0.13677978515625,0.830322265625,1,365,28354556,1015.538330078125,23.329999923706055,-19.022058486938477,373,28395251,0,0,0.0,0.0,0.0,0,373
28441257,28405490,0.54412841796875,-0.0802001953125,-0.1385498046875,0.8236083984375,1,366,28406556,1015.5146484375,23.329999923706055,-18.826526641845703,374,28441254,0,0,0.0,0.0,0.0,0,374
28491251,28442860,0.55609130859375,-0.07012939453125,-0.1243896484375,0.8187255859375,1,367,28443925,1015.505615234375,23.31999969482422,-18.75254249572754,375,28491248,0,0,0.0,0.0,0.0,0,375
28542185,28494305,0.5633544921875,-0.05853271484375,-0.12042236328125,0.8153076171875,1,368,28495371,1015.53564453125,23.329999923706055,-19.000919342041016,376,28542182,0,0,0.0,0.0,0.0,0,376
28595323,28546675,0.5670166015625,-0.0345458984375,-0.11737060546875,0.8145751953125,1,369,28547741,1015.498046875,23.329999923706055,-18.68912696838379,377,28595320,0,0,0.0,0.0,0.0,0,377
28642193,28600490,0.56890869140625,-0.0189208984375,-0.1212158203125,0.81317138671875,1,370,28601556,1015.53076171875,23.329999923706055,-18.958642959594727,378,28642190,0,0,0.0,0.0,0.0,0,378
28695313,28652675,0.5667724609375,-0.00921630859375,-0.12164306640625,0.8148193359375,1,371,28653741,1015.516845703125,23.329999923706055,-18.845022201538086,379,28695310,0,0,0.0,0.0,0.0,0,379
28740160,28704490,0.5650634765625,-0.017822265625,-0.12408447265625,0.8154296875,1,372,28705556,1015.544189453125,23.34000015258789,-19.072261810302734,380,28740157,0,0,0.0,0.0,0.0,0,380
28792075,28743860,0.56304931640625,-0.03369140625,-0.12579345703125,0.81610107421875,1,373,28744925,1015.53515625,23.34000015258789,-18.99827766418457,381,28792072,0,0,0.0,0.0,0.0,0,381
28844094,28796555,0.56219482421875,-0.03155517578125,-0.12835693359375,0.81640625,1,374,28797621,1015.513671875,23.329999923706055,-18.818599700927734,382,28844091,0,0,0.0,0.0,0.0,0,382
28896312,28848490,0.56439208984375,-0.01806640625,-0.12359619140625,0.8160400390625,1,375,28849556,1015.537841796875,23.329999923706055,-19.01941680908203,383,28896309,0,0,0.0,0.0,0.0,0,383
28942065,28900490,0.56683349609375,-0.0130615234375,-0.12139892578125,0.81475830078125,1,376,28901556,1015.503173828125,23.329999923706055,-18.731403350830078,384,28942062,0,0,0.0,0.0,0.0,0,384
28995319,28952925,0.56793212890625,-0.01483154296875,-0.13031005859375,0.81256103515625,1,377,28953990,1015.550537109375,23.34000015258789,-19.12510871887207,385,28995316,0,0,0.0,0.0,0.0,0,385
29040288,29004490,0.5648193359375,-0.01214599609375,-0.1280517578125,0.81512451171875,1,378,29005556,1015.534423828125,23.329999923706055,-18.9903507232666,386,29040285,0,0,0.0,0.0,0.0,0,386
29090279,29041740,0.564697265625,-0.00860595703125,-0.1259765625,0.8155517578125,1,379,29042806,1015.51318359375,23.329999923706055,-18.81331443786621,387,29090276,0,0,0.0,0.0,0.0,0,387
29142146,29094555,0.56512451171875,0.00091552734375,-0.12506103515625,0.81549072265625,1,380,29095621,1015.532470703125,23.329999923706055,-18.974496841430664,388,29142143,0,0,0.0,0.0,0.0,0,388
29193593,29145490,0.56549072265625,0.0203857421875,-0.11859130859375,0.81591796875,1,381,29146556,1015.52099609375,23.34000015258789,-18.87937355041504,389,29193590,0,0,0.0,0.0,0.0,0,389
29245145,29197490,0.57391357421875,0.00543212890625,-0.13104248046875,0.808349609375,1,382,29198556,1015.54052734375,23.34000015258789,-19.04055404663086,390,29245142,0,0,0.0,0.0,0.0,0,390
29291283,29249490,0.574462890625,-0.0093994140625,-0.12109375,0.80950927734375,1,383,29250556,1015.50732421875,23.329999923706055,-18.7657527923584,391,29291280,0,0,0.0,0.0,0.0,0,391
29344116,29301675,0.56561279296875,-0.0308837890625,-0.12249755859375,0.81494140625,1,384,29302741,1015.550048828125,23.329999923706055,-19.119823455810547,392,29344113,0,0,0.0,0.0,0.0,0,392
29390137,29354490,0.56103515625,-0.04486083984375,-0.1220703125,0.8175048828125,1,385,29355556,1015.50244140625,23.329999923706055,-18.726118087768555,393,29390134,0,0,0.0,0.0,0.0,0,393
29440178,29391675,0.55621337890625,-0.05145263671875,-0.12030029296875,0.8206787109375,1,386,29392741,1015.495849609375,23.329999923706055,-18.670629501342773,394,29440175,0,0,0.0,0.0,0.0,0,394
29491183,29443306,0.55413818359375,-0.0550537109375,-0.12274169921875,0.82147216796875,1,387,29444372,1015.52978515625,23.34000015258789,-18.950716018676758,395,29491180,0,0,0.0,0.0,0.0,0,395
29542147,29494490,0.538330078125,-0.05938720703125,-0.11444091796875,0.83282470703125,1,388,29495556,1015.5087890625,23.329999923706055,-18.776323318481445,396,29542144,0,0,0.0,0.0,0.0,0,396
29594142,29546490,0.53515625,-0.06866455078125,-0.09686279296875,0.83636474609375,1,389,29547556,1015.5166015625,23.350000381469727,-18.84238052368164,397,29594139,0,0,0.0,0.0,0.0,0,397
29642145,29599739,0.5311279296875,-0.0765380859375,-0.07611083984375,0.84039306640625,1,390,29600805,1015.52001953125,23.34000015258789,-18.87144660949707,398,29642142,0,0,0.0,0.0,0.0,0,398
29694114,29651675,0.521240234375,-0.0894775390625,-0.0443115234375,0.8475341796875,1,391,29652741,1015.537353515625,23.350000381469727,-19.014131546020508,399,29694111,0,0,0.0,0.0,0.0,0,399
29745111,29702740,0.51422119140625,-0.1129150390625,-0.03155517578125,0.849609375,1,392,29703806,1015.479736328125,23.350000381469727,-18.535871505737305,400,29745108,0,0,0.0,0.0,0.0,0,400
29790145,29754490,0.50823974609375,-0.13232421875,-0.01812744140625,0.85076904296875,1,393,29755556,1015.5068359375,23.350000381469727,-18.760469436645508,401,29790142,0,0,0.0,0.0,0.0,0,401
29845243,29791490,0.4962158203125,-0.15423583984375,-0.00640869140625,0.8543701171875,1,394,29792556,1015.5185546875,23.360000610351562,-18.858234405517578,402,29845240,0,0,0.0,0.0,0.0,0,402
29900275,29846555,0.49139404296875,-0.1636962890625,0.0008544921875,0.85540771484375,1,395,29847621,1015.557373046875,23.3700008392334,-19.18059730529785,403,29900272,0,0,0.0,0.0,0.0,0,403
29944111,29901675,0.48162841796875,-0.19476318359375,0.022216796875,0.85418701171875,1,396,29902741,1015.522216796875,23.3799991607666,-18.889942169189453,404,29944108,0,0,0.0,0.0,0.0,0,404
29995232,29953490,0.47674560546875,-0.21990966796875,0.02880859375,0.8505859375,1,397,29954556,1015.522705078125,23.3799991607666,-18.8925838470459,405,29995229,0,0,0.0,0.0,0.0,0,405
30041187,30005305,0.45947265625,-0.260986328125,0.014892578125,0.848876953125,1,398,30006371,1015.501220703125,23.3700008392334,-18.71554946899414,406,30041184,0,0,0.0,0.0,0.0,0,406
30091178,30042675,0.44110107421875,-0.28973388671875,0.0130615234375,0.84930419921875,1,399,30043741,1015.521484375,23.3700008392334,-18.882015228271484,407,30091175,0,0,0.0,0.0,0.0,0,407
30143231,30095555,0.43707275390625,-0.29443359375,0.01177978515625,0.84979248046875,1,400,30096621,1015.5126953125,23.3700008392334,-18.810672760009766,408,30143228,0,0,0.0,0.0,0.0,0,408
30195241,30146675,0.4525146484375,-0.278564453125,0.03680419921875,0.8463134765625,1,401,30147741,1015.54541015625,23.3700008392334,-19.080188751220703,409,30195238,0,0,0.0,0.0,0.0,0,409
30240156,30198490,0.45623779296875,-0.26904296875,0.04998779296875,0.84674072265625,1,402,30199556,1015.521728515625,23.360000610351562,-18.88465690612793,410,30240153,0,0,0.0,0.0,0.0,0,410
30291337,30198490,0.45623779296875,-0.26904296875,0.04998779296875,0.84674072265625,1,402,30250555,1015.53662109375,23.360000610351562,-19.008846282958984,411,30291334,0,0,0.0,0.0,0.0,0,411
30343592,30301490,0.4688720703125,-0.2425537109375,0.10302734375,0.843017578125,1,403,30302556,1015.49755859375,23.360000610351562,-18.683841705322266,412,30343589,0,0,0.0,0.0,0.0,0,412
30395304,30353490,0.47076416015625,-0.24615478515625,0.1119384765625,0.83978271484375,1,404,30354556,1015.524658203125,23.350000381469727,-18.911081314086914,413,30395301,0,0,0.0,0.0,0.0,0,413
30442177,30405675,0.4703369140625,-0.263916015625,0.11083984375,0.83477783203125,1,405,30406741,1015.541015625,23.360000610351562,-19.045839309692383,414,30442174,0,0,0.0,0.0,0.0,0,414
30494138,30445675,0.4803466796875,-0.263916015625,0.12841796875,0.82647705078125,1,406,30446741,1015.539306640625,23.360000610351562,-19.029985427856445,415,30494135,0,0,0.0,0.0,0.0,0,415
30540326,30498305,0.48187255859375,-0.26470947265625,0.13250732421875,0.82470703125,1,407,30499371,1015.53857421875,23.350000381469727,-19.024700164794922,416,30540323,0,0,0.0,0.0,0.0,0,416
30592180,30550490,0.47955322265625,-0.2745361328125,0.134765625,0.822509765625,1,408,30551556,1015.563232421875,23.34000015258789,-19.230802536010742,417,30592177,0,0,0.0,0.0,0.0,0,417
30644230,30601675,0.4761962890625,-0.28509521484375,0.1348876953125,0.82080078125,1,409,30602741,1015.537841796875,23.350000381469727,-19.01941680908203,418,30644227,0,0,0.0,0.0,0.0,0,418
30690148,30653739,0.47918701171875,-0.28900146484375,0.1405029296875,0.8167724609375,1,410,30654805,1015.53759765625,23.350000381469727,-19.016773223876953,419,30690145,0,0,0.0,0.0,0.0,0,419
30742059,30706490,0.48309326171875,-0.29010009765625,0.1456298828125,0.81317138671875,1,411,30707556,1015.51904296875,23.350000381469727,-18.8635196685791,420,30742057,0,0,0.0,0.0,0.0,0,420
30793589,30744675,0.48602294921875,-0.28656005859375,0.14984130859375,0.81195068359375,1,412,30745741,1015.512451171875,23.350000381469727,-18.80803108215332,421,30793586,0,0,0.0,0.0,0.0,0,421
30845295,30797555,0.48785400390625,-0.28558349609375,0.150634765625,0.81103515625,1,413,30798621,1015.51904296875,23.34000015258789,-18.8635196685791,422,30845292,0,0,0.0,0.0,0.0,0,422
30897294,30849490,0.491455078125,-0.2794189453125,0.15045166015625,0.81103515625,1,414,30850556,1015.5166015625,23.350000381469727,-18.84238052368164,423,30897291,0,0,0.0,0.0,0.0,0,423
30945294,30902675,0.49267578125,-0.2738037109375,0.1517333984375,0.81195068359375,1,415,30903741,1015.55078125,23.350000381469727,-19.12510871887207,424,30945291,0,0,0.0,0.0,0.0,0,424
30992165,30955860,0.49578857421875,-0.27142333984375,0.1522216796875,0.810791015625,1,416,30956926,1015.48779296875,23.350000381469727,-18.6019287109375,425,30992162,0,0,0.0,0.0,0.0,0,425
31042165,30993675,0.498291015625,-0.27508544921875,0.150390625,0.808349609375,1,417,30994741,1015.532958984375,23.350000381469727,-18.97713851928711,426,31042162,0,0,0.0,0.0,0.0,0,426
31094145,31046555,0.4991455078125,-0.2767333984375,0.14971923828125,0.807373046875,1,418,31047621,1015.525146484375,23.350000381469727,-18.91372299194336,427,31094142,0,0,0.0,0.0,0.0,0,427
31141329,31098675,0.497314453125,-0.28753662109375,0.1456298828125,0.80548095703125,1,419,31099741,1015.55859375,23.34000015258789,-19.191165924072266,428,31141326,0,0,0.0,0.0,0.0,0,428
31194135,31151675,0.4969482421875,-0.288330078125,0.1461181640625,0.80535888671875,1,420,31152741,1015.531982421875,23.350000381469727,-18.96921157836914,429,31194132,0,0,0.0,0.0,0.0,0,429
31241060,31204860,0.496826171875,-0.28521728515625,0.1439208984375,0.80694580078125,1,421,31205926,1015.50634765625,23.34000015258789,-18.75782585144043,430,31241057,0,0,0.0,0.0,0.0,0,430
31290128,31242490,0.497802734375,-0.2772216796875,0.14276123046875,0.809326171875,1,422,31243556,1015.490478515625,23.34000015258789,-18.625709533691406,431,31290125,0,0,0.0,0.0,0.0,0,431
31343216,31295555,0.49853515625,-0.2734375,0.142822265625,0.81011962890625,1,423,31296621,1015.5400390625,23.34000015258789,-19.037912368774414,432,31343213,0,0,0.0,0.0,0.0,0,432
31395222,31347490,0.5047607421875,-0.26275634765625,0.14013671875,0.81024169921875,1,424,31348556,1015.5361328125,23.34000015258789,-19.00620460510254,433,31395219,0,0,0.0,0.0,0.0,0,433
31442124,31399675,0.510009765625,-0.2470703125,0.13433837890625,0.8128662109375,1,425,31400741,1015.508544921875,23.329999923706055,-18.776323318481445,434,31442122,0,0,0.0,0.0,0.0,0,434
31492126,31450490,0.51153564453125,-0.2392578125,0.126708984375,0.81549072265625,1,426,31451556,1015.509033203125,23.34000015258789,-18.77896499633789,435,31492123,0,0,0.0,0.0,0.0,0,435
31544151,31502490,0.5133056640625,-0.220947265625,0.12384033203125,0.82000732421875,1,427,31503556,1015.529541015625,23.34000015258789,-18.950716018676758,436,31544148,0,0,0.0,0.0,0.0,0,436
31595281,31553490,0.518798828125,-0.21160888671875,0.11456298828125,0.8203125,1,428,31554556,1015.520263671875,23.34000015258789,-18.87144660949707,437,31595278,0,0,0.0,0.0,0.0,0,437
31641222,31604675,0.5118408203125,-0.2152099609375,0.09100341796875,0.82666015625,1,429,31605741,1015.543212890625,23.34000015258789,-19.064334869384766,438,31641219,0,0,0.0,0.0,0.0,0,438
31691081,31642675,0.50701904296875,-0.224609375,0.0693359375,0.8292236328125,1,430,31643741,1015.509765625,23.34000015258789,-18.784250259399414,439,31691078,0,0,0.0,0.0,0.0,0,439
31742194,31694306,0.50677490234375,-0.22930908203125,0.06756591796875,0.8282470703125,1,431,31695371,1015.525146484375,23.34000015258789,-18.91372299194336,440,31742191,0,0,0.0,0.0,0.0,0,440
31795265,31747306,0.502197265625,-0.24774169921875,0.0594482421875,0.826416015625,1,432,31748371,1015.571044921875,23.34000015258789,-19.294218063354492,441,31795262,0,0,0.0,0.0,0.0,0,441
31840314,31798490,0.49505615234375,-0.265869140625,0.0523681640625,0.8255615234375,1,433,31799556,1015.554931640625,23.34000015258789,-19.15945816040039,442,31840311,0,0,0.0,0.0,0.0,0,442
31898137,31850305,0.48699951171875,-0.2789306640625,0.04754638671875,0.8262939453125,1,434,31851371,1015.524658203125,23.34000015258789,-18.911081314086914,443,31898134,0,0,0.0,0.0,0.0,0,443
31945253,31902675,0.48095703125,-0.28826904296875,0.0457763671875,0.82672119140625,1,435,31903741,1015.54296875,23.34000015258789,-19.06169319152832,444,31945250,0,0,0.0,0.0,0.0,0,444
31991170,31954860,0.477783203125,-0.29046630859375,0.04547119140625,0.82781982421875,1,436,31955926,1015.542724609375,23.34000015258789,-19.059051513671875,445,31991167,0,0,0.0,0.0,0.0,0,445
32040139,31992490,0.4771728515625,-0.28887939453125,0.04534912109375,0.8287353515625,1,437,31993556,1015.544677734375,23.350000381469727,-19.074905395507812,446,32040136,0,0,0.0,0.0,0.0,0,446
32092145,32044305,0.4764404296875,-0.2880859375,0.0457763671875,0.82940673828125,1,438,32045371,1015.531005859375,23.34000015258789,-18.961284637451172,447,32092142,0,0,0.0,0.0,0.0,0,447
32143208,32095490,0.47308349609375,-0.29193115234375,0.05181884765625,0.82965087890625,1,439,32096556,1015.536376953125,23.34000015258789,-19.00620460510254,448,32143205,0,0,0.0,0.0,0.0,0,448
32194100,32146490,0.46954345703125,-0.2977294921875,0.0537109375,0.8294677734375,1,440,32147556,1015.559814453125,23.34000015258789,-19.201736450195312,449,32194097,0,0,0.0,0.0,0.0,0,449
32241160,32198675,0.4693603515625,-0.29949951171875,0.0552978515625,0.82879638671875,1,441,32199741,1015.4892578125,23.34000015258789,-18.615140914916992,450,32241157,0,0,0.0,0.0,0.0,0,450
32293222,32250739,0.46917724609375,-0.30303955078125,0.05511474609375,0.82769775390625,1,442,32251805,1015.551025390625,23.34000015258789,-19.127750396728516,451,32293219,0,0,0.0,0.0,0.0,0,451
32345250,32302859,0.46856689453125,-0.3040771484375,0.0528564453125,0.8277587890625,1,443,32303925,1015.525634765625,23.34000015258789,-18.919008255004883,452,32345247,0,0,0.0,0.0,0.0,0,452
32391158,32354924,0.470703125,-0.3001708984375,0.05224609375,0.8280029296875,1,444,32355990,1015.53759765625,23.350000381469727,-19.016773223876953,453,32391155,0,0,0.0,0.0,0.0,0,453
32443149,32394740,0.4737548828125,-0.29437255859375,0.0469970703125,0.82867431640625,1,445,32395806,1015.47509765625,23.34000015258789,-18.498878479003906,454,32443146,0,0,0.0,0.0,0.0,0,454
32495288,32447305,0.47625732421875,-0.28778076171875,0.04376220703125,0.8297119140625,1,446,32448371,1015.534423828125,23.34000015258789,-18.9903507232666,455,32495285,0,0,0.0,0.0,0.0,0,455
32541206,32498675,0.48162841796875,-0.26812744140625,0.032470703125,0.83367919921875,1,447,32499741,1015.50537109375,23.34000015258789,-18.74989891052246,456,32541203,0,0,0.0,0.0,0.0,0,456
32592116,32550490,0.48016357421875,-0.25762939453125,0.0267333984375,0.83807373046875,1,448,32551556,1015.528076171875,23.34000015258789,-18.937503814697266,457,32592113,0,0,0.0,0.0,0.0,0,457
32644150,32602490,0.4766845703125,-0.25274658203125,0.0244140625,0.84161376953125,1,449,32603556,1015.513671875,23.34000015258789,-18.818599700927734,458,32644147,0,0,0.0,0.0,0.0,0,458
32691084,32654675,0.47320556640625,-0.25665283203125,0.0279541015625,0.84228515625,1,450,32655741,1015.517822265625,23.34000015258789,-18.852949142456055,459,32691081,0,0,0.0,0.0,0.0,0,459
32740263,32692490,0.46942138671875,-0.2611083984375,0.03228759765625,0.84283447265625,1,451,32693556,1015.5224609375,23.350000381469727,-18.8925838470459,460,32740260,0,0,0.0,0.0,0.0,0,460
32793146,32745305,0.46728515625,-0.26422119140625,0.0322265625,0.84307861328125,1,452,32746371,1015.530029296875,23.360000610351562,-18.953357696533203,461,32793143,0,0,0.0,0.0,0.0,0,461
32840249,32798490,0.46270751953125,-0.26898193359375,0.03411865234375,0.843994140625,1,453,32799556,1015.525390625,23.360000610351562,-18.916364669799805,462,32840246,0,0,0.0,0.0,0.0,0,462
32899240,32850675,0.46160888671875,-0.2666015625,0.04437255859375,0.84490966796875,1,454,32851741,1015.55908203125,23.350000381469727,-19.19645118713379,463,32899237,0,0,0.0,0.0,0.0,0,463
32943192,32901490,0.46002197265625,-0.26666259765625,0.05047607421875,0.84539794921875,1,455,32902556,1015.530029296875,23.350000381469727,-18.953357696533203,464,32943189,0,0,0.0,0.0,0.0,0,464
32990106,32953675,0.45880126953125,-0.264892578125,0.05975341796875,0.84600830078125,1,456,32954741,1015.493408203125,23.350000381469727,-18.649490356445312,465,32990103,0,0,0.0,0.0,0.0,0,465
33040146,32991860,0.4586181640625,-0.26458740234375,0.065673828125,0.84576416015625,1,457,32992925,1015.548095703125,23.360000610351562,-19.10396957397461,466,33040143,0,0,0.0,0.0,0.0,0,466
33092122,33044490,0.45831298828125,-0.26666259765625,0.068115234375,0.8450927734375,1,458,33045556,1015.528076171875,23.360000610351562,-18.937503814697266,467,33092119,0,0,0.0,0.0,0.0,0,467
33144205,33096490,0.4561767578125,-0.27081298828125,0.072998046875,0.84454345703125,1,459,33097556,1015.525390625,23.360000610351562,-18.916364669799805,468,33144202,0,0,0.0,0.0,0.0,0,468
33191059,33148860,0.451171875,-0.27606201171875,0.071533203125,0.84564208984375,1,460,33149926,1015.512451171875,23.360000610351562,-18.80803108215332,469,33191056,0,0,0.0,0.0,0.0,0,469
33243190,33200859,0.44793701171875,-0.27734375,0.0697021484375,0.84710693359375,1,461,33201925,1015.52734375,23.360000610351562,-18.932218551635742,470,33243187,0,0,0.0,0.0,0.0,0,470
33294090,33252490,0.44476318359375,-0.27496337890625,0.06707763671875,0.8497314453125,1,462,33253556,1015.507080078125,23.360000610351562,-18.763111114501953,471,33294087,0,0,0.0,0.0,0.0,0,471
33340321,33304490,0.440185546875,-0.2713623046875,0.06854248046875,0.8531494140625,1,463,33305556,1015.51806640625,23.360000610351562,-18.855592727661133,472,33340318,0,0,0.0,0.0,0.0,0,472
33390241,33341740,0.43902587890625,-0.26708984375,0.06494140625,0.85540771484375,1,464,33342806,1015.496337890625,23.360000610351562,-18.67327308654785,473,33390238,0,0,0.0,0.0,0.0,0,473
33442155,33394490,0.43853759765625,-0.26507568359375,0.064453125,0.8563232421875,1,465,33395556,1015.52734375,23.3700008392334,-18.932218551635742,474,33442153,0,0,0.0,0.0,0.0,0,474
33494143,33446490,0.438232421875,-0.265625,0.066162109375,0.85614013671875,1,466,33447556,1015.542724609375,23.3700008392334,-19.059051513671875,475,33494140,0,0,0.0,0.0,0.0,0,475
33540298,33498490,0.43695068359375,-0.2669677734375,0.0662841796875,0.85638427734375,1,467,33499556,1015.53662109375,23.360000610351562,-19.008846282958984,476,33540295,0,0,0.0,0.0,0.0,0,476
33593187,33550675,0.43743896484375,-0.2666015625,0.06829833984375,0.85614013671875,1,468,33551741,1015.540771484375,23.360000610351562,-19.043197631835938,477,33593184,0,0,0.0,0.0,0.0,0,477
33644192,33602490,0.4378662109375,-0.266845703125,0.0718994140625,0.85552978515625,1,469,33603556,1015.578857421875,23.360000610351562,-19.360275268554688,478,33644189,0,0,0.0,0.0,0.0,0,478
33691060,33654675,0.43951416015625,-0.2672119140625,0.07574462890625,0.854248046875,1,470,33655741,1015.53955078125,23.3700008392334,-19.03262710571289,479,33691057,0,0,0.0,0.0,0.0,0,479
33741195,33692740,0.44012451171875,-0.267578125,0.07928466796875,0.85345458984375,1,471,33693806,1015.53955078125,23.360000610351562,-19.03262710571289,480,33741192,0,0,0.0,0.0,0.0,0,480
33792151,33744305,0.44024658203125,-0.26806640625,0.081298828125,0.85308837890625,1,472,33745371,1015.51318359375,23.360000610351562,-18.81331443786621,481,33792148,0,0,0.0,0.0,0.0,0,481
33844204,33796490,0.44189453125,-0.26654052734375,0.083251953125,0.85247802734375,1,473,33797556,1015.52099609375,23.360000610351562,-18.87937355041504,482,33844201,0,0,0.0,0.0,0.0,0,482
33897226,33849490,0.440673828125,-0.26708984375,0.0816650390625,0.85308837890625,1,474,33850556,1015.524169921875,23.3700008392334,-18.90579605102539,483,33897223,0,0,0.0,0.0,0.0,0,483
33943183,33900675,0.43902587890625,-0.2640380859375,0.085693359375,0.85455322265625,1,475,33901741,1015.53173828125,23.360000610351562,-18.96921157836914,484,33943180,0,0,0.0,0.0,0.0,0,484
33994071,33952490,0.436279296875,-0.2564697265625,0.088623046875,0.85791015625,1,476,33953556,1015.56982421875,23.3700008392334,-19.283647537231445,485,33994068,0,0,0.0,0.0,0.0,0,485
34040235,34004490,0.4320068359375,-0.24395751953125,0.0924072265625,0.86334228515625,1,477,34005556,1015.515380859375,23.3700008392334,-18.831811904907227,486,34040232,0,0,0.0,0.0,0.0,0,486
34095209,34041490,0.42742919921875,-0.23992919921875,0.094482421875,0.866455078125,1,478,34042556,1015.51220703125,23.360000610351562,-18.805387496948242,487,34095206,0,0,0.0,0.0,0.0,0,487
34144137,34096305,0.42376708984375,-0.23828125,0.0986328125,0.8682861328125,1,479,34097371,1015.538330078125,23.3799991607666,-19.022058486938477,488,34144134,0,0,0.0,0.0,0.0,0,488
34191261,34148675,0.41717529296875,-0.23883056640625,0.10650634765625,0.870361328125,1,480,34149741,1015.53515625,23.3700008392334,-18.99827766418457,489,34191258,0,0,0.0,0.0,0.0,0,489
34242102,34200490,0.40936279296875,-0.24090576171875,0.11431884765625,0.87249755859375,1,481,34201556,1015.533203125,23.3700008392334,-18.979782104492188,490,34242099,0,0,0.0,0.0,0.0,0,490
34295193,34252740,0.4049072265625,-0.24066162109375,0.1209716796875,0.873779296875,1,482,34253805,1015.556884765625,23.3700008392334,-19.175312042236328,491,34295190,0,0,0.0,0.0,0.0,0,491
34341235,34304675,0.39910888671875,-0.2430419921875,0.1300048828125,0.87451171875,1,483,34305741,1015.534423828125,23.3700008392334,-18.9903507232666,492,34341232,0,0,0.0,0.0,0.0,0,492
34391233,34342924,0.39569091796875,-0.24371337890625,0.13616943359375,0.87493896484375,1,484,34343990,1015.54248046875,23.3700008392334,-19.056407928466797,493,34391230,0,0,0.0,0.0,0.0,0,493
34443179,34395306,0.3935546875,-0.24310302734375,0.1417236328125,0.87518310546875,1,485,34396372,1015.52685546875,23.3700008392334,-18.92693519592285,494,34443176,0,0,0.0,0.0,0.0,0,494
34495192,34447490,0.39068603515625,-0.2432861328125,0.150146484375,0.875,1,486,34448556,1015.5009765625,23.3700008392334,-18.712907791137695,495,34495189,0,0,0.0,0.0,0.0,0,495
34541234,34499490,0.3892822265625,-0.244384765625,0.16015625,0.87353515625,1,487,34500556,1015.508056640625,23.3700008392334,-18.771038055419922,496,34541231,0,0,0.0,0.0,0.0,0,496
34594066,34551924,0.39007568359375,-0.24505615234375,0.1627197265625,0.87249755859375,1,488,34552990,1015.55224609375,23.3799991607666,-19.138320922851562,497,34594063,0,0,0.0,0.0,0.0,0,497
34640117,34603675,0.39178466796875,-0.24676513671875,0.1673583984375,0.870361328125,1,489,34604741,1015.524169921875,23.3700008392334,-18.90579605102539,498,34640114,0,0,0.0,0.0,0.0,0,498
34692100,34643675,0.39288330078125,-0.24859619140625,0.1678466796875,0.8692626953125,1,490,34644741,1015.5390625,23.3799991607666,-19.029985427856445,499,34692097,0,0,0.0,0.0,0.0,0,499
34743176,34695305,0.39324951171875,-0.24945068359375,0.1669921875,0.86907958984375,1,491,34696371,1015.531005859375,23.3799991607666,-18.961284637451172,500,34743173,0,0,0.0,0.0,0.0,0,500
34794060,34746305,0.39422607421875,-0.2496337890625,0.1669921875,0.8685302734375,1,492,34747371,1015.52734375,23.3799991607666,-18.932218551635742,501,34794057,0,0,0.0,0.0,0.0,0,501
34840237,34798490,0.3941650390625,-0.2491455078125,0.16656494140625,0.86883544921875,1,493,34799556,1015.519775390625,23.3799991607666,-18.868803024291992,502,34840234,0,0,0.0,0.0,0.0,0,502
34899171,34850675,0.39398193359375,-0.2493896484375,0.165771484375,0.86895751953125,1,494,34851741,1015.521728515625,23.3700008392334,-18.88465690612793,503,34899168,0,0,0.0,0.0,0.0,0,503
34942150,34906490,0.394287109375,-0.24896240234375,0.1634521484375,0.869384765625,1,495,34907556,1015.5361328125,23.3700008392334,-19.00620460510254,504,34942147,0,0,0.0,0.0,0.0,0,504
34993127,34944675,0.394775390625,-0.24688720703125,0.159912109375,0.87042236328125,1,496,34945741,1015.54345703125,23.3799991607666,-19.064334869384766,505,34993124,0,0,0.0,0.0,0.0,0,505
35045233,34997490,0.3948974609375,-0.2459716796875,0.158447265625,0.87091064453125,1,497,34998556,1015.525634765625,23.3799991607666,-18.919008255004883,506,35045230,0,0,0.0,0.0,0.0,0,506
35091135,35049490,0.3953857421875,-0.24267578125,0.15850830078125,0.87158203125,1,498,35050556,1015.527099609375,23.3799991607666,-18.929576873779297,507,35091132,0,0,0.0,0.0,0.0,0,507
35144171,35101675,0.3953857421875,-0.23968505859375,0.15863037109375,0.87237548828125,1,499,35102741,1015.509033203125,23.3799991607666,-18.77896499633789,508,35144168,0,0,0.0,0.0,0.0,0,508
35190269,35154490,0.39727783203125,-0.233642578125,0.1575927734375,0.87335205078125,1,500,35155556,1015.513427734375,23.3700008392334,-18.81595802307129,509,35190266,0,0,0.0,0.0,0.0,0,509
35240271,35191675,0.4012451171875,-0.2254638671875,0.1552734375,0.87408447265625,1,501,35192741,1015.506103515625,23.3700008392334,-18.755184173583984,510,35240268,0,0,0.0,0.0,0.0,0,510
35291141,35243555,0.403076171875,-0.222412109375,0.15411376953125,0.874267578125,1,502,35244621,1015.566650390625,23.3799991607666,-19.257225036621094,511,35291138,0,0,0.0,0.0,0.0,0,511
35343123,35295490,0.40948486328125,-0.21307373046875,0.14471435546875,0.87518310546875,1,503,35296556,1015.525390625,23.3799991607666,-18.916364669799805,512,35343120,0,0,0.0,0.0,0.0,0,512
35390275,35347740,0.420166015625,-0.19854736328125,0.1392822265625,0.87445068359375,1,504,35348806,1015.529296875,23.3799991607666,-18.948074340820312,513,35390272,0,0,0.0,0.0,0.0,0,513
35441147,35399490,0.43231201171875,-0.18817138671875,0.12890625,0.87237548828125,1,505,35400556,1015.536865234375,23.3799991607666,-19.011489868164062,514,35441144,0,0,0.0,0.0,0.0,0,514
35493138,35450739,0.4439697265625,-0.1719970703125,0.12957763671875,0.86981201171875,1,506,35451805,1015.515625,23.3799991607666,-18.834453582763672,515,35493135,0,0,0.0,0.0,0.0,0,515
35544065,35502490,0.46307373046875,-0.1529541015625,0.13067626953125,0.86322021484375,1,507,35503556,1015.56103515625,23.3799991607666,-19.212305068969727,516,35544062,0,0,0.0,0.0,0.0,0,516
35590065,35502490,0.46307373046875,-0.1529541015625,0.13067626953125,0.86322021484375,1,507,35555555,1015.529296875,23.3799991607666,-18.948074340820312,517,35590062,0,0,0.0,0.0,0.0,0,517
35641059,35592675,0.4820556640625,-0.1268310546875,0.11431884765625,0.859375,1,508,35593741,1015.540771484375,23.3799991607666,-19.043197631835938,518,35641056,0,0,0.0,0.0,0.0,0,518
35692137,35644305,0.48297119140625,-0.124755859375,0.10736083984375,0.86004638671875,1,509,35645371,1015.541259765625,23.3799991607666,-19.048480987548828,519,35692134,0,0,0.0,0.0,0.0,0,519
35744105,35695675,0.48529052734375,-0.11444091796875,0.08477783203125,0.8626708984375,1,510,35696741,1015.535888671875,23.3799991607666,-19.003562927246094,520,35744102,0,0,0.0,0.0,0.0,0,520
35790205,35747740,0.46856689453125,-0.1214599609375,0.0255126953125,0.87469482421875,1,511,35748805,1015.54052734375,23.3700008392334,-19.04055404663086,521,35790202,0,0,0.0,0.0,0.0,0,521
35840237,35798490,0.44158935546875,-0.13885498046875,-0.03717041015625,0.8856201171875,1,512,35799556,1015.51904296875,23.3799991607666,-18.8635196685791,522,35840234,0,0,0.0,0.0,0.0,0,522
35899101,35851490,0.44281005859375,-0.1776123046875,-0.11224365234375,0.87164306640625,1,513,35852556,1015.550537109375,23.3700008392334,-19.12510871887207,523,35899098,0,0,0.0,0.0,0.0,0,523
35940218,35903924,0.46807861328125,-0.18585205078125,-0.17864990234375,0.84527587890625,1,514,35904990,1015.512451171875,23.3799991607666,-18.80803108215332,524,35940215,0,0,0.0,0.0,0.0,0,524
35991127,35955490,0.47283935546875,-0.19940185546875,-0.1763916015625,0.8399658203125,1,515,35956556,1015.521240234375,23.389999389648438,-18.882015228271484,525,35991124,0,0,0.0,0.0,0.0,0,525
36041141,35993490,0.50958251953125,-0.176025390625,-0.15325927734375,0.82818603515625,1,516,35994556,1015.511962890625,23.389999389648438,-18.805387496948242,526,36041138,0,0,0.0,0.0,0.0,0,526
36093060,36045305,0.530517578125,-0.1473388671875,-0.1324462890625,0.82421875,1,517,36046371,1015.529052734375,23.389999389648438,-18.945430755615234,527,36093057,0,0,0.0,0.0,0.0,0,527
36145104,36097490,0.5584716796875,-0.10504150390625,-0.11737060546875,0.814453125,1,518,36098556,1015.539794921875,23.389999389648438,-19.03527069091797,528,36145101,0,0,0.0,0.0,0.0,0,528
36191133,36149490,0.56982421875,-0.0693359375,-0.10748291015625,0.81170654296875,1,519,36150556,1015.55078125,23.399999618530273,-19.12510871887207,529,36191130,0,0,0.0,0.0,0.0,0,529
36244069,36201675,0.57061767578125,-0.0762939453125,-0.10955810546875,0.810302734375,1,520,36202741,1015.54443359375,23.399999618530273,-19.072261810302734,530,36244066,0,0,0.0,0.0,0.0,0,530
36290155,36253740,0.58331298828125,-0.0390625,-0.0975341796875,0.805419921875,1,521,36254805,1015.526611328125,23.399999618530273,-18.92693519592285,531,36290152,0,0,0.0,0.0,0.0,0,531
36340208,36291675,0.586181640625,-0.03448486328125,-0.09326171875,0.8040771484375,1,522,36292741,1015.51708984375,23.399999618530273,-18.847665786743164,532,36340205,0,0,0.0,0.0,0.0,0,532
36391138,36343490,0.58636474609375,-0.02801513671875,-0.088623046875,0.8046875,1,523,36344556,1015.516357421875,23.399999618530273,-18.839738845825195,533,36391135,0,0,0.0,0.0,0.0,0,533
36443125,36395305,0.5863037109375,-0.02728271484375,-0.08935546875,0.8046875,1,524,36396371,1015.51611328125,23.399999618530273,-18.839738845825195,534,36443122,0,0,0.0,0.0,0.0,0,534
36495182,36446859,0.586669921875,-0.0284423828125,-0.09063720703125,0.80419921875,1,525,36447925,1015.550048828125,23.40999984741211,-19.119823455810547,535,36495179,0,0,0.0,0.0,0.0,0,535
36541131,36498739,0.58685302734375,-0.01458740234375,-0.07843017578125,0.80572509765625,1,526,36499805,1015.54345703125,23.40999984741211,-19.064334869384766,536,36541128,0,0,0.0,0.0,0.0,0,536
36593059,36550675,0.58685302734375,-0.0145263671875,-0.078369140625,0.80572509765625,1,527,36551741,1015.556396484375,23.40999984741211,-19.172670364379883,537,36593056,0,0,0.0,0.0,0.0,0,537
36640150,36603860,0.58697509765625,-0.01416015625,-0.07818603515625,0.80572509765625,1,528,36604926,1015.52490234375,23.399999618530273,-18.911081314086914,538,36640147,0,0,0.0,0.0,0.0,0,538
36695173,36641490,0.5869140625,-0.01416015625,-0.07818603515625,0.80572509765625,1,529,36642556,1015.572265625,23.40999984741211,-19.304786682128906,539,36695170,0,0,0.0,0.0,0.0,0,539
36744095,36696555,0.5869140625,-0.01397705078125,-0.0780029296875,0.80572509765625,1,530,36697621,1015.520263671875,23.399999618530273,-18.87144660949707,540,36744092,0,0,0.0,0.0,0.0,0,540
36791128,36748675,0.5869140625,-0.01409912109375,-0.0780029296875,0.80572509765625,1,531,36749741,1015.541015625,23.399999618530273,-19.045839309692383,541,36791125,0,0,0.0,0.0,0.0,0,541
36842168,36800490,0.5869140625,-0.01409912109375,-0.07794189453125,0.8057861328125,1,532,36801556,1015.564453125,23.399999618530273,-19.23872947692871,542,36842165,0,0,0.0,0.0,0.0,0,542
36894094,36851675,0.58685302734375,-0.0140380859375,-0.07794189453125,0.8057861328125,1,533,36852741,1015.551513671875,23.399999618530273,-19.13303565979004,543,36894091,0,0,0.0,0.0,0.0,0,543
36940185,36903739,0.5869140625,-0.013671875,-0.077880859375,0.8057861328125,1,534,36904805,1015.543701171875,23.399999618530273,-19.066978454589844,544,36940182,0,0,0.0,0.0,0.0,0,544
36995187,36941490,0.58697509765625,-0.0137939453125,-0.0777587890625,0.8057861328125,1,535,36942556,1015.554931640625,23.399999618530273,-19.15945816040039,545,36995184,0,0,0.0,0.0,0.0,0,545
37042156,37000490,0.5869140625,-0.01373291015625,-0.0777587890625,0.8057861328125,1,536,37001556,1015.54150390625,23.389999389648438,-19.048480987548828,546,37042153,0,0,0.0,0.0,0.0,0,546
37093109,37051490,0.5870361328125,-0.013671875,-0.07763671875,0.80572509765625,1,537,37052556,1015.5478515625,23.399999618530273,-19.101327896118164,547,37093106,0,0,0.0,0.0,0.0,0,547
37145188,37103490,0.58709716796875,-0.01373291015625,-0.07763671875,0.8056640625,1,538,37104556,1015.55078125,23.399999618530273,-19.12510871887207,548,37145185,0,0,0.0,0.0,0.0,0,548
37191116,37155490,0.587158203125,-0.013671875,-0.07763671875,0.80560302734375,1,539,37156556,1015.536865234375,23.389999389648438,-19.011489868164062,549,37191113,0,0,0.0,0.0,0.0,0,549
37241134,37192675,0.58721923828125,-0.01361083984375,-0.07769775390625,0.80560302734375,1,540,37193741,1015.558837890625,23.389999389648438,-19.193809509277344,550,37241131,0,0,0.0,0.0,0.0,0,550
37293166,37245490,0.58721923828125,-0.0135498046875,-0.07769775390625,0.80560302734375,1,541,37246556,1015.534912109375,23.3799991607666,-18.995635986328125,551,37293163,0,0,0.0,0.0,0.0,0,551
37340161,37297675,0.587158203125,-0.01348876953125,-0.07769775390625,0.8056640625,1,542,37298741,1015.5546875,23.389999389648438,-19.15945816040039,552,37340158,0,0,0.0,0.0,0.0,0,552
37392146,37349740,0.58734130859375,-0.013671875,-0.07745361328125,0.8055419921875,1,543,37350806,1015.5380859375,23.389999389648438,-19.022058486938477,553,37392143,0,0,0.0,0.0,0.0,0,553
37444060,37401675,0.5872802734375,-0.013671875,-0.0775146484375,0.8055419921875,1,544,37402741,1015.5498046875,23.3799991607666,-19.1171817779541,554,37444057,0,0,0.0,0.0,0.0,0,554
37490158,37453924,0.58734130859375,-0.01361083984375,-0.0772705078125,0.8055419921875,1,545,37454990,1015.564697265625,23.3799991607666,-19.241371154785156,555,37490155,0,0,0.0,0.0,0.0,0,555
37545129,37491490,0.58740234375,-0.01361083984375,-0.07733154296875,0.80548095703125,1,546,37492556,1015.523193359375,23.3799991607666,-18.897869110107422,556,37545126,0,0,0.0,0.0,0.0,0,556
37594060,37546306,0.58734130859375,-0.01361083984375,-0.077392578125,0.80548095703125,1,547,37547372,1015.551513671875,23.3799991607666,-19.13303565979004,557,37594057,0,0,0.0,0.0,0.0,0,557
37640157,37598490,0.58740234375,-0.013671875,-0.07745361328125,0.80548095703125,1,548,37599556,1015.583251953125,23.3799991607666,-19.397268295288086,558,37640154,0,0,0.0,0.0,0.0,0,558
37693162,37650675,0.58746337890625,-0.013671875,-0.07745361328125,0.805419921875,1,549,37651741,1015.528076171875,23.3700008392334,-18.937503814697266,559,37693159,0,0,0.0,0.0,0.0,0,559
37745179,37702675,0.5875244140625,-0.013671875,-0.07745361328125,0.80535888671875,1,550,37703741,1015.530029296875,23.3700008392334,-18.953357696533203,560,37745176,0,0,0.0,0.0,0.0,0,560
37792149,37755740,0.58734130859375,-0.01385498046875,-0.07720947265625,0.8055419921875,1,551,37756806,1015.52783203125,23.3799991607666,-18.93486213684082,561,37792146,0,0,0.0,0.0,0.0,0,561
37842147,37793675,0.58734130859375,-0.0137939453125,-0.07708740234375,0.8055419921875,1,552,37794741,1015.521240234375,23.3799991607666,-18.882015228271484,562,37842144,0,0,0.0,0.0,0.0,0,562
37894059,37846306,0.58734130859375,-0.01373291015625,-0.07708740234375,0.8055419921875,1,553,37847371,1015.527099609375,23.3799991607666,-18.929576873779297,563,37894057,0,0,0.0,0.0,0.0,0,563
37940149,37897675,0.58740234375,-0.01336669921875,-0.076904296875,0.8055419921875,1,554,37898741,1015.5703125,23.3700008392334,-19.28893280029297,564,37940146,0,0,0.0,0.0,0.0,0,564
37992128,37897675,0.58740234375,-0.01336669921875,-0.076904296875,0.8055419921875,1,554,37950805,1015.5322265625,23.3799991607666,-18.97185516357422,565,37992125,0,0,0.0,0.0,0.0,0,565
38043059,38001490,0.58734130859375,-0.01409912109375,-0.076904296875,0.8055419921875,1,555,38002556,1015.519287109375,23.3799991607666,-18.8635196685791,566,38043056,0,0,0.0,0.0,0.0,0,566
38095073,38052860,0.58734130859375,-0.01416015625,-0.07684326171875,0.8055419921875,1,556,38053926,1015.536376953125,23.3799991607666,-19.00620460510254,567,38095070,0,0,0.0,0.0,0.0,0,567
38141116,38105490,0.58734130859375,-0.01409912109375,-0.0767822265625,0.80560302734375,1,557,38106556,1015.517333984375,23.3700008392334,-18.847665786743164,568,38141113,0,0,0.0,0.0,0.0,0,568
38191106,38142675,0.58734130859375,-0.01416015625,-0.0767822265625,0.80560302734375,1,558,38143741,1015.528076171875,23.3700008392334,-18.937503814697266,569,38191103,0,0,0.0,0.0,0.0,0,569
38243101,38195555,0.586669921875,-0.02252197265625,-0.07720947265625,0.8057861328125,1,559,38196621,1015.527587890625,23.3799991607666,-18.93486213684082,570,38243098,0,0,0.0,0.0,0.0,0,570
38290220,38247675,0.586669921875,-0.02252197265625,-0.0772705078125,0.8057861328125,1,560,38248741,1015.517333984375,23.3799991607666,-18.847665786743164,571,38290217,0,0,0.0,0.0,0.0,0,571
38342059,38299859,0.586669921875,-0.02294921875,-0.07733154296875,0.8057861328125,1,561,38300925,1015.52197265625,23.3799991607666,-18.887300491333008,572,38342057,0,0,0.0,0.0,0.0,0,572
38393157,38351490,0.586669921875,-0.02294921875,-0.0772705078125,0.8057861328125,1,562,38352556,1015.536376953125,23.389999389648438,-19.00620460510254,573,38393154,0,0,0.0,0.0,0.0,0,573
38445180,38403490,0.58660888671875,-0.02288818359375,-0.077392578125,0.80584716796875,1,563,38404556,1015.510986328125,23.3799991607666,-18.797460556030273,574,38445178,0,0,0.0,0.0,0.0,0,574
38492141,38455740,0.58660888671875,-0.0233154296875,-0.07733154296875,0.80584716796875,1,564,38456805,1015.541259765625,23.3799991607666,-19.048480987548828,575,38492138,0,0,0.0,0.0,0.0,0,575
38542059,38493675,0.58660888671875,-0.02325439453125,-0.0772705078125,0.80584716796875,1,565,38494741,1015.559326171875,23.3799991607666,-19.19645118713379,576,38542057,0,0,0.0,0.0,0.0,0,576
38594078,38546555,0.58660888671875,-0.0235595703125,-0.077392578125,0.80584716796875,1,566,38547621,1015.5478515625,23.3799991607666,-19.101327896118164,577,38594075,0,0,0.0,0.0,0.0,0,577
38640143,38598490,0.58660888671875,-0.02337646484375,-0.07733154296875,0.80584716796875,1,567,38599556,1015.5400390625,23.3799991607666,-19.037912368774414,578,38640140,0,0,0.0,0.0,0.0,0,578
38693116,38650924,0.5865478515625,-0.02392578125,-0.077392578125,0.80584716796875,1,568,38651990,1015.54150390625,23.3700008392334,-19.048480987548828,579,38693113,0,0,0.0,0.0,0.0,0,579
38744143,38702490,0.58660888671875,-0.0238037109375,-0.077392578125,0.8057861328125,1,569,38703556,1015.524658203125,23.3799991607666,-18.911081314086914,580,38744140,0,0,0.0,0.0,0.0,0,580
38790133,38753924,0.5865478515625,-0.02423095703125,-0.077392578125,0.80584716796875,1,570,38754990,1015.527587890625,23.3799991607666,-18.93486213684082,581,38790130,0,0,0.0,0.0,0.0,0,581
38840134,38792490,0.58648681640625,-0.024169921875,-0.0772705078125,0.805908203125,1,571,38793556,1015.5654296875,23.3799991607666,-19.24665641784668,582,38840131,0,0,0.0,0.0,0.0,0,582
38897059,38843305,0.58648681640625,-0.024169921875,-0.07720947265625,0.805908203125,1,572,38844371,1015.550048828125,23.3799991607666,-19.119823455810547,583,38897056,0,0,0.0,0.0,0.0,0,583
38940131,38898491,0.58642578125,-0.0240478515625,-0.07708740234375,0.80596923828125,1,573,38899557,1015.496826171875,23.3700008392334,-18.678556442260742,584,38940128,0,0,0.0,0.0,0.0,0,584
38992149,38950490,0.58636474609375,-0.02410888671875,-0.07733154296875,0.80596923828125,1,574,38951556,1015.53955078125,23.3700008392334,-19.03262710571289,585,38992146,0,0,0.0,0.0,0.0,0,585
39045066,39002675,0.58642578125,-0.02410888671875,-0.07733154296875,0.80596923828125,1,575,39003741,1015.510009765625,23.3799991607666,-18.78689193725586,586,39045063,0,0,0.0,0.0,0.0,0,586
39091146,39054675,0.58642578125,-0.0240478515625,-0.077392578125,0.80596923828125,1,576,39055741,1015.564697265625,23.389999389648438,-19.241371154785156,587,39091143,0,0,0.0,0.0,0.0,0,587
39142060,39093740,0.58636474609375,-0.02508544921875,-0.0772705078125,0.80596923828125,1,577,39094806,1015.56396484375,23.3799991607666,-19.236085891723633,588,39142057,0,0,0.0,0.0,0.0,0,588
39194059,39146305,0.58642578125,-0.0250244140625,-0.07733154296875,0.805908203125,1,578,39147371,1015.5224609375,23.3799991607666,-18.8925838470459,589,39194056,0,0,0.0,0.0,0.0,0,589
39245149,39197490,0.58636474609375,-0.02496337890625,-0.0772705078125,0.80596923828125,1,579,39198556,1015.554931640625,23.3799991607666,-19.15945816040039,590,39245146,0,0,0.0,0.0,0.0,0,590
39292117,39249675,0.58642578125,-0.0247802734375,-0.07720947265625,0.80596923828125,1,580,39250741,1015.54833984375,23.3799991607666,-19.106613159179688,591,39292114,0,0,0.0,0.0,0.0,0,591
39344073,39301740,0.58636474609375,-0.02508544921875,-0.0771484375,0.80596923828125,1,581,39302806,1015.51416015625,23.3799991607666,-18.82124137878418,592,39344070,0,0,0.0,0.0,0.0,0,592
39395147,39353490,0.58648681640625,-0.02484130859375,-0.07684326171875,0.805908203125,1,582,39354556,1015.55908203125,23.3799991607666,-19.19645118713379,593,39395144,0,0,0.0,0.0,0.0,0,593
39442059,39405924,0.58648681640625,-0.0250244140625,-0.07684326171875,0.805908203125,1,583,39406990,1015.474365234375,23.3799991607666,-18.490951538085938,594,39442056,0,0,0.0,0.0,0.0,0,594
39491103,39443490,0.5865478515625,-0.0250244140625,-0.07684326171875,0.80584716796875,1,584,39444556,1015.558349609375,23.389999389648438,-19.18852424621582,595,39491100,0,0,0.0,0.0,0.0,0,595
39543059,39495305,0.58660888671875,-0.02496337890625,-0.07672119140625,0.80584716796875,1,585,39496371,1015.52099609375,23.3799991607666,-18.87937355041504,596,39543057,0,0,0.0,0.0,0.0,0,596
39595216,39547490,0.58673095703125,-0.02484130859375,-0.07659912109375,0.8057861328125,1,586,39548556,1015.53662109375,23.389999389648438,-19.008846282958984,597,39595213,0,0,0.0,0.0,0.0,0,597
39641103,39599490,0.58685302734375,-0.0247802734375,-0.07647705078125,0.8056640625,1,587,39600556,1015.540771484375,23.3799991607666,-19.043197631835938,598,39641100,0,0,0.0,0.0,0.0,0,598
39694059,39651740,0.5870361328125,-0.02496337890625,-0.07623291015625,0.8055419921875,1,588,39652805,1015.558837890625,23.3799991607666,-19.193809509277344,599,39694057,0,0,0.0,0.0,0.0,0,599
39740191,39703675,0.58734130859375,-0.02392578125,-0.0755615234375,0.805419921875,1,589,39704741,1015.54931640625,23.3799991607666,-19.114540100097656,600,39740188,0,0,0.0,0.0,0.0,0,600
39795205,39741490,0.58758544921875,-0.02166748046875,-0.07354736328125,0.8055419921875,1,590,39742556,1015.55322265625,23.3799991607666,-19.14624786376953,601,39795202,0,0,0.0,0.0,0.0,0,601
39840198,39798306,0.58770751953125,-0.02081298828125,-0.07305908203125,0.80548095703125,1,591,39799372,1015.53271484375,23.389999389648438,-18.97713851928711,602,39840195,0,0,0.0,0.0,0.0,0,602
39898059,39850490,0.58795166015625,-0.01971435546875,-0.07208251953125,0.805419921875,1,592,39851556,1015.52685546875,23.3799991607666,-18.92693519592285,603,39898056,0,0,0.0,0.0,0.0,0,603
39944068,39901860,0.5880126953125,-0.01904296875,-0.07098388671875,0.80548095703125,1,593,39902925,1015.55126953125,23.389999389648438,-19.130393981933594,604,39944065,0,0,0.0,0.0,0.0,0,604
39990228,39953675,0.588134765625,-0.01904296875,-0.0709228515625,0.805419921875,1,594,39954741,1015.520263671875,23.3799991607666,-18.87144660949707,605,39990225,0,0,0.0,0.0,0.0,0,605
40040149,39991860,0.5882568359375,-0.01904296875,-0.07080078125,0.80535888671875,1,595,39992925,1015.515869140625,23.3799991607666,-18.837095260620117,606,40040146,0,0,0.0,0.0,0.0,0,606
40092237,40044490,0.5882568359375,-0.01898193359375,-0.07073974609375,0.80535888671875,1,596,40045556,1015.50830078125,23.3799991607666,-18.773679733276367,607,40092234,0,0,0.0,0.0,0.0,0,607
40140226,40097675,0.58843994140625,-0.0189208984375,-0.07012939453125,0.80523681640625,1,597,40098741,1015.524658203125,23.3799991607666,-18.911081314086914,608,40140223,0,0,0.0,0.0,0.0,0,608
40192235,40149675,0.58843994140625,-0.0189208984375,-0.070068359375,0.8052978515625,1,598,40150741,1015.51416015625,23.3799991607666,-18.82124137878418,609,40192232,0,0,0.0,0.0,0.0,0,609
40244065,40201859,0.5885009765625,-0.01904296875,-0.07000732421875,0.80523681640625,1,599,40202925,1015.547607421875,23.3799991607666,-19.101327896118164,610,40244062,0,0,0.0,0.0,0.0,0,610
40290169,40253675,0.5885009765625,-0.01885986328125,-0.06988525390625,0.80523681640625,1,600,40254741,1015.528076171875,23.3799991607666,-18.937503814697266,611,40290166,0,0,0.0,0.0,0.0,0,611
40341095,40293490,0.5885009765625,-0.0189208984375,-0.06988525390625,0.80523681640625,1,601,40294556,1015.510986328125,23.389999389648438,-18.797460556030273,612,40341092,0,0,0.0,0.0,0.0,0,612
40394059,40346555,0.58856201171875,-0.01922607421875,-0.0699462890625,0.80523681640625,1,602,40347621,1015.55419921875,23.3799991607666,-19.1541748046875,613,40394056,0,0,0.0,0.0,0.0,0,613
40440169,40398305,0.58856201171875,-0.019287109375,-0.07012939453125,0.80517578125,1,603,40399371,1015.567138671875,23.3700008392334,-19.262510299682617,614,40440166,0,0,0.0,0.0,0.0,0,614
40492094,40449675,0.58856201171875,-0.01934814453125,-0.070068359375,0.80517578125,1,604,40450741,1015.51318359375,23.3799991607666,-18.81331443786621,615,40492091,0,0,0.0,0.0,0.0,0,615
40544063,40501740,0.5885009765625,-0.01947021484375,-0.07012939453125,0.80517578125,1,605,40502805,1015.508544921875,23.3799991607666,-18.776323318481445,616,40544060,0,0,0.0,0.0,0.0,0,616
40590162,40554490,0.58856201171875,-0.01947021484375,-0.07012939453125,0.80517578125,1,606,40555556,1015.541259765625,23.3799991607666,-19.048480987548828,617,40590159,0,0,0.0,0.0,0.0,0,617
40640162,40591675,0.58856201171875,-0.01947021484375,-0.07012939453125,0.80517578125,1,607,40592741,1015.523193359375,23.3799991607666,-18.897869110107422,618,40640159,0,0,0.0,0.0,0.0,0,618
40691153,40643305,0.58856201171875,-0.0194091796875,-0.07012939453125,0.80517578125,1,608,40644371,1015.5478515625,23.3799991607666,-19.101327896118164,619,40691150,0,0,0.0,0.0,0.0,0,619
40743087,40694675,0.58856201171875,-0.0194091796875,-0.070068359375,0.80517578125,1,609,40695741,1015.537841796875,23.3799991607666,-19.01941680908203,620,40743085,0,0,0.0,0.0,0.0,0,620
40795195,40746860,0.58837890625,-0.01983642578125,-0.07012939453125,0.8052978515625,1,610,40747925,1015.5302734375,23.3799991607666,-18.95600128173828,621,40795192,0,0,0.0,0.0,0.0,0,621
40845193,40797490,0.58843994140625,-0.01983642578125,-0.07000732421875,0.80523681640625,1,611,40798556,1015.50390625,23.3799991607666,-18.7366886138916,622,40845190,0,0,0.0,0.0,0.0,0,622
40897082,40848675,0.58843994140625,-0.0198974609375,-0.07000732421875,0.80523681640625,1,612,40849741,1015.539306640625,23.3799991607666,-19.029985427856445,623,40897079,0,0,0.0,0.0,0.0,0,623
40943087,40900675,0.58843994140625,-0.01995849609375,-0.0699462890625,0.8052978515625,1,613,40901741,1015.540283203125,23.389999389648438,-19.037912368774414,624,40943084,0,0,0.0,0.0,0.0,0,624
40995120,40952740,0.5885009765625,-0.02008056640625,-0.07012939453125,0.80517578125,1,614,40953806,1015.55029296875,23.389999389648438,-19.122467041015625,625,40995117,0,0,0.0,0.0,0.0,0,625
41040066,41004490,0.588623046875,-0.01995849609375,-0.07012939453125,0.80511474609375,1,615,41005556,1015.523193359375,23.3799991607666,-18.897869110107422,626,41040063,0,0,0.0,0.0,0.0,0,626
41092162,41043924,0.5885009765625,-0.02032470703125,-0.0701904296875,0.80517578125,1,616,41044990,1015.525634765625,23.3799991607666,-18.919008255004883,627,41092159,0,0,0.0,0.0,0.0,0,627
41143084,41095305,0.58856201171875,-0.020263671875,-0.0701904296875,0.80517578125,1,617,41096371,1015.517822265625,23.3799991607666,-18.852949142456055,628,41143081,0,0,0.0,0.0,0.0,0,628
41190156,41148491,0.58856201171875,-0.02032470703125,-0.0701904296875,0.80511474609375,1,618,41149557,1015.528564453125,23.3799991607666,-18.94278907775879,629,41190153,0,0,0.0,0.0,0.0,0,629
41242060,41200490,0.58856201171875,-0.02020263671875,-0.07012939453125,0.80517578125,1,619,41201556,1015.510498046875,23.3799991607666,-18.792177200317383,630,41242057,0,0,0.0,0.0,0.0,0,630
41295190,41252739,0.58868408203125,-0.0205078125,-0.07025146484375,0.8050537109375,1,620,41253805,1015.544189453125,23.389999389648438,-19.072261810302734,631,41295187,0,0,0.0,0.0,0.0,0,631
41340155,41304490,0.588623046875,-0.02044677734375,-0.070068359375,0.80511474609375,1,621,41305556,1015.55908203125,23.389999389648438,-19.19645118713379,632,41340152,0,0,0.0,0.0,0.0,0,632
41390151,41341675,0.588623046875,-0.01904296875,-0.06890869140625,0.80523681640625,1,622,41342741,1015.552978515625,23.389999389648438,-19.143604278564453,633,41390148,0,0,0.0,0.0,0.0,0,633
41442059,41394555,0.58856201171875,-0.0186767578125,-0.06842041015625,0.80535888671875,1,623,41395621,1015.544189453125,23.399999618530273,-19.072261810302734,634,41442056,0,0,0.0,0.0,0.0,0,634
41495104,41446675,0.5885009765625,-0.018798828125,-0.068359375,0.80535888671875,1,624,41447741,1015.5576171875,23.389999389648438,-19.183238983154297,635,41495101,0,0,0.0,0.0,0.0,0,635
41541127,41498739,0.5885009765625,-0.01873779296875,-0.06829833984375,0.805419921875,1,625,41499805,1015.526123046875,23.3799991607666,-18.921649932861328,636,41541124,0,0,0.0,0.0,0.0,0,636
41593067,41550860,0.58843994140625,-0.01873779296875,-0.068115234375,0.80548095703125,1,626,41551926,1015.562744140625,23.399999618530273,-19.22551727294922,637,41593064,0,0,0.0,0.0,0.0,0,637
41645187,41602860,0.58856201171875,-0.01861572265625,-0.06805419921875,0.80535888671875,1,627,41603925,1015.51806640625,23.389999389648438,-18.855592727661133,638,41645184,0,0,0.0,0.0,0.0,0,638
41691075,41654675,0.58856201171875,-0.01861572265625,-0.06805419921875,0.80535888671875,1,628,41655741,1015.556884765625,23.399999618530273,-19.175312042236328,639,41691072,0,0,0.0,0.0,0.0,0,639
41740190,41692490,0.588623046875,-0.01873779296875,-0.06805419921875,0.80535888671875,1,629,41693556,1015.509765625,23.389999389648438,-18.784250259399414,640,41740187,0,0,0.0,0.0,0.0,0,640
41793064,41745555,0.58856201171875,-0.0186767578125,-0.0679931640625,0.80535888671875,1,630,41746621,1015.50537109375,23.389999389648438,-18.74989891052246,641,41793062,0,0,0.0,0.0,0.0,0,641
41845186,41797490,0.588623046875,-0.01837158203125,-0.0675048828125,0.80535888671875,1,631,41798556,1015.526611328125,23.399999618530273,-18.92693519592285,642,41845183,0,0,0.0,0.0,0.0,0,642
41897074,41849490,0.58880615234375,-0.01715087890625,-0.0655517578125,0.805419921875,1,632,41850556,1015.539794921875,23.399999618530273,-19.03527069091797,643,41897071,0,0,0.0,0.0,0.0,0,643
41944060,41901675,0.588623046875,-0.01629638671875,-0.06439208984375,0.8056640625,1,633,41902741,1015.55615234375,23.399999618530273,-19.170028686523438,644,41944057,0,0,0.0,0.0,0.0,0,644
41990060,41953739,0.58880615234375,-0.01690673828125,-0.064697265625,0.8055419921875,1,634,41954805,1015.554931640625,23.399999618530273,-19.15945816040039,645,41990057,0,0,0.0,0.0,0.0,0,645
42040200,41992490,0.58880615234375,-0.0157470703125,-0.06298828125,0.8056640625,1,635,41993556,1015.532470703125,23.399999618530273,-18.974496841430664,646,42040197,0,0,0.0,0.0,0.0,0,646
42092152,42044555,0.5887451171875,-0.01629638671875,-0.0635986328125,0.8056640625,1,636,42045621,1015.53125,23.399999618530273,-18.96392822265625,647,42092149,0,0,0.0,0.0,0.0,0,647
42145185,42096675,0.5887451171875,-0.0162353515625,-0.06341552734375,0.8056640625,1,637,42097741,1015.555908203125,23.399999618530273,-19.16738510131836,648,42145182,0,0,0.0,0.0,0.0,0,648
42191079,42148924,0.58868408203125,-0.015869140625,-0.063232421875,0.80572509765625,1,638,42149990,1015.53271484375,23.40999984741211,-18.97713851928711,649,42191076,0,0,0.0,0.0,0.0,0,649
42243062,42201490,0.58868408203125,-0.015869140625,-0.06317138671875,0.80572509765625,1,639,42202556,1015.538330078125,23.399999618530273,-19.022058486938477,650,42243059,0,0,0.0,0.0,0.0,0,650
42291069,42254860,0.58868408203125,-0.0159912109375,-0.06341552734375,0.80572509765625,1,640,42255926,1015.533447265625,23.40999984741211,-18.982423782348633,651,42291066,0,0,0.0,0.0,0.0,0,651
42341087,42292675,0.58880615234375,-0.015869140625,-0.0633544921875,0.8056640625,1,641,42293741,1015.489013671875,23.399999618530273,-18.615140914916992,652,42341084,0,0,0.0,0.0,0.0,0,652
42393059,42345555,0.5887451171875,-0.015869140625,-0.0633544921875,0.8056640625,1,642,42346621,1015.566162109375,23.40999984741211,-19.25458335876465,653,42393056,0,0,0.0,0.0,0.0,0,653
42445078,42397490,0.58868408203125,-0.01617431640625,-0.06341552734375,0.8056640625,1,643,42398556,1015.561279296875,23.40999984741211,-19.214946746826172,654,42445075,0,0,0.0,0.0,0.0,0,654
42491060,42448740,0.5887451171875,-0.01629638671875,-0.06341552734375,0.8056640625,1,644,42449805,1015.54345703125,23.40999984741211,-19.064334869384766,655,42491057,0,0,0.0,0.0,0.0,0,655
42543147,42500675,0.5887451171875,-0.017578125,-0.064208984375,0.80560302734375,1,645,42501741,1015.542724609375,23.40999984741211,-19.059051513671875,656,42543144,0,0,0.0,0.0,0.0,0,656
42594059,42552490,0.5885009765625,-0.01641845703125,-0.063232421875,0.80584716796875,1,646,42553556,1015.549072265625,23.420000076293945,-19.111896514892578,657,42594057,0,0,0.0,0.0,0.0,0,657
42641075,42604739,0.58868408203125,-0.0179443359375,-0.06414794921875,0.80560302734375,1,647,42605805,1015.52587890625,23.40999984741211,-18.919008255004883,658,42641072,0,0,0.0,0.0,0.0,0,658
42691066,42642675,0.5887451171875,-0.01800537109375,-0.0643310546875,0.80560302734375,1,648,42643741,1015.55615234375,23.40999984741211,-19.170028686523438,659,42691063,0,0,0.0,0.0,0.0,0,659
42743060,42695490,0.5887451171875,-0.01800537109375,-0.0643310546875,0.8055419921875,1,649,42696556,1015.538330078125,23.40999984741211,-19.022058486938477,660,42743057,0,0,0.0,0.0,0.0,0,660
42795226,42747306,0.5888671875,-0.01910400390625,-0.065185546875,0.80535888671875,1,650,42748372,1015.5419921875,23.40999984741211,-19.05376625061035,661,42795223,0,0,0.0,0.0,0.0,0,661
42842060,42799739,0.5887451171875,-0.01788330078125,-0.0648193359375,0.8055419921875,1,651,42800805,1015.541015625,23.40999984741211,-19.045839309692383,662,42842057,0,0,0.0,0.0,0.0,0,662
42899060,42851490,0.58843994140625,-0.01837158203125,-0.0660400390625,0.8056640625,1,652,42852556,1015.52490234375,23.40999984741211,-18.911081314086914,663,42899057,0,0,0.0,0.0,0.0,0,663
42940125,42903924,0.58782958984375,-0.01995849609375,-0.0679931640625,0.80584716796875,1,653,42904990,1015.51708984375,23.40999984741211,-18.847665786743164,664,42940122,0,0,0.0,0.0,0.0,0,664
42995139,42941490,0.58782958984375,-0.01727294921875,-0.06585693359375,0.80615234375,1,654,42942556,1015.556884765625,23.40999984741211,-19.175312042236328,665,42995136,0,0,0.0,0.0,0.0,0,665
43040188,42998490,0.58782958984375,-0.01617431640625,-0.06488037109375,0.80621337890625,1,655,42999556,1015.565673828125,23.420000076293945,-19.249298095703125,666,43040185,0,0,0.0,0.0,0.0,0,666
43092193,43050490,0.58795166015625,-0.0157470703125,-0.064453125,0.80615234375,1,656,43051556,1015.5615234375,23.40999984741211,-19.214946746826172,667,43092190,0,0,0.0,0.0,0.0,0,667
43145224,43102924,0.58795166015625,-0.01910400390625,-0.06719970703125,0.805908203125,1,657,43103990,1015.546142578125,23.420000076293945,-19.088115692138672,668,43145221,0,0,0.0,0.0,0.0,0,668
43191062,43154860,0.58795166015625,-0.01898193359375,-0.06707763671875,0.805908203125,1,658,43155925,1015.4970703125,23.40999984741211,-18.68120002746582,669,43191059,0,0,0.0,0.0,0.0,0,669
43240226,43192490,0.587890625,-0.01922607421875,-0.0673828125,0.805908203125,1,659,43193556,1015.551513671875,23.40999984741211,-19.13303565979004,670,43240223,0,0,0.0,0.0,0.0,0,670
43294059,43246490,0.58795166015625,-0.01934814453125,-0.0675048828125,0.80584716796875,1,660,43247556,1015.5390625,23.40999984741211,-19.029985427856445,671,43294056,0,0,0.0,0.0,0.0,0,671
43341060,43298675,0.58782958984375,-0.02020263671875,-0.0682373046875,0.80584716796875,1,661,43299741,1015.5439453125,23.40999984741211,-19.06962013244629,672,43341057,0,0,0.0,0.0,0.0,0,672
43392190,43350490,0.587890625,-0.0206298828125,-0.06866455078125,0.8057861328125,1,662,43351556,1015.557373046875,23.40999984741211,-19.18059730529785,673,43392187,0,0,0.0,0.0,0.0,0,673
43444060,43402490,0.5880126953125,-0.02093505859375,-0.06890869140625,0.8056640625,1,663,43403556,1015.53857421875,23.40999984741211,-19.024700164794922,674,43444057,0,0,0.0,0.0,0.0,0,674
43491059,43454739,0.5880126953125,-0.0218505859375,-0.069580078125,0.8055419921875,1,664,43455805,1015.51123046875,23.40999984741211,-18.797460556030273,675,43491056,0,0,0.0,0.0,0.0,0,675
43541086,43493490,0.587890625,-0.021484375,-0.0694580078125,0.8056640625,1,665,43494556,1015.53466796875,23.40999984741211,-18.992992401123047,676,43541083,0,0,0.0,0.0,0.0,0,676
43593114,43545490,0.587890625,-0.0216064453125,-0.06951904296875,0.8056640625,1,666,43546556,1015.54931640625,23.40999984741211,-19.114540100097656,677,43593111,0,0,0.0,0.0,0.0,0,677
43640141,43598490,0.587890625,-0.02117919921875,-0.06915283203125,0.8056640625,1,667,43599556,1015.554443359375,23.40999984741211,-19.156816482543945,678,43640138,0,0,0.0,0.0,0.0,0,678
43693113,43650924,0.5880126953125,-0.0218505859375,-0.069580078125,0.8055419921875,1,668,43651990,1015.560546875,23.40999984741211,-19.207019805908203,679,43693110,0,0,0.0,0.0,0.0,0,679
43744060,43702490,0.58807373046875,-0.02166748046875,-0.06939697265625,0.8055419921875,1,669,43703556,1015.5185546875,23.40999984741211,-18.858234405517578,680,43744057,0,0,0.0,0.0,0.0,0,680
43791068,43754860,0.588134765625,-0.02191162109375,-0.06951904296875,0.80548095703125,1,670,43755926,1015.56396484375,23.40999984741211,-19.236085891723633,681,43791065,0,0,0.0,0.0,0.0,0,681
43841074,43792675,0.588134765625,-0.02178955078125,-0.06939697265625,0.80548095703125,1,671,43793741,1015.51806640625,23.40999984741211,-18.855592727661133,682,43841071,0,0,0.0,0.0,0.0,0,682
43899060,43845305,0.588134765625,-0.0218505859375,-0.0694580078125,0.80548095703125,1,672,43846371,1015.549560546875,23.40999984741211,-19.1171817779541,683,43899057,0,0,0.0,0.0,0.0,0,683
43942059,43900490,0.588134765625,-0.021728515625,-0.0694580078125,0.80548095703125,1,673,43901556,1015.546142578125,23.40999984741211,-19.088115692138672,684,43942057,0,0,0.0,0.0,0.0,0,684
43995132,43952675,0.588134765625,-0.021728515625,-0.06939697265625,0.80548095703125,1,674,43953741,1015.552001953125,23.40999984741211,-19.135677337646484,685,43995129,0,0,0.0,0.0,0.0,0,685
44041125,44004740,0.58795166015625,-0.02191162109375,-0.06964111328125,0.80560302734375,1,675,44005806,1015.536865234375,23.399999618530273,-19.011489868164062,686,44041122,0,0,0.0,0.0,0.0,0,686
44091125,44042740,0.5880126953125,-0.02197265625,-0.06976318359375,0.8055419921875,1,676,44043806,1015.53662109375,23.40999984741211,-19.008846282958984,687,44091122,0,0,0.0,0.0,0.0,0,687
44143059,44095490,0.5880126953125,-0.0220947265625,-0.06982421875,0.80548095703125,1,677,44096556,1015.550048828125,23.40999984741211,-19.119823455810547,688,44143056,0,0,0.0,0.0,0.0,0,688
44195062,44147490,0.58807373046875,-0.02203369140625,-0.06976318359375,0.80548095703125,1,678,44148556,1015.537353515625,23.40999984741211,-19.014131546020508,689,44195059,0,0,0.0,0.0,0.0,0,689
44241142,44199490,0.588134765625,-0.0220947265625,-0.06988525390625,0.80548095703125,1,679,44200556,1015.55810546875,23.40999984741211,-19.18852424621582,690,44241139,0,0,0.0,0.0,0.0,0,690
44293059,44251490,0.588134765625,-0.022216796875,-0.06988525390625,0.805419921875,1,680,44252556,1015.5341796875,23.40999984741211,-18.987709045410156,691,44293056,0,0,0.0,0.0,0.0,0,691
44340087,44303675,0.588134765625,-0.0228271484375,-0.07025146484375,0.80535888671875,1,681,44304741,1015.52001953125,23.399999618530273,-18.87144660949707,692,44340084,0,0,0.0,0.0,0.0,0,692
44391140,44342740,0.588134765625,-0.0224609375,-0.0703125,0.805419921875,1,682,44343806,1015.548095703125,23.40999984741211,-19.10396957397461,693,44391137,0,0,0.0,0.0,0.0,0,693
44443060,44395490,0.58819580078125,-0.02276611328125,-0.07061767578125,0.8052978515625,1,683,44396556,1015.53125,23.40999984741211,-18.96392822265625,694,44443057,0,0,0.0,0.0,0.0,0,694
44495072,44447490,0.588134765625,-0.0230712890625,-0.07086181640625,0.8052978515625,1,684,44448556,1015.53515625,23.40999984741211,-18.99827766418457,695,44495069,0,0,0.0,0.0,0.0,0,695
44542059,44499675,0.588134765625,-0.02294921875,-0.07086181640625,0.8052978515625,1,685,44500741,1015.556884765625,23.40999984741211,-19.175312042236328,696,44542056,0,0,0.0,0.0,0.0,0,696
44594059,44551675,0.588134765625,-0.0224609375,-0.07037353515625,0.80535888671875,1,686,44552741,1015.52685546875,23.40999984741211,-18.92693519592285,697,44594057,0,0,0.0,0.0,0.0,0,697
44640088,44603675,0.588134765625,-0.02252197265625,-0.070556640625,0.80535888671875,1,687,44604741,1015.533447265625,23.40999984741211,-18.982423782348633,698,44640085,0,0,0.0,0.0,0.0,0,698
44690109,44641860,0.58819580078125,-0.0225830078125,-0.07049560546875,0.80535888671875,1,688,44642925,1015.534423828125,23.40999984741211,-18.9903507232666,699,44690106,0,0,0.0,0.0,0.0,0,699
44742060,44694490,0.588134765625,-0.0225830078125,-0.070556640625,0.80535888671875,1,689,44695556,1015.51806640625,23.40999984741211,-18.855592727661133,700,44742057,0,0,0.0,0.0,0.0,0,700
44794059,44746490,0.5882568359375,-0.02252197265625,-0.0704345703125,0.8052978515625,1,690,44747556,1015.5546875,23.420000076293945,-19.15945816040039,701,44794056,0,0,0.0,0.0,0.0,0,701
44842059,44799675,0.5882568359375,-0.02239990234375,-0.0704345703125,0.8052978515625,1,691,44800741,1015.576171875,23.420000076293945,-19.33649444580078,702,44842056,0,0,0.0,0.0,0.0,0,702
44895060,44852860,0.58819580078125,-0.02227783203125,-0.0703125,0.80535888671875,1,692,44853925,1015.52490234375,23.420000076293945,-18.911081314086914,703,44895057,0,0,0.0,0.0,0.0,0,703
44941060,44904675,0.58819580078125,-0.0223388671875,-0.0704345703125,0.8052978515625,1,693,44905741,1015.542724609375,23.420000076293945,-19.059051513671875,704,44941057,0,0,0.0,0.0,0.0,0,704
44993059,44944740,0.5882568359375,-0.022216796875,-0.07037353515625,0.8052978515625,1,694,44945806,1015.53662109375,23.420000076293945,-19.008846282958984,705,44993057,0,0,0.0,0.0,0.0,0,705
45045097,44997490,0.5882568359375,-0.0223388671875,-0.07037353515625,0.8052978515625,1,695,44998556,1015.568603515625,23.420000076293945,-19.275720596313477,706,45045094,0,0,0.0,0.0,0.0,0,706
45091104,45049490,0.588134765625,-0.022216796875,-0.07037353515625,0.80535888671875,1,696,45050556,1015.531982421875,23.43000030517578,-18.96921157836914,707,45091101,0,0,0.0,0.0,0.0,0,707
45143059,45101490,0.58819580078125,-0.0223388671875,-0.07049560546875,0.8052978515625,1,697,45102556,1015.54296875,23.43000030517578,-19.06169319152832,708,45143057,0,0,0.0,0.0,0.0,0,708
45190093,45153675,0.5882568359375,-0.02325439453125,-0.0711669921875,0.80517578125,1,698,45154741,1015.55126953125,23.43000030517578,-19.130393981933594,709,45190090,0,0,0.0,0.0,0.0,0,709
45242059,45193924,0.58831787109375,-0.02288818359375,-0.07122802734375,0.80517578125,1,699,45194990,1015.54052734375,23.43000030517578,-19.04055404663086,710,45242056,0,0,0.0,0.0,0.0,0,710
45294059,45246305,0.58831787109375,-0.02294921875,-0.07122802734375,0.80517578125,1,700,45247371,1015.508056640625,23.40999984741211,-18.771038055419922,711,45294056,0,0,0.0,0.0,0.0,0,711
45345098,45297490,0.58837890625,-0.0230712890625,-0.07135009765625,0.80511474609375,1,701,45298556,1015.556640625,23.43000030517578,-19.175312042236328,712,45345096,0,0,0.0,0.0,0.0,0,712
45393059,45350675,0.58831787109375,-0.02294921875,-0.07122802734375,0.80517578125,1,702,45351741,1015.508544921875,23.43000030517578,-18.776323318481445,713,45393056,0,0,0.0,0.0,0.0,0,713
45445059,45402860,0.58831787109375,-0.02264404296875,-0.0709228515625,0.80517578125,1,703,45403926,1015.548583984375,23.43000030517578,-19.109254837036133,714,45445057,0,0,0.0,0.0,0.0,0,714
45491109,45454675,0.58831787109375,-0.022705078125,-0.07110595703125,0.80517578125,1,704,45455741,1015.519287109375,23.420000076293945,-18.8635196685791,715,45491106,0,0,0.0,0.0,0.0,0,715
45541109,45492740,0.5882568359375,-0.02264404296875,-0.0709228515625,0.80523681640625,1,705,45493805,1015.53759765625,23.43000030517578,-19.016773223876953,716,45541106,0,0,0.0,0.0,0.0,0,716
45592059,45544305,0.5882568359375,-0.02264404296875,-0.07098388671875,0.80523681640625,1,706,45545371,1015.547119140625,23.43000030517578,-19.09604263305664,717,45592056,0,0,0.0,0.0,0.0,0,717
45644059,45596490,0.5882568359375,-0.022705078125,-0.07110595703125,0.80517578125,1,707,45597556,1015.517578125,23.43000030517578,-18.85030746459961,718,45644057,0,0,0.0,0.0,0.0,0,718
45690069,45648490,0.5882568359375,-0.02264404296875,-0.0711669921875,0.80523681640625,1,708,45649556,1015.515869140625,23.43000030517578,-18.837095260620117,719,45690066,0,0,0.0,0.0,0.0,0,719
45742060,45699675,0.58831787109375,-0.0225830078125,-0.0711669921875,0.80517578125,1,709,45700741,1015.55810546875,23.43000030517578,-19.18852424621582,720,45742057,0,0,0.0,0.0,0.0,0,720
45794059,45751739,0.58837890625,-0.02227783203125,-0.07086181640625,0.80517578125,1,710,45752805,1015.55908203125,23.440000534057617,-19.19645118713379,721,45794056,0,0,0.0,0.0,0.0,0,721
45845080,45803490,0.5885009765625,-0.02227783203125,-0.07086181640625,0.8050537109375,1,711,45804556,1015.536376953125,23.43000030517578,-19.00620460510254,722,45845077,0,0,0.0,0.0,0.0,0,722
45897059,45855490,0.5885009765625,-0.022216796875,-0.07073974609375,0.80511474609375,1,712,45856556,1015.54736328125,23.43000030517578,-19.09868621826172,723,45897057,0,0,0.0,0.0,0.0,0,723
45945060,45908740,0.58843994140625,-0.0223388671875,-0.07086181640625,0.80511474609375,1,713,45909805,1015.525146484375,23.43000030517578,-18.91372299194336,724,45945057,0,0,0.0,0.0,0.0,0,724
45991095,45948675,0.58843994140625,-0.0223388671875,-0.07080078125,0.80511474609375,1,714,45949741,1015.560302734375,23.43000030517578,-19.204378128051758,725,45991092,0,0,0.0,0.0,0.0,0,725
46043072,46001555,0.5885009765625,-0.0223388671875,-0.07080078125,0.8050537109375,1,715,46002621,1015.541748046875,23.43000030517578,-19.051124572753906,726,46043069,0,0,0.0,0.0,0.0,0,726
46095089,46053490,0.588623046875,-0.0223388671875,-0.07073974609375,0.80499267578125,1,716,46054556,1015.53466796875,23.43000030517578,-18.992992401123047,727,46095086,0,0,0.0,0.0,0.0,0,727
46142060,46105675,0.588623046875,-0.02239990234375,-0.0706787109375,0.80499267578125,1,717,46106741,1015.541748046875,23.43000030517578,-19.051124572753906,728,46142057,0,0,0.0,0.0,0.0,0,728
46192060,46143740,0.5885009765625,-0.0223388671875,-0.07061767578125,0.80511474609375,1,718,46144806,1015.560302734375,23.43000030517578,-19.204378128051758,729,46192057,0,0,0.0,0.0,0.0,0,729
46244074,46196306,0.58856201171875,-0.0223388671875,-0.07061767578125,0.8050537109375,1,719,46197371,1015.546142578125,23.43000030517578,-19.088115692138672,730,46244071,0,0,0.0,0.0,0.0,0,730
46295077,46247490,0.5885009765625,-0.02227783203125,-0.07061767578125,0.80511474609375,1,720,46248556,1015.547119140625,23.43000030517578,-19.09604263305664,731,46295074,0,0,0.0,0.0,0.0,0,731
46342059,46299675,0.58843994140625,-0.022216796875,-0.070556640625,0.80517578125,1,721,46300741,1015.558349609375,23.43000030517578,-19.18852424621582,732,46342057,0,0,0.0,0.0,0.0,0,732
46394069,46351859,0.58843994140625,-0.022216796875,-0.07061767578125,0.80517578125,1,722,46352925,1015.557861328125,23.43000030517578,-19.185882568359375,733,46394066,0,0,0.0,0.0,0.0,0,733
46440059,46403740,0.58856201171875,-0.022216796875,-0.070556640625,0.8050537109375,1,723,46404806,1015.5068359375,23.420000076293945,-18.760469436645508,734,46440057,0,0,0.0,0.0,0.0,0,734
46492059,46443675,0.58856201171875,-0.02227783203125,-0.07049560546875,0.8050537109375,1,724,46444741,1015.546630859375,23.440000534057617,-19.093400955200195,735,46492057,0,0,0.0,0.0,0.0,0,735
46543069,46495490,0.588623046875,-0.02227783203125,-0.070556640625,0.8050537109375,1,725,46496556,1015.557373046875,23.43000030517578,-19.18059730529785,736,46543066,0,0,0.0,0.0,0.0,0,736
46595075,46547305,0.588623046875,-0.0218505859375,-0.07012939453125,0.8050537109375,1,726,46548371,1015.51513671875,23.43000030517578,-18.831811904907227,737,46595072,0,0,0.0,0.0,0.0,0,737
46641168,46599490,0.58856201171875,-0.0218505859375,-0.07012939453125,0.80511474609375,1,727,46600556,1015.525146484375,23.43000030517578,-18.91372299194336,738,46641165,0,0,0.0,0.0,0.0,0,738
46692059,46650490,0.588623046875,-0.02191162109375,-0.070068359375,0.8050537109375,1,728,46651556,1015.536376953125,23.43000030517578,-19.00620460510254,739,46692057,0,0,0.0,0.0,0.0,0,739
46745109,46702740,0.58868408203125,-0.02227783203125,-0.0706787109375,0.804931640625,1,729,46703806,1015.546142578125,23.43000030517578,-19.088115692138672,740,46745106,0,0,0.0,0.0,0.0,0,740
46790060,46754490,0.58868408203125,-0.0223388671875,-0.07073974609375,0.804931640625,1,730,46755556,1015.550048828125,23.43000030517578,-19.119823455810547,741,46790057,0,0,0.0,0.0,0.0,0,741
46845110,46791490,0.5887451171875,-0.02239990234375,-0.07073974609375,0.804931640625,1,731,46792556,1015.529052734375,23.43000030517578,-18.945430755615234,742,46845107,0,0,0.0,0.0,0.0,0,742
46894069,46846555,0.58868408203125,-0.02227783203125,-0.07073974609375,0.804931640625,1,732,46847621,1015.530517578125,23.440000534057617,-18.958642959594727,743,46894066,0,0,0.0,0.0,0.0,0,743
46940059,46898490,0.58868408203125,-0.02227783203125,-0.07061767578125,0.80499267578125,1,733,46899556,1015.55615234375,23.440000534057617,-19.170028686523438,744,46940057,0,0,0.0,0.0,0.0,0,744
46993065,46950675,0.58868408203125,-0.02227783203125,-0.07061767578125,0.80499267578125,1,734,46951741,1015.51123046875,23.43000030517578,-18.797460556030273,745,46993062,0,0,0.0,0.0,0.0,0,745
47040066,47003924,0.58868408203125,-0.02215576171875,-0.07061767578125,0.80499267578125,1,735,47004990,1015.512451171875,23.43000030517578,-18.80803108215332,746,47040063,0,0,0.0,0.0,0.0,0,746
47095072,47041490,0.58868408203125,-0.022216796875,-0.0706787109375,0.80499267578125,1,736,47042556,1015.55126953125,23.43000030517578,-19.130393981933594,747,47095069,0,0,0.0,0.0,0.0,0,747
47144080,47096556,0.58868408203125,-0.0220947265625,-0.070556640625,0.80499267578125,1,737,47097622,1015.529296875,23.43000030517578,-18.948074340820312,748,47144077,0,0,0.0,0.0,0.0,0,748
47191153,47148675,0.58868408203125,-0.022216796875,-0.07073974609375,0.804931640625,1,738,47149741,1015.54248046875,23.43000030517578,-19.056407928466797,749,47191150,0,0,0.0,0.0,0.0,0,749
47244060,47201925,0.588623046875,-0.02276611328125,-0.07122802734375,0.804931640625,1,739,47202990,1015.5244140625,23.43000030517578,-18.908437728881836,750,47244057,0,0,0.0,0.0,0.0,0,750
47291174,47254859,0.58868408203125,-0.0235595703125,-0.07183837890625,0.8048095703125,1,740,47255925,1015.548583984375,23.440000534057617,-19.109254837036133,751,47291171,0,0,0.0,0.0,0.0,0,751
47341382,47292860,0.5887451171875,-0.0242919921875,-0.07244873046875,0.8046875,1,741,47293925,1015.531982421875,23.43000030517578,-18.96921157836914,752,47341379,0,0,0.0,0.0,0.0,0,752
47393061,47345555,0.588623046875,-0.0242919921875,-0.07257080078125,0.80474853515625,1,742,47346621,1015.533447265625,23.440000534057617,-18.982423782348633,753,47393058,0,0,0.0,0.0,0.0,0,753
47445059,47397490,0.588623046875,-0.025390625,-0.07342529296875,0.8046875,1,743,47398556,1015.547119140625,23.43000030517578,-19.09604263305664,754,47445057,0,0,0.0,0.0,0.0,0,754
47494059,47451740,0.58856201171875,-0.02569580078125,-0.07366943359375,0.8046875,1,744,47452806,1015.544677734375,23.43000030517578,-19.074905395507812,755,47494056,0,0,0.0,0.0,0.0,0,755
47545059,47503490,0.5885009765625,-0.02557373046875,-0.0736083984375,0.80474853515625,1,745,47504556,1015.538330078125,23.43000030517578,-19.022058486938477,756,47545057,0,0,0.0,0.0,0.0,0,756
47592062,47555675,0.5885009765625,-0.02569580078125,-0.07379150390625,0.80474853515625,1,746,47556741,1015.530517578125,23.440000534057617,-18.958642959594727,757,47592059,0,0,0.0,0.0,0.0,0,757
47642062,47593924,0.58856201171875,-0.0260009765625,-0.07391357421875,0.80462646484375,1,747,47594990,1015.51025390625,23.43000030517578,-18.789533615112305,758,47642059,0,0,0.0,0.0,0.0,0,758
47694060,47646305,0.58856201171875,-0.02593994140625,-0.0738525390625,0.80462646484375,1,748,47647371,1015.53515625,23.43000030517578,-18.99827766418457,759,47694057,0,0,0.0,0.0,0.0,0,759
47745505,47697490,0.5885009765625,-0.02557373046875,-0.07342529296875,0.80474853515625,1,749,47698556,1015.566162109375,23.43000030517578,-19.25458335876465,760,47745502,0,0,0.0,0.0,0.0,0,760
47791143,47749490,0.58843994140625,-0.025634765625,-0.0731201171875,0.8048095703125,1,750,47750556,1015.497802734375,23.43000030517578,-18.68648338317871,761,47791140,0,0,0.0,0.0,0.0,0,761
47844059,47801675,0.5885009765625,-0.02569580078125,-0.0732421875,0.8048095703125,1,751,47802741,1015.517822265625,23.43000030517578,-18.852949142456055,762,47844057,0,0,0.0,0.0,0.0,0,762
47896068,47853675,0.588623046875,-0.0260009765625,-0.07379150390625,0.80462646484375,1,752,47854741,1015.548583984375,23.440000534057617,-19.109254837036133,763,47896065,0,0,0.0,0.0,0.0,0,763
47942067,47906490,0.58856201171875,-0.02569580078125,-0.0736083984375,0.8046875,1,753,47907556,1015.49560546875,23.43000030517578,-18.667987823486328,764,47942064,0,0,0.0,0.0,0.0,0,764
47993059,47944675,0.5885009765625,-0.025634765625,-0.07354736328125,0.80474853515625,1,754,47945741,1015.536376953125,23.43000030517578,-19.00620460510254,765,47993056,0,0,0.0,0.0,0.0,0,765
48044063,47996305,0.5885009765625,-0.0260009765625,-0.0738525390625,0.8046875,1,755,47997371,1015.533203125,23.43000030517578,-18.979782104492188,766,48044061,0,0,0.0,0.0,0.0,0,766
48090125,48048490,0.5885009765625,-0.02581787109375,-0.07366943359375,0.8046875,1,756,48049556,1015.5322265625,23.43000030517578,-18.97185516357422,767,48090122,0,0,0.0,0.0,0.0,0,767
48142067,48100490,0.588623046875,-0.02581787109375,-0.07373046875,0.80462646484375,1,757,48101556,1015.5556640625,23.440000534057617,-19.16738510131836,768,48142064,0,0,0.0,0.0,0.0,0,768
48194059,48151675,0.58856201171875,-0.02581787109375,-0.0738525390625,0.8046875,1,758,48152741,1015.535888671875,23.440000534057617,-19.003562927246094,769,48194057,0,0,0.0,0.0,0.0,0,769
48240134,48203740,0.5887451171875,-0.02587890625,-0.0738525390625,0.8045654296875,1,759,48204805,1015.53466796875,23.43000030517578,-18.992992401123047,770,48240131,0,0,0.0,0.0,0.0,0,770
48295087,48241490,0.5887451171875,-0.02593994140625,-0.073974609375,0.80450439453125,1,760,48242556,1015.54443359375,23.43000030517578,-19.072261810302734,771,48295084,0,0,0.0,0.0,0.0,0,771
48344059,48296305,0.5887451171875,-0.02593994140625,-0.073974609375,0.80450439453125,1,761,48297371,1015.514404296875,23.440000534057617,-18.823884963989258,772,48344057,0,0,0.0,0.0,0.0,0,772
48390059,48348305,0.5887451171875,-0.02606201171875,-0.07391357421875,0.80450439453125,1,762,48349371,1015.513671875,23.440000534057617,-18.818599700927734,773,48390056,0,0,0.0,0.0,0.0,0,773
48442067,48400490,0.58880615234375,-0.02606201171875,-0.07391357421875,0.804443359375,1,763,48401556,1015.540283203125,23.43000030517578,-19.037912368774414,774,48442064,0,0,0.0,0.0,0.0,0,774
48495091,48452675,0.58880615234375,-0.026123046875,-0.0738525390625,0.80450439453125,1,764,48453741,1015.553955078125,23.440000534057617,-19.151531219482422,775,48495088,0,0,0.0,0.0,0.0,0,775
48541069,48504740,0.58856201171875,-0.0260009765625,-0.07379150390625,0.80462646484375,1,765,48505806,1015.481689453125,23.43000030517578,-18.551725387573242,776,48541066,0,0,0.0,0.0,0.0,0,776
48591069,48543490,0.58856201171875,-0.02587890625,-0.07366943359375,0.8046875,1,766,48544556,1015.5078125,23.43000030517578,-18.768396377563477,777,48591066,0,0,0.0,0.0,0.0,0,777
48644059,48596555,0.5885009765625,-0.02593994140625,-0.07379150390625,0.8046875,1,767,48597621,1015.5478515625,23.440000534057617,-19.101327896118164,778,48644057,0,0,0.0,0.0,0.0,0,778
48691060,48648675,0.588623046875,-0.02593994140625,-0.07366943359375,0.80462646484375,1,768,48649741,1015.545166015625,23.440000534057617,-19.080188751220703,779,48691057,0,0,0.0,0.0,0.0,0,779
48743082,48701490,0.588623046875,-0.02587890625,-0.0736083984375,0.80462646484375,1,769,48702556,1015.52197265625,23.43000030517578,-18.887300491333008,780,48743079,0,0,0.0,0.0,0.0,0,780
48790059,48753675,0.58856201171875,-0.02593994140625,-0.07366943359375,0.8046875,1,770,48754741,1015.533203125,23.440000534057617,-18.979782104492188,781,48790057,0,0,0.0,0.0,0.0,0,781
48845059,48791490,0.588623046875,-0.02581787109375,-0.07366943359375,0.80462646484375,1,771,48792556,1015.57763671875,23.450000762939453,-19.349706649780273,782,48845056,0,0,0.0,0.0,0.0,0,782
48894060,48846306,0.58819580078125,-0.02899169921875,-0.07257080078125,0.804931640625,1,772,48847372,1015.562744140625,23.440000534057617,-19.22551727294922,783,48894057,0,0,0.0,0.0,0.0,0,783
48940104,48898490,0.5882568359375,-0.02947998046875,-0.07391357421875,0.80474853515625,1,773,48899556,1015.550537109375,23.450000762939453,-19.12510871887207,784,48940101,0,0,0.0,0.0,0.0,0,784
48992059,48950490,0.5885009765625,-0.02850341796875,-0.0736083984375,0.80462646484375,1,774,48951556,1015.53076171875,23.440000534057617,-18.958642959594727,785,48992056,0,0,0.0,0.0,0.0,0,785
49045059,49002675,0.58843994140625,-0.02862548828125,-0.07366943359375,0.80462646484375,1,775,49003741,1015.522216796875,23.450000762939453,-18.889942169189453,786,49045057,0,0,0.0,0.0,0.0,0,786
49092060,49055740,0.5885009765625,-0.0284423828125,-0.07489013671875,0.80450439453125,1,776,49056805,1015.55859375,23.440000534057617,-19.191165924072266,787,49092057,0,0,0.0,0.0,0.0,0,787
49141059,49093490,0.5885009765625,-0.027587890625,-0.0743408203125,0.80462646484375,1,777,49094556,1015.557373046875,23.450000762939453,-19.18059730529785,788,49141056,0,0,0.0,0.0,0.0,0,788
49194059,49145555,0.5885009765625,-0.02801513671875,-0.07470703125,0.8045654296875,1,778,49146621,1015.562255859375,23.450000762939453,-19.22287368774414,789,49194056,0,0,0.0,0.0,0.0,0,789
49245064,49197490,0.58856201171875,-0.02783203125,-0.07452392578125,0.8045654296875,1,779,49198556,1015.53662109375,23.450000762939453,-19.008846282958984,790,49245061,0,0,0.0,0.0,0.0,0,790
49292060,49249924,0.588623046875,-0.02777099609375,-0.0745849609375,0.80450439453125,1,780,49250990,1015.5400390625,23.440000534057617,-19.037912368774414,791,49292057,0,0,0.0,0.0,0.0,0,791
49343059,49301490,0.58856201171875,-0.02777099609375,-0.07452392578125,0.80450439453125,1,781,49302556,1015.529541015625,23.450000762939453,-18.950716018676758,792,49343056,0,0,0.0,0.0,0.0,0,792
49394060,49352490,0.588623046875,-0.02777099609375,-0.07452392578125,0.80450439453125,1,782,49353556,1015.5400390625,23.450000762939453,-19.037912368774414,793,49394057,0,0,0.0,0.0,0.0,0,793
49441063,49404740,0.588623046875,-0.02783203125,-0.07452392578125,0.804443359375,1,783,49405806,1015.537109375,23.440000534057617,-19.014131546020508,794,49441060,0,0,0.0,0.0,0.0,0,794
49490113,49442490,0.58856201171875,-0.0279541015625,-0.07470703125,0.80450439453125,1,784,49443556,1015.548095703125,23.450000762939453,-19.10396957397461,795,49490110,0,0,0.0,0.0,0.0,0,795
49542069,49494490,0.58856201171875,-0.0279541015625,-0.07470703125,0.80450439453125,1,785,49495556,1015.527099609375,23.440000534057617,-18.929576873779297,796,49542066,0,0,0.0,0.0,0.0,0,796
49595080,49494490,0.58856201171875,-0.0279541015625,-0.07470703125,0.80450439453125,1,785,49548555,1015.52197265625,23.450000762939453,-18.887300491333008,797,49595077,0,0,0.0,0.0,0.0,0,797
49641067,49599490,0.58856201171875,-0.02801513671875,-0.07476806640625,0.80450439453125,1,786,49600556,1015.53173828125,23.450000762939453,-18.96921157836914,798,49641064,0,0,0.0,0.0,0.0,0,798
49694063,49651675,0.58856201171875,-0.0279541015625,-0.0748291015625,0.80450439453125,1,787,49652741,1015.535400390625,23.450000762939453,-18.99827766418457,799,49694060,0,0,0.0,0.0,0.0,0,799
49741069,49704675,0.58856201171875,-0.02789306640625,-0.0748291015625,0.80450439453125,1,788,49705741,1015.52734375,23.450000762939453,-18.932218551635742,800,49741066,0,0,0.0,0.0,0.0,0,800
49790059,49742490,0.58856201171875,-0.02789306640625,-0.07476806640625,0.80450439453125,1,789,49743556,1015.54296875,23.450000762939453,-19.06169319152832,801,49790056,0,0,0.0,0.0,0.0,0,801
49843067,49795305,0.58856201171875,-0.0279541015625,-0.0748291015625,0.80450439453125,1,790,49796371,1015.542724609375,23.459999084472656,-19.059051513671875,802,49843064,0,0,0.0,0.0,0.0,0,802
49895062,49847490,0.588623046875,-0.0279541015625,-0.07476806640625,0.80450439453125,1,791,49848556,1015.52197265625,23.450000762939453,-18.887300491333008,803,49895059,0,0,0.0,0.0,0.0,0,803
49941076,49899490,0.5885009765625,-0.0279541015625,-0.0748291015625,0.8045654296875,1,792,49900556,1015.52392578125,23.450000762939453,-18.903154373168945,804,49941073,0,0,0.0,0.0,0.0,0,804
49994060,49951739,0.58856201171875,-0.02783203125,-0.07464599609375,0.80450439453125,1,793,49952805,1015.5400390625,23.450000762939453,-19.037912368774414,805,49994057,0,0,0.0,0.0,0.0,0,805
50040059,50003675,0.58856201171875,-0.02777099609375,-0.0745849609375,0.80450439453125,1,794,50004741,1015.529296875,23.450000762939453,-18.948074340820312,806,50040057,0,0,0.0,0.0,0.0,0,806
50090059,50041740,0.5885009765625,-0.02764892578125,-0.07464599609375,0.8045654296875,1,795,50042806,1015.491455078125,23.450000762939453,-18.633636474609375,807,50090056,0,0,0.0,0.0,0.0,0,807
50141074,50093305,0.58856201171875,-0.0277099609375,-0.07464599609375,0.8045654296875,1,796,50094371,1015.54296875,23.450000762939453,-19.06169319152832,808,50141071,0,0,0.0,0.0,0.0,0,808
50193064,50145490,0.58856201171875,-0.0279541015625,-0.07476806640625,0.80450439453125,1,797,50146556,1015.517822265625,23.459999084472656,-18.852949142456055,809,50193061,0,0,0.0,0.0,0.0,0,809
50245060,50197490,0.58856201171875,-0.0279541015625,-0.0748291015625,0.80450439453125,1,798,50198556,1015.55712890625,23.459999084472656,-19.18059730529785,810,50245057,0,0,0.0,0.0,0.0,0,810
50291059,50248675,0.5885009765625,-0.02783203125,-0.07476806640625,0.8045654296875,1,799,50249741,1015.5068359375,23.459999084472656,-18.760469436645508,811,50291056,0,0,0.0,0.0,0.0,0,811
50343059,50300740,0.58807373046875,-0.0277099609375,-0.0758056640625,0.8048095703125,1,800,50301805,1015.529296875,23.459999084472656,-18.948074340820312,812,50343056,0,0,0.0,0.0,0.0,0,812
50395060,50353490,0.5882568359375,-0.0274658203125,-0.0751953125,0.80474853515625,1,801,50354556,1015.53515625,23.459999084472656,-18.99827766418457,813,50395057,0,0,0.0,0.0,0.0,0,813
50442067,50405675,0.588623046875,-0.027099609375,-0.0748291015625,0.80450439453125,1,802,50406741,1015.5419921875,23.459999084472656,-19.05376625061035,814,50442064,0,0,0.0,0.0,0.0,0,814
50492067,50443675,0.58868408203125,-0.02703857421875,-0.07476806640625,0.804443359375,1,803,50444741,1015.52294921875,23.450000762939453,-18.895227432250977,815,50492064,0,0,0.0,0.0,0.0,0,815
50543059,50495490,0.58868408203125,-0.02691650390625,-0.07464599609375,0.804443359375,1,804,50496556,1015.541259765625,23.459999084472656,-19.048480987548828,816,50543057,0,0,0.0,0.0,0.0,0,816
50595059,50547490,0.58868408203125,-0.02716064453125,-0.07464599609375,0.804443359375,1,805,50548556,1015.530029296875,23.459999084472656,-18.953357696533203,817,50595056,0,0,0.0,0.0,0.0,0,817
