t_us,imu_t_us,imu_q0,imu_q1,imu_q2,imu_q3,imu_calib,imu_ax,imu_ay,imu_az,imu_gx,imu_gy,imu_gz,imu_seq,baro_t_us,baro_pressure_hPa,baro_temperature_C,baro_altitude_m,baro_seq,gnss_t_us,gnss_lat_e7,gnss_lon_e7,gnss_alt_m,gnss_speed_mps,gnss_heading_deg,gnss_sats_used,gnss_seq
17847572,17817553,1.0,0.0,0.0,0.0,3,-0.01171875,0.00390625,0.00390625,0.0,0.0,0.0,1,17818618,1012.854248046875,31.440000534057617,3.297614812850952,1,17847569,257281930,-802947721,-44.3650016784668,0.06499999761581421,184.34556579589844,11,1
17944086,17817553,1.0,0.0,0.0,0.0,3,-0.01171875,0.00390625,0.00390625,0.0,0.0,0.0,1,17920340,1012.819580078125,31.440000534057617,3.5829854011535645,2,17944083,257281937,-802947720,-44.17599868774414,0.0820000022649765,184.34556579589844,11,2
17998465,17948635,1.0,0.0,0.0,0.0,3,-0.0078125,0.0078125,0.02734375,0.0,0.0,0.0,2,17949700,1012.851806640625,31.440000534057617,3.3134686946868896,3,17998462,257281936,-802947719,-44.154998779296875,0.027000000700354576,184.34556579589844,11,3
18043232,18001329,1.0,0.0,0.0,0.0,0,-0.0078125,0.0078125,0.02734375,0.0,2.0203795141773423e-39,2.843136493222551e-39,3,18002395,1012.86181640625,31.450000762939453,3.234199047088623,4,18043229,257281936,-802947718,-44.145999908447266,0.04600000008940697,184.34556579589844,11,4
18096334,18054005,1.0,0.0,0.0,0.0,3,-0.0078125,-0.03125,-0.00390625,0.0,2.0203795141773423e-39,2.843136493222551e-39,4,18055070,1012.8564453125,31.450000762939453,3.2764761447906494,5,18096332,257281942,-802947718,-44.05400085449219,0.03999999910593033,184.34556579589844,11,5
18142759,18105747,1.0,0.0,0.0,0.0,0,-0.0078125,-0.03125,-0.00390625,nan,2.0203795141773423e-39,2.951744130700046e-39,5,18106812,1012.844482421875,31.450000762939453,3.3768844604492188,6,18142756,257281942,-802947718,-44.04600143432617,0.019999999552965164,184.34556579589844,11,6
18194166,18146082,1.0,0.0,0.0,0.0,0,-0.0078125,-0.03125,-0.00390625,2.7550788977243796e-40,1.9285468206162798e-39,3.0530594109691946e-39,6,18147147,1012.83984375,31.450000762939453,3.41387677192688,7,18194163,257281944,-802947718,-44.03499984741211,0.003000000026077032,184.34556579589844,11,7
18246129,18197747,1.0,0.0,0.0,0.0,0,-0.0078125,-0.03125,-0.00390625,nan,2.0203767115804137e-39,3.0978701332613736e-39,7,18198812,1012.8427734375,31.450000762939453,3.3927383422851562,8,18246126,257281948,-802947717,-43.95399856567383,0.06599999964237213,184.34556579589844,11,8
18293307,18251000,1.0,0.0,0.0,0.0,0,-0.0078125,-0.03125,-0.00390625,5.510157795448759e-40,1.9285454193178154e-39,3.182165242382833e-39,8,18252066,1012.84423828125,31.459999084472656,3.3768844604492188,9,18293304,257281948,-802947717,-43.96200180053711,0.06700000166893005,184.34556579589844,11,9
18346210,18303747,1.0,0.0,0.0,0.0,0,-0.0078125,-0.03125,-0.00390625,nan,2.020378112878878e-39,3.2131129189674466e-39,9,18304812,1012.855712890625,31.459999084472656,3.2817609310150146,10,18346207,257281950,-802947718,-43.957000732421875,0.06800000369548798,184.34556579589844,11,10
18394220,18357098,0.56817626953125,0.129638671875,0.10382080078125,0.80596923828125,0,-0.0078125,-0.03125,-0.00390625,nan,2.020378112878878e-39,3.2131129189674466e-39,10,18358163,1012.84033203125,31.459999084472656,3.4085922241210938,11,18394217,257281951,-802947717,-43.87300109863281,0.003000000026077032,184.34556579589844,11,11
18444244,18395747,0.56817626953125,0.129638671875,0.10382080078125,0.80596923828125,0,-0.0078125,-0.03125,-0.00390625,4.591746781930274e-40,1.9285468206162798e-39,3.361761258764559e-39,11,18396812,1012.87060546875,31.469999313354492,3.1602141857147217,12,18444241,257281958,-802947716,-43.73899841308594,0.039000000804662704,184.34556579589844,11,12
18498455,18448689,0.56817626953125,0.129638671875,0.10382080078125,0.80596923828125,3,-0.0078125,-0.0234375,0.04296875,4.591746781930274e-40,1.9285468206162798e-39,3.361761258764559e-39,12,18449755,1012.8505859375,31.459999084472656,3.324038028717041,13,18498452,257281964,-802947716,-43.604000091552734,0.050999999046325684,184.34556579589844,11,13
18548290,18500164,0.56817626953125,0.129638671875,0.10382080078125,0.80596923828125,0,-0.0078125,-0.0234375,0.04296875,2.7551209366783093e-40,2.0203795141773423e-39,3.4957772399971914e-39,13,18501230,1012.877685546875,31.459999084472656,3.102083206176758,14,18548287,257281966,-802947715,-43.55099868774414,0.05700000002980232,184.34556579589844,11,14
18596232,18553664,0.56817626953125,0.129638671875,0.10382080078125,0.80596923828125,0,-0.0078125,-0.0234375,0.04296875,nan,2.020378112878878e-39,3.577398671648719e-39,14,18554730,1012.825439453125,31.459999084472656,3.535423517227173,15,18596229,257281967,-802947716,-43.51900100708008,0.039000000804662704,184.34556579589844,11,15
18642882,18606164,0.56817626953125,0.129638671875,0.10382080078125,0.80596923828125,0,-0.0078125,-0.0234375,0.04296875,6.428442692105455e-40,1.9285454193178154e-39,3.6586305423271643e-39,15,18607230,1012.8544921875,31.469999313354492,3.292330026626587,16,18642879,257281967,-802947717,-43.56100082397461,0.04800000041723251,184.34556579589844,11,16
18695405,18646689,0.56817626953125,0.129638671875,0.10382080078125,0.80596923828125,0,-0.0078125,-0.0234375,0.04296875,5.510101743510186e-40,1.9285468206162798e-39,3.7248923415112276e-39,16,18647755,1012.81494140625,31.459999084472656,3.625262498855591,17,18695402,257281963,-802947717,-43.60599899291992,0.07199999690055847,184.34556579589844,11,17
18747496,18699164,0.56817626953125,0.129638671875,0.10382080078125,0.80596923828125,0,-0.0078125,-0.0234375,0.04296875,nan,1.928548221914744e-39,3.807193402917953e-39,17,18700230,1012.8759765625,31.469999313354492,3.11265230178833,18,18747493,257281963,-802947717,-43.61899948120117,0.04600000008940697,184.34556579589844,11,18
18793121,18751582,0.56817626953125,0.129638671875,0.10382080078125,0.80596923828125,0,-0.0078125,-0.0234375,0.04296875,nan,2.0203753102819494e-39,3.860542236753263e-39,18,18752647,1012.876708984375,31.469999313354492,3.107367753982544,19,18793118,257281972,-802947717,-43.4630012512207,0.04100000113248825,184.34556579589844,11,19
18846130,18804271,0.56829833984375,0.12939453125,0.10357666015625,0.80596923828125,0,-0.0078125,-0.0234375,0.04296875,nan,2.0203753102819494e-39,3.860542236753263e-39,19,18805337,1012.860595703125,31.469999313354492,3.2447683811187744,20,18846127,257281975,-802947717,-43.409000396728516,0.057999998331069946,184.34556579589844,11,20
18893232,18856480,0.56829833984375,0.12939453125,0.10357666015625,0.80596923828125,0,-0.0078125,-0.0234375,0.04296875,nan,2.020378112878878e-39,4.024199884401758e-39,20,18857546,1012.8603515625,31.479999542236328,3.2447683811187744,21,18893229,257281977,-802947717,-43.367000579833984,0.07199999690055847,184.34556579589844,11,21
18996197,18958325,0.5682373046875,0.12945556640625,0.10400390625,0.805908203125,0,-0.0078125,-0.0234375,0.04296875,nan,2.020378112878878e-39,4.024199884401758e-39,21,18959390,1012.8701171875,31.479999542236328,3.165498733520508,22,18996194,257281974,-802947716,-43.395999908447266,0.04500000178813934,184.34556579589844,11,22
19047526,18999480,0.5682373046875,0.12945556640625,0.10400390625,0.805908203125,0,-0.0078125,-0.0234375,0.04296875,nan,2.0203669024911634e-39,4.1713516374389717e-39,22,19000546,1012.8359375,31.479999542236328,3.445584774017334,23,19047523,257281975,-802947715,-43.374000549316406,0.07400000095367432,184.34556579589844,11,23
19094172,19052271,0.5682373046875,0.12945556640625,0.10400390625,0.805908203125,3,-0.015625,0.015625,0.03515625,nan,2.0203669024911634e-39,4.1713516374389717e-39,23,19053337,1012.883544921875,31.479999542236328,3.04923677444458,24,19094169,257281979,-802947716,-43.31700134277344,0.01600000075995922,184.34556579589844,11,24
19148364,19105582,0.5682373046875,0.12945556640625,0.10400390625,0.805908203125,0,-0.015625,0.015625,0.03515625,6.4284707180747416e-40,2.0203795141773423e-39,4.334797689019354e-39,24,19106648,1012.86669921875,31.479999542236328,3.1919219493865967,25,19148362,257281980,-802947717,-43.31700134277344,0.009999999776482582,184.34556579589844,11,25
19195184,19158271,0.5682373046875,0.12945556640625,0.10400390625,0.805908203125,3,0.05859375,-0.0234375,-0.00390625,6.4284707180747416e-40,2.0203795141773423e-39,4.334797689019354e-39,25,19159337,1012.85791015625,31.479999542236328,3.265907049179077,26,19195181,257281982,-802947717,-43.263999938964844,0.023000000044703484,184.34556579589844,11,26
19245063,19197480,0.5682373046875,0.12945556640625,0.10400390625,0.805908203125,0,0.05859375,-0.0234375,-0.00390625,1.0101946616332963e-39,2.0203767115804137e-39,4.496231476004966e-39,26,19198546,1012.826904296875,31.479999542236328,3.5248541831970215,27,19245060,257281985,-802947718,-43.231998443603516,0.05000000074505806,184.34556579589844,11,27
19292885,19250349,0.5682373046875,0.12884521484375,0.103515625,0.80609130859375,0,0.05859375,-0.0234375,-0.00390625,1.0101946616332963e-39,2.0203767115804137e-39,4.496231476004966e-39,27,19251415,1012.832275390625,31.489999771118164,3.477292537689209,28,19292882,257281989,-802947717,-43.145999908447266,0.03700000047683716,184.34556579589844,11,28
19345409,19303414,0.5682373046875,0.12884521484375,0.103515625,0.80609130859375,0,0.05859375,-0.0234375,-0.00390625,nan,1.9285454193178154e-39,4.6180813839703304e-39,28,19304480,1012.861083984375,31.489999771118164,3.2394838333129883,29,19345406,257281987,-802947717,-43.191001892089844,0.008999999612569809,184.34556579589844,11,29
19393227,19356325,0.56829833984375,0.1290283203125,0.10406494140625,0.80596923828125,0,0.05859375,-0.0234375,-0.00390625,nan,1.9285454193178154e-39,4.6180813839703304e-39,29,19357390,1012.84765625,31.489999771118164,3.35046124458313,30,19393224,257281991,-802947717,-43.08700180053711,0.023000000044703484,184.34556579589844,11,30
19444298,19395480,0.56829833984375,0.1290283203125,0.10406494140625,0.80596923828125,3,0.02734375,0.0234375,-0.01171875,nan,1.9285454193178154e-39,4.6180813839703304e-39,30,19396546,1012.86962890625,31.489999771118164,3.165498733520508,31,19444295,257281989,-802947718,-43.104000091552734,0.0430000014603138,184.34556579589844,11,31
19496205,19448127,0.56829833984375,0.1290283203125,0.10406494140625,0.80596923828125,3,-0.0078125,-0.015625,-0.05078125,nan,1.9285454193178154e-39,4.6180813839703304e-39,31,19449193,1012.860107421875,31.489999771118164,3.2447683811187744,32,19496202,257281992,-802947717,-43.016998291015625,0.04399999976158142,184.34556579589844,11,32
19551208,19502713,0.56829833984375,0.1290283203125,0.10406494140625,0.80596923828125,3,-0.015625,0.0234375,-0.01171875,nan,1.9285454193178154e-39,4.6180813839703304e-39,32,19503779,1012.876220703125,31.489999771118164,3.11265230178833,33,19551205,257281996,-802947716,-42.95199966430664,0.01600000075995922,184.34556579589844,11,33
19598437,19555140,0.56829833984375,0.1292724609375,0.10369873046875,0.80596923828125,0,-0.015625,0.0234375,-0.01171875,nan,1.9285454193178154e-39,4.6180813839703304e-39,33,19556206,1012.865478515625,31.489999771118164,3.202491283416748,34,19598434,257281998,-802947716,-42.90599822998047,0.017000000923871994,184.34556579589844,11,34
19644718,19607664,0.568359375,0.12945556640625,0.10357666015625,0.805908203125,0,-0.015625,0.0234375,-0.01171875,nan,1.9285454193178154e-39,4.6180813839703304e-39,34,19608730,1012.844970703125,31.489999771118164,3.3715996742248535,35,19644715,257282000,-802947716,-42.8849983215332,0.020999999716877937,184.34556579589844,11,35
19695239,19647140,0.568359375,0.129638671875,0.1033935546875,0.80584716796875,0,-0.015625,0.0234375,-0.01171875,nan,1.9285454193178154e-39,4.6180813839703304e-39,35,19648206,1012.890625,31.5,2.991105794906616,36,19695236,257282000,-802947717,-42.9010009765625,0.03700000047683716,184.34556579589844,11,36
19749840,19701456,0.56817626953125,0.1298828125,0.10345458984375,0.8060302734375,0,-0.015625,0.0234375,-0.01171875,nan,1.9285454193178154e-39,4.6180813839703304e-39,36,19702521,1012.867431640625,31.489999771118164,3.1866374015808105,37,19749837,257281999,-802947715,-42.89500045776367,0.04100000113248825,184.34556579589844,11,37
19796185,19754360,0.56817626953125,0.1298828125,0.10345458984375,0.8060302734375,0,-0.015625,0.0234375,-0.01171875,5.5100737175409e-40,2.2040463025979318e-39,5.24795663589355e-39,37,19755425,1012.815673828125,31.489999771118164,3.6146931648254395,38,19796182,257282000,-802947714,-42.861000061035156,0.06199999898672104,184.34556579589844,11,38
19843220,19806480,0.56817626953125,0.1298828125,0.10345458984375,0.8060302734375,0,-0.015625,0.0234375,-0.01171875,nan,2.2040491051948604e-39,5.3623278139548126e-39,38,19807545,1012.867919921875,31.5,3.1813526153564453,39,19843217,257282004,-802947714,-42.78499984741211,0.054999999701976776,184.34556579589844,11,39
19894213,19845349,0.568359375,0.12969970703125,0.103515625,0.805908203125,0,-0.015625,0.0234375,-0.01171875,nan,2.2040491051948604e-39,5.3623278139548126e-39,39,19846415,1012.883056640625,31.510000228881836,3.054521322250366,40,19894210,257282009,-802947714,-42.676998138427734,0.039000000804662704,184.34556579589844,11,40
19993219,19957504,0.568359375,0.12969970703125,0.103515625,0.805908203125,3,-0.0234375,-0.0078125,-0.01171875,nan,2.2040491051948604e-39,5.3623278139548126e-39,40,19958570,1012.864990234375,31.5,3.207775831222534,41,19993216,257282012,-802947711,-42.56399917602539,0.09099999815225601,184.34556579589844,11,41
20044363,19995336,0.568359375,0.12969970703125,0.103515625,0.805908203125,3,0.01171875,-0.08203125,0.02734375,nan,2.2040491051948604e-39,5.3623278139548126e-39,41,19996401,1012.86865234375,31.510000228881836,3.176068067550659,42,20044360,257282011,-802947711,-42.58399963378906,0.10700000077486038,184.34556579589844,11,42
20098316,20049373,0.568359375,0.12969970703125,0.103515625,0.805908203125,0,0.01171875,-0.08203125,0.02734375,2.7551209366783093e-40,2.2040449012994675e-39,5.69034515978243e-39,42,20050439,1012.88037109375,31.510000228881836,3.075659990310669,43,20098313,257282016,-802947711,-42.4630012512207,0.05299999937415123,184.34556579589844,11,43
20144257,20102373,0.568359375,0.12969970703125,0.103515625,0.805908203125,0,0.01171875,-0.08203125,0.02734375,nan,2.1122178129322622e-39,5.7434585754757337e-39,43,20103439,1012.862548828125,31.510000228881836,3.223629951477051,44,20144254,257282020,-802947711,-42.358001708984375,0.02800000086426735,184.34556579589844,11,44
20198411,20155480,0.568359375,0.12969970703125,0.103515625,0.805908203125,3,-0.015625,-0.015625,0.02734375,nan,2.1122178129322622e-39,5.7434585754757337e-39,44,20156546,1012.868408203125,31.510000228881836,3.176068067550659,45,20198408,257282018,-802947711,-42.5099983215332,0.09300000220537186,184.34556579589844,11,45
20243227,20207373,0.568359375,0.12969970703125,0.103515625,0.805908203125,0,-0.015625,-0.015625,0.02734375,nan,2.112216411633798e-39,5.891927549069412e-39,45,20208439,1012.870361328125,31.510000228881836,3.1602141857147217,46,20243224,257282018,-802947711,-42.50600051879883,0.08500000089406967,184.34556579589844,11,46
20294111,20245480,0.568359375,0.12969970703125,0.103515625,0.805908203125,3,-0.015625,-0.0078125,0.01953125,nan,2.112216411633798e-39,5.891927549069412e-39,46,20246546,1012.85791015625,31.510000228881836,3.265907049179077,47,20294108,257282018,-802947710,-42.474998474121094,0.061000000685453415,184.34556579589844,11,47
20346411,20298336,0.568359375,0.12969970703125,0.103515625,0.805908203125,3,-0.0546875,-0.0078125,0.0625,nan,2.112216411633798e-39,5.891927549069412e-39,47,20299401,1012.8505859375,31.510000228881836,3.324038028717041,48,20346408,257282018,-802947711,-42.45800018310547,0.014999999664723873,184.34556579589844,11,48
20393548,20351504,0.568359375,0.12969970703125,0.103515625,0.805908203125,3,-0.015625,-0.0078125,-0.01953125,nan,2.112216411633798e-39,5.891927549069412e-39,48,20352570,1012.838623046875,31.510000228881836,3.4244461059570312,49,20393545,257282017,-802947711,-42.46799850463867,0.03999999910593033,184.34556579589844,11,49
20446217,20404271,0.568359375,0.12969970703125,0.103515625,0.805908203125,3,0.01171875,0.03125,-0.05078125,nan,2.112216411633798e-39,5.891927549069412e-39,49,20405337,1012.86962890625,31.510000228881836,3.165498733520508,50,20446215,257282018,-802947712,-42.465999603271484,0.032999999821186066,184.34556579589844,11,50
20499945,20457480,0.568359375,0.12969970703125,0.103515625,0.805908203125,0,0.01171875,0.03125,-0.05078125,5.510213847387332e-40,2.1122220168276552e-39,6.242508602769588e-39,50,20458546,1012.854736328125,31.510000228881836,3.292330026626587,51,20499942,257282019,-802947712,-42.45100021362305,0.03700000047683716,184.34556579589844,11,51
20547912,20511349,0.568115234375,0.12939453125,0.103759765625,0.80609130859375,0,0.01171875,0.03125,-0.05078125,5.510213847387332e-40,2.1122220168276552e-39,6.242508602769588e-39,51,20512414,1012.8564453125,31.520000457763672,3.2764761447906494,52,20547909,257282018,-802947711,-42.479000091552734,0.006000000052154064,184.34556579589844,11,52
20593468,20551480,0.568115234375,0.12939453125,0.103759765625,0.80609130859375,0,0.01171875,0.03125,-0.05078125,1.5612118424766365e-39,2.2040406974040745e-39,6.42181174777227e-39,52,20552546,1012.85595703125,31.510000228881836,3.2817609310150146,53,20593465,257282017,-802947711,-42.46799850463867,0.04800000041723251,184.34556579589844,11,53
20646099,20604271,0.568115234375,0.12939453125,0.103759765625,0.80609130859375,3,-0.1328125,-0.08203125,-0.01953125,1.5612118424766365e-39,2.2040406974040745e-39,6.42181174777227e-39,53,20605337,1012.861083984375,31.520000457763672,3.2394838333129883,54,20646096,257282020,-802947712,-42.41600036621094,0.07199999690055847,184.34556579589844,11,54
20698314,20656582,0.568115234375,0.12939453125,0.103759765625,0.80609130859375,0,-0.1328125,-0.08203125,-0.01953125,nan,2.2040463025979318e-39,6.529970969741181e-39,54,20657647,1012.86279296875,31.510000228881836,3.223629951477051,55,20698311,257282020,-802947712,-42.428001403808594,0.0560000017285347,184.34556579589844,11,55
20751060,20709271,0.568115234375,0.12939453125,0.103759765625,0.80609130859375,3,0.02734375,0.03125,0.01953125,nan,2.2040463025979318e-39,6.529970969741181e-39,55,20710337,1012.85888671875,31.520000457763672,3.255337715148926,56,20751057,257282019,-802947710,-42.439998626708984,0.023000000044703484,184.34556579589844,11,56
20797545,20761480,0.568115234375,0.12939453125,0.103759765625,0.80609130859375,0,0.02734375,0.03125,0.01953125,6.428624860905817e-40,2.112216411633798e-39,6.670236742124702e-39,56,20762546,1012.853271484375,31.520000457763672,3.3028993606567383,57,20797542,257282017,-802947711,-42.48400115966797,0.01899999938905239,184.34556579589844,11,57
20848056,20799271,0.568115234375,0.12939453125,0.103759765625,0.80609130859375,3,0.01953125,-0.015625,-0.01953125,6.428624860905817e-40,2.112216411633798e-39,6.670236742124702e-39,57,20800337,1012.83203125,31.510000228881836,3.482577085494995,58,20848053,257282018,-802947711,-42.44900131225586,0.026000000536441803,184.34556579589844,11,58
20894119,20852480,0.568115234375,0.12939453125,0.103759765625,0.80609130859375,0,0.01953125,-0.015625,-0.01953125,6.428596834936531e-40,2.2040449012994675e-39,6.817601492528493e-39,58,20853546,1012.83935546875,31.520000457763672,3.419161558151245,59,20894116,257282021,-802947711,-42.38999938964844,0.035999998450279236,184.34556579589844,11,59
20948232,20905373,0.568115234375,0.12939453125,0.103759765625,0.80609130859375,0,0.01953125,-0.015625,-0.01953125,2.755050871755093e-40,2.2040463025979318e-39,6.870595797852329e-39,59,20906439,1012.825439453125,31.510000228881836,3.535423517227173,60,20948229,257282022,-802947710,-42.35300064086914,0.03400000184774399,184.34556579589844,11,60
21047487,21011480,0.568115234375,0.12939453125,0.103759765625,0.80609130859375,0,0.01953125,-0.015625,-0.01953125,9.184530524724149e-41,2.2040463025979318e-39,6.943756189376263e-39,60,21012546,1012.872802734375,31.520000457763672,3.139075517654419,61,21047484,257282023,-802947709,-42.29100036621094,0.032999999821186066,184.34556579589844,11,61
21097540,21049349,0.56866455078125,0.12921142578125,0.10400390625,0.8056640625,0,0.01953125,-0.015625,-0.01953125,9.184530524724149e-41,2.2040463025979318e-39,6.943756189376263e-39,61,21050415,1012.89306640625,31.530000686645508,2.9699671268463135,62,21097537,257282024,-802947710,-42.270999908447266,0.004000000189989805,184.34556579589844,11,62
21145181,21103504,0.56866455078125,0.12921142578125,0.10400390625,0.8056640625,3,0.0078125,-0.046875,0.02734375,9.184530524724149e-41,2.2040463025979318e-39,6.943756189376263e-39,62,21104570,1012.83935546875,31.520000457763672,3.419161558151245,63,21145178,257282026,-802947709,-42.229000091552734,0.04100000113248825,184.34556579589844,11,63
21198140,21156349,0.56878662109375,0.129150390625,0.10443115234375,0.8055419921875,0,0.0078125,-0.046875,0.02734375,9.184530524724149e-41,2.2040463025979318e-39,6.943756189376263e-39,63,21157414,1012.840576171875,31.520000457763672,3.4085922241210938,64,21198137,257282027,-802947710,-42.22600173950195,0.04699999839067459,184.34556579589844,11,64
21244092,21208480,0.56878662109375,0.129150390625,0.10443115234375,0.8055419921875,0,0.0078125,-0.046875,0.02734375,2.7551125288875234e-39,2.204004263644002e-39,7.32003845821062e-39,64,21209546,1012.83935546875,31.530000686645508,3.419161558151245,65,21244090,257282026,-802947709,-42.220001220703125,0.01899999938905239,184.34556579589844,11,65
21294126,21246271,0.56878662109375,0.129150390625,0.10443115234375,0.8055419921875,3,0.21484375,0.15234375,0.171875,2.7551125288875234e-39,2.204004263644002e-39,7.32003845821062e-39,65,21247337,1012.843505859375,31.520000457763672,3.382169008255005,66,21294123,257282025,-802947709,-42.19300079345703,0.03400000184774399,184.34556579589844,11,66
21348107,21299271,0.56878662109375,0.129150390625,0.10443115234375,0.8055419921875,3,-0.0390625,-0.12109375,-0.13671875,2.7551125288875234e-39,2.204004263644002e-39,7.32003845821062e-39,66,21300337,1012.8671875,31.530000686645508,3.1866374015808105,67,21348104,257282027,-802947708,-42.13800048828125,0.00800000037997961,184.34556579589844,11,67
21394702,21352558,0.569091796875,0.128662109375,0.1044921875,0.805419921875,0,-0.0390625,-0.12109375,-0.13671875,2.7551125288875234e-39,2.204004263644002e-39,7.32003845821062e-39,67,21353623,1012.868408203125,31.520000457763672,3.176068067550659,68,21394700,257282030,-802947709,-42.10100173950195,0.03799999877810478,184.34556579589844,11,68
21442974,21405272,0.569091796875,0.128662109375,0.1044921875,0.805419921875,3,0.03515625,0.0703125,0.09375,2.7551125288875234e-39,2.204004263644002e-39,7.32003845821062e-39,68,21406337,1012.871337890625,31.530000686645508,3.1549296379089355,69,21442971,257282031,-802947707,-42.05400085449219,0.009999999776482582,184.34556579589844,11,69
21500108,21445586,0.569091796875,0.128662109375,0.1044921875,0.805419921875,3,-0.046875,-0.0078125,-0.02734375,2.7551125288875234e-39,2.204004263644002e-39,7.32003845821062e-39,69,21446652,1012.847900390625,31.520000457763672,3.35046124458313,70,21500105,257282031,-802947707,-42.069000244140625,0.026000000536441803,184.34556579589844,11,70
21544511,21502271,0.569091796875,0.128662109375,0.1044921875,0.805419921875,3,0.03515625,0.03125,0.01953125,2.7551125288875234e-39,2.204004263644002e-39,7.32003845821062e-39,70,21503337,1012.879638671875,31.530000686645508,3.080944538116455,71,21544508,257282028,-802947707,-42.09400177001953,0.023000000044703484,184.34556579589844,11,71
21598541,21555582,0.569091796875,0.128662109375,0.1044921875,0.805419921875,0,0.03515625,0.03125,0.01953125,nan,2.1122178129322622e-39,7.781937260618295e-39,71,21556647,1012.83154296875,31.530000686645508,3.482577085494995,72,21598538,257282027,-802947706,-42.095001220703125,0.03500000014901161,184.34556579589844,11,72
21644153,21608165,0.569091796875,0.128662109375,0.1044921875,0.805419921875,0,0.03515625,0.03125,0.01953125,1.836527754359462e-40,2.2040617168810394e-39,7.848647475310943e-39,72,21609230,1012.876708984375,31.530000686645508,3.107367753982544,73,21644150,257282026,-802947707,-42.152000427246094,0.03099999949336052,184.34556579589844,11,73
21695060,21646689,0.569091796875,0.128662109375,0.1044921875,0.805419921875,0,0.03515625,0.03125,0.01953125,9.182148317334796e-41,2.2040631181795037e-39,7.952650446034666e-39,73,21647754,1012.883544921875,31.530000686645508,3.04923677444458,74,21695057,257282025,-802947707,-42.15700149536133,0.007000000216066837,184.34556579589844,11,74
21747355,21699063,0.569091796875,0.128662109375,0.1044921875,0.805419921875,3,-0.03125,-0.0390625,0.02734375,9.182148317334796e-41,2.2040631181795037e-39,7.952650446034666e-39,74,21700128,1012.866943359375,31.520000457763672,3.1919219493865967,75,21747352,257282026,-802947707,-42.108001708984375,0.0430000014603138,184.34556579589844,11,75
21795150,21752791,0.569091796875,0.128662109375,0.1044921875,0.805419921875,0,-0.03125,-0.0390625,0.02734375,nan,2.2040743285672183e-39,8.080601607513701e-39,75,21753856,1012.85205078125,31.520000457763672,3.3134686946868896,76,21795147,257282027,-802947707,-42.02299880981445,0.09200000017881393,184.34556579589844,11,76
21847535,21804956,0.569091796875,0.128662109375,0.1044921875,0.805419921875,0,-0.03125,-0.0390625,0.02734375,nan,2.2040673220748967e-39,8.13412840625398e-39,76,21806021,1012.84765625,31.520000457763672,3.35046124458313,77,21847533,257282029,-802947706,-42.03799819946289,0.04699999839067459,184.34556579589844,11,77
21894117,21857795,0.569091796875,0.128662109375,0.1044921875,0.805419921875,3,0.07421875,0.1015625,-0.01171875,nan,2.2040673220748967e-39,8.13412840625398e-39,77,21858861,1012.845947265625,31.520000457763672,3.3663151264190674,78,21894114,257282030,-802947706,-42.018001556396484,0.041999999433755875,184.34556579589844,11,78
21944200,21895956,0.569091796875,0.128662109375,0.1044921875,0.805419921875,0,0.07421875,0.1015625,-0.01171875,2.7551349496629526e-40,2.2958705883682084e-39,8.28879952685076e-39,78,21897021,1012.866943359375,31.540000915527344,3.1919219493865967,79,21944197,257282025,-802947706,-42.13999938964844,0.024000000208616257,184.34556579589844,11,79
21998378,21949795,0.569091796875,0.128662109375,0.1044921875,0.805419921875,3,0.05078125,0.03125,-0.01171875,2.7551349496629526e-40,2.2958705883682084e-39,8.28879952685076e-39,79,21950861,1012.870849609375,31.530000686645508,3.1549296379089355,80,21998375,257282024,-802947706,-42.141998291015625,0.050999999046325684,184.34556579589844,11,80
22098193,22062020,0.569091796875,0.128662109375,0.1044921875,0.805419921875,0,0.05078125,0.03125,-0.01171875,nan,2.2958761935620657e-39,8.393229893606103e-39,80,22063086,1012.857666015625,31.530000686645508,3.265907049179077,81,22098190,257282028,-802947704,-42.03300094604492,0.057999998331069946,184.34556579589844,11,81
22143371,22100795,0.569091796875,0.128662109375,0.1044921875,0.805419921875,3,-0.0625,0.03125,0.02734375,nan,2.2958761935620657e-39,8.393229893606103e-39,81,22101861,1012.8759765625,31.540000915527344,3.11265230178833,82,22143368,257282027,-802947704,-42.042999267578125,0.0689999982714653,184.34556579589844,11,82
22195065,22152956,0.569091796875,0.128662109375,0.1044921875,0.805419921875,0,-0.0625,0.03125,0.02734375,nan,2.2040575129856464e-39,8.62496962714382e-39,82,22154021,1012.850341796875,31.540000915527344,3.329322576522827,83,22195062,257282028,-802947705,-42.01499938964844,0.05700000002980232,184.34556579589844,11,83
22243208,22206898,0.569091796875,0.128662109375,0.1044921875,0.805419921875,3,-0.015625,0.0703125,-0.05078125,nan,2.2040575129856464e-39,8.62496962714382e-39,83,22207963,1012.8466796875,31.530000686645508,3.355745792388916,84,22243205,257282028,-802947705,-42.029998779296875,0.07500000298023224,184.34556579589844,11,84
22295223,22246956,0.569091796875,0.128662109375,0.1044921875,0.805419921875,0,-0.015625,0.0703125,-0.05078125,8.265376823019571e-40,2.2958789961589943e-39,8.753261304149686e-39,84,22248021,1012.847412109375,31.530000686645508,3.35046124458313,85,22295220,257282029,-802947704,-42.020999908447266,0.06400000303983688,184.34556579589844,11,85
22343322,22300689,0.569091796875,0.128662109375,0.1044921875,0.805419921875,0,-0.015625,0.0703125,-0.05078125,nan,2.2958803974574587e-39,8.844455005611016e-39,85,22301754,1012.853271484375,31.540000915527344,3.3028993606567383,86,22343319,257282027,-802947703,-42.027000427246094,0.0729999989271164,184.34556579589844,11,86
22395134,22353164,0.569091796875,0.128662109375,0.1044921875,0.805419921875,0,-0.015625,0.0703125,-0.05078125,1.1938684565462074e-39,2.295881798755923e-39,8.891468569089114e-39,86,22354230,1012.848388671875,31.540000915527344,3.3451764583587646,87,22395131,257282025,-802947703,-42.09199905395508,0.04800000041723251,184.34556579589844,11,87
22443389,22406689,0.569091796875,0.128662109375,0.1044921875,0.805419921875,0,-0.015625,0.0703125,-0.05078125,9.183689745645554e-41,2.29587759486053e-39,9.004643038261843e-39,87,22407754,1012.845458984375,31.530000686645508,3.3663151264190674,88,22443386,257282028,-802947702,-42.013999938964844,0.023000000044703484,184.34556579589844,11,88
22496350,22448140,0.5687255859375,0.12982177734375,0.10430908203125,0.80548095703125,0,-0.015625,0.0703125,-0.05078125,9.183689745645554e-41,2.29587759486053e-39,9.004643038261843e-39,88,22449206,1012.8486328125,31.530000686645508,3.3398919105529785,89,22496347,257282032,-802947701,-41.90299987792969,0.03799999877810478,184.34556579589844,11,89
22544470,22501689,0.5687255859375,0.12982177734375,0.10430908203125,0.80548095703125,0,-0.015625,0.0703125,-0.05078125,-2.7647583313676266e+38,2.2041135649242194e-39,9.124860433516269e-39,89,22502754,1012.865966796875,31.540000915527344,3.197206735610962,90,22544468,257282039,-802947701,-41.78099822998047,0.027000000700354576,184.34556579589844,11,90
22596253,22554164,0.5687255859375,0.12982177734375,0.10430908203125,0.80548095703125,0,-0.015625,0.0703125,-0.05078125,3.6737281319818e-40,2.2041962415336145e-39,9.15989289512439e-39,90,22555230,1012.857421875,31.540000915527344,3.265907049179077,91,22596250,257282041,-802947701,-41.74100112915039,0.04399999976158142,184.34556579589844,11,91
22644140,22607689,0.5687255859375,0.12982177734375,0.10430908203125,0.80548095703125,0,-0.015625,0.0703125,-0.05078125,nan,2.204068723373361e-39,9.258114108384309e-39,91,22608754,1012.837646484375,31.540000915527344,3.4350154399871826,92,22644137,257282040,-802947700,-41.74599838256836,0.014000000432133675,184.34556579589844,11,92
22696328,22648165,0.5687255859375,0.12982177734375,0.10430908203125,0.80548095703125,0,-0.015625,0.0703125,-0.05078125,nan,2.2040967493426475e-39,9.322062363803772e-39,92,22649230,1012.85546875,31.540000915527344,3.287045478820801,93,22696325,257282039,-802947700,-41.779998779296875,0.02199999988079071,184.34556579589844,11,93
22750423,22701689,0.5687255859375,0.12982177734375,0.10430908203125,0.80548095703125,0,-0.015625,0.0703125,-0.05078125,5.5097794448633915e-40,2.2040827363580042e-39,9.405565739292888e-39,93,22702754,1012.872802734375,31.540000915527344,3.139075517654419,94,22750420,257282041,-802947699,-41.736000061035156,0.05000000074505806,184.34556579589844,11,94
22796366,22754164,0.5687255859375,0.12982177734375,0.10430908203125,0.80548095703125,0,-0.015625,0.0703125,-0.05078125,9.183829875491986e-40,2.2958832000543873e-39,9.4533486156279e-39,94,22755230,1012.8818359375,31.549999237060547,3.0650906562805176,95,22796363,257282043,-802947698,-41.68600082397461,0.05400000140070915,184.34556579589844,11,95
22844128,22807664,0.56585693359375,0.1357421875,0.10552978515625,0.80633544921875,0,-0.015625,0.0703125,-0.05078125,9.183829875491986e-40,2.2958832000543873e-39,9.4533486156279e-39,95,22808730,1012.868408203125,31.549999237060547,3.176068067550659,96,22844125,257282042,-802947698,-41.694000244140625,0.02199999988079071,184.34556579589844,11,96
22895204,22847165,0.56585693359375,0.1357421875,0.10552978515625,0.80633544921875,0,-0.015625,0.0703125,-0.05078125,2.9387274692649328e-39,2.2958495688912435e-39,9.619964404334585e-39,96,22848230,1012.83203125,31.540000915527344,3.482577085494995,97,22895201,257282042,-802947698,-41.680999755859375,0.03700000047683716,184.34556579589844,11,97
22943364,22900689,0.56585693359375,0.1357421875,0.10552978515625,0.80633544921875,0,-0.015625,0.0703125,-0.05078125,1.2857263734796278e-39,2.2958635818758868e-39,9.686055245106e-39,97,22901754,1012.84814453125,31.540000915527344,3.3451764583587646,98,22943361,257282043,-802947699,-41.67300033569336,0.057999998331069946,184.34556579589844,11,98
22995126,22953164,0.56585693359375,0.1357421875,0.10552978515625,0.80633544921875,0,-0.015625,0.0703125,-0.05078125,9.1838018495227e-40,2.2958705883682084e-39,9.73332524620307e-39,98,22954230,1012.847412109375,31.549999237060547,3.35046124458313,99,22995123,257282045,-802947699,-41.61899948120117,0.05900000035762787,184.34556579589844,11,99
23043370,23006689,0.56585693359375,0.1357421875,0.10552978515625,0.80633544921875,0,-0.015625,0.0703125,-0.05078125,nan,2.2040981506411118e-39,9.8450031286159e-39,99,23007754,1012.87744140625,31.549999237060547,3.102083206176758,100,23043367,257282043,-802947698,-41.65800094604492,0.010999999940395355,184.34556579589844,11,100
23146163,23110087,0.56585693359375,0.1357421875,0.10552978515625,0.80633544921875,3,-0.109375,0.015625,0.36328125,nan,2.2040981506411118e-39,9.8450031286159e-39,100,23111152,1012.831298828125,31.549999237060547,3.4878618717193604,101,23146160,257282042,-802947698,-41.69599914550781,0.04500000178813934,184.34556579589844,11,101
23197335,23148689,0.56585693359375,0.1357421875,0.10552978515625,0.80633544921875,0,-0.109375,0.015625,0.36328125,nan,2.2040575129856464e-39,9.993909307330448e-39,101,23149754,1012.8759765625,31.549999237060547,3.11265230178833,102,23197332,257282041,-802947698,-41.762001037597656,0.012000000104308128,184.34556579589844,11,102
23243179,23201164,0.56585693359375,0.1357421875,0.10552978515625,0.80633544921875,0,-0.109375,0.015625,0.36328125,nan,2.2040575129856464e-39,1.0118509964181282e-38,102,23202230,1012.84375,31.549999237060547,3.382169008255005,103,23243176,257282045,-802947697,-41.69300079345703,0.04899999871850014,184.34556579589844,11,103
23296252,23254582,0.56585693359375,0.1357421875,0.10552978515625,0.80633544921875,0,-0.109375,0.015625,0.36328125,nan,2.2040841376564685e-39,1.01685237076715e-38,103,23255647,1012.87548828125,31.549999237060547,3.1179370880126953,104,23296249,257282048,-802947696,-41.60300064086914,0.019999999552965164,184.34556579589844,11,104
23343436,23307271,0.56585693359375,0.1357421875,0.10552978515625,0.80633544921875,3,0.2265625,-0.015625,-0.01171875,nan,2.2040841376564685e-39,1.01685237076715e-38,104,23308337,1012.86083984375,31.549999237060547,3.2394838333129883,105,23343433,257282049,-802947697,-41.5620002746582,0.014999999664723873,184.34556579589844,11,105
23393445,23345480,0.56585693359375,0.1357421875,0.10552978515625,0.80633544921875,0,0.2265625,-0.015625,-0.01171875,2.2040799337610756e-39,2.2958635818758868e-39,1.0310157147356202e-38,105,23346546,1012.83837890625,31.540000915527344,3.4297306537628174,106,23393442,257282053,-802947697,-41.465999603271484,0.06199999898672104,184.34556579589844,11,106
23452329,23398349,0.5670166015625,0.13629150390625,0.10528564453125,0.80548095703125,0,0.2265625,-0.015625,-0.01171875,2.2040799337610756e-39,2.2958635818758868e-39,1.0310157147356202e-38,106,23399415,1012.843505859375,31.559999465942383,3.382169008255005,107,23452326,257282054,-802947695,-41.446998596191406,0.03400000184774399,184.34556579589844,11,107
23496342,23454504,0.5670166015625,0.13629150390625,0.10528564453125,0.80548095703125,3,-0.171875,0.0,0.04296875,2.2040799337610756e-39,2.2958635818758868e-39,1.0310157147356202e-38,107,23455570,1012.84716796875,31.549999237060547,3.355745792388916,108,23496339,257282055,-802947694,-41.39899826049805,0.041999999433755875,184.34556579589844,11,108
23543164,23507272,0.5670166015625,0.13629150390625,0.10528564453125,0.80548095703125,3,-0.40234375,0.0390625,0.078125,2.2040799337610756e-39,2.2958635818758868e-39,1.0310157147356202e-38,108,23508337,1012.8505859375,31.559999465942383,3.324038028717041,109,23543161,257282058,-802947695,-41.34400177001953,0.03700000047683716,184.34556579589844,11,109
23594085,23545558,0.5670166015625,0.13629150390625,0.10528564453125,0.80548095703125,0,-0.40234375,0.0390625,0.078125,3.673279716473216e-40,2.204072927268754e-39,1.0590775572628032e-38,109,23546623,1012.836669921875,31.559999465942383,3.4402999877929688,110,23594082,257282059,-802947695,-41.345001220703125,0.032999999821186066,184.34556579589844,11,110
23646142,23598271,0.5670166015625,0.13629150390625,0.10528564453125,0.80548095703125,3,0.00390625,-0.0625,0.04296875,3.673279716473216e-40,2.204072927268754e-39,1.0590775572628032e-38,110,23599337,1012.850830078125,31.549999237060547,3.324038028717041,111,23646139,257282062,-802947694,-41.262001037597656,0.023000000044703484,184.34556579589844,11,111
23693353,23651582,0.5670166015625,0.13629150390625,0.10528564453125,0.80548095703125,0,0.00390625,-0.0625,0.04296875,nan,2.2040743285672183e-39,1.0716888230521873e-38,111,23652647,1012.821533203125,31.549999237060547,3.567131280899048,112,23693351,257282062,-802947693,-41.263999938964844,0.035999998450279236,184.34556579589844,11,112
23752112,23704272,0.5670166015625,0.13629150390625,0.10528564453125,0.80548095703125,3,0.08203125,0.046875,-0.00390625,nan,2.2040743285672183e-39,1.0716888230521873e-38,112,23705337,1012.858642578125,31.549999237060547,3.260622262954712,113,23752109,257282061,-802947695,-41.290000915527344,0.027000000700354576,184.34556579589844,11,113
23794126,23757480,0.5670166015625,0.13629150390625,0.10528564453125,0.80548095703125,0,0.08203125,0.046875,-0.00390625,8.265250706157782e-40,2.295860779278958e-39,1.0889997636312239e-38,113,23758545,1012.803466796875,31.549999237060547,3.720386028289795,114,23794123,257282058,-802947694,-41.32699966430664,0.01600000075995922,184.34556579589844,11,114
23844283,23796271,0.5670166015625,0.13629150390625,0.10528564453125,0.80548095703125,3,-0.02734375,-0.0390625,0.03515625,8.265250706157782e-40,2.295860779278958e-39,1.0889997636312239e-38,114,23797337,1012.850341796875,31.559999465942383,3.329322576522827,115,23844280,257282054,-802947695,-41.42100143432617,0.019999999552965164,184.34556579589844,11,115
23898106,23849271,0.5670166015625,0.13629150390625,0.10528564453125,0.80548095703125,3,-0.078125,-0.09375,0.02734375,8.265250706157782e-40,2.295860779278958e-39,1.0889997636312239e-38,115,23850337,1012.8232421875,31.549999237060547,3.5512773990631104,116,23898103,257282057,-802947695,-41.37300109863281,0.01899999938905239,184.34556579589844,11,116
23944191,23902582,0.5670166015625,0.13629150390625,0.10528564453125,0.80548095703125,0,-0.078125,-0.09375,0.02734375,1.1020217500005016e-39,2.2958621805774224e-39,1.1076750083951272e-38,116,23903648,1012.867431640625,31.549999237060547,3.1866374015808105,117,23944188,257282057,-802947695,-41.38399887084961,0.017000000923871994,184.34556579589844,11,117
23998460,23955271,0.5670166015625,0.13629150390625,0.10528564453125,0.80548095703125,3,-0.04296875,0.0703125,-0.05859375,1.1020217500005016e-39,2.2958621805774224e-39,1.1076750083951272e-38,117,23956337,1012.834716796875,31.549999237060547,3.4561538696289062,118,23998458,257282058,-802947696,-41.32600021362305,0.061000000685453415,184.34556579589844,11,118
24044163,24008480,0.5670166015625,0.13629150390625,0.10528564453125,0.80548095703125,3,-0.03515625,-0.0078125,-0.01953125,1.1020217500005016e-39,2.2958621805774224e-39,1.1076750083951272e-38,118,24009546,1012.844970703125,31.549999237060547,3.3715996742248535,119,24044160,257282061,-802947696,-41.22999954223633,0.10400000214576721,184.34556579589844,11,119
24146060,24110272,0.5670166015625,0.13629150390625,0.10528564453125,0.80548095703125,0,-0.03515625,-0.0078125,-0.01953125,nan,2.2040631181795037e-39,1.1315587394210794e-38,119,24111337,1012.840576171875,31.549999237060547,3.4085922241210938,120,24146057,257282064,-802947696,-41.176998138427734,0.07800000160932541,184.34556579589844,11,120
24193309,24151480,0.5670166015625,0.13629150390625,0.10528564453125,0.80548095703125,3,-0.03515625,-0.0859375,0.02734375,nan,2.2040631181795037e-39,1.1315587394210794e-38,120,24152546,1012.835693359375,31.559999465942383,3.45086932182312,121,24193306,257282064,-802947697,-41.183998107910156,0.07100000232458115,184.34556579589844,11,121
24248025,24204271,0.5670166015625,0.13629150390625,0.10528564453125,0.80548095703125,3,0.01171875,0.10546875,-0.09765625,nan,2.2040631181795037e-39,1.1315587394210794e-38,121,24205337,1012.85400390625,31.549999237060547,3.297614812850952,122,24248022,257282065,-802947696,-41.13399887084961,0.04899999871850014,184.34556579589844,11,122
24294087,24257582,0.5670166015625,0.13629150390625,0.10528564453125,0.80548095703125,0,0.01171875,0.10546875,-0.09765625,2.755106923693666e-40,2.2958621805774224e-39,1.1573371661006451e-38,122,24258647,1012.86376953125,31.549999237060547,3.2183451652526855,123,24294084,257282066,-802947695,-41.10599899291992,0.04399999976158142,184.34556579589844,11,123
24344356,24296271,0.5670166015625,0.13629150390625,0.10528564453125,0.80548095703125,3,-0.01953125,-0.078125,-0.05859375,2.755106923693666e-40,2.2958621805774224e-39,1.1573371661006451e-38,123,24297337,1012.85107421875,31.559999465942383,3.318753242492676,124,24344353,257282067,-802947694,-41.03799819946289,0.04800000041723251,184.34556579589844,11,124
24397496,24349271,0.5670166015625,0.13629150390625,0.10528564453125,0.80548095703125,3,-0.1015625,0.078125,-0.01953125,2.755106923693666e-40,2.2958621805774224e-39,1.1573371661006451e-38,124,24350337,1012.83154296875,31.559999465942383,3.482577085494995,125,24397493,257282068,-802947694,-41.0099983215332,0.026000000536441803,184.34556579589844,11,125
24444357,24402582,0.5670166015625,0.13629150390625,0.10528564453125,0.80548095703125,0,-0.1015625,0.078125,-0.01953125,nan,2.2040589142841107e-39,1.177735727715975e-38,125,24403647,1012.829833984375,31.559999465942383,3.4984309673309326,126,24444354,257282069,-802947694,-40.96099853515625,0.03200000151991844,184.34556579589844,11,126
24498199,24455271,0.5670166015625,0.13629150390625,0.10528564453125,0.80548095703125,3,-0.02734375,-0.03125,-0.01953125,nan,2.2040589142841107e-39,1.177735727715975e-38,126,24456337,1012.82080078125,31.559999465942383,3.572416067123413,127,24498196,257282070,-802947694,-40.941001892089844,0.041999999433755875,184.34556579589844,11,127
24544443,24508586,0.5670166015625,0.13629150390625,0.10528564453125,0.80548095703125,3,0.01953125,0.0,-0.05859375,nan,2.2040589142841107e-39,1.177735727715975e-38,127,24509652,1012.828125,31.559999465942383,3.514285087585449,128,24544440,257282071,-802947693,-40.875,0.04500000178813934,184.34556579589844,11,128
24596376,24548271,0.5670166015625,0.13629150390625,0.10528564453125,0.80548095703125,3,-0.01953125,0.0390625,-0.01953125,nan,2.2040589142841107e-39,1.177735727715975e-38,128,24549337,1012.853271484375,31.559999465942383,3.3028993606567383,129,24596373,257282075,-802947692,-40.79100036621094,0.04699999839067459,184.34556579589844,11,129
24643080,24601480,0.5670166015625,0.13629150390625,0.10528564453125,0.80548095703125,3,0.08984375,-0.0390625,-0.01953125,nan,2.2040589142841107e-39,1.177735727715975e-38,129,24602545,1012.857177734375,31.559999465942383,3.2711915969848633,130,24643077,257282076,-802947692,-40.7869987487793,0.029999999329447746,184.34556579589844,11,130
24696307,24654373,0.5670166015625,0.13629150390625,0.10528564453125,0.80548095703125,0,0.08984375,-0.0390625,-0.01953125,nan,2.2040673220748967e-39,1.2106050048847173e-38,130,24655439,1012.85791015625,31.56999969482422,3.265907049179077,131,24696304,257282079,-802947693,-40.74800109863281,0.03500000014901161,184.34556579589844,11,131
24749730,24707414,0.56781005859375,0.133056640625,0.1044921875,0.80560302734375,0,0.08984375,-0.0390625,-0.01953125,nan,2.2040673220748967e-39,1.2106050048847173e-38,131,24708479,1012.829345703125,31.559999465942383,3.503715753555298,132,24749728,257282081,-802947691,-40.645999908447266,0.04800000041723251,184.34556579589844,11,132
24798080,24761349,0.56561279296875,0.13604736328125,0.10467529296875,0.806640625,0,0.08984375,-0.0390625,-0.01953125,nan,2.2040673220748967e-39,1.2106050048847173e-38,132,24762415,1012.865966796875,31.56999969482422,3.197206735610962,133,24798077,257282087,-802947691,-40.558998107910156,0.06499999761581421,184.34556579589844,11,133
24848123,24800480,0.56561279296875,0.13604736328125,0.10467529296875,0.806640625,3,-0.07421875,0.48828125,-0.171875,nan,2.2040673220748967e-39,1.2106050048847173e-38,133,24801546,1012.88818359375,31.56999969482422,3.01224422454834,134,24848120,257282089,-802947693,-40.4900016784668,0.12700000405311584,184.34556579589844,11,134
24895115,24853127,0.56561279296875,0.13604736328125,0.10467529296875,0.806640625,3,-0.05859375,-0.0234375,-0.06640625,nan,2.2040673220748967e-39,1.2106050048847173e-38,134,24854193,1012.84521484375,31.56999969482422,3.3715996742248535,135,24895112,257282084,-802947691,-40.5620002746582,0.03099999949336052,184.34556579589844,11,135
24943089,24905713,0.56561279296875,0.13604736328125,0.10467529296875,0.806640625,3,0.24609375,0.2890625,0.2421875,nan,2.2040673220748967e-39,1.2106050048847173e-38,135,24906778,1012.8583984375,31.56999969482422,3.260622262954712,136,24943086,257282087,-802947693,-40.540000915527344,0.08399999886751175,184.34556579589844,11,136
24995191,24947140,0.5654296875,0.135498046875,0.10418701171875,0.806884765625,0,0.24609375,0.2890625,0.2421875,nan,2.2040673220748967e-39,1.2106050048847173e-38,136,24948206,1012.858154296875,31.56999969482422,3.260622262954712,137,24995188,257282091,-802947693,-40.43199920654297,0.07999999821186066,184.34556579589844,11,137
25042985,25000480,0.5654296875,0.135498046875,0.10418701171875,0.806884765625,0,0.24609375,0.2890625,0.2421875,4.203895392974451e-45,2.295846766294315e-39,1.2624557105318177e-38,137,25001545,1012.878662109375,31.56999969482422,3.0915138721466064,138,25042982,257282094,-802947692,-40.354000091552734,0.08699999749660492,184.34556579589844,11,138
25095172,25053373,0.5654296875,0.135498046875,0.10418701171875,0.806884765625,0,0.24609375,0.2890625,0.2421875,nan,2.295873390965137e-39,1.2681912251462992e-38,138,25054439,1012.852783203125,31.56999969482422,3.3081841468811035,139,25095169,257282097,-802947694,-40.30400085449219,0.14900000393390656,184.34556579589844,11,139
25194060,25158456,0.5654296875,0.135498046875,0.10418701171875,0.806884765625,3,-0.28125,0.51171875,0.1171875,nan,2.295873390965137e-39,1.2681912251462992e-38,139,25159522,1012.84765625,31.56999969482422,3.35046124458313,140,25194057,257282099,-802947694,-40.27299880981445,0.11999999731779099,184.34556579589844,11,140
25247436,25199402,0.5654296875,0.135498046875,0.10418701171875,0.806884765625,3,-0.15625,-0.14453125,-0.01171875,nan,2.295873390965137e-39,1.2681912251462992e-38,140,25200468,1012.834228515625,31.56999969482422,3.4614386558532715,141,25247434,257282100,-802947692,-40.24399948120117,0.1120000034570694,184.34556579589844,11,141
25294060,25252349,0.56573486328125,0.13519287109375,0.1033935546875,0.80682373046875,0,-0.15625,-0.14453125,-0.01171875,nan,2.295873390965137e-39,1.2681912251462992e-38,141,25253414,1012.84033203125,31.56999969482422,3.4085922241210938,142,25294057,257282100,-802947691,-40.22700119018555,0.09200000017881393,184.34556579589844,11,142
25347433,25305438,0.56573486328125,0.13519287109375,0.1033935546875,0.80682373046875,0,-0.15625,-0.14453125,-0.01171875,1.1019839149419648e-39,2.2041261766103983e-39,1.3034931564491093e-38,142,25306503,1012.82958984375,31.559999465942383,3.4984309673309326,143,25347430,257282096,-802947690,-40.24399948120117,0.06499999761581421,184.34556579589844,11,143
25399113,25357349,0.56341552734375,0.13677978515625,0.10198974609375,0.80841064453125,0,-0.15625,-0.14453125,-0.01171875,1.1019839149419648e-39,2.2041261766103983e-39,1.3034931564491093e-38,143,25358415,1012.843505859375,31.559999465942383,3.382169008255005,144,25399110,257282095,-802947690,-40.244998931884766,0.06400000303983688,184.34556579589844,11,144
25445822,25409456,0.56365966796875,0.13677978515625,0.10205078125,0.8082275390625,0,-0.15625,-0.14453125,-0.01171875,1.1019839149419648e-39,2.2041261766103983e-39,1.3034931564491093e-38,144,25410521,1012.84130859375,31.559999465942383,3.4033076763153076,145,25445819,257282095,-802947692,-40.25299835205078,0.012000000104308128,184.34556579589844,11,145
25496293,25448402,0.56365966796875,0.13677978515625,0.10205078125,0.8082275390625,3,0.0546875,-0.046875,-0.00390625,1.1019839149419648e-39,2.2041261766103983e-39,1.3034931564491093e-38,145,25449467,1012.875732421875,31.559999465942383,3.1179370880126953,146,25496290,257282100,-802947692,-40.20100021362305,0.07699999958276749,184.34556579589844,11,146
25543388,25501349,0.5653076171875,0.1356201171875,0.1014404296875,0.80731201171875,0,0.0546875,-0.046875,-0.00390625,1.1019839149419648e-39,2.2041261766103983e-39,1.3034931564491093e-38,146,25502414,1012.808837890625,31.549999237060547,3.6728241443634033,147,25543385,257282100,-802947692,-40.154998779296875,0.03799999877810478,184.34556579589844,11,147
25596292,25554504,0.5653076171875,0.1356201171875,0.1014404296875,0.80731201171875,3,-0.12109375,0.015625,-0.05078125,1.1019839149419648e-39,2.2041261766103983e-39,1.3034931564491093e-38,147,25555570,1012.835693359375,31.559999465942383,3.45086932182312,148,25596289,257282101,-802947692,-40.10900115966797,0.023000000044703484,184.34556579589844,11,148
25643067,25607325,0.5657958984375,0.1351318359375,0.100830078125,0.80712890625,0,-0.12109375,0.015625,-0.05078125,1.1019839149419648e-39,2.2041261766103983e-39,1.3034931564491093e-38,148,25608391,1012.840087890625,31.559999465942383,3.41387677192688,149,25643064,257282102,-802947693,-40.071998596191406,0.035999998450279236,184.34556579589844,11,149
25693149,25645480,0.5657958984375,0.1351318359375,0.100830078125,0.80712890625,3,-0.12109375,-0.12890625,-0.05859375,1.1019839149419648e-39,2.2041261766103983e-39,1.3034931564491093e-38,149,25646546,1012.83056640625,31.549999237060547,3.4931464195251465,150,25693146,257282103,-802947694,-40.06700134277344,0.05900000035762787,184.34556579589844,11,150
25752093,25698063,0.5657958984375,0.1351318359375,0.100830078125,0.80712890625,3,0.03515625,0.0546875,-0.05078125,1.1019839149419648e-39,2.2041261766103983e-39,1.3034931564491093e-38,150,25699128,1012.817626953125,31.559999465942383,3.598839282989502,151,25752090,257282104,-802947694,-40.04800033569336,0.054999999701976776,184.34556579589844,11,151
25797489,25754767,0.5657958984375,0.1351318359375,0.100830078125,0.80712890625,0,0.03515625,0.0546875,-0.05078125,1.1938390292784566e-39,2.2040547103887177e-39,1.3662660027166966e-38,151,25755832,1012.841552734375,31.559999465942383,3.4033076763153076,152,25797486,257282106,-802947695,-40.03200149536133,0.061000000685453415,184.34556579589844,11,152
25849261,25807087,0.5657958984375,0.1351318359375,0.100830078125,0.80712890625,3,0.01953125,0.1015625,-0.05078125,1.1938390292784566e-39,2.2040547103887177e-39,1.3662660027166966e-38,152,25808152,1012.846923828125,31.549999237060547,3.355745792388916,153,25849258,257282110,-802947694,-39.904998779296875,0.03700000047683716,184.34556579589844,11,153
25896229,25859664,0.5657958984375,0.1351318359375,0.100830078125,0.80712890625,3,0.1328125,0.015625,0.02734375,1.1938390292784566e-39,2.2040547103887177e-39,1.3662660027166966e-38,153,25860730,1012.83447265625,31.559999465942383,3.4614386558532715,154,25896227,257282114,-802947694,-39.79999923706055,0.039000000804662704,184.34556579589844,11,154
25946247,25898164,0.5657958984375,0.1351318359375,0.100830078125,0.80712890625,0,0.1328125,0.015625,0.02734375,nan,2.29587759486053e-39,1.3880515695520153e-38,154,25899230,1012.825439453125,31.559999465942383,3.535423517227173,155,25946244,257282116,-802947694,-39.707000732421875,0.03099999949336052,184.34556579589844,11,155
25993274,25951533,0.56573486328125,0.13519287109375,0.1009521484375,0.80712890625,0,0.1328125,0.015625,0.02734375,nan,2.29587759486053e-39,1.3880515695520153e-38,155,25952599,1012.822021484375,31.559999465942383,3.5618467330932617,156,25993271,257282117,-802947693,-39.645999908447266,0.035999998450279236,184.34556579589844,11,156
26046424,26004282,0.56573486328125,0.13519287109375,0.1009521484375,0.80712890625,3,-0.04296875,0.13671875,0.02734375,nan,2.29587759486053e-39,1.3880515695520153e-38,156,26005348,1012.84619140625,31.559999465942383,3.361030340194702,157,26046422,257282115,-802947692,-39.7130012512207,0.07000000029802322,184.34556579589844,11,157
26098060,26056480,0.56573486328125,0.13519287109375,0.1009521484375,0.80712890625,0,-0.04296875,0.13671875,0.02734375,nan,2.2958705883682084e-39,1.409043020547601e-38,157,26057545,1012.834228515625,31.56999969482422,3.4614386558532715,158,26098057,257282113,-802947690,-39.74100112915039,0.14300000667572021,184.34556579589844,11,158
26197478,26161336,0.56573486328125,0.13519287109375,0.1009521484375,0.80712890625,3,0.03515625,0.015625,-0.05078125,nan,2.2958705883682084e-39,1.409043020547601e-38,158,26162402,1012.8583984375,31.559999465942383,3.260622262954712,159,26197475,257282120,-802947690,-39.63999938964844,0.0949999988079071,184.34556579589844,11,159
26248093,26200480,0.56573486328125,0.13519287109375,0.1009521484375,0.80712890625,0,0.03515625,0.015625,-0.05078125,9.183129226259824e-41,2.2040715259702896e-39,1.4238094833751167e-38,159,26201546,1012.839599609375,31.559999465942383,3.419161558151245,160,26248090,257282125,-802947692,-39.56800079345703,0.061000000685453415,184.34556579589844,11,160
26295451,26253349,0.56591796875,0.13580322265625,0.10125732421875,0.806884765625,0,0.03515625,0.015625,-0.05078125,9.183129226259824e-41,2.2040715259702896e-39,1.4238094833751167e-38,160,26254415,1012.859130859375,31.56999969482422,3.255337715148926,161,26295448,257282129,-802947692,-39.39400100708008,0.014000000432133675,184.34556579589844,11,161
26348165,26306504,0.56591796875,0.13580322265625,0.10125732421875,0.806884765625,3,-0.01171875,0.0,-0.01171875,9.183129226259824e-41,2.2040715259702896e-39,1.4238094833751167e-38,161,26307570,1012.8583984375,31.56999969482422,3.260622262954712,162,26348163,257282130,-802947688,-39.340999603271484,0.0949999988079071,184.34556579589844,11,162
26395161,26359271,0.56591796875,0.13580322265625,0.10125732421875,0.806884765625,3,0.0546875,0.10546875,-0.00390625,9.183129226259824e-41,2.2040715259702896e-39,1.4238094833751167e-38,162,26360337,1012.850341796875,31.56999969482422,3.329322576522827,163,26395158,257282129,-802947688,-39.380001068115234,0.12800000607967377,184.34556579589844,11,163
26445445,26397586,0.56591796875,0.13580322265625,0.10125732421875,0.806884765625,3,0.0546875,0.078125,0.03515625,9.183129226259824e-41,2.2040715259702896e-39,1.4238094833751167e-38,163,26398652,1012.829345703125,31.56999969482422,3.503715753555298,164,26445442,257282131,-802947689,-39.36000061035156,0.07599999755620956,184.34556579589844,11,164
26493326,26451272,0.56591796875,0.13580322265625,0.10125732421875,0.806884765625,3,0.01953125,-0.0703125,0.03515625,9.183129226259824e-41,2.2040715259702896e-39,1.4238094833751167e-38,164,26452337,1012.849365234375,31.56999969482422,3.3346073627471924,165,26493323,257282131,-802947689,-39.31399917602539,0.07000000029802322,184.34556579589844,11,165
26546060,26504582,0.56591796875,0.13580322265625,0.10125732421875,0.806884765625,0,0.01953125,-0.0703125,0.03515625,nan,2.2040533090902534e-39,1.4721460127333833e-38,165,26505647,1012.837890625,31.56999969482422,3.4297306537628174,166,26546057,257282133,-802947688,-39.28900146484375,0.0989999994635582,184.34556579589844,11,166
26593060,26557164,0.56591796875,0.13580322265625,0.10125732421875,0.806884765625,0,0.01953125,-0.0703125,0.03515625,nan,2.295860779278958e-39,1.478466429326874e-38,166,26558230,1012.83642578125,31.56999969482422,3.445584774017334,167,26593057,257282135,-802947688,-39.263999938964844,0.08699999749660492,184.34556579589844,11,167
26643211,26595586,0.56591796875,0.13580322265625,0.10125732421875,0.806884765625,3,-0.01171875,0.12109375,-0.08203125,nan,2.295860779278958e-39,1.478466429326874e-38,167,26596652,1012.837646484375,31.56999969482422,3.4350154399871826,168,26643209,257282138,-802947688,-39.22600173950195,0.09700000286102295,184.34556579589844,11,168
26697476,26649271,0.56591796875,0.13580322265625,0.10125732421875,0.806884765625,3,0.0625,0.12109375,0.03515625,nan,2.295860779278958e-39,1.478466429326874e-38,168,26650337,1012.85009765625,31.56999969482422,3.329322576522827,169,26697474,257282139,-802947688,-39.194000244140625,0.09799999743700027,184.34556579589844,11,169
26749248,26701558,0.56640625,0.13568115234375,0.10125732421875,0.80657958984375,0,0.0625,0.12109375,0.03515625,nan,2.295860779278958e-39,1.478466429326874e-38,169,26702623,1012.853271484375,31.579999923706055,3.3028993606567383,170,26749245,257282140,-802947689,-39.14899826049805,0.041999999433755875,184.34556579589844,11,170
26796098,26754271,0.56640625,0.13568115234375,0.10125732421875,0.80657958984375,3,0.0703125,-0.09765625,0.03515625,nan,2.295860779278958e-39,1.478466429326874e-38,170,26755337,1012.828369140625,31.579999923706055,3.509000301361084,171,26796095,257282140,-802947690,-39.106998443603516,0.03799999877810478,184.34556579589844,11,171
26842234,26806480,0.56640625,0.13568115234375,0.10125732421875,0.80657958984375,0,0.0703125,-0.09765625,0.03515625,1.7448982490757265e-39,2.2958537727866365e-39,1.514242980419551e-38,171,26807545,1012.881591796875,31.579999923706055,3.0650906562805176,172,26842231,257282144,-802947690,-39.04100036621094,0.013000000268220901,184.34556579589844,11,172
26894060,26846336,0.56640625,0.13568115234375,0.10125732421875,0.80657958984375,3,-0.140625,-0.09765625,-0.08984375,1.7448982490757265e-39,2.2958537727866365e-39,1.514242980419551e-38,172,26847402,1012.836669921875,31.56999969482422,3.4402999877929688,173,26894057,257282145,-802947689,-39.013999938964844,0.04100000113248825,184.34556579589844,11,173
26947906,26899271,0.56640625,0.13568115234375,0.10125732421875,0.80657958984375,3,-0.01953125,0.3125,-0.01171875,1.7448982490757265e-39,2.2958537727866365e-39,1.514242980419551e-38,173,26900337,1012.806884765625,31.579999923706055,3.688678026199341,174,26947903,257282147,-802947691,-38.987998962402344,0.06700000166893005,184.34556579589844,11,174
26993132,26951582,0.56640625,0.13568115234375,0.10125732421875,0.80657958984375,0,-0.01953125,0.3125,-0.01171875,nan,2.2958832000543873e-39,1.5332647662936817e-38,174,26952647,1012.828125,31.56999969482422,3.514285087585449,175,26993129,257282148,-802947692,-38.957000732421875,0.05299999937415123,184.34556579589844,11,175
27046060,27004271,0.56640625,0.13568115234375,0.10125732421875,0.80657958984375,3,0.01953125,-0.0703125,-0.00390625,nan,2.2958832000543873e-39,1.5332647662936817e-38,175,27005337,1012.841552734375,31.56999969482422,3.4033076763153076,176,27046057,257282149,-802947691,-38.92900085449219,0.03500000014901161,184.34556579589844,11,176
27092450,27056534,0.56640625,0.13568115234375,0.10125732421875,0.80657958984375,0,0.01953125,-0.0703125,-0.00390625,nan,2.2040659207764323e-39,1.5493010857895685e-38,176,27057599,1012.830078125,31.579999923706055,3.4984309673309326,177,27092447,257282149,-802947691,-38.933998107910156,0.026000000536441803,184.34556579589844,11,177
27143016,27094271,0.56640625,0.13568115234375,0.10125732421875,0.80657958984375,3,-0.34765625,0.23046875,-0.08984375,nan,2.2040659207764323e-39,1.5493010857895685e-38,177,27095337,1012.84912109375,31.579999923706055,3.3398919105529785,178,27143013,257282149,-802947690,-38.92900085449219,0.039000000804662704,184.34556579589844,11,178
27242303,27206534,0.56689453125,0.1351318359375,0.10467529296875,0.80584716796875,0,-0.34765625,0.23046875,-0.08984375,nan,2.2040659207764323e-39,1.5493010857895685e-38,178,27207599,1012.83740234375,31.579999923706055,3.4350154399871826,179,27242300,257282156,-802947690,-38.744998931884766,0.013000000268220901,184.34556579589844,11,179
27293283,27245296,0.56689453125,0.1351318359375,0.10467529296875,0.80584716796875,3,0.1484375,0.15234375,0.04296875,nan,2.2040659207764323e-39,1.5493010857895685e-38,179,27246361,1012.837890625,31.579999923706055,3.4297306537628174,180,27293280,257282156,-802947692,-38.75,0.03200000151991844,184.34556579589844,11,180
27352060,27298558,0.567138671875,0.1373291015625,0.10369873046875,0.805419921875,0,0.1484375,0.15234375,0.04296875,nan,2.2040659207764323e-39,1.5493010857895685e-38,180,27299624,1012.836181640625,31.56999969482422,3.445584774017334,181,27352057,257282163,-802947695,-38.67599868774414,0.13199999928474426,184.34556579589844,11,181
27396248,27354295,0.567138671875,0.1373291015625,0.10369873046875,0.805419921875,3,-0.12890625,-0.18359375,0.140625,nan,2.2040659207764323e-39,1.5493010857895685e-38,181,27355361,1012.817626953125,31.56999969482422,3.598839282989502,182,27396246,257282165,-802947695,-38.641998291015625,0.13199999928474426,184.34556579589844,11,182
27442860,27406480,0.567138671875,0.1373291015625,0.10369873046875,0.805419921875,0,-0.12890625,-0.18359375,0.140625,6.428554795982601e-39,2.295850970189708e-39,1.5977059985128942e-38,182,27407546,1012.8388671875,31.579999923706055,3.4244461059570312,183,27442857,257282168,-802947694,-38.5989990234375,0.13699999451637268,184.34556579589844,11,183
27493153,27445349,0.5673828125,0.1375732421875,0.10260009765625,0.805419921875,0,-0.12890625,-0.18359375,0.140625,6.428554795982601e-39,2.295850970189708e-39,1.5977059985128942e-38,183,27446414,1012.81689453125,31.579999923706055,3.604123830795288,184,27493150,257282170,-802947693,-38.54100036621094,0.13300000131130219,184.34556579589844,11,184
27546060,27498456,0.5670166015625,0.13641357421875,0.10260009765625,0.80584716796875,0,-0.12890625,-0.18359375,0.140625,6.428554795982601e-39,2.295850970189708e-39,1.5977059985128942e-38,184,27499521,1012.873046875,31.579999923706055,3.139075517654419,185,27546057,257282168,-802947693,-38.555999755859375,0.04600000008940697,184.34556579589844,11,185
27593060,27551373,0.5670166015625,0.13641357421875,0.10260009765625,0.80584716796875,0,-0.12890625,-0.18359375,0.140625,6.42820447136652e-40,2.2040841376564685e-39,1.6166343177794545e-38,185,27552439,1012.86572265625,31.579999923706055,3.197206735610962,186,27593057,257282170,-802947694,-38.50400161743164,0.03500000014901161,184.34556579589844,11,186
27646230,27604480,0.5670166015625,0.13641357421875,0.10260009765625,0.80584716796875,3,0.0703125,0.14453125,-0.00390625,6.42820447136652e-40,2.2040841376564685e-39,1.6166343177794545e-38,186,27605545,1012.798828125,31.579999923706055,3.757378339767456,187,27646227,257282173,-802947692,-38.40299987792969,0.014000000432133675,184.34556579589844,11,187
27693686,27657349,0.56689453125,0.13665771484375,0.1016845703125,0.80596923828125,0,0.0703125,0.14453125,-0.00390625,6.42820447136652e-40,2.2040841376564685e-39,1.6166343177794545e-38,187,27658414,1012.802001953125,31.59000015258789,3.730955123901367,188,27693683,257282174,-802947693,-38.374000549316406,0.035999998450279236,184.34556579589844,11,188
27751326,27697480,0.56689453125,0.13665771484375,0.1016845703125,0.80596923828125,3,0.1484375,0.0234375,0.171875,6.42820447136652e-40,2.2040841376564685e-39,1.6166343177794545e-38,188,27698546,1012.85205078125,31.579999923706055,3.3134686946868896,189,27751323,257282181,-802947692,-38.2599983215332,0.0729999989271164,184.34556579589844,11,189
27796285,27753271,0.56689453125,0.13665771484375,0.1016845703125,0.80596923828125,3,-0.07421875,-0.12109375,0.05859375,6.42820447136652e-40,2.2040841376564685e-39,1.6166343177794545e-38,189,27754337,1012.858154296875,31.579999923706055,3.260622262954712,190,27796282,257282184,-802947691,-38.17300033569336,0.03500000014901161,184.34556579589844,11,190
27848263,27806582,0.56689453125,0.13665771484375,0.1016845703125,0.80596923828125,0,-0.07421875,-0.12109375,0.05859375,8.265166628249923e-40,2.295842562398922e-39,1.6538040398053632e-38,190,27807647,1012.808349609375,31.579999923706055,3.6781086921691895,191,27848260,257282184,-802947692,-38.178001403808594,0.024000000208616257,184.34556579589844,11,191
27898002,27859164,0.56689453125,0.13665771484375,0.1016845703125,0.80596923828125,0,-0.07421875,-0.12109375,0.05859375,nan,2.295881798755923e-39,1.6608131945940695e-38,191,27860230,1012.844482421875,31.59000015258789,3.3768844604492188,192,27897999,257282184,-802947691,-38.12799835205078,0.012000000104308128,184.34556579589844,11,192
27943408,27912665,0.56689453125,0.13665771484375,0.1016845703125,0.80596923828125,3,0.00390625,0.17578125,-0.09765625,nan,2.295881798755923e-39,1.6608131945940695e-38,192,27913730,1012.8515625,31.59000015258789,3.318753242492676,193,27943405,257282182,-802947688,-38.132999420166016,0.10999999940395355,184.34556579589844,11,193
27994325,27945140,0.5667724609375,0.1363525390625,0.101806640625,0.80609130859375,0,0.00390625,0.17578125,-0.09765625,nan,2.295881798755923e-39,1.6608131945940695e-38,193,27946206,1012.833740234375,31.59000015258789,3.4667232036590576,194,27994322,257282184,-802947687,-38.066001892089844,0.0989999994635582,184.34556579589844,11,194
28043041,27998689,0.5667724609375,0.1363525390625,0.101806640625,0.80609130859375,0,0.00390625,0.17578125,-0.09765625,nan,2.2040715259702896e-39,1.68396993197673e-38,194,27999754,1012.841064453125,31.600000381469727,3.4033076763153076,195,28043039,257282184,-802947688,-38.07400131225586,0.05299999937415123,184.34556579589844,11,195
28093272,28051164,0.5667724609375,0.1363525390625,0.101806640625,0.80609130859375,0,0.00390625,0.17578125,-0.09765625,nan,2.2040925454472545e-39,1.6877219086149596e-38,195,28052230,1012.802734375,31.59000015258789,3.725670576095581,196,28093269,257282191,-802947688,-37.92900085449219,0.01600000075995922,184.34556579589844,11,196
28147976,28104665,0.5654296875,0.136962890625,0.10333251953125,0.8067626953125,0,0.00390625,0.17578125,-0.09765625,nan,2.2040925454472545e-39,1.6877219086149596e-38,196,28105730,1012.855224609375,31.600000381469727,3.287045478820801,197,28147973,257282195,-802947688,-37.858001708984375,0.014000000432133675,184.34556579589844,11,197
28248016,28211141,0.5654296875,0.1363525390625,0.10345458984375,0.80682373046875,0,0.00390625,0.17578125,-0.09765625,nan,2.2040925454472545e-39,1.6877219086149596e-38,197,28212206,1012.819580078125,31.59000015258789,3.5829854011535645,198,28248013,257282200,-802947689,-37.766998291015625,0.05700000002980232,184.34556579589844,11,198
28298025,28251689,0.5654296875,0.1363525390625,0.10345458984375,0.80682373046875,0,0.00390625,0.17578125,-0.09765625,nan,2.2958593779804938e-39,1.7106163229250985e-38,198,28252755,1012.825439453125,31.600000381469727,3.535423517227173,199,28298022,257282198,-802947690,-37.79800033569336,0.06599999964237213,184.34556579589844,11,199
28343263,28305164,0.5654296875,0.1363525390625,0.10345458984375,0.80682373046875,0,0.00390625,0.17578125,-0.09765625,7.530509283656815e-39,2.2958677857712797e-39,1.7249653389400917e-38,199,28306230,1012.860595703125,31.600000381469727,3.2447683811187744,200,28343260,257282195,-802947688,-37.79399871826172,0.02800000086426735,184.34556579589844,11,200
28396360,28347623,0.5654296875,0.1363525390625,0.10345458984375,0.80682373046875,0,0.00390625,0.17578125,-0.09765625,2.3877186962123785e-39,2.295873390965137e-39,1.7312339074904024e-38,200,28348688,1012.84130859375,31.600000381469727,3.4033076763153076,201,28396357,257282194,-802947687,-37.78900146484375,0.08299999684095383,184.34556579589844,11,201
28448271,28400164,0.5654296875,0.1363525390625,0.10345458984375,0.80682373046875,0,0.00390625,0.17578125,-0.09765625,nan,2.387720097510843e-39,1.7398137777277704e-38,201,28401230,1012.830322265625,31.600000381469727,3.4931464195251465,202,28448268,257282192,-802947686,-37.82500076293945,0.08100000023841858,184.34556579589844,11,202
28496293,28453582,0.5654296875,0.1363525390625,0.10345458984375,0.80682373046875,0,0.00390625,0.17578125,-0.09765625,nan,2.295890206546709e-39,1.745379595098222e-38,202,28454647,1012.822998046875,31.600000381469727,3.5565621852874756,203,28496290,257282196,-802947688,-37.74599838256836,0.007000000216066837,184.34556579589844,11,203
28548283,28505271,0.5654296875,0.1363525390625,0.10345458984375,0.80682373046875,3,0.01171875,0.2578125,-0.09765625,nan,2.295890206546709e-39,1.745379595098222e-38,203,28506337,1012.859375,31.600000381469727,3.2500529289245605,204,28548280,257282198,-802947688,-37.70399856567383,0.07100000232458115,184.34556579589844,11,204
28594227,28558480,0.5654296875,0.1363525390625,0.10345458984375,0.80682373046875,3,-0.02734375,0.3046875,0.01953125,nan,2.295890206546709e-39,1.745379595098222e-38,204,28559546,1012.863525390625,31.600000381469727,3.2183451652526855,205,28594224,257282196,-802947687,-37.72700119018555,0.03500000014901161,184.34556579589844,11,205
28644426,28596271,0.5654296875,0.1363525390625,0.10345458984375,0.80682373046875,3,-0.07421875,0.16015625,0.09375,nan,2.295890206546709e-39,1.745379595098222e-38,205,28597337,1012.875244140625,31.600000381469727,3.1179370880126953,206,28644424,257282198,-802947685,-37.637001037597656,0.07100000232458115,184.34556579589844,11,206
28698441,28649480,0.5654296875,0.1363525390625,0.10345458984375,0.80682373046875,3,0.1953125,-0.46875,0.203125,nan,2.295890206546709e-39,1.745379595098222e-38,206,28650545,1012.849853515625,31.600000381469727,3.329322576522827,207,28698439,257282197,-802947685,-37.608001708984375,0.07800000160932541,184.34556579589844,11,207
28750444,28702373,0.5654296875,0.1363525390625,0.10345458984375,0.80682373046875,0,0.1953125,-0.46875,0.203125,nan,2.3876850650492347e-39,1.7796002845059592e-38,207,28703439,1012.850830078125,31.610000610351562,3.324038028717041,208,28750441,257282201,-802947685,-37.50899887084961,0.04899999871850014,184.34556579589844,11,208
28798358,28755480,0.5654296875,0.1363525390625,0.10345458984375,0.80682373046875,3,-0.08203125,0.375,-0.37109375,nan,2.3876850650492347e-39,1.7796002845059592e-38,208,28756546,1012.867919921875,31.600000381469727,3.1813526153564453,209,28798355,257282203,-802947686,-37.48400115966797,0.03200000151991844,184.34556579589844,11,209
28850371,28808349,0.56402587890625,0.135498046875,0.0968017578125,0.80877685546875,0,-0.08203125,0.375,-0.37109375,nan,2.3876850650492347e-39,1.7796002845059592e-38,209,28809414,1012.85302734375,31.600000381469727,3.3028993606567383,210,28850368,257282204,-802947686,-37.47999954223633,0.04600000008940697,184.34556579589844,11,210
28898018,28861480,0.56402587890625,0.135498046875,0.0968017578125,0.80877685546875,3,-0.05859375,0.27734375,-0.05859375,nan,2.3876850650492347e-39,1.7796002845059592e-38,210,28862545,1012.857666015625,31.610000610351562,3.265907049179077,211,28898015,257282204,-802947686,-37.47600173950195,0.03099999949336052,184.34556579589844,11,211
28942308,28900349,0.56365966796875,0.134765625,0.09521484375,0.80938720703125,0,-0.05859375,0.27734375,-0.05859375,nan,2.3876850650492347e-39,1.7796002845059592e-38,211,28901415,1012.83544921875,31.610000610351562,3.45086932182312,212,28942305,257282204,-802947686,-37.46099853515625,0.01899999938905239,184.34556579589844,11,212
28995353,28953480,0.56365966796875,0.134765625,0.09521484375,0.80938720703125,3,0.19921875,-0.3125,0.1640625,nan,2.3876850650492347e-39,1.7796002845059592e-38,212,28954546,1012.82666015625,31.600000381469727,3.5248541831970215,213,28995350,257282204,-802947686,-37.446998596191406,0.03400000184774399,184.34556579589844,11,213
29043127,29006373,0.56365966796875,0.134765625,0.09521484375,0.80938720703125,0,0.19921875,-0.3125,0.1640625,nan,2.295894410442102e-39,1.8221934519783442e-38,213,29007439,1012.831298828125,31.610000610351562,3.4878618717193604,214,29043124,257282206,-802947686,-37.409000396728516,0.029999999329447746,184.34556579589844,11,214
29094307,29045456,0.56329345703125,0.13494873046875,0.09649658203125,0.8094482421875,0,0.19921875,-0.3125,0.1640625,nan,2.295894410442102e-39,1.8221934519783442e-38,214,29046521,1012.849853515625,31.610000610351562,3.329322576522827,215,29094304,257282206,-802947685,-37.37099838256836,0.03799999877810478,184.34556579589844,11,215
29148076,29099271,0.56329345703125,0.13494873046875,0.09649658203125,0.8094482421875,3,4.02734375,0.33984375,0.29296875,nan,2.295894410442102e-39,1.8221934519783442e-38,215,29100337,1012.84814453125,31.610000610351562,3.3451764583587646,216,29148073,257282209,-802947687,-37.30400085449219,0.05999999865889549,184.34556579589844,11,216
29247951,29211582,0.56329345703125,0.13494873046875,0.09649658203125,0.8094482421875,0,4.02734375,0.33984375,0.29296875,7.640727293329512e-38,2.3876766572584488e-39,1.843224139330931e-38,216,29212648,1012.823486328125,31.600000381469727,3.5512773990631104,217,29247948,257282214,-802947686,-37.10499954223633,0.04699999839067459,184.34556579589844,11,217
29298435,29250271,0.56329345703125,0.13494873046875,0.09649658203125,0.8094482421875,3,0.66796875,0.84375,0.25390625,7.640727293329512e-38,2.3876766572584488e-39,1.843224139330931e-38,217,29251337,1012.829345703125,31.610000610351562,3.503715753555298,218,29298432,257282215,-802947685,-37.04100036621094,0.012000000104308128,184.34556579589844,11,218
29346273,29303582,0.56329345703125,0.13494873046875,0.09649658203125,0.8094482421875,0,0.66796875,0.84375,0.25390625,-3.043919738077599e+38,2.295958870171461e-39,1.864957017343991e-38,218,29304647,1012.820556640625,31.600000381469727,3.577700614929199,219,29346270,257282217,-802947684,-36.99800109863281,0.03200000151991844,184.34556579589844,11,219
29398340,29356164,0.56329345703125,0.13494873046875,0.09649658203125,0.8094482421875,0,0.66796875,0.84375,0.25390625,-3.3895088757768754e+38,2.2960163234084982e-39,1.8705091019894924e-38,219,29357230,1012.863525390625,31.610000610351562,3.2183451652526855,220,29398337,257282215,-802947685,-37.0620002746582,0.04899999871850014,184.34556579589844,11,220
29446349,29409665,0.56097412109375,0.13543701171875,0.0909423828125,0.81158447265625,0,0.66796875,0.84375,0.25390625,-3.3895088757768754e+38,2.2960163234084982e-39,1.8705091019894924e-38,220,29410730,1012.8310546875,31.610000610351562,3.4878618717193604,221,29446346,257282214,-802947685,-37.069000244140625,0.07100000232458115,184.34556579589844,11,221
29496263,29448140,0.5596923828125,0.1357421875,0.08929443359375,0.8126220703125,0,0.66796875,0.84375,0.25390625,-3.3895088757768754e+38,2.2960163234084982e-39,1.8705091019894924e-38,221,29449206,1012.843017578125,31.610000610351562,3.387453556060791,222,29496260,257282220,-802947685,-36.92300033569336,0.08500000089406967,184.34556579589844,11,222
29543256,29501480,0.5596923828125,0.1357421875,0.08929443359375,0.8126220703125,0,0.66796875,0.84375,0.25390625,1.7448155724663314e-39,2.3877186962123785e-39,1.893660094048449e-38,222,29502545,1012.859375,31.610000610351562,3.2500529289245605,223,29543253,257282218,-802947685,-36.930999755859375,0.032999999821186066,184.34556579589844,11,223
29596260,29554373,0.5596923828125,0.1357421875,0.08929443359375,0.8126220703125,0,0.66796875,0.84375,0.25390625,nan,2.2959266403067814e-39,1.899010812104627e-38,223,29555439,1012.824951171875,31.610000610351562,3.540708065032959,224,29596257,257282216,-802947685,-36.933998107910156,0.012000000104308128,184.34556579589844,11,224
29648364,29606480,0.5596923828125,0.1357421875,0.08929443359375,0.8126220703125,3,0.20703125,0.12890625,-0.05078125,nan,2.2959266403067814e-39,1.899010812104627e-38,224,29607546,1012.862548828125,31.610000610351562,3.223629951477051,225,29648361,257282216,-802947685,-36.922000885009766,0.0020000000949949026,184.34556579589844,11,225
29696270,29659271,0.5594482421875,0.135009765625,0.0865478515625,0.81317138671875,0,0.20703125,0.12890625,-0.05078125,nan,2.2959266403067814e-39,1.899010812104627e-38,225,29660337,1012.84521484375,31.610000610351562,3.3715996742248535,226,29696267,257282219,-802947683,-36.849998474121094,0.057999998331069946,184.34556579589844,11,226
29752272,29698545,0.5594482421875,0.135009765625,0.0865478515625,0.81317138671875,0,0.20703125,0.12890625,-0.05078125,nan,2.2959112260236738e-39,1.9234966810806996e-38,226,29699610,1012.796142578125,31.610000610351562,3.778517007827759,227,29752269,257282219,-802947684,-36.82099914550781,0.026000000536441803,184.34556579589844,11,227
29796265,29754164,0.5594482421875,0.135009765625,0.0865478515625,0.81317138671875,0,0.20703125,0.12890625,-0.05078125,nan,2.2959000156359592e-39,1.9280126456416791e-38,227,29755230,1012.8037109375,31.610000610351562,3.7151012420654297,228,29796263,257282221,-802947686,-36.78799819946289,0.061000000685453415,184.34556579589844,11,228
29850439,29807689,0.55865478515625,0.13568115234375,0.08697509765625,0.8135986328125,0,0.20703125,0.12890625,-0.05078125,nan,2.2959000156359592e-39,1.9280126456416791e-38,228,29808755,1012.800537109375,31.6200008392334,3.7415244579315186,229,29850436,257282224,-802947684,-36.70399856567383,0.05400000140070915,184.34556579589844,11,229
29896259,29860164,0.55865478515625,0.13568115234375,0.08697509765625,0.8135986328125,0,0.20703125,0.12890625,-0.05078125,nan,2.2958888052482446e-39,1.9413465610491155e-38,229,29861230,1012.810302734375,31.6200008392334,3.662254810333252,230,29896256,257282223,-802947683,-36.68299865722656,0.026000000536441803,184.34556579589844,11,230
29942280,29898689,0.55865478515625,0.13568115234375,0.08697509765625,0.8135986328125,0,0.20703125,0.12890625,-0.05078125,nan,2.3877018806308066e-39,1.9523704359381124e-38,230,29899754,1012.875732421875,31.6200008392334,3.1179370880126953,231,29942277,257282225,-802947685,-36.650001525878906,0.05000000074505806,184.34556579589844,11,231
29994244,29952140,0.55938720703125,0.13665771484375,0.0875244140625,0.8128662109375,0,0.20703125,0.12890625,-0.05078125,nan,2.3877018806308066e-39,1.9523704359381124e-38,231,29953206,1012.838623046875,31.6200008392334,3.4244461059570312,232,29994241,257282227,-802947685,-36.59199905395508,0.05999999865889549,184.34556579589844,11,232
30042279,30005689,0.55938720703125,0.13665771484375,0.0875244140625,0.8128662109375,3,-0.109375,0.00390625,0.03125,nan,2.3877018806308066e-39,1.9523704359381124e-38,232,30006755,1012.8271484375,31.6299991607666,3.5195696353912354,233,30042276,257282227,-802947685,-36.56700134277344,0.050999999046325684,184.34556579589844,11,233
30092810,30044164,0.55938720703125,0.13665771484375,0.0875244140625,0.8128662109375,0,-0.109375,0.00390625,0.03125,nan,2.3876570390799482e-39,1.9706294950581112e-38,233,30045230,1012.823974609375,31.6299991607666,3.545992851257324,234,30092807,257282227,-802947684,-36.5359992980957,0.027000000700354576,184.34556579589844,11,234
30146176,30097664,0.55938720703125,0.13665771484375,0.0875244140625,0.8128662109375,0,-0.109375,0.00390625,0.03125,nan,2.3877102884215926e-39,1.97711456422116e-38,234,30098730,1012.803466796875,31.6200008392334,3.720386028289795,235,30146173,257282227,-802947683,-36.54100036621094,0.07000000029802322,184.34556579589844,11,235
30198416,30150164,0.55938720703125,0.13665771484375,0.0875244140625,0.8128662109375,0,-0.109375,0.00390625,0.03125,nan,2.295894410442102e-39,1.9818159205689698e-38,235,30151230,1012.84912109375,31.6200008392334,3.3398919105529785,236,30198413,257282230,-802947683,-36.43299865722656,0.07100000232458115,184.34556579589844,11,236
30298330,30262587,0.55938720703125,0.13665771484375,0.0875244140625,0.8128662109375,3,-0.23828125,0.109375,0.01171875,nan,2.295894410442102e-39,1.9818159205689698e-38,236,30263652,1012.8232421875,31.6299991607666,3.5512773990631104,237,30298327,257282232,-802947685,-36.349998474121094,0.026000000536441803,184.34556579589844,11,237
30342358,30300271,0.55938720703125,0.13665771484375,0.0875244140625,0.8128662109375,3,0.14453125,-0.25,0.01171875,nan,2.295894410442102e-39,1.9818159205689698e-38,237,30301337,1012.837890625,31.6200008392334,3.4297306537628174,238,30342355,257282234,-802947684,-36.263999938964844,0.03200000151991844,184.34556579589844,11,238
30396252,30353582,0.55938720703125,0.13665771484375,0.0875244140625,0.8128662109375,0,0.14453125,-0.25,0.01171875,-2.990752443663067e+38,2.2966679271944092e-39,2.0128867712885975e-38,238,30354647,1012.831298828125,31.6299991607666,3.4878618717193604,239,30396249,257282234,-802947684,-36.255001068115234,0.020999999716877937,184.34556579589844,11,239
30442278,30405164,0.55938720703125,0.13665771484375,0.0875244140625,0.8128662109375,0,0.14453125,-0.25,0.01171875,nan,2.2964493246339745e-39,2.0177164865757394e-38,239,30406230,1012.830078125,31.6200008392334,3.4984309673309326,240,30442275,257282239,-802947683,-36.125,0.07100000232458115,184.34556579589844,11,240
30496337,30446689,0.55938720703125,0.13665771484375,0.0875244140625,0.8128662109375,0,0.14453125,-0.25,0.01171875,2.204060315582575e-39,2.3876164014244828e-39,2.0288628349505183e-38,240,30447754,1012.81103515625,31.6299991607666,3.656970262527466,241,30496334,257282239,-802947684,-36.154998779296875,0.04899999871850014,184.34556579589844,11,241
30542192,30500140,0.545166015625,0.1494140625,0.09332275390625,0.81964111328125,0,0.14453125,-0.25,0.01171875,2.204060315582575e-39,2.3876164014244828e-39,2.0288628349505183e-38,241,30501206,1012.822021484375,31.6299991607666,3.5618467330932617,242,30542189,257282241,-802947683,-36.05799865722656,0.024000000208616257,184.34556579589844,11,242
30595421,30552623,0.545166015625,0.1494140625,0.09332275390625,0.81964111328125,0,0.14453125,-0.25,0.01171875,nan,2.387669650766127e-39,2.038798601581967e-38,242,30553688,1012.851806640625,31.6299991607666,3.3134686946868896,243,30595419,257282248,-802947683,-35.895999908447266,0.035999998450279236,184.34556579589844,11,243
30642623,30605140,0.5379638671875,0.1505126953125,0.092041015625,0.82427978515625,0,0.14453125,-0.25,0.01171875,nan,2.387669650766127e-39,2.038798601581967e-38,243,30606206,1012.84423828125,31.6299991607666,3.3768844604492188,244,30642621,257282247,-802947685,-35.87900161743164,0.05400000140070915,184.34556579589844,11,244
30696248,30646665,0.5379638671875,0.1505126953125,0.092041015625,0.82427978515625,0,0.14453125,-0.25,0.01171875,4.59190092476135e-40,2.3876934728400207e-39,2.056074369569549e-38,244,30647730,1012.8603515625,31.6299991607666,3.2447683811187744,245,30696245,257282250,-802947685,-35.823001861572266,0.035999998450279236,184.34556579589844,11,245
30748325,30700140,0.53900146484375,0.15032958984375,0.093505859375,0.823486328125,0,0.14453125,-0.25,0.01171875,4.59190092476135e-40,2.3876934728400207e-39,2.056074369569549e-38,245,30701206,1012.873046875,31.6299991607666,3.139075517654419,246,30748322,257282250,-802947683,-35.75899887084961,0.04899999871850014,184.34556579589844,11,246
30796248,30753713,0.53900146484375,0.15032958984375,0.093505859375,0.823486328125,3,-0.06640625,0.078125,0.04296875,4.59190092476135e-40,2.3876934728400207e-39,2.056074369569549e-38,246,30754778,1012.819091796875,31.6299991607666,3.5882699489593506,247,30796245,257282256,-802947684,-35.680999755859375,0.11400000005960464,184.34556579589844,11,247
30848350,30806140,0.5379638671875,0.1507568359375,0.093017578125,0.82415771484375,0,-0.06640625,0.078125,0.04296875,4.59190092476135e-40,2.3876934728400207e-39,2.056074369569549e-38,247,30807206,1012.85107421875,31.639999389648438,3.318753242492676,248,30848347,257282257,-802947684,-35.608001708984375,0.07900000363588333,184.34556579589844,11,248
30896256,30859689,0.5379638671875,0.1507568359375,0.093017578125,0.82415771484375,0,-0.06640625,0.078125,0.04296875,nan,2.2959532649776036e-39,2.084986660134731e-38,248,30860755,1012.832763671875,31.6299991607666,3.472007989883423,249,30896253,257282256,-802947684,-35.560001373291016,0.03999999910593033,184.34556579589844,11,249
30946281,30898140,0.536376953125,0.151611328125,0.09222412109375,0.82513427734375,0,-0.06640625,0.078125,0.04296875,nan,2.2959532649776036e-39,2.084986660134731e-38,249,30899206,1012.8359375,31.639999389648438,3.445584774017334,250,30946278,257282257,-802947684,-35.516998291015625,0.041999999433755875,184.34556579589844,11,250
30994267,30951664,0.53656005859375,0.15130615234375,0.09326171875,0.824951171875,0,-0.06640625,0.078125,0.04296875,nan,2.2959532649776036e-39,2.084986660134731e-38,250,30952730,1012.852783203125,31.639999389648438,3.3081841468811035,251,30994264,257282258,-802947684,-35.47700119018555,0.007000000216066837,184.34556579589844,11,251
31046205,31004164,0.53656005859375,0.15130615234375,0.09326171875,0.824951171875,0,-0.06640625,0.078125,0.04296875,nan,2.3876486312891623e-39,2.0998366403507203e-38,251,31005230,1012.845458984375,31.639999389648438,3.3663151264190674,252,31046202,257282261,-802947685,-35.41899871826172,0.05900000035762787,184.34556579589844,11,252
31094160,31057665,0.53826904296875,0.1513671875,0.09295654296875,0.8238525390625,0,-0.06640625,0.078125,0.04296875,nan,2.3876486312891623e-39,2.0998366403507203e-38,252,31058730,1012.830322265625,31.6299991607666,3.4931464195251465,253,31094157,257282266,-802947685,-35.30699920654297,0.08100000023841858,184.34556579589844,11,253
31146310,31096140,0.538330078125,0.15106201171875,0.0933837890625,0.82379150390625,0,-0.06640625,0.078125,0.04296875,nan,2.3876486312891623e-39,2.0998366403507203e-38,253,31097206,1012.830322265625,31.6299991607666,3.4931464195251465,254,31146307,257282267,-802947684,-35.25400161743164,0.04899999871850014,184.34556579589844,11,254
31198317,31149664,0.538330078125,0.15106201171875,0.0933837890625,0.82379150390625,3,-0.03515625,0.03125,0.08984375,nan,2.3876486312891623e-39,2.0998366403507203e-38,254,31150730,1012.834716796875,31.6299991607666,3.4561538696289062,255,31198315,257282267,-802947683,-35.20399856567383,0.027000000700354576,184.34556579589844,11,255
31250349,31202164,0.538330078125,0.15106201171875,0.0933837890625,0.82379150390625,0,-0.03515625,0.03125,0.08984375,9.183689745645554e-41,2.3877172949139142e-39,2.129224251355001e-38,255,31203230,1012.83056640625,31.6299991607666,3.4931464195251465,256,31250346,257282269,-802947685,-35.12699890136719,0.03999999910593033,184.34556579589844,11,256
31344637,31313665,0.53826904296875,0.15093994140625,0.093505859375,0.8238525390625,0,-0.03515625,0.03125,0.08984375,9.183689745645554e-41,2.3877172949139142e-39,2.129224251355001e-38,256,31314730,1012.833984375,31.6299991607666,3.4614386558532715,257,31344634,257282271,-802947683,-35.040000915527344,0.03999999910593033,184.34556579589844,11,257
31394073,31346140,0.537841796875,0.15118408203125,0.09295654296875,0.82415771484375,0,-0.03515625,0.03125,0.08984375,9.183689745645554e-41,2.3877172949139142e-39,2.129224251355001e-38,257,31347206,1012.8359375,31.639999389648438,3.445584774017334,258,31394071,257282271,-802947683,-35.03200149536133,0.05299999937415123,184.34556579589844,11,258
31446349,31398558,0.53790283203125,0.1494140625,0.09173583984375,0.8245849609375,0,-0.03515625,0.03125,0.08984375,9.183689745645554e-41,2.3877172949139142e-39,2.129224251355001e-38,258,31399623,1012.84228515625,31.639999389648438,3.3927383422851562,259,31446346,257282273,-802947682,-34.959999084472656,0.057999998331069946,184.34556579589844,11,259
31498201,31450295,0.53790283203125,0.1494140625,0.09173583984375,0.8245849609375,3,-0.01953125,0.03125,0.02734375,9.183689745645554e-41,2.3877172949139142e-39,2.129224251355001e-38,259,31451361,1012.8525390625,31.639999389648438,3.3081841468811035,260,31498198,257282276,-802947683,-34.874000549316406,0.024000000208616257,184.34556579589844,11,260
31545382,31503480,0.53790283203125,0.1494140625,0.09173583984375,0.8245849609375,0,-0.01953125,0.03125,0.02734375,7.347077913378232e-40,2.295890206546709e-39,2.1745783971916452e-38,260,31504546,1012.842041015625,31.639999389648438,3.3980228900909424,261,31545379,257282276,-802947684,-34.89099884033203,0.041999999433755875,184.34556579589844,11,261
31598409,31556271,0.53790283203125,0.1494140625,0.09173583984375,0.8245849609375,3,0.00390625,0.109375,0.02734375,7.347077913378232e-40,2.295890206546709e-39,2.1745783971916452e-38,261,31557337,1012.82080078125,31.639999389648438,3.572416067123413,262,31598407,257282277,-802947684,-34.83300018310547,0.035999998450279236,184.34556579589844,11,262
31646277,31609558,0.53875732421875,0.14703369140625,0.0924072265625,0.8243408203125,0,0.00390625,0.109375,0.02734375,7.347077913378232e-40,2.295890206546709e-39,2.1745783971916452e-38,262,31610623,1012.80419921875,31.639999389648438,3.7098166942596436,263,31646274,257282279,-802947683,-34.76300048828125,0.017000000923871994,184.34556579589844,11,263
31696254,31648271,0.53875732421875,0.14703369140625,0.0924072265625,0.8243408203125,3,-0.125,0.0078125,0.05859375,7.347077913378232e-40,2.295890206546709e-39,2.1745783971916452e-38,263,31649337,1012.80322265625,31.6299991607666,3.720386028289795,264,31696251,257282281,-802947684,-34.70800018310547,0.028999999165534973,184.34556579589844,11,264
31750413,31701272,0.53875732421875,0.14703369140625,0.0924072265625,0.8243408203125,3,-0.1875,0.0859375,0.05078125,7.347077913378232e-40,2.295890206546709e-39,2.1745783971916452e-38,264,31702337,1012.835205078125,31.6299991607666,3.4561538696289062,265,31750410,257282280,-802947683,-34.69300079345703,0.03700000047683716,184.34556579589844,11,265
31796316,31754582,0.53875732421875,0.14703369140625,0.0924072265625,0.8243408203125,0,-0.1875,0.0859375,0.05078125,3.673447872288935e-40,2.3877018806308066e-39,2.2079946011510134e-38,265,31755647,1012.819580078125,31.639999389648438,3.5829854011535645,266,31796313,257282283,-802947682,-34.61800003051758,0.02500000037252903,184.34556579589844,11,266
31849563,31807271,0.53875732421875,0.14703369140625,0.0924072265625,0.8243408203125,3,-0.06640625,0.0859375,0.01171875,3.673447872288935e-40,2.3877018806308066e-39,2.2079946011510134e-38,266,31808337,1012.84619140625,31.639999389648438,3.361030340194702,267,31849560,257282284,-802947682,-34.595001220703125,0.032999999821186066,184.34556579589844,11,267
31896350,31860480,0.53875732421875,0.14703369140625,0.0924072265625,0.8243408203125,0,-0.06640625,0.0859375,0.01171875,nan,2.2958958117405662e-39,2.224501336541374e-38,267,31861546,1012.873291015625,31.649999618530273,3.133790969848633,268,31896347,257282282,-802947682,-34.632999420166016,0.07999999821186066,184.34556579589844,11,268
31942259,31900271,0.53875732421875,0.14703369140625,0.0924072265625,0.8243408203125,3,-0.02734375,-0.0390625,0.01171875,nan,2.2958958117405662e-39,2.224501336541374e-38,268,31901337,1012.84326171875,31.639999389648438,3.387453556060791,269,31942256,257282285,-802947683,-34.573001861572266,0.06199999898672104,184.34556579589844,11,269
31995168,31953480,0.53875732421875,0.14703369140625,0.0924072265625,0.8243408203125,3,-0.01953125,0.03125,0.01953125,nan,2.2958958117405662e-39,2.224501336541374e-38,269,31954545,1012.813232421875,31.639999389648438,3.635831594467163,270,31995166,257282288,-802947682,-34.472999572753906,0.029999999329447746,184.34556579589844,11,270
32042170,32006373,0.53875732421875,0.14703369140625,0.0924072265625,0.8243408203125,0,-0.01953125,0.03125,0.01953125,nan,2.38771589361545e-39,2.242561551409285e-38,270,32007439,1012.81640625,31.639999389648438,3.609408378601074,271,32042167,257282286,-802947681,-34.46500015258789,0.0560000017285347,184.34556579589844,11,271
32092706,32044480,0.5386962890625,0.1458740234375,0.09417724609375,0.82440185546875,0,-0.01953125,0.03125,0.01953125,nan,2.38771589361545e-39,2.242561551409285e-38,271,32045545,1012.8505859375,31.639999389648438,3.324038028717041,272,32092703,257282287,-802947682,-34.439998626708984,0.01899999938905239,184.34556579589844,11,272
32145700,32097349,0.538818359375,0.1456298828125,0.09405517578125,0.82440185546875,0,-0.01953125,0.03125,0.01953125,nan,2.38771589361545e-39,2.242561551409285e-38,272,32098415,1012.818359375,31.639999389648438,3.5935544967651367,273,32145697,257282290,-802947683,-34.3849983215332,0.028999999165534973,184.34556579589844,11,273
32197957,32149414,0.538818359375,0.1456298828125,0.09405517578125,0.82440185546875,0,-0.01953125,0.03125,0.01953125,7.3469377835318e-40,2.3877102884215926e-39,2.2620841613545656e-38,273,32150479,1012.8291015625,31.649999618530273,3.503715753555298,274,32197954,257282291,-802947682,-34.34000015258789,0.039000000804662704,184.34556579589844,11,274
32244381,32202402,0.538818359375,0.1456298828125,0.09405517578125,0.82440185546875,3,-0.04296875,0.03125,0.01171875,7.3469377835318e-40,2.3877102884215926e-39,2.2620841613545656e-38,274,32203467,1012.821533203125,31.639999389648438,3.567131280899048,275,32244378,257282290,-802947682,-34.32899856567383,0.03799999877810478,184.34556579589844,11,275
32296229,32254456,0.53900146484375,0.1455078125,0.09393310546875,0.8243408203125,0,-0.04296875,0.03125,0.01171875,7.3469377835318e-40,2.3877102884215926e-39,2.2620841613545656e-38,275,32255521,1012.8251953125,31.639999389648438,3.535423517227173,276,32296226,257282294,-802947683,-34.279998779296875,0.04699999839067459,184.34556579589844,11,276
32393212,32363402,0.53900146484375,0.1455078125,0.09393310546875,0.8243408203125,3,-0.05078125,-0.0078125,0.05078125,7.3469377835318e-40,2.3877102884215926e-39,2.2620841613545656e-38,276,32364468,1012.854248046875,31.639999389648438,3.297614812850952,277,32393209,257282300,-802947683,-34.13800048828125,0.04600000008940697,184.34556579589844,11,277
32443211,32395456,0.53887939453125,0.14556884765625,0.09381103515625,0.82440185546875,0,-0.05078125,-0.0078125,0.05078125,7.3469377835318e-40,2.3877102884215926e-39,2.2620841613545656e-38,277,32396521,1012.814697265625,31.639999389648438,3.625262498855591,278,32443208,257282302,-802947680,-34.02299880981445,0.057999998331069946,184.34556579589844,11,278
32495154,32447373,0.53887939453125,0.14556884765625,0.09381103515625,0.82440185546875,0,-0.05078125,-0.0078125,0.05078125,nan,2.387720097510843e-39,2.307430600049656e-38,278,32448439,1012.802490234375,31.6299991607666,3.725670576095581,279,32495151,257282305,-802947680,-33.959999084472656,0.05400000140070915,184.34556579589844,11,279
32547926,32499373,0.53887939453125,0.14556884765625,0.09381103515625,0.82440185546875,0,-0.05078125,-0.0078125,0.05078125,4.59181684685349e-40,2.3877172949139142e-39,2.3116506103749702e-38,279,32500439,1012.816650390625,31.639999389648438,3.609408378601074,280,32547923,257282304,-802947680,-33.986000061035156,0.07699999958276749,184.34556579589844,11,280
32593258,32551480,0.53887939453125,0.14556884765625,0.09381103515625,0.82440185546875,0,-0.05078125,-0.0078125,0.05078125,2.7551769886168823e-40,2.3877172949139142e-39,2.3193738668610964e-38,280,32552546,1012.84716796875,31.639999389648438,3.355745792388916,281,32593255,257282302,-802947681,-34.03499984741211,0.041999999433755875,184.34556579589844,11,281
32646224,32604271,0.53887939453125,0.14556884765625,0.09381103515625,0.82440185546875,3,-0.04296875,0.03125,0.05078125,2.7551769886168823e-40,2.3877172949139142e-39,2.3193738668610964e-38,281,32605337,1012.809326171875,31.639999389648438,3.667539596557617,282,32646221,257282302,-802947681,-34.03799819946289,0.07000000029802322,184.34556579589844,11,282
32694139,32657586,0.53887939453125,0.14556884765625,0.09381103515625,0.82440185546875,3,-0.125,0.15234375,0.00390625,2.7551769886168823e-40,2.3877172949139142e-39,2.3193738668610964e-38,282,32658652,1012.8623046875,31.639999389648438,3.228914499282837,283,32694136,257282306,-802947681,-33.96799850463867,0.09099999815225601,184.34556579589844,11,283
32750318,32696164,0.53887939453125,0.14556884765625,0.09381103515625,0.82440185546875,0,-0.125,0.15234375,0.00390625,2.020373908983485e-39,2.2958874039497803e-39,2.3422933644137467e-38,283,32697230,1012.862548828125,31.639999389648438,3.223629951477051,284,32750315,257282306,-802947679,-33.90299987792969,0.08699999749660492,184.34556579589844,11,284
32796330,32754480,0.53887939453125,0.14556884765625,0.09381103515625,0.82440185546875,0,-0.125,0.15234375,0.00390625,nan,2.2958972130390306e-39,2.3488640529129657e-38,284,32755546,1012.830078125,31.639999389648438,3.4984309673309326,285,32796327,257282306,-802947680,-33.88800048828125,0.039000000804662704,184.34556579589844,11,285
32850400,32808373,0.53887939453125,0.14556884765625,0.09381103515625,0.82440185546875,0,-0.125,0.15234375,0.00390625,1.836704317965967e-39,2.387720097510843e-39,2.3572866974626365e-38,285,32809439,1012.833251953125,31.639999389648438,3.472007989883423,286,32850397,257282306,-802947680,-33.8650016784668,0.03099999949336052,184.34556579589844,11,286
32897992,32861373,0.53887939453125,0.14556884765625,0.09381103515625,0.82440185546875,0,-0.125,0.15234375,0.00390625,1.8364997283901755e-40,2.2959070221282808e-39,2.372032000683341e-38,286,32862439,1012.823486328125,31.639999389648438,3.5512773990631104,287,32897989,257282305,-802947679,-33.875999450683594,0.0689999982714653,184.34556579589844,11,287
32943072,32900480,0.53887939453125,0.14556884765625,0.09381103515625,0.82440185546875,0,-0.125,0.15234375,0.00390625,9.183647706691624e-40,2.295894410442102e-39,2.3887337968199354e-38,287,32901546,1012.85400390625,31.649999618530273,3.297614812850952,288,32943069,257282307,-802947680,-33.83599853515625,0.04500000178813934,184.34556579589844,11,288
32995112,32953349,0.53875732421875,0.1451416015625,0.0921630859375,0.82470703125,0,-0.125,0.15234375,0.00390625,9.183647706691624e-40,2.295894410442102e-39,2.3887337968199354e-38,288,32954415,1012.853515625,31.639999389648438,3.3028993606567383,289,32995109,257282309,-802947680,-33.737998962402344,0.0020000000949949026,184.34556579589844,11,289
33042863,33006504,0.53875732421875,0.1451416015625,0.0921630859375,0.82470703125,3,-0.01953125,0.015625,0.03515625,9.183647706691624e-40,2.295894410442102e-39,2.3887337968199354e-38,289,33007570,1012.854736328125,31.639999389648438,3.292330026626587,290,33042860,257282310,-802947680,-33.72600173950195,0.009999999776482582,184.34556579589844,11,290
33093244,33045349,0.53875732421875,0.1451416015625,0.0921630859375,0.82470703125,0,-0.01953125,0.015625,0.03515625,nan,2.2958972130390306e-39,2.429394153320477e-38,290,33046414,1012.836669921875,31.6299991607666,3.4402999877929688,291,33093241,257282311,-802947680,-33.72200012207031,0.035999998450279236,184.34556579589844,11,291
33146137,33098480,0.53875732421875,0.1451416015625,0.0921630859375,0.82470703125,3,-0.01953125,0.09375,-0.03515625,nan,2.2958972130390306e-39,2.429394153320477e-38,291,33099545,1012.872314453125,31.639999389648438,3.144360303878784,292,33146134,257282313,-802947680,-33.678001403808594,0.0820000022649765,184.34556579589844,11,292
33199133,33151374,0.53875732421875,0.1451416015625,0.0921630859375,0.82470703125,0,-0.01953125,0.09375,-0.03515625,nan,2.38771589361545e-39,2.455011570806492e-38,292,33152439,1012.805908203125,31.649999618530273,3.699247360229492,293,33199130,257282316,-802947680,-33.595001220703125,0.08399999886751175,184.34556579589844,11,293
33246216,33204480,0.53875732421875,0.1451416015625,0.0921630859375,0.82470703125,0,-0.01953125,0.09375,-0.03515625,nan,2.387720097510843e-39,2.4700800134530696e-38,293,33205545,1012.86181640625,31.649999618530273,3.234199047088623,294,33246213,257282312,-802947679,-33.652000427246094,0.07000000029802322,184.34556579589844,11,294
33293277,33257271,0.53875732421875,0.1451416015625,0.0921630859375,0.82470703125,3,-0.04296875,0.0,0.00390625,nan,2.387720097510843e-39,2.4700800134530696e-38,294,33258337,1012.837158203125,31.649999618530273,3.4350154399871826,295,33293274,257282313,-802947679,-33.624000549316406,0.05299999937415123,184.34556579589844,11,295
33344575,33296480,0.53875732421875,0.1451416015625,0.0921630859375,0.82470703125,3,-0.04296875,0.0390625,-0.03515625,nan,2.387720097510843e-39,2.4700800134530696e-38,295,33297545,1012.84033203125,31.649999618530273,3.4085922241210938,296,33344572,257282310,-802947680,-33.66400146484375,0.017000000923871994,184.34556579589844,11,296
33444136,33408349,0.538818359375,0.14520263671875,0.0931396484375,0.82452392578125,0,-0.04296875,0.0390625,-0.03515625,nan,2.387720097510843e-39,2.4700800134530696e-38,296,33409415,1012.865478515625,31.649999618530273,3.202491283416748,297,33444133,257282315,-802947680,-33.56999969482422,0.09200000017881393,184.34556579589844,11,297
33494324,33446491,0.538818359375,0.14520263671875,0.0931396484375,0.82452392578125,3,-0.01953125,0.0625,-0.05859375,nan,2.387720097510843e-39,2.4700800134530696e-38,297,33447556,1012.84765625,31.649999618530273,3.35046124458313,298,33494321,257282317,-802947679,-33.500999450683594,0.0560000017285347,184.34556579589844,11,298
33547894,33499164,0.538818359375,0.14520263671875,0.0931396484375,0.82452392578125,0,-0.01953125,0.0625,-0.05859375,3.6734058333350052e-40,2.3877172949139142e-39,2.55533781461952e-38,298,33500230,1012.82568359375,31.649999618530273,3.535423517227173,299,33547891,257282318,-802947679,-33.452999114990234,0.035999998450279236,184.34556579589844,11,299
33594127,33551622,0.53900146484375,0.14501953125,0.09320068359375,0.824462890625,0,-0.01953125,0.0625,-0.05859375,3.6734058333350052e-40,2.3877172949139142e-39,2.55533781461952e-38,299,33552688,1012.814697265625,31.649999618530273,3.625262498855591,300,33594124,257282317,-802947678,-33.41999816894531,0.007000000216066837,184.34556579589844,11,300
33645383,33603165,0.53900146484375,0.14501953125,0.09320068359375,0.824462890625,0,-0.01953125,0.0625,-0.05859375,nan,2.3877214988093072e-39,2.580882084325697e-38,300,33604230,1012.805419921875,31.649999618530273,3.699247360229492,301,33645380,257282318,-802947676,-33.36899948120117,0.07400000095367432,184.34556579589844,10,301
33698294,33655689,0.53900146484375,0.14501953125,0.09320068359375,0.824462890625,0,-0.01953125,0.0625,-0.05859375,nan,2.3877172949139142e-39,2.603006905519229e-38,301,33656754,1012.8671875,31.649999618530273,3.1866374015808105,302,33698291,257282319,-802947677,-33.375,0.057999998331069946,184.34556579589844,10,302
33750398,33708087,0.53900146484375,0.14501953125,0.09320068359375,0.824462890625,3,-0.02734375,-0.03125,-0.00390625,nan,2.3877172949139142e-39,2.603006905519229e-38,302,33709152,1012.8515625,31.649999618530273,3.318753242492676,303,33750395,257282319,-802947677,-33.3849983215332,0.054999999701976776,184.34556579589844,10,303
33797990,33760689,0.53900146484375,0.14501953125,0.09320068359375,0.824462890625,0,-0.02734375,-0.03125,-0.00390625,nan,2.3877144923169856e-39,2.632197914348965e-38,303,33761754,1012.864990234375,31.65999984741211,3.207775831222534,304,33797987,257282322,-802947678,-33.33300018310547,0.1080000028014183,184.34556579589844,10,304
33843244,33801087,0.53900146484375,0.14501953125,0.09320068359375,0.824462890625,3,0.01171875,0.0,0.00390625,nan,2.3877144923169856e-39,2.632197914348965e-38,304,33802152,1012.82958984375,31.649999618530273,3.4984309673309326,305,33843242,257282319,-802947677,-33.349998474121094,0.04699999839067459,184.34556579589844,10,305
33896208,33854271,0.53900146484375,0.14501953125,0.09320068359375,0.824462890625,3,0.01171875,0.0,0.04296875,nan,2.3877144923169856e-39,2.632197914348965e-38,305,33855337,1012.82373046875,31.649999618530273,3.5512773990631104,306,33896205,257282317,-802947677,-33.35200119018555,0.009999999776482582,184.34556579589844,10,306
33943200,33907582,0.53900146484375,0.14501953125,0.09320068359375,0.824462890625,0,0.01171875,0.0,0.04296875,nan,2.2958916078451733e-39,2.668557685862494e-38,306,33908647,1012.845947265625,31.65999984741211,3.3663151264190674,307,33943197,257282316,-802947677,-33.38199996948242,0.014000000432133675,184.34556579589844,10,307
33993283,33945271,0.53900146484375,0.14501953125,0.09320068359375,0.824462890625,3,0.01953125,0.0390625,0.00390625,nan,2.2958916078451733e-39,2.668557685862494e-38,307,33946337,1012.787353515625,31.649999618530273,3.85250186920166,308,33993280,257282316,-802947677,-33.36899948120117,0.02500000037252903,184.34556579589844,10,308
34046222,33998480,0.53900146484375,0.14501953125,0.09320068359375,0.824462890625,3,-0.0625,0.0390625,0.00390625,nan,2.2958916078451733e-39,2.668557685862494e-38,308,33999546,1012.8623046875,31.65999984741211,3.228914499282837,309,34046219,257282319,-802947678,-33.367000579833984,0.08299999684095383,184.34556579589844,10,309
34093265,34051373,0.53900146484375,0.14501953125,0.09320068359375,0.824462890625,0,-0.0625,0.0390625,0.00390625,7.3468116666700104e-40,2.2958916078451733e-39,2.7073377800836045e-38,309,34052439,1012.803466796875,31.649999618530273,3.720386028289795,310,34093262,257282321,-802947677,-33.29499816894531,0.09099999815225601,184.34556579589844,10,310
34146363,34104456,0.53936767578125,0.1451416015625,0.09503173828125,0.82403564453125,0,-0.0625,0.0390625,0.00390625,7.3468116666700104e-40,2.2958916078451733e-39,2.7073377800836045e-38,310,34105521,1012.8271484375,31.649999618530273,3.5195696353912354,311,34146360,257282321,-802947675,-33.21200180053711,0.05999999865889549,184.34556579589844,10,311
34194311,34157336,0.53936767578125,0.1451416015625,0.09503173828125,0.82403564453125,3,-0.01171875,0.0,-0.02734375,7.3468116666700104e-40,2.2958916078451733e-39,2.7073377800836045e-38,311,34158401,1012.80615234375,31.649999618530273,3.693962812423706,312,34194308,257282321,-802947675,-33.20600128173828,0.04600000008940697,184.34556579589844,10,312
34246217,34198456,0.539306640625,0.1451416015625,0.09515380859375,0.82403564453125,0,-0.01171875,0.0,-0.02734375,7.3468116666700104e-40,2.2958916078451733e-39,2.7073377800836045e-38,312,34199521,1012.861328125,31.670000076293945,3.234199047088623,313,34246214,257282322,-802947676,-33.207000732421875,0.03799999877810478,184.34556579589844,10,313
34294560,34251271,0.539306640625,0.1451416015625,0.09515380859375,0.82403564453125,3,-0.01171875,-0.0078125,0.00390625,7.3468116666700104e-40,2.2958916078451733e-39,2.7073377800836045e-38,313,34252337,1012.837646484375,31.65999984741211,3.4350154399871826,314,34294557,257282323,-802947676,-33.15999984741211,0.032999999821186066,184.34556579589844,10,314
34346122,34304582,0.539306640625,0.1451416015625,0.09515380859375,0.82403564453125,0,-0.01171875,-0.0078125,0.00390625,1.8366258452519647e-40,2.38771589361545e-39,2.777289758643621e-38,314,34305647,1012.81201171875,31.65999984741211,3.6464009284973145,315,34346119,257282322,-802947677,-33.15800094604492,0.03099999949336052,184.34556579589844,10,315
34446200,34409271,0.539306640625,0.1451416015625,0.09515380859375,0.82403564453125,3,-0.01953125,-0.0390625,0.04296875,1.8366258452519647e-40,2.38771589361545e-39,2.777289758643621e-38,315,34410337,1012.82763671875,31.65999984741211,3.514285087585449,316,34446197,257282323,-802947676,-33.137001037597656,0.013000000268220901,184.34556579589844,10,316
34497277,34461480,0.539306640625,0.1451416015625,0.09515380859375,0.82403564453125,0,-0.01953125,-0.0390625,0.04296875,nan,2.3877214988093072e-39,2.8081312168046386e-38,316,34462546,1012.831298828125,31.65999984741211,3.4878618717193604,317,34497274,257282323,-802947675,-33.10300064086914,0.03500000014901161,184.34556579589844,10,317
34547864,34499349,0.539306640625,0.1448974609375,0.0948486328125,0.8240966796875,0,-0.01953125,-0.0390625,0.04296875,nan,2.3877214988093072e-39,2.8081312168046386e-38,317,34500415,1012.820556640625,31.65999984741211,3.577700614929199,318,34547861,257282327,-802947675,-33.02899932861328,0.03400000184774399,184.34556579589844,10,318
34595370,34553456,0.53936767578125,0.14501953125,0.0950927734375,0.82403564453125,0,-0.01953125,-0.0390625,0.04296875,nan,2.3877214988093072e-39,2.8081312168046386e-38,318,34554521,1012.8447265625,31.65999984741211,3.3715996742248535,319,34595367,257282327,-802947675,-33.007999420166016,0.02500000037252903,184.34556579589844,10,319
34648047,34605373,0.53936767578125,0.14501953125,0.0950927734375,0.82403564453125,0,-0.01953125,-0.0390625,0.04296875,7.3468116666700104e-40,2.2958916078451733e-39,2.862623229927145e-38,319,34606439,1012.853271484375,31.65999984741211,3.3028993606567383,320,34648044,257282328,-802947674,-32.970001220703125,0.07100000232458115,184.34556579589844,10,320
34694305,34658480,0.53936767578125,0.14501953125,0.0950927734375,0.82403564453125,3,0.01171875,0.0078125,0.03515625,7.3468116666700104e-40,2.2958916078451733e-39,2.862623229927145e-38,320,34659546,1012.815185546875,31.65999984741211,3.6199777126312256,321,34694302,257282329,-802947674,-32.944000244140625,0.07599999755620956,184.34556579589844,10,321
34750378,34696349,0.5394287109375,0.1448974609375,0.0946044921875,0.8240966796875,0,0.01171875,0.0078125,0.03515625,7.3468116666700104e-40,2.2958916078451733e-39,2.862623229927145e-38,321,34697415,1012.840576171875,31.670000076293945,3.4085922241210938,322,34750375,257282327,-802947673,-32.94499969482422,0.06199999898672104,184.34556579589844,10,322
34794302,34752480,0.5394287109375,0.1448974609375,0.0946044921875,0.8240966796875,3,0.00390625,0.0078125,-0.01171875,7.3468116666700104e-40,2.2958916078451733e-39,2.862623229927145e-38,322,34753546,1012.8447265625,31.670000076293945,3.3715996742248535,323,34794299,257282330,-802947673,-32.86899948120117,0.05900000035762787,184.34556579589844,10,323
34848182,34806373,0.5394287109375,0.1448974609375,0.0946044921875,0.8240966796875,0,0.00390625,0.0078125,-0.01171875,6.428372627182239e-40,2.295898614337495e-39,2.914727150206749e-38,323,34807439,1012.8662109375,31.670000076293945,3.197206735610962,324,34848179,257282328,-802947674,-32.89400100708008,0.023000000044703484,184.34556579589844,10,324
34895366,34859480,0.5394287109375,0.1448974609375,0.0946044921875,0.8240966796875,0,0.00390625,0.0078125,-0.01171875,2.4795527910719054e-39,2.295890206546709e-39,2.9383653737417513e-38,324,34860546,1012.82421875,31.670000076293945,3.545992851257324,325,34895363,257282329,-802947674,-32.854000091552734,0.028999999165534973,184.34556579589844,10,325
34945342,34897271,0.5394287109375,0.1448974609375,0.0946044921875,0.8240966796875,3,-0.01953125,0.0234375,-0.01171875,2.4795527910719054e-39,2.295890206546709e-39,2.9383653737417513e-38,325,34898337,1012.834716796875,31.670000076293945,3.4561538696289062,326,34945339,257282330,-802947675,-32.8380012512207,0.04800000041723251,184.34556579589844,11,326
34992305,34950456,0.538818359375,0.14501953125,0.09307861328125,0.82464599609375,0,-0.01953125,0.0234375,-0.01171875,2.4795527910719054e-39,2.295890206546709e-39,2.9383653737417513e-38,326,34951521,1012.813720703125,31.670000076293945,3.630547046661377,327,34992302,257282332,-802947675,-32.79899978637695,0.03200000151991844,184.34556579589844,11,327
35046193,35003373,0.538818359375,0.14501953125,0.09307861328125,0.82464599609375,0,-0.01953125,0.0234375,-0.01171875,1.5612034346858506e-39,2.2958930091436376e-39,2.9742035819668585e-38,327,35004439,1012.86474609375,31.670000076293945,3.207775831222534,328,35046190,257282335,-802947674,-32.71699905395508,0.06300000101327896,184.34556579589844,11,328
35097907,35055480,0.538818359375,0.14501953125,0.09307861328125,0.82464599609375,0,-0.01953125,0.0234375,-0.01171875,7.346839692639297e-40,2.3877186962123785e-39,2.9890923781503097e-38,328,35056546,1012.812744140625,31.65999984741211,3.6411163806915283,329,35097904,257282335,-802947673,-32.707000732421875,0.06700000166893005,184.34556579589844,11,329
35150291,35108271,0.538818359375,0.14501953125,0.09307861328125,0.82464599609375,3,-0.01953125,-0.06640625,-0.01171875,7.346839692639297e-40,2.3877186962123785e-39,2.9890923781503097e-38,329,35109337,1012.84814453125,31.670000076293945,3.3451764583587646,330,35150289,257282335,-802947673,-32.6619987487793,0.029999999329447746,184.34556579589844,11,330
35196526,35160586,0.538818359375,0.14501953125,0.09307861328125,0.82464599609375,3,-0.00390625,0.046875,-0.01171875,7.346839692639297e-40,2.3877186962123785e-39,2.9890923781503097e-38,330,35161652,1012.835693359375,31.670000076293945,3.45086932182312,331,35196523,257282334,-802947673,-32.69900131225586,0.03799999877810478,184.34556579589844,11,331
35246110,35198271,0.538818359375,0.14501953125,0.09307861328125,0.82464599609375,3,-0.00390625,0.0078125,-0.01171875,7.346839692639297e-40,2.3877186962123785e-39,2.9890923781503097e-38,331,35199337,1012.84619140625,31.670000076293945,3.361030340194702,332,35246107,257282334,-802947674,-32.696998596191406,0.008999999612569809,184.34556579589844,11,332
35293590,35251587,0.538818359375,0.14501953125,0.09307861328125,0.82464599609375,3,-0.03515625,0.0,0.02734375,7.346839692639297e-40,2.3877186962123785e-39,2.9890923781503097e-38,332,35252652,1012.8603515625,31.670000076293945,3.2447683811187744,333,35293587,257282335,-802947675,-32.68000030517578,0.03999999910593033,184.34556579589844,11,333
35346189,35304164,0.538818359375,0.14501953125,0.09307861328125,0.82464599609375,0,-0.03515625,0.0,0.02734375,nan,2.387720097510843e-39,3.0572019294894317e-38,333,35305230,1012.8408203125,31.670000076293945,3.4085922241210938,334,35346186,257282339,-802947675,-32.61199951171875,0.08100000023841858,184.34556579589844,11,334
35446212,35409689,0.538818359375,0.14501953125,0.09307861328125,0.82464599609375,0,-0.03515625,0.0,0.02734375,nan,2.2958874039497803e-39,3.0782558783965263e-38,334,35410755,1012.837646484375,31.670000076293945,3.4350154399871826,335,35446209,257282337,-802947674,-32.5989990234375,0.01899999938905239,184.34556579589844,11,335
35497903,35449087,0.538818359375,0.14501953125,0.09307861328125,0.82464599609375,3,0.01953125,0.0390625,-0.01171875,nan,2.2958874039497803e-39,3.0782558783965263e-38,335,35450152,1012.848876953125,31.670000076293945,3.3398919105529785,336,35497900,257282339,-802947675,-32.55500030517578,0.035999998450279236,184.34556579589844,11,336
35545163,35502767,0.538818359375,0.14501953125,0.09307861328125,0.82464599609375,0,0.01953125,0.0390625,-0.01171875,nan,2.3877214988093072e-39,3.1181034817877597e-38,336,35503832,1012.8564453125,31.670000076293945,3.2764761447906494,337,35545161,257282339,-802947674,-32.52399826049805,0.039000000804662704,184.34556579589844,11,337
35597954,35555087,0.538818359375,0.14501953125,0.09307861328125,0.82464599609375,3,-0.02734375,0.03125,0.03515625,nan,2.3877214988093072e-39,3.1181034817877597e-38,337,35556152,1012.831298828125,31.670000076293945,3.4878618717193604,338,35597951,257282340,-802947672,-32.49599838256836,0.08699999749660492,184.34556579589844,11,338
35644119,35607689,0.538818359375,0.14501953125,0.09307861328125,0.82464599609375,0,-0.02734375,0.03125,0.03515625,8.265096563326706e-40,2.3877144923169856e-39,3.149987225746542e-38,338,35608754,1012.849365234375,31.68000030517578,3.3346073627471924,339,35644116,257282339,-802947672,-32.47200012207031,0.06599999964237213,184.34556579589844,11,339
35694110,35646140,0.53961181640625,0.14410400390625,0.0941162109375,0.82415771484375,0,-0.02734375,0.03125,0.03515625,8.265096563326706e-40,2.3877144923169856e-39,3.149987225746542e-38,339,35647206,1012.8544921875,31.670000076293945,3.292330026626587,340,35694107,257282341,-802947674,-32.45100021362305,0.0430000014603138,184.34556579589844,11,340
35747922,35699272,0.53961181640625,0.14410400390625,0.0941162109375,0.82415771484375,3,0.01171875,0.0703125,-0.04296875,8.265096563326706e-40,2.3877144923169856e-39,3.149987225746542e-38,340,35700337,1012.83740234375,31.670000076293945,3.4350154399871826,341,35747919,257282342,-802947674,-32.42599868774414,0.057999998331069946,184.34556579589844,11,341
35793305,35751582,0.53961181640625,0.14410400390625,0.0941162109375,0.82415771484375,0,0.01171875,0.0703125,-0.04296875,2.7550788977243796e-40,2.3877214988093072e-39,3.1854745488361825e-38,341,35752647,1012.813232421875,31.670000076293945,3.635831594467163,342,35793302,257282343,-802947674,-32.38800048828125,0.032999999821186066,184.34556579589844,11,342
35846103,35804164,0.53961181640625,0.14410400390625,0.0941162109375,0.82415771484375,0,0.01171875,0.0703125,-0.04296875,1.1020091383143226e-39,2.2958888052482446e-39,3.1980556867085836e-38,342,35805230,1012.83251953125,31.68000030517578,3.477292537689209,343,35846100,257282344,-802947673,-32.3390007019043,0.05299999937415123,184.34556579589844,11,343
35893165,35856664,0.53961181640625,0.14410400390625,0.0941162109375,0.82415771484375,3,0.03515625,-0.0078125,-0.00390625,1.1020091383143226e-39,2.2958888052482446e-39,3.1980556867085836e-38,343,35857730,1012.83642578125,31.68000030517578,3.445584774017334,344,35893162,257282344,-802947673,-32.35499954223633,0.07900000363588333,184.34556579589844,11,344
35945245,35897165,0.53961181640625,0.14410400390625,0.0941162109375,0.82415771484375,0,0.03515625,-0.0078125,-0.00390625,3.6733217554271457e-40,2.2958930091436376e-39,3.2275544206810853e-38,344,35898230,1012.844482421875,31.68000030517578,3.3768844604492188,345,35945242,257282345,-802947672,-32.25899887084961,0.04699999839067459,184.34556579589844,11,345
35993194,35950664,0.53961181640625,0.14410400390625,0.0941162109375,0.82415771484375,3,0.02734375,0.03125,-0.00390625,3.6733217554271457e-40,2.2958930091436376e-39,3.2275544206810853e-38,345,35951730,1012.82421875,31.68000030517578,3.545992851257324,346,35993191,257282347,-802947673,-32.220001220703125,0.03099999949336052,184.34556579589844,11,346
36046100,36004164,0.53961181640625,0.14410400390625,0.0941162109375,0.82415771484375,0,0.02734375,0.03125,-0.00390625,nan,2.3877172949139142e-39,3.2529165215869e-38,346,36005230,1012.827392578125,31.68000030517578,3.5195696353912354,347,36046097,257282348,-802947673,-32.17100143432617,0.02199999988079071,184.34556579589844,11,347
36093236,36056664,0.53961181640625,0.14410400390625,0.0941162109375,0.82415771484375,0,0.02734375,0.03125,-0.00390625,9.183619680722337e-40,2.2958874039497803e-39,3.269634292525988e-38,347,36057730,1012.82421875,31.68000030517578,3.545992851257324,348,36093233,257282346,-802947673,-32.207000732421875,0.023000000044703484,184.34556579589844,11,348
36145153,36097140,0.53936767578125,0.14422607421875,0.093505859375,0.8243408203125,0,0.02734375,0.03125,-0.00390625,9.183619680722337e-40,2.2958874039497803e-39,3.269634292525988e-38,348,36098206,1012.850830078125,31.690000534057617,3.324038028717041,349,36145150,257282347,-802947673,-32.19499969482422,0.02199999988079071,184.34556579589844,11,349
36192652,36150480,0.53936767578125,0.14422607421875,0.093505859375,0.8243408203125,0,0.02734375,0.03125,-0.00390625,9.183521589829835e-40,2.295890206546709e-39,3.299047547292166e-38,349,36151546,1012.819580078125,31.68000030517578,3.5829854011535645,350,36192649,257282348,-802947673,-32.13600158691406,0.00800000037997961,184.34556579589844,11,350
36245611,36203373,0.53936767578125,0.14422607421875,0.093505859375,0.8243408203125,0,0.02734375,0.03125,-0.00390625,9.182989096413391e-41,2.2958874039497803e-39,3.310364713949746e-38,350,36204439,1012.85205078125,31.690000534057617,3.3134686946868896,351,36245608,257282350,-802947673,-32.09199905395508,0.01600000075995922,184.34556579589844,11,351
36298263,36256480,0.53936767578125,0.14422607421875,0.093505859375,0.8243408203125,3,-0.01171875,0.1328125,-0.01171875,9.182989096413391e-41,2.2958874039497803e-39,3.310364713949746e-38,351,36257545,1012.86572265625,31.690000534057617,3.197206735610962,352,36298260,257282352,-802947676,-32.125,0.12800000607967377,184.34556579589844,11,352
36345152,36309336,0.53936767578125,0.14422607421875,0.093505859375,0.8243408203125,3,0.02734375,-0.0234375,-0.01171875,9.182989096413391e-41,2.2958874039497803e-39,3.310364713949746e-38,352,36310402,1012.829345703125,31.690000534057617,3.503715753555298,353,36345149,257282352,-802947675,-32.0890007019043,0.09300000220537186,184.34556579589844,11,353
36395060,36347456,0.53936767578125,0.144287109375,0.09320068359375,0.8243408203125,0,0.02734375,-0.0234375,-0.01171875,9.182989096413391e-41,2.2958874039497803e-39,3.310364713949746e-38,353,36348521,1012.848388671875,31.700000762939453,3.3451764583587646,354,36395057,257282354,-802947674,-32.018001556396484,0.07400000095367432,184.34556579589844,11,354
36494212,36458272,0.53936767578125,0.144287109375,0.09320068359375,0.8243408203125,3,-0.05078125,0.0,0.02734375,9.182989096413391e-41,2.2958874039497803e-39,3.310364713949746e-38,354,36459337,1012.81689453125,31.68000030517578,3.604123830795288,355,36494209,257282356,-802947672,-31.924999237060547,0.05000000074505806,184.34556579589844,10,355
36545148,36497582,0.53936767578125,0.144287109375,0.09320068359375,0.8243408203125,0,-0.05078125,0.0,0.02734375,8.26515261526528e-40,2.3877186962123785e-39,3.3819251028871144e-38,355,36498648,1012.8193359375,31.690000534057617,3.5882699489593506,356,36545145,257282357,-802947673,-31.888999938964844,0.03099999949336052,184.34556579589844,10,356
36594207,36551165,0.53936767578125,0.144287109375,0.09320068359375,0.8243408203125,0,-0.05078125,0.0,0.02734375,nan,2.3877172949139142e-39,3.410220681998147e-38,356,36552230,1012.841064453125,31.690000534057617,3.4033076763153076,357,36594204,257282359,-802947673,-31.83300018310547,0.019999999552965164,184.34556579589844,10,357
36646091,36604582,0.53936767578125,0.144287109375,0.09320068359375,0.8243408203125,0,-0.05078125,0.0,0.02734375,1.401298464324817e-45,2.3877088871231283e-39,3.424004974732017e-38,357,36605647,1012.797607421875,31.700000762939453,3.7679476737976074,358,36646088,257282360,-802947673,-31.79400062561035,0.008999999612569809,184.34556579589844,10,358
36692302,36656271,0.53936767578125,0.144287109375,0.09320068359375,0.8243408203125,3,0.03515625,-0.0546875,-0.01171875,1.401298464324817e-45,2.3877088871231283e-39,3.424004974732017e-38,358,36657337,1012.8310546875,31.690000534057617,3.4878618717193604,359,36692299,257282361,-802947673,-31.777000427246094,0.008999999612569809,184.34556579589844,10,359
36748147,36694520,0.53936767578125,0.144287109375,0.09320068359375,0.8243408203125,3,0.03515625,0.0234375,0.02734375,1.401298464324817e-45,2.3877088871231283e-39,3.424004974732017e-38,359,36695586,1012.82421875,31.690000534057617,3.545992851257324,360,36748144,257282360,-802947673,-31.7810001373291,0.026000000536441803,184.34556579589844,10,360
36794272,36752271,0.5396728515625,0.1444091796875,0.09490966796875,0.82391357421875,0,0.03515625,0.0234375,0.02734375,1.401298464324817e-45,2.3877088871231283e-39,3.424004974732017e-38,360,36753337,1012.818603515625,31.690000534057617,3.5935544967651367,361,36794269,257282360,-802947672,-31.777000427246094,0.04699999839067459,184.34556579589844,10,361
36847858,36805558,0.53961181640625,0.14434814453125,0.09515380859375,0.823974609375,0,0.03515625,0.0234375,0.02734375,1.401298464324817e-45,2.3877088871231283e-39,3.424004974732017e-38,361,36806623,1012.828125,31.700000762939453,3.514285087585449,362,36847855,257282361,-802947673,-31.756000518798828,0.04500000178813934,184.34556579589844,10,362
36895098,36859295,0.53961181640625,0.14434814453125,0.09515380859375,0.823974609375,3,-0.03515625,-0.0703125,0.00390625,1.401298464324817e-45,2.3877088871231283e-39,3.424004974732017e-38,362,36860361,1012.83056640625,31.700000762939453,3.4931464195251465,363,36895095,257282364,-802947673,-31.711999893188477,0.023000000044703484,184.34556579589844,10,363
36945299,36897480,0.53961181640625,0.14434814453125,0.09515380859375,0.823974609375,3,0.00390625,0.0078125,0.04296875,1.401298464324817e-45,2.3877088871231283e-39,3.424004974732017e-38,363,36898546,1012.818603515625,31.690000534057617,3.5935544967651367,364,36945296,257282365,-802947672,-31.655000686645508,0.04500000178813934,184.34556579589844,10,364
36993194,36951336,0.53961181640625,0.14434814453125,0.09515380859375,0.823974609375,3,0.01171875,0.0,-0.03515625,1.401298464324817e-45,2.3877088871231283e-39,3.424004974732017e-38,364,36952402,1012.8291015625,31.700000762939453,3.503715753555298,365,36993191,257282368,-802947673,-31.60300064086914,0.03400000184774399,184.34556579589844,10,365
37046087,37004504,0.53961181640625,0.14434814453125,0.09515380859375,0.823974609375,3,-0.02734375,-0.0078125,0.00390625,1.401298464324817e-45,2.3877088871231283e-39,3.424004974732017e-38,365,37005570,1012.82373046875,31.700000762939453,3.5512773990631104,366,37046084,257282369,-802947673,-31.566999435424805,0.03799999877810478,184.34556579589844,10,366
37098329,37056349,0.53997802734375,0.14422607421875,0.09619140625,0.8236083984375,0,-0.02734375,-0.0078125,0.00390625,1.401298464324817e-45,2.3877088871231283e-39,3.424004974732017e-38,366,37057414,1012.830078125,31.700000762939453,3.4984309673309326,367,37098326,257282369,-802947674,-31.56100082397461,0.03799999877810478,184.34556579589844,10,367
37145336,37109480,0.53997802734375,0.14422607421875,0.09619140625,0.8236083984375,0,-0.02734375,-0.0078125,0.00390625,nan,2.387720097510843e-39,3.5693260714554366e-38,367,37110545,1012.8408203125,31.700000762939453,3.4085922241210938,368,37145333,257282368,-802947674,-31.547000885009766,0.010999999940395355,184.34556579589844,10,368
37197894,37149271,0.54010009765625,0.14410400390625,0.0960693359375,0.8236083984375,0,-0.02734375,-0.0078125,0.00390625,nan,2.387720097510843e-39,3.5693260714554366e-38,368,37150337,1012.869873046875,31.700000762939453,3.165498733520508,369,37197891,257282370,-802947674,-31.503000259399414,0.00800000037997961,184.34556579589844,10,369
37245336,37203271,0.54010009765625,0.14410400390625,0.0960693359375,0.8236083984375,3,0.01171875,-0.015625,0.00390625,nan,2.387720097510843e-39,3.5693260714554366e-38,369,37204337,1012.84765625,31.700000762939453,3.35046124458313,370,37245334,257282371,-802947674,-31.474000930786133,0.010999999940395355,184.34556579589844,10,370
37292746,37256582,0.54010009765625,0.14410400390625,0.0960693359375,0.8236083984375,0,0.01171875,-0.015625,0.00390625,nan,2.295890206546709e-39,3.606668153192457e-38,370,37257647,1012.812744140625,31.690000534057617,3.6411163806915283,371,37292743,257282373,-802947673,-31.434999465942383,0.06199999898672104,184.34556579589844,10,371
37343148,37295271,0.54010009765625,0.14410400390625,0.0960693359375,0.8236083984375,0,0.01171875,-0.015625,0.00390625,nan,2.2958958117405662e-39,3.625056552160713e-38,371,37296337,1012.83642578125,31.700000762939453,3.445584774017334,372,37343145,257282374,-802947673,-31.410999298095703,0.07100000232458115,184.34556579589844,10,372
37396327,37348480,0.54010009765625,0.14410400390625,0.0960693359375,0.8236083984375,3,0.01953125,0.0234375,0.00390625,nan,2.2958958117405662e-39,3.625056552160713e-38,372,37349546,1012.841552734375,31.690000534057617,3.4033076763153076,373,37396324,257282376,-802947673,-31.354000091552734,0.057999998331069946,184.34556579589844,10,373
37496256,37460373,0.54010009765625,0.14410400390625,0.0960693359375,0.8236083984375,0,0.01953125,0.0234375,0.00390625,9.183689745645554e-41,2.2958874039497803e-39,3.6461068576918006e-38,373,37461439,1012.84130859375,31.690000534057617,3.4033076763153076,374,37496253,257282380,-802947673,-31.27400016784668,0.0689999982714653,184.34556579589844,10,374
37547878,37499480,0.54010009765625,0.14410400390625,0.0960693359375,0.8236083984375,0,0.01953125,0.0234375,0.00390625,nan,2.387720097510843e-39,3.667323357220757e-38,374,37500546,1012.837158203125,31.68000030517578,3.4350154399871826,375,37547875,257282378,-802947673,-31.28700065612793,0.03099999949336052,184.34556579589844,10,375
37594496,37552373,0.54010009765625,0.14410400390625,0.0960693359375,0.8236083984375,0,0.01953125,0.0234375,0.00390625,nan,2.3877130910185212e-39,3.6923606371425413e-38,375,37553439,1012.849365234375,31.690000534057617,3.3346073627471924,376,37594493,257282377,-802947673,-31.29400062561035,0.020999999716877937,184.34556579589844,10,376
37646081,37604374,0.54010009765625,0.14410400390625,0.0960693359375,0.8236083984375,0,0.01953125,0.0234375,0.00390625,nan,2.3877172949139142e-39,3.7034449079953506e-38,376,37605439,1012.818603515625,31.690000534057617,3.5935544967651367,377,37646078,257282379,-802947673,-31.243999481201172,0.026000000536441803,184.34556579589844,10,377
37692651,37656480,0.54010009765625,0.14410400390625,0.0960693359375,0.8236083984375,0,0.01953125,0.0234375,0.00390625,nan,2.3877172949139142e-39,3.718462063118134e-38,377,37657545,1012.856689453125,31.690000534057617,3.2764761447906494,378,37692648,257282383,-802947673,-31.128999710083008,0.06700000166893005,184.34556579589844,10,378
37750661,37695271,0.54010009765625,0.14410400390625,0.0960693359375,0.8236083984375,3,-0.01953125,-0.0234375,0.04296875,nan,2.3877172949139142e-39,3.718462063118134e-38,378,37696337,1012.82666015625,31.690000534057617,3.5248541831970215,379,37750658,257282387,-802947672,-31.0310001373291,0.04899999871850014,184.34556579589844,10,379
37795727,37753533,0.5401611328125,0.144287109375,0.09722900390625,0.8233642578125,0,-0.01953125,-0.0234375,0.04296875,nan,2.3877172949139142e-39,3.718462063118134e-38,379,37754599,1012.82861328125,31.690000534057617,3.509000301361084,380,37795724,257282387,-802947673,-31.027999877929688,0.027000000700354576,184.34556579589844,10,380
37848134,37806296,0.5401611328125,0.144287109375,0.09722900390625,0.8233642578125,3,0.02734375,-0.0078125,0.00390625,nan,2.3877172949139142e-39,3.718462063118134e-38,380,37807361,1012.841064453125,31.690000534057617,3.4033076763153076,381,37848131,257282389,-802947674,-31.000999450683594,0.0860000029206276,184.34556579589844,10,381
37895149,37859545,0.5401611328125,0.144287109375,0.09722900390625,0.8233642578125,3,-0.01171875,0.03125,0.00390625,nan,2.3877172949139142e-39,3.718462063118134e-38,381,37860610,1012.827392578125,31.700000762939453,3.5195696353912354,382,37895146,257282389,-802947674,-31.02400016784668,0.08399999886751175,184.34556579589844,10,382
37945144,37897295,0.5401611328125,0.144287109375,0.09722900390625,0.8233642578125,3,-0.046875,0.03125,0.00390625,nan,2.3877172949139142e-39,3.718462063118134e-38,382,37898361,1012.8408203125,31.700000762939453,3.4085922241210938,383,37945141,257282391,-802947673,-30.937999725341797,0.04399999976158142,184.34556579589844,10,383
37992679,37950480,0.5401611328125,0.144287109375,0.09722900390625,0.8233642578125,3,-0.01953125,-0.015625,-0.00390625,nan,2.3877172949139142e-39,3.718462063118134e-38,383,37951545,1012.846923828125,31.700000762939453,3.355745792388916,384,37992676,257282393,-802947673,-30.89699935913086,0.06400000303983688,184.34556579589844,10,384
38045336,38003374,0.5401611328125,0.144287109375,0.09722900390625,0.8233642578125,0,-0.01953125,-0.015625,-0.00390625,3.6733217554271457e-40,2.2958874039497803e-39,3.814948468879219e-38,384,38004439,1012.849609375,31.700000762939453,3.3346073627471924,385,38045333,257282394,-802947674,-30.864999771118164,0.04899999871850014,184.34556579589844,10,385
38092681,38056456,0.5400390625,0.14422607421875,0.0966796875,0.82354736328125,0,-0.01953125,-0.015625,-0.00390625,3.6733217554271457e-40,2.2958874039497803e-39,3.814948468879219e-38,385,38057521,1012.8505859375,31.700000762939453,3.324038028717041,386,38092678,257282393,-802947674,-30.884000778198242,0.035999998450279236,184.34556579589844,10,386
38142179,38094402,0.5400390625,0.14422607421875,0.0966796875,0.82354736328125,3,0.01953125,-0.0078125,-0.00390625,3.6733217554271457e-40,2.2958874039497803e-39,3.814948468879219e-38,386,38095468,1012.80419921875,31.700000762939453,3.7098166942596436,387,38142176,257282392,-802947674,-30.913000106811523,0.029999999329447746,184.34556579589844,10,387
38195308,38147349,0.54022216796875,0.144287109375,0.0968017578125,0.8233642578125,0,0.01953125,-0.0078125,-0.00390625,3.6733217554271457e-40,2.2958874039497803e-39,3.814948468879219e-38,387,38148414,1012.82666015625,31.700000762939453,3.5248541831970215,388,38195305,257282392,-802947674,-30.884000778198242,0.019999999552965164,184.34556579589844,10,388
38242208,38200414,0.540283203125,0.144287109375,0.096923828125,0.8233642578125,0,0.01953125,-0.0078125,-0.00390625,3.6733217554271457e-40,2.2958874039497803e-39,3.814948468879219e-38,388,38201480,1012.864013671875,31.700000762939453,3.2130606174468994,389,38242205,257282393,-802947674,-30.854000091552734,0.01600000075995922,184.34556579589844,10,389
38295542,38253402,0.540283203125,0.144287109375,0.096923828125,0.8233642578125,3,-0.01953125,0.03125,-0.03515625,3.6733217554271457e-40,2.2958874039497803e-39,3.814948468879219e-38,389,38254467,1012.835205078125,31.700000762939453,3.4561538696289062,390,38295539,257282396,-802947676,-30.849000930786133,0.07699999958276749,184.34556579589844,10,390
38342711,38306349,0.54046630859375,0.14404296875,0.09698486328125,0.8232421875,0,-0.01953125,0.03125,-0.03515625,3.6733217554271457e-40,2.2958874039497803e-39,3.814948468879219e-38,390,38307414,1012.8388671875,31.700000762939453,3.4244461059570312,391,38342708,257282397,-802947675,-30.785999298095703,0.06300000101327896,184.34556579589844,10,391
38392334,38344480,0.54046630859375,0.14404296875,0.09698486328125,0.8232421875,0,-0.01953125,0.03125,-0.03515625,nan,2.38771589361545e-39,3.914826857703049e-38,391,38345546,1012.8447265625,31.700000762939453,3.3715996742248535,392,38392331,257282399,-802947674,-30.719999313354492,0.06499999761581421,184.34556579589844,10,392
38445125,38397271,0.54046630859375,0.14404296875,0.09698486328125,0.8232421875,3,-0.01171875,-0.0390625,0.04296875,nan,2.38771589361545e-39,3.914826857703049e-38,392,38398337,1012.832275390625,31.709999084472656,3.477292537689209,393,38445122,257282399,-802947673,-30.673999786376953,0.028999999165534973,184.34556579589844,10,393
38545551,38509582,0.54046630859375,0.14404296875,0.09698486328125,0.8232421875,0,-0.01171875,-0.0390625,0.04296875,9.183129226259824e-41,2.2958916078451733e-39,3.941751686656279e-38,393,38510648,1012.85009765625,31.709999084472656,3.329322576522827,394,38545548,257282393,-802947675,-30.73200035095215,0.039000000804662704,184.34556579589844,10,394
38597898,38549165,0.54046630859375,0.14404296875,0.09698486328125,0.8232421875,0,-0.01171875,-0.0390625,0.04296875,3.673335768411789e-40,2.2958930091436376e-39,3.9541100180728525e-38,394,38550230,1012.86474609375,31.709999084472656,3.207775831222534,395,38597895,257282398,-802947675,-30.66699981689453,0.05999999865889549,184.34556579589844,10,395
38645122,38602622,0.54046630859375,0.14404296875,0.09698486328125,0.8232421875,0,-0.01171875,-0.0390625,0.04296875,4.591732768945631e-40,2.3877186962123785e-39,3.98632194613198e-38,395,38603688,1012.863525390625,31.709999084472656,3.2183451652526855,396,38645119,257282401,-802947675,-30.611000061035156,0.08799999952316284,184.34556579589844,10,396
38697888,38655165,0.54046630859375,0.14404296875,0.09698486328125,0.8232421875,0,-0.01171875,-0.0390625,0.04296875,nan,2.2958916078451733e-39,3.996107773827746e-38,396,38656230,1012.86865234375,31.700000762939453,3.176068067550659,397,38697885,257282404,-802947675,-30.562999725341797,0.10999999940395355,184.34556579589844,10,397
38750598,38707689,0.54046630859375,0.14404296875,0.09698486328125,0.8232421875,0,-0.01171875,-0.0390625,0.04296875,2.020365501192699e-39,2.2958930091436376e-39,4.013013599020746e-38,397,38708754,1012.830322265625,31.700000762939453,3.4931464195251465,398,38750595,257282405,-802947675,-30.51099967956543,0.08100000023841858,184.34556579589844,10,398
38796166,38760140,0.54071044921875,0.14404296875,0.0963134765625,0.82318115234375,0,-0.01171875,-0.0390625,0.04296875,2.020365501192699e-39,2.2958930091436376e-39,4.013013599020746e-38,398,38761206,1012.849365234375,31.709999084472656,3.3346073627471924,399,38796163,257282400,-802947673,-30.555999755859375,0.05400000140070915,184.34556579589844,10,399
38847317,38798665,0.54058837890625,0.14404296875,0.096435546875,0.8232421875,0,-0.01171875,-0.0390625,0.04296875,2.020365501192699e-39,2.2958930091436376e-39,4.013013599020746e-38,399,38799730,1012.798583984375,31.700000762939453,3.757378339767456,400,38847314,257282404,-802947674,-30.486000061035156,0.05900000035762787,184.34556579589844,10,400
38894181,38852165,0.54058837890625,0.14404296875,0.096435546875,0.8232421875,0,-0.01171875,-0.0390625,0.04296875,nan,2.2958972130390306e-39,4.0588699702270043e-38,400,38853230,1012.84521484375,31.709999084472656,3.3715996742248535,401,38894178,257282402,-802947672,-30.481000900268555,0.07800000160932541,184.34556579589844,10,401
38947889,38905582,0.54058837890625,0.14404296875,0.096435546875,0.8232421875,0,-0.01171875,-0.0390625,0.04296875,nan,2.2959098247252095e-39,4.0688727189250477e-38,401,38906647,1012.835693359375,31.709999084472656,3.45086932182312,402,38947887,257282402,-802947672,-30.44499969482422,0.07500000298023224,184.34556579589844,11,402
38994060,38958164,0.54058837890625,0.14404296875,0.096435546875,0.8232421875,0,-0.01171875,-0.0390625,0.04296875,nan,2.295894410442102e-39,4.0817699897310005e-38,402,38959230,1012.806884765625,31.709999084472656,3.688678026199341,403,38994057,257282408,-802947673,-30.32900047302246,0.026000000536441803,184.34556579589844,11,403
39051201,38996665,0.53924560546875,0.14703369140625,0.096923828125,0.82354736328125,0,-0.01171875,-0.0390625,0.04296875,nan,2.295894410442102e-39,4.0817699897310005e-38,403,38997730,1012.8466796875,31.700000762939453,3.355745792388916,404,39051198,257282411,-802947674,-30.2810001373291,0.10100000351667404,184.34556579589844,11,404
39097880,39055140,0.5389404296875,0.14678955078125,0.09649658203125,0.8238525390625,0,-0.01171875,-0.0390625,0.04296875,nan,2.295894410442102e-39,4.0817699897310005e-38,404,39056206,1012.832763671875,31.709999084472656,3.472007989883423,405,39097877,257282415,-802947675,-30.218000411987305,0.15000000596046448,184.34556579589844,11,405
39145128,39108689,0.5389404296875,0.14678955078125,0.09649658203125,0.8238525390625,3,-0.1484375,0.0390625,0.0859375,nan,2.295894410442102e-39,4.0817699897310005e-38,405,39109754,1012.85009765625,31.709999084472656,3.329322576522827,406,39145125,257282418,-802947676,-30.138999938964844,0.15000000596046448,184.34556579589844,11,406
39195544,39147164,0.5389404296875,0.14678955078125,0.09649658203125,0.8238525390625,0,-0.1484375,0.0390625,0.0859375,nan,2.295933646799103e-39,4.137965141007047e-38,406,39148230,1012.858642578125,31.719999313354492,3.260622262954712,407,39195541,257282416,-802947675,-30.1299991607666,0.09300000220537186,184.34556579589844,11,407
39248202,39200480,0.5389404296875,0.14678955078125,0.09649658203125,0.8238525390625,0,-0.1484375,0.0390625,0.0859375,1.8367323439352534e-39,2.3877186962123785e-39,4.154682911946135e-38,407,39201546,1012.818115234375,31.719999313354492,3.5935544967651367,408,39248199,257282415,-802947674,-30.159000396728516,0.08500000089406967,184.34556579589844,11,408
39294060,39252360,0.5389404296875,0.14678955078125,0.09649658203125,0.8238525390625,3,-0.01171875,0.16796875,-0.07421875,1.8367323439352534e-39,2.3877186962123785e-39,4.154682911946135e-38,408,39253426,1012.830810546875,31.719999313354492,3.4878618717193604,409,39294057,257282415,-802947676,-30.18400001525879,0.1379999965429306,184.34556579589844,11,409
39347738,39305491,0.5389404296875,0.14678955078125,0.09649658203125,0.8238525390625,3,0.33984375,-0.0390625,0.0859375,1.8367323439352534e-39,2.3877186962123785e-39,4.154682911946135e-38,409,39306556,1012.812744140625,31.709999084472656,3.6411163806915283,410,39347735,257282414,-802947677,-30.18899917602539,0.09799999743700027,184.34556579589844,11,410
39394196,39358271,0.5377197265625,0.14825439453125,0.09539794921875,0.824462890625,0,0.33984375,-0.0390625,0.0859375,1.8367323439352534e-39,2.3877186962123785e-39,4.154682911946135e-38,410,39359337,1012.828857421875,31.719999313354492,3.509000301361084,411,39394193,257282411,-802947678,-30.249000549316406,0.09000000357627869,184.34556579589844,11,411
39444208,39396480,0.5377197265625,0.14825439453125,0.09539794921875,0.824462890625,0,0.33984375,-0.0390625,0.0859375,nan,2.3876528351845553e-39,4.2158344558904987e-38,411,39397546,1012.830078125,31.719999313354492,3.4984309673309326,412,39444206,257282411,-802947679,-30.22800064086914,0.11699999868869781,184.34556579589844,11,412
39543223,39507325,0.53802490234375,0.1497802734375,0.097900390625,0.82373046875,0,0.33984375,-0.0390625,0.0859375,nan,2.3876528351845553e-39,4.2158344558904987e-38,412,39508391,1012.8115234375,31.719999313354492,3.6516857147216797,413,39543220,257282417,-802947679,-30.100000381469727,0.09600000083446503,184.34556579589844,11,413
39593118,39545504,0.53802490234375,0.1497802734375,0.097900390625,0.82373046875,3,-0.05078125,0.10546875,0.078125,nan,2.3876528351845553e-39,4.2158344558904987e-38,413,39546570,1012.831787109375,31.719999313354492,3.482577085494995,414,39593115,257282419,-802947679,-30.027999877929688,0.06700000166893005,184.34556579589844,11,414
39647874,39599349,0.5400390625,0.1473388671875,0.0985107421875,0.82275390625,0,-0.05078125,0.10546875,0.078125,nan,2.3876528351845553e-39,4.2158344558904987e-38,414,39600414,1012.84033203125,31.719999313354492,3.4085922241210938,415,39647871,257282418,-802947679,-30.04199981689453,0.07100000232458115,184.34556579589844,11,415
39693169,39651504,0.5400390625,0.1473388671875,0.0985107421875,0.82275390625,3,-0.1796875,0.0078125,-0.06640625,nan,2.3876528351845553e-39,4.2158344558904987e-38,415,39652570,1012.826416015625,31.719999313354492,3.5248541831970215,416,39693167,257282416,-802947680,-30.035999298095703,0.06800000369548798,184.34556579589844,11,416
39752915,39704271,0.5400390625,0.1473388671875,0.0985107421875,0.82275390625,3,-0.1015625,0.06640625,0.1640625,nan,2.3876528351845553e-39,4.2158344558904987e-38,416,39705337,1012.84033203125,31.719999313354492,3.4085922241210938,417,39752913,257282416,-802947680,-30.034000396728516,0.06800000369548798,184.34556579589844,11,417
39798206,39756586,0.5400390625,0.1473388671875,0.0985107421875,0.82275390625,3,0.06640625,0.08984375,-0.1796875,nan,2.3876528351845553e-39,4.2158344558904987e-38,417,39757652,1012.818359375,31.719999313354492,3.5935544967651367,418,39798203,257282417,-802947681,-30.016000747680664,0.07500000298023224,184.34556579589844,11,418
39845296,39809271,0.5400390625,0.1473388671875,0.0985107421875,0.82275390625,3,-0.1953125,0.00390625,-0.1796875,nan,2.3876528351845553e-39,4.2158344558904987e-38,418,39810337,1012.859130859375,31.719999313354492,3.255337715148926,419,39845293,257282421,-802947681,-29.968000411987305,0.0689999982714653,184.34556579589844,10,419
39896060,39848586,0.5400390625,0.1473388671875,0.0985107421875,0.82275390625,3,0.11328125,0.1953125,-0.06640625,nan,2.3876528351845553e-39,4.2158344558904987e-38,419,39849652,1012.845458984375,31.719999313354492,3.3663151264190674,420,39896057,257282422,-802947680,-29.889999389648438,0.032999999821186066,184.34556579589844,10,420
39943149,39901272,0.54217529296875,0.15008544921875,0.10260009765625,0.82037353515625,0,0.11328125,0.1953125,-0.06640625,nan,2.3876528351845553e-39,4.2158344558904987e-38,420,39902337,1012.84765625,31.719999313354492,3.35046124458313,421,39943146,257282420,-802947681,-29.92099952697754,0.07000000029802322,184.34556579589844,10,421
39996106,39954582,0.54217529296875,0.15008544921875,0.10260009765625,0.82037353515625,0,0.11328125,0.1953125,-0.06640625,2.1122444376030844e-39,2.3876752559599845e-39,4.36090920434389e-38,421,39955647,1012.85595703125,31.729999542236328,3.2817609310150146,422,39996103,257282422,-802947681,-29.868000030517578,0.03999999910593033,184.34556579589844,10,422
40043179,40007271,0.54217529296875,0.15008544921875,0.10260009765625,0.82037353515625,3,-0.046875,0.04296875,0.03515625,2.1122444376030844e-39,2.3876752559599845e-39,4.36090920434389e-38,422,40008337,1012.847412109375,31.719999313354492,3.35046124458313,423,40043176,257282420,-802947678,-29.86400032043457,0.0820000022649765,184.34556579589844,10,423
40093151,40045480,0.54217529296875,0.15008544921875,0.10260009765625,0.82037353515625,0,-0.046875,0.04296875,0.03515625,2.4795485871765124e-39,2.2958972130390306e-39,4.3917593505553864e-38,423,40046546,1012.856201171875,31.719999313354492,3.2764761447906494,424,40093148,257282422,-802947678,-29.843000411987305,0.07000000029802322,184.34556579589844,10,424
40147895,40099272,0.54217529296875,0.15008544921875,0.10260009765625,0.82037353515625,3,-0.125,-0.125,-0.05078125,2.4795485871765124e-39,2.2958972130390306e-39,4.3917593505553864e-38,424,40100337,1012.856201171875,31.719999313354492,3.2764761447906494,425,40147892,257282426,-802947677,-29.740999221801758,0.06800000369548798,184.34556579589844,11,425
40194060,40152582,0.54217529296875,0.15008544921875,0.10260009765625,0.82037353515625,0,-0.125,-0.125,-0.05078125,nan,2.2959140286206025e-39,4.418341982423628e-38,425,40153647,1012.833984375,31.719999313354492,3.4614386558532715,426,40194057,257282428,-802947676,-29.694000244140625,0.13099999725818634,184.34556579589844,11,426
40247867,40205164,0.54217529296875,0.15008544921875,0.10260009765625,0.82037353515625,0,-0.125,-0.125,-0.05078125,nan,2.2959266403067814e-39,4.431017007293139e-38,426,40206230,1012.81201171875,31.719999313354492,3.6464009284973145,427,40247864,257282429,-802947678,-29.679000854492188,0.07900000363588333,184.34556579589844,11,427
40294060,40257689,0.54217529296875,0.15008544921875,0.10260009765625,0.82037353515625,0,-0.125,-0.125,-0.05078125,nan,2.3877172949139142e-39,4.4530047814968597e-38,427,40258754,1012.815673828125,31.709999084472656,3.6146931648254395,428,40294057,257282432,-802947679,-29.57900047302246,0.061000000685453415,184.34556579589844,11,428
40346143,40298140,0.54302978515625,0.14923095703125,0.101318359375,0.820068359375,0,-0.125,-0.125,-0.05078125,nan,2.3877172949139142e-39,4.4530047814968597e-38,428,40299206,1012.812744140625,31.719999313354492,3.6411163806915283,429,40346140,257282435,-802947677,-29.5,0.04600000008940697,184.34556579589844,11,429
40394060,40352271,0.54302978515625,0.14923095703125,0.101318359375,0.820068359375,3,-0.109375,-0.0703125,0.02734375,nan,2.3877172949139142e-39,4.4530047814968597e-38,429,40353337,1012.850341796875,31.719999313354492,3.329322576522827,430,40394057,257282436,-802947677,-29.5049991607666,0.08500000089406967,184.34556579589844,11,430
40447822,40405582,0.54302978515625,0.14923095703125,0.101318359375,0.820068359375,0,-0.109375,-0.0703125,0.02734375,5.51003167858697e-40,2.387720097510843e-39,4.4891338992831607e-38,430,40406647,1012.813720703125,31.719999313354492,3.630547046661377,431,40447819,257282436,-802947676,-29.50200080871582,0.08299999684095383,184.34556579589844,11,431
40547863,40511165,0.54302978515625,0.14923095703125,0.101318359375,0.820068359375,0,-0.109375,-0.0703125,0.02734375,3.3060554409122544e-39,2.2959042195313522e-39,4.5050462038649547e-38,431,40512230,1012.86083984375,31.719999313354492,3.2394838333129883,432,40547860,257282435,-802947675,-29.511999130249023,0.11500000208616257,184.34556579589844,11,432
40595292,40552689,0.54302978515625,0.14923095703125,0.101318359375,0.820068359375,0,-0.109375,-0.0703125,0.02734375,nan,2.295898614337495e-39,4.522557950513929e-38,432,40553755,1012.813232421875,31.719999313354492,3.635831594467163,433,40595289,257282440,-802947676,-29.424999237060547,0.10300000011920929,184.34556579589844,11,433
40642857,40606164,0.54302978515625,0.14923095703125,0.101318359375,0.820068359375,0,-0.109375,-0.0703125,0.02734375,nan,2.3877214988093072e-39,4.5495979662009265e-38,433,40607230,1012.83837890625,31.719999313354492,3.4297306537628174,434,40642854,257282446,-802947679,-29.34600067138672,0.19599999487400055,184.34556579589844,11,434
40693103,40645582,0.54302978515625,0.14923095703125,0.101318359375,0.820068359375,0,-0.109375,-0.0703125,0.02734375,nan,2.387711689720057e-39,4.560524450846653e-38,434,40646647,1012.861328125,31.719999313354492,3.234199047088623,435,40693100,257282442,-802947677,-29.336999893188477,0.06300000101327896,184.34556579589844,11,435
40747904,40699271,0.54302978515625,0.14923095703125,0.101318359375,0.820068359375,3,-0.0703125,-0.0859375,0.01953125,nan,2.387711689720057e-39,4.560524450846653e-38,435,40700337,1012.81787109375,31.729999542236328,3.598839282989502,436,40747901,257282439,-802947677,-29.405000686645508,0.020999999716877937,184.34556579589844,11,436
40794060,40752582,0.54302978515625,0.14923095703125,0.101318359375,0.820068359375,0,-0.0703125,-0.0859375,0.01953125,nan,2.3877172949139142e-39,4.5864224082852255e-38,436,40753648,1012.831787109375,31.729999542236328,3.482577085494995,437,40794057,257282441,-802947675,-29.30500030517578,0.061000000685453415,184.34556579589844,11,437
40848060,40806164,0.54302978515625,0.14923095703125,0.101318359375,0.820068359375,0,-0.0703125,-0.0859375,0.01953125,nan,2.2958888052482446e-39,4.599319959350871e-38,437,40807230,1012.865478515625,31.719999313354492,3.202491283416748,438,40848057,257282442,-802947674,-29.22800064086914,0.10499999672174454,184.34556579589844,11,438
40896063,40859689,0.54302978515625,0.14923095703125,0.101318359375,0.820068359375,0,-0.0703125,-0.0859375,0.01953125,nan,2.3877186962123785e-39,4.6200092903975485e-38,438,40860754,1012.867431640625,31.729999542236328,3.1866374015808105,439,40896060,257282449,-802947673,-29.076000213623047,0.09799999743700027,184.34556579589844,11,439
40946060,40898063,0.54302978515625,0.14923095703125,0.101318359375,0.820068359375,3,-0.09375,0.05859375,-0.01953125,nan,2.3877186962123785e-39,4.6200092903975485e-38,439,40899128,1012.834716796875,31.729999542236328,3.4561538696289062,440,40946057,257282448,-802947673,-29.05699920654297,0.10000000149011612,184.34556579589844,11,440
41000214,40951665,0.54266357421875,0.14776611328125,0.10015869140625,0.82073974609375,0,-0.09375,0.05859375,-0.01953125,nan,2.3877186962123785e-39,4.6200092903975485e-38,440,40952730,1012.856201171875,31.739999771118164,3.2764761447906494,441,41000211,257282449,-802947673,-29.014999389648438,0.09700000286102295,184.34556579589844,11,441
41046067,41004164,0.54266357421875,0.14776611328125,0.10015869140625,0.82073974609375,0,-0.09375,0.05859375,-0.01953125,nan,2.2958930091436376e-39,4.652648614488295e-38,441,41005230,1012.8330078125,31.729999542236328,3.472007989883423,442,41046064,257282446,-802947672,-29.062000274658203,0.1379999965429306,184.34556579589844,11,442
41093099,41056664,0.542236328125,0.14788818359375,0.10064697265625,0.82098388671875,0,-0.09375,0.05859375,-0.01953125,nan,2.2958930091436376e-39,4.652648614488295e-38,442,41057730,1012.8525390625,31.729999542236328,3.3081841468811035,443,41093096,257282440,-802947670,-29.166000366210938,0.20600000023841858,184.34556579589844,11,443
41143134,41095164,0.542236328125,0.14788818359375,0.10064697265625,0.82098388671875,0,-0.09375,0.05859375,-0.01953125,4.5924474311624365e-40,2.2959406532914246e-39,4.6849165944859954e-38,443,41096230,1012.820068359375,31.729999542236328,3.577700614929199,444,41143131,257282435,-802947668,-29.266000747680664,0.2619999945163727,184.34556579589844,11,444
41197859,41148665,0.54144287109375,0.14697265625,0.1015625,0.821533203125,0,-0.09375,0.05859375,-0.01953125,4.5924474311624365e-40,2.2959406532914246e-39,4.6849165944859954e-38,444,41149730,1012.850830078125,31.729999542236328,3.324038028717041,445,41197856,257282434,-802947668,-29.30900001525879,0.2460000067949295,184.34556579589844,11,445
41244459,41202164,0.54144287109375,0.14697265625,0.1015625,0.821533203125,0,-0.09375,0.05859375,-0.01953125,2.0203626985957704e-39,2.295898614337495e-39,4.717622620383644e-38,445,41203230,1012.860107421875,31.739999771118164,3.2447683811187744,446,41244456,257282437,-802947666,-29.291000366210938,0.30000001192092896,184.34556579589844,11,446
41292060,41255689,0.54144287109375,0.14697265625,0.1015625,0.821533203125,0,-0.09375,0.05859375,-0.01953125,2.8469101899869778e-39,2.3877088871231283e-39,4.762670442375987e-38,446,41256754,1012.818115234375,31.739999771118164,3.5935544967651367,447,41292057,257282436,-802947665,-29.347000122070312,0.33500000834465027,184.34556579589844,11,447
41342083,41294063,0.54144287109375,0.14697265625,0.1015625,0.821533203125,3,-0.046875,-0.0625,-0.07421875,2.8469101899869778e-39,2.3877088871231283e-39,4.762670442375987e-38,447,41295128,1012.845703125,31.729999542236328,3.3663151264190674,448,41342080,257282437,-802947665,-29.358999252319336,0.2759999930858612,184.34556579589844,11,448
41396060,41347689,0.54144287109375,0.14697265625,0.1015625,0.821533203125,0,-0.046875,-0.0625,-0.07421875,4.5918140442565617e-39,2.3876612429753412e-39,4.810927798371019e-38,448,41348755,1012.818359375,31.729999542236328,3.5935544967651367,449,41396057,257282433,-802947667,-29.458999633789062,0.1860000044107437,184.34556579589844,11,449
41442137,41400164,0.54144287109375,0.14697265625,0.1015625,0.821533203125,0,-0.046875,-0.0625,-0.07421875,nan,2.3876710520645915e-39,4.829117773476726e-38,449,41401230,1012.83837890625,31.729999542236328,3.4297306537628174,450,41442134,257282431,-802947667,-29.464000701904297,0.15700000524520874,184.34556579589844,11,450
41496106,41453689,0.54144287109375,0.14697265625,0.1015625,0.821533203125,0,-0.046875,-0.0625,-0.07421875,nan,2.3877060845261996e-39,4.871584964217169e-38,450,41454754,1012.84765625,31.739999771118164,3.35046124458313,451,41496103,257282428,-802947666,-29.47800064086914,0.20800000429153442,184.34556579589844,11,451
41595582,41559141,0.54364013671875,0.1475830078125,0.1025390625,0.81982421875,0,-0.046875,-0.0625,-0.07421875,nan,2.3877060845261996e-39,4.871584964217169e-38,451,41560206,1012.801025390625,31.729999542236328,3.7362399101257324,452,41595580,257282422,-802947660,-29.474000930786133,0.3059999942779541,184.34556579589844,11,452
41643134,41600689,0.54364013671875,0.1475830078125,0.1025390625,0.81982421875,0,-0.046875,-0.0625,-0.07421875,nan,2.295916831217531e-39,4.933710130334545e-38,452,41601755,1012.8671875,31.729999542236328,3.1866374015808105,453,41643131,257282421,-802947657,-29.45400047302246,0.3449999988079071,157.45809936523438,11,453
41695093,41653140,0.5428466796875,0.1480712890625,0.10247802734375,0.8203125,0,-0.046875,-0.0625,-0.07421875,nan,2.295916831217531e-39,4.933710130334545e-38,453,41654206,1012.823486328125,31.729999542236328,3.5512773990631104,454,41695090,257282420,-802947654,-29.417999267578125,0.37400001287460327,144.4209747314453,11,454
41748083,41705713,0.5428466796875,0.1480712890625,0.10247802734375,0.8203125,3,0.01953125,0.08203125,-0.05078125,nan,2.295916831217531e-39,4.933710130334545e-38,454,41706778,1012.83154296875,31.739999771118164,3.482577085494995,455,41748080,257282424,-802947653,-29.334999084472656,0.33799999952316284,136.55123901367188,11,455
41794065,41758140,0.54388427734375,0.1475830078125,0.10186767578125,0.81976318359375,0,0.01953125,0.08203125,-0.05078125,nan,2.295916831217531e-39,4.933710130334545e-38,455,41759206,1012.85205078125,31.739999771118164,3.3134686946868896,456,41794062,257282426,-802947653,-29.326000213623047,0.3070000112056732,136.55123901367188,11,456
41846060,41797665,0.544189453125,0.1468505859375,0.10150146484375,0.81976318359375,0,0.01953125,0.08203125,-0.05078125,nan,2.295916831217531e-39,4.933710130334545e-38,456,41798730,1012.803955078125,31.729999542236328,3.7151012420654297,457,41846057,257282425,-802947653,-29.312999725341797,0.2639999985694885,136.55123901367188,11,457
41898260,41850140,0.54443359375,0.1468505859375,0.10125732421875,0.81964111328125,0,0.01953125,0.08203125,-0.05078125,nan,2.295916831217531e-39,4.933710130334545e-38,457,41851206,1012.853759765625,31.729999542236328,3.297614812850952,458,41898258,257282425,-802947655,-29.329999923706055,0.2199999988079071,136.55123901367188,11,458
41946411,41903713,0.54443359375,0.1468505859375,0.10125732421875,0.81964111328125,3,-0.15625,-0.09375,-0.05078125,nan,2.295916831217531e-39,4.933710130334545e-38,458,41904778,1012.792724609375,31.729999542236328,3.8049402236938477,459,41946408,257282428,-802947654,-29.242000579833984,0.1979999989271164,136.55123901367188,11,459
41998203,41956140,0.54376220703125,0.14691162109375,0.10089111328125,0.820068359375,0,-0.15625,-0.09375,-0.05078125,nan,2.295916831217531e-39,4.933710130334545e-38,459,41957206,1012.83935546875,31.719999313354492,3.419161558151245,460,41998200,257282429,-802947652,-29.174999237060547,0.2070000022649765,136.55123901367188,11,460
42045285,42008665,0.543701171875,0.1473388671875,0.10162353515625,0.8199462890625,0,-0.15625,-0.09375,-0.05078125,nan,2.295916831217531e-39,4.933710130334545e-38,460,42009730,1012.841064453125,31.729999542236328,3.4033076763153076,461,42045282,257282428,-802947652,-29.128999710083008,0.22300000488758087,136.55123901367188,11,461
42095109,42047140,0.54339599609375,0.1474609375,0.10186767578125,0.82012939453125,0,-0.15625,-0.09375,-0.05078125,nan,2.295916831217531e-39,4.933710130334545e-38,461,42048206,1012.834716796875,31.729999542236328,3.4561538696289062,462,42095106,257282429,-802947652,-29.128999710083008,0.16899999976158142,136.55123901367188,11,462
42147795,42099336,0.54339599609375,0.1474609375,0.10186767578125,0.82012939453125,3,0.11328125,0.03515625,0.07421875,nan,2.295916831217531e-39,4.933710130334545e-38,462,42100401,1012.8515625,31.729999542236328,3.318753242492676,463,42147792,257282429,-802947650,-29.106000900268555,0.1850000023841858,136.55123901367188,11,463
42194060,42152504,0.54339599609375,0.1474609375,0.10186767578125,0.82012939453125,3,0.03515625,-0.0390625,0.07421875,nan,2.295916831217531e-39,4.933710130334545e-38,463,42153570,1012.8037109375,31.729999542236328,3.7151012420654297,464,42194057,257282429,-802947649,-29.106000900268555,0.19599999487400055,136.55123901367188,11,464
42247796,42205271,0.54339599609375,0.1474609375,0.10186767578125,0.82012939453125,3,-0.03125,-0.1171875,0.03515625,nan,2.295916831217531e-39,4.933710130334545e-38,464,42206337,1012.83447265625,31.729999542236328,3.4614386558532715,465,42247793,257282427,-802947648,-29.0939998626709,0.20600000023841858,136.55123901367188,11,465
42294127,42258480,0.54339599609375,0.1474609375,0.10186767578125,0.82012939453125,0,-0.03125,-0.1171875,0.03515625,6.428554795982601e-40,2.387707485824664e-39,5.31303153527833e-38,465,42259546,1012.790771484375,31.729999542236328,3.8260786533355713,466,42294125,257282428,-802947646,-29.04800033569336,0.22300000488758087,136.55123901367188,11,466
42344258,42296349,0.54412841796875,0.14678955078125,0.10333251953125,0.819580078125,0,-0.03125,-0.1171875,0.03515625,6.428554795982601e-40,2.387707485824664e-39,5.31303153527833e-38,466,42297415,1012.824462890625,31.729999542236328,3.540708065032959,467,42344255,257282427,-802947645,-29.042999267578125,0.23000000417232513,136.55123901367188,11,467
42397843,42349063,0.54412841796875,0.14678955078125,0.10333251953125,0.819580078125,3,-0.140625,0.10546875,-0.04296875,6.428554795982601e-40,2.387707485824664e-39,5.31303153527833e-38,467,42350128,1012.83251953125,31.739999771118164,3.477292537689209,468,42397840,257282424,-802947641,-29.051000595092773,0.2759999930858612,136.55123901367188,11,468
42444249,42401767,0.54412841796875,0.14678955078125,0.10333251953125,0.819580078125,0,-0.140625,0.10546875,-0.04296875,nan,2.295898614337495e-39,5.394369063860985e-38,468,42402832,1012.858642578125,31.729999542236328,3.260622262954712,469,42444246,257282428,-802947643,-28.99799919128418,0.20800000429153442,136.55123901367188,11,469
42496060,42454087,0.54412841796875,0.14678955078125,0.10333251953125,0.819580078125,3,0.05078125,0.13671875,-0.04296875,nan,2.295898614337495e-39,5.394369063860985e-38,469,42455152,1012.8408203125,31.739999771118164,3.4085922241210938,470,42496057,257282428,-802947642,-28.952999114990234,0.1979999989271164,136.55123901367188,11,470
42596083,42559665,0.54412841796875,0.14678955078125,0.10333251953125,0.819580078125,0,0.05078125,0.13671875,-0.04296875,2.754938767877947e-40,2.295916831217531e-39,5.453349716224417e-38,470,42560730,1012.831298828125,31.739999771118164,3.4878618717193604,471,42596080,257282430,-802947641,-28.836999893188477,0.1770000010728836,136.55123901367188,11,471
42647921,42599141,0.5435791015625,0.14764404296875,0.10321044921875,0.81982421875,0,0.05078125,0.13671875,-0.04296875,2.754938767877947e-40,2.295916831217531e-39,5.453349716224417e-38,471,42600206,1012.847412109375,31.729999542236328,3.35046124458313,472,42647918,257282432,-802947642,-28.785999298095703,0.15199999511241913,136.55123901367188,11,472
42693208,42651480,0.5435791015625,0.14764404296875,0.10321044921875,0.81982421875,3,0.015625,0.03515625,0.03515625,2.754938767877947e-40,2.295916831217531e-39,5.453349716224417e-38,472,42652546,1012.835205078125,31.729999542236328,3.4561538696289062,473,42693205,257282432,-802947641,-28.767000198364258,0.14499999582767487,136.55123901367188,11,473
42752538,42704373,0.5435791015625,0.14764404296875,0.10321044921875,0.81982421875,0,0.015625,0.03515625,0.03515625,5.510045691571613e-40,2.3877102884215926e-39,5.563445252411332e-38,473,42705439,1012.828369140625,31.739999771118164,3.509000301361084,474,42752535,257282434,-802947641,-28.742000579833984,0.12300000339746475,136.55123901367188,11,474
42792451,42756467,0.5435791015625,0.14764404296875,0.10321044921875,0.81982421875,3,-0.0625,0.11328125,-0.04296875,5.510045691571613e-40,2.3877102884215926e-39,5.563445252411332e-38,474,42757532,1012.821044921875,31.739999771118164,3.572416067123413,475,42792448,257282434,-802947640,-28.72599983215332,0.12200000137090683,136.55123901367188,11,475
42842605,42794271,0.5435791015625,0.14764404296875,0.10321044921875,0.81982421875,3,-0.1015625,-0.0390625,-0.01171875,5.510045691571613e-40,2.3877102884215926e-39,5.563445252411332e-38,475,42795337,1012.810546875,31.75,3.656970262527466,476,42842602,257282435,-802947640,-28.670000076293945,0.11500000208616257,136.55123901367188,11,476
42894060,42846587,0.5435791015625,0.14764404296875,0.10321044921875,0.81982421875,3,0.0,-0.1171875,0.05078125,5.510045691571613e-40,2.3877102884215926e-39,5.563445252411332e-38,476,42847652,1012.86181640625,31.75,3.234199047088623,477,42894057,257282435,-802947639,-28.60700035095215,0.11400000005960464,136.55123901367188,11,477
42947832,42899164,0.5435791015625,0.14764404296875,0.10321044921875,0.81982421875,0,0.0,-0.1171875,0.05078125,nan,2.2959000156359592e-39,5.663960951776737e-38,477,42900230,1012.83056640625,31.739999771118164,3.4931464195251465,478,42947829,257282436,-802947640,-28.575000762939453,0.10199999809265137,136.55123901367188,11,478
42994060,42951664,0.5435791015625,0.14764404296875,0.10321044921875,0.81982421875,0,0.0,-0.1171875,0.05078125,nan,2.2958930091436376e-39,5.703041484388599e-38,478,42952730,1012.85302734375,31.75,3.3028993606567383,479,42994057,257282437,-802947640,-28.54800033569336,0.07100000232458115,136.55123901367188,11,479
43046187,43004140,0.54425048828125,0.1468505859375,0.1033935546875,0.8194580078125,0,0.0,-0.1171875,0.05078125,nan,2.2958930091436376e-39,5.703041484388599e-38,479,43005206,1012.85302734375,31.75,3.3028993606567383,480,43046185,257282440,-802947642,-28.516000747680664,0.02500000037252903,136.55123901367188,11,480
43094060,43057665,0.54425048828125,0.1468505859375,0.1033935546875,0.8194580078125,3,-0.0859375,0.06640625,0.04296875,nan,2.2958930091436376e-39,5.703041484388599e-38,480,43058730,1012.830322265625,31.75,3.4931464195251465,481,43094057,257282442,-802947644,-28.479999542236328,0.0729999989271164,136.55123901367188,11,481
43144130,43096164,0.54425048828125,0.1468505859375,0.1033935546875,0.8194580078125,0,-0.0859375,0.06640625,0.04296875,1.8366818971905377e-40,2.3877130910185212e-39,5.794600083970039e-38,481,43097230,1012.82568359375,31.75,3.535423517227173,482,43144127,257282442,-802947645,-28.454999923706055,0.07199999690055847,136.55123901367188,11,482
43197847,43149480,0.54425048828125,0.1468505859375,0.1033935546875,0.8194580078125,0,-0.0859375,0.06640625,0.04296875,4.591704742976344e-40,2.2958958117405662e-39,5.820779702399941e-38,482,43150545,1012.844482421875,31.75,3.3768844604492188,483,43197844,257282445,-802947646,-28.43199920654297,0.05999999865889549,136.55123901367188,11,483
43245062,43203336,0.54425048828125,0.1468505859375,0.1033935546875,0.8194580078125,3,0.046875,-0.01171875,-0.00390625,4.591704742976344e-40,2.2958958117405662e-39,5.820779702399941e-38,483,43204401,1012.825927734375,31.760000228881836,3.5301389694213867,484,43245059,257282445,-802947646,-28.413000106811523,0.054999999701976776,136.55123901367188,11,484
43292546,43256480,0.54425048828125,0.1468505859375,0.1033935546875,0.8194580078125,3,0.0625,-0.01953125,0.07421875,4.591704742976344e-40,2.2958958117405662e-39,5.820779702399941e-38,484,43257546,1012.844970703125,31.75,3.3715996742248535,485,43292543,257282447,-802947646,-28.385000228881836,0.07199999690055847,136.55123901367188,11,485
43343089,43295349,0.54425048828125,0.1468505859375,0.1033935546875,0.8194580078125,0,0.0625,-0.01953125,0.07421875,nan,2.3877018806308066e-39,5.902219806030185e-38,485,43296415,1012.82421875,31.75,3.545992851257324,486,43343086,257282449,-802947646,-28.344999313354492,0.07500000298023224,136.55123901367188,11,486
43396080,43348480,0.54425048828125,0.1468505859375,0.1033935546875,0.8194580078125,3,0.0234375,0.05859375,0.04296875,nan,2.3877018806308066e-39,5.902219806030185e-38,486,43349545,1012.849853515625,31.760000228881836,3.329322576522827,487,43396077,257282451,-802947647,-28.308000564575195,0.0949999988079071,136.55123901367188,11,487
43443112,43401373,0.54425048828125,0.1468505859375,0.1033935546875,0.8194580078125,0,0.0234375,0.05859375,0.04296875,1.3775422514591184e-39,2.2958888052482446e-39,5.953318434791483e-38,487,43402439,1012.845703125,31.75,3.3663151264190674,488,43443109,257282451,-802947648,-28.291000366210938,0.09799999743700027,136.55123901367188,11,488
43496060,43454456,0.544921875,0.1458740234375,0.1044921875,0.81903076171875,0,0.0234375,0.05859375,0.04296875,1.3775422514591184e-39,2.2958888052482446e-39,5.953318434791483e-38,488,43455521,1012.858642578125,31.75,3.260622262954712,489,43496057,257282451,-802947649,-28.277000427246094,0.1080000028014183,136.55123901367188,11,489
43595605,43559402,0.544921875,0.1458740234375,0.1044921875,0.81903076171875,3,0.10546875,0.05859375,0.03515625,1.3775422514591184e-39,2.2958888052482446e-39,5.953318434791483e-38,489,43560468,1012.84521484375,31.75,3.3715996742248535,490,43595602,257282455,-802947650,-28.267000198364258,0.14399999380111694,136.55123901367188,11,490
43647877,43599456,0.544677734375,0.1458740234375,0.10455322265625,0.8192138671875,0,0.10546875,0.05859375,0.03515625,1.3775422514591184e-39,2.2958888052482446e-39,5.953318434791483e-38,490,43600521,1012.827392578125,31.760000228881836,3.5195696353912354,491,43647875,257282456,-802947650,-28.268999099731445,0.15600000321865082,136.55123901367188,11,491
43694060,43652349,0.5443115234375,0.146240234375,0.1046142578125,0.81939697265625,0,0.10546875,0.05859375,0.03515625,1.3775422514591184e-39,2.2958888052482446e-39,5.953318434791483e-38,491,43653414,1012.859619140625,31.760000228881836,3.2500529289245605,492,43694057,257282459,-802947652,-28.24799919128418,0.16599999368190765,136.55123901367188,11,492
43747837,43705504,0.5443115234375,0.146240234375,0.1046142578125,0.81939697265625,3,0.015625,-0.01953125,-0.00390625,1.3775422514591184e-39,2.2958888052482446e-39,5.953318434791483e-38,492,43706570,1012.8505859375,31.760000228881836,3.324038028717041,493,43747834,257282459,-802947650,-28.246000289916992,0.1469999998807907,136.55123901367188,11,493
43795060,43759271,0.5443115234375,0.146240234375,0.1046142578125,0.81939697265625,3,0.015625,0.01953125,-0.00390625,1.3775422514591184e-39,2.2958888052482446e-39,5.953318434791483e-38,493,43760337,1012.834228515625,31.760000228881836,3.4614386558532715,494,43795057,257282458,-802947646,-28.2450008392334,0.125,136.55123901367188,11,494
43851060,43797480,0.5443115234375,0.146240234375,0.1046142578125,0.81939697265625,0,0.015625,0.01953125,-0.00390625,nan,2.295890206546709e-39,6.193136653976032e-38,494,43798546,1012.829833984375,31.760000228881836,3.4984309673309326,495,43851057,257282454,-802947645,-28.26099967956543,0.04399999976158142,136.55123901367188,11,495
43895320,43853063,0.5443115234375,0.146240234375,0.1046142578125,0.81939697265625,3,0.0078125,-0.01953125,0.07421875,nan,2.295890206546709e-39,6.193136653976032e-38,495,43854128,1012.8349609375,31.760000228881836,3.4561538696289062,496,43895317,257282455,-802947644,-28.23900032043457,0.05999999865889549,136.55123901367188,11,496
43942114,43905767,0.5443115234375,0.146240234375,0.1046142578125,0.81939697265625,0,0.0078125,-0.01953125,0.07421875,7.346867718608583e-40,2.295912627322138e-39,6.236037686721029e-38,496,43906832,1012.812744140625,31.760000228881836,3.6411163806915283,497,43942111,257282456,-802947643,-28.224000930786133,0.09000000357627869,136.55123901367188,11,497
43998234,43944087,0.5443115234375,0.146240234375,0.1046142578125,0.81939697265625,3,-0.046875,0.02734375,0.03515625,7.346867718608583e-40,2.295912627322138e-39,6.236037686721029e-38,497,43945152,1012.820068359375,31.760000228881836,3.577700614929199,498,43998231,257282458,-802947645,-28.216999053955078,0.06800000369548798,136.55123901367188,11,498
44042102,44000271,0.5443115234375,0.146240234375,0.1046142578125,0.81939697265625,3,-0.0078125,0.07421875,0.03515625,7.346867718608583e-40,2.295912627322138e-39,6.236037686721029e-38,498,44001337,1012.833251953125,31.75,3.472007989883423,499,44042099,257282457,-802947645,-28.20599937438965,0.03400000184774399,136.55123901367188,11,499
44095467,44053582,0.5443115234375,0.146240234375,0.1046142578125,0.81939697265625,0,-0.0078125,0.07421875,0.03515625,7.006492321624085e-45,2.3877088871231283e-39,6.320215367031178e-38,499,44054647,1012.84375,31.760000228881836,3.382169008255005,500,44095464,257282462,-802947647,-28.18199920654297,0.07599999755620956,136.55123901367188,11,500
44142878,44106165,0.5443115234375,0.146240234375,0.1046142578125,0.81939697265625,0,-0.0078125,0.07421875,0.03515625,4.591760794914917e-40,2.2958916078451733e-39,6.352878513195818e-38,500,44107230,1012.838623046875,31.760000228881836,3.4244461059570312,501,44142875,257282464,-802947647,-28.15999984741211,0.11699999868869781,136.55123901367188,11,501
44194060,44145689,0.5443115234375,0.146240234375,0.1046142578125,0.81939697265625,0,-0.0078125,0.07421875,0.03515625,4.59185888580742e-40,2.38771589361545e-39,6.387936198176296e-38,501,44146754,1012.811279296875,31.760000228881836,3.6516857147216797,502,44194057,257282465,-802947646,-28.145999908447266,0.10199999809265137,136.55123901367188,11,502
44246060,44198140,0.54437255859375,0.14581298828125,0.1044921875,0.8194580078125,0,-0.0078125,0.07421875,0.03515625,4.59185888580742e-40,2.38771589361545e-39,6.387936198176296e-38,502,44199206,1012.825927734375,31.760000228881836,3.5301389694213867,503,44246057,257282466,-802947646,-28.115999221801758,0.08500000089406967,136.55123901367188,11,503
44294060,44251713,0.54437255859375,0.14581298828125,0.1044921875,0.8194580078125,3,0.046875,-0.01171875,-0.04296875,4.59185888580742e-40,2.38771589361545e-39,6.387936198176296e-38,503,44252778,1012.856689453125,31.760000228881836,3.2764761447906494,504,44294057,257282463,-802947644,-28.114999771118164,0.06499999761581421,136.55123901367188,11,504
44347895,44305141,0.5443115234375,0.1458740234375,0.10504150390625,0.81939697265625,0,0.046875,-0.01171875,-0.04296875,4.59185888580742e-40,2.38771589361545e-39,6.387936198176296e-38,504,44306206,1012.84716796875,31.760000228881836,3.355745792388916,505,44347892,257282464,-802947644,-28.11199951171875,0.06700000166893005,136.55123901367188,11,505
44395464,44358689,0.5443115234375,0.1458740234375,0.10504150390625,0.81939697265625,0,0.046875,-0.01171875,-0.04296875,nan,2.295894410442102e-39,6.502268139880558e-38,505,44359754,1012.86474609375,31.760000228881836,3.207775831222534,506,44395461,257282464,-802947644,-28.125999450683594,0.04600000008940697,136.55123901367188,11,506
44445463,44397127,0.5443115234375,0.1458740234375,0.10504150390625,0.81939697265625,3,-0.03125,-0.09375,0.07421875,nan,2.295894410442102e-39,6.502268139880558e-38,506,44398193,1012.84423828125,31.760000228881836,3.3768844604492188,507,44445460,257282461,-802947642,-28.13800048828125,0.02500000037252903,136.55123901367188,11,507
44493193,44450689,0.5443115234375,0.1458740234375,0.10504150390625,0.81939697265625,0,-0.03125,-0.09375,0.07421875,nan,2.2958916078451733e-39,6.550217770732825e-38,507,44451754,1012.832275390625,31.760000228881836,3.477292537689209,508,44493191,257282460,-802947642,-28.142000198364258,0.029999999329447746,136.55123901367188,11,508
44546137,44504165,0.5443115234375,0.1458740234375,0.10504150390625,0.81939697265625,0,-0.03125,-0.09375,0.07421875,nan,2.295890206546709e-39,6.568715470981298e-38,508,44505230,1012.878662109375,31.770000457763672,3.0915138721466064,509,44546134,257282460,-802947642,-28.150999069213867,0.04100000113248825,136.55123901367188,11,509
44647728,44610665,0.544189453125,0.1455078125,0.1046142578125,0.819580078125,0,-0.03125,-0.09375,0.07421875,nan,2.295890206546709e-39,6.568715470981298e-38,509,44611730,1012.84033203125,31.770000457763672,3.4085922241210938,510,44647725,257282466,-802947645,-28.121000289916992,0.04699999839067459,136.55123901367188,11,510
44698253,44650141,0.5443115234375,0.1451416015625,0.10382080078125,0.8197021484375,0,-0.03125,-0.09375,0.07421875,nan,2.295890206546709e-39,6.568715470981298e-38,510,44651206,1012.858642578125,31.760000228881836,3.260622262954712,511,44698250,257282470,-802947646,-28.083999633789062,0.07400000095367432,136.55123901367188,11,511
44746060,44703665,0.54449462890625,0.14495849609375,0.10418701171875,0.819580078125,0,-0.03125,-0.09375,0.07421875,nan,2.295890206546709e-39,6.568715470981298e-38,511,44704730,1012.84814453125,31.770000457763672,3.3451764583587646,512,44746057,257282471,-802947647,-28.04599952697754,0.08799999952316284,136.55123901367188,11,512
44792642,44756165,0.54449462890625,0.14495849609375,0.10418701171875,0.819580078125,0,-0.03125,-0.09375,0.07421875,nan,2.38771589361545e-39,6.710658597626616e-38,512,44757230,1012.78369140625,31.770000457763672,3.884209632873535,513,44792639,257282472,-802947647,-28.024999618530273,0.08500000089406967,136.55123901367188,11,513
44850893,44795664,0.54449462890625,0.14495849609375,0.10418701171875,0.819580078125,3,-0.0390625,-0.01171875,0.03515625,nan,2.38771589361545e-39,6.710658597626616e-38,513,44796730,1012.832275390625,31.770000457763672,3.477292537689209,514,44850890,257282474,-802947648,-28.025999069213867,0.1080000028014183,136.55123901367188,11,514
44901065,44853140,0.54461669921875,0.14556884765625,0.10528564453125,0.8192138671875,0,-0.0390625,-0.01171875,0.03515625,nan,2.38771589361545e-39,6.710658597626616e-38,514,44854206,1012.849365234375,31.770000457763672,3.3346073627471924,515,44901062,257282476,-802947650,-28.031999588012695,0.1459999978542328,136.55123901367188,11,515
44943168,44906713,0.54461669921875,0.14556884765625,0.10528564453125,0.8192138671875,3,0.0,0.07421875,0.01171875,nan,2.38771589361545e-39,6.710658597626616e-38,515,44907778,1012.8671875,31.770000457763672,3.1866374015808105,516,44943165,257282480,-802947653,-27.99799919128418,0.19699999690055847,136.55123901367188,11,516
44994176,44946141,0.54425048828125,0.1463623046875,0.10614013671875,0.8192138671875,0,0.0,0.07421875,0.01171875,nan,2.38771589361545e-39,6.710658597626616e-38,516,44947206,1012.86083984375,31.780000686645508,3.2394838333129883,517,44994173,257282483,-802947654,-27.97800064086914,0.22100000083446503,136.55123901367188,11,517
45047912,44999271,0.54425048828125,0.1463623046875,0.10614013671875,0.8192138671875,3,0.0703125,-0.09375,0.08984375,nan,2.38771589361545e-39,6.710658597626616e-38,517,45000337,1012.80810546875,31.770000457763672,3.6781086921691895,518,45047909,257282483,-802947654,-27.9689998626709,0.19499999284744263,136.55123901367188,11,518
45094060,45051582,0.54425048828125,0.1463623046875,0.10614013671875,0.8192138671875,0,0.0703125,-0.09375,0.08984375,1.8367940010676837e-40,2.387707485824664e-39,6.882154548365159e-38,518,45052647,1012.8212890625,31.770000457763672,3.572416067123413,519,45094057,257282483,-802947653,-27.96500015258789,0.17499999701976776,136.55123901367188,11,519
45146060,45104164,0.54425048828125,0.1463623046875,0.10614013671875,0.8192138671875,0,0.0703125,-0.09375,0.08984375,1.3775310410714038e-39,2.3877214988093072e-39,6.906460911007951e-38,519,45105230,1012.823974609375,31.770000457763672,3.545992851257324,520,45146057,257282484,-802947652,-27.947999954223633,0.1509999930858612,136.55123901367188,11,520
45194069,45157689,0.54425048828125,0.1463623046875,0.10614013671875,0.8192138671875,0,0.0703125,-0.09375,0.08984375,7.3469377835318e-40,2.2958888052482446e-39,6.950146110373584e-38,520,45158755,1012.846923828125,31.780000686645508,3.355745792388916,521,45194066,257282485,-802947651,-27.937000274658203,0.15399999916553497,136.55123901367188,11,521
45244094,45196087,0.54425048828125,0.1463623046875,0.10614013671875,0.8192138671875,3,0.0078125,-0.04296875,0.02734375,7.3469377835318e-40,2.2958888052482446e-39,6.950146110373584e-38,521,45197152,1012.8525390625,31.770000457763672,3.3081841468811035,522,45244091,257282485,-802947651,-27.93400001525879,0.13899999856948853,136.55123901367188,11,522
45297789,45249271,0.54425048828125,0.1463623046875,0.10614013671875,0.8192138671875,3,0.0078125,0.02734375,0.02734375,7.3469377835318e-40,2.2958888052482446e-39,6.950146110373584e-38,522,45250337,1012.8603515625,31.770000457763672,3.2447683811187744,523,45297787,257282486,-802947649,-27.929000854492188,0.1509999930858612,136.55123901367188,11,523
45345492,45302582,0.54425048828125,0.1463623046875,0.10614013671875,0.8192138671875,0,0.0078125,0.02734375,0.02734375,nan,2.2958888052482446e-39,7.021959293553917e-38,523,45303647,1012.8408203125,31.770000457763672,3.4085922241210938,524,45345489,257282488,-802947650,-27.888999938964844,0.11699999868869781,136.55123901367188,11,524
45397831,45355272,0.54425048828125,0.1463623046875,0.10614013671875,0.8192138671875,3,-0.0390625,-0.05859375,0.11328125,nan,2.2958888052482446e-39,7.021959293553917e-38,524,45356337,1012.844970703125,31.780000686645508,3.3715996742248535,525,45397828,257282490,-802947650,-27.850000381469727,0.12300000339746475,136.55123901367188,11,525
45444060,45408480,0.54425048828125,0.1463623046875,0.10614013671875,0.8192138671875,0,-0.0390625,-0.05859375,0.11328125,5.510101743510186e-40,2.2958874039497803e-39,7.088294520777511e-38,525,45409545,1012.84375,31.770000457763672,3.382169008255005,526,45444057,257282489,-802947648,-27.854999542236328,0.09600000083446503,136.55123901367188,11,526
45494060,45446271,0.54425048828125,0.1463623046875,0.10614013671875,0.8192138671875,3,0.08203125,0.05859375,-0.05859375,5.510101743510186e-40,2.2958874039497803e-39,7.088294520777511e-38,526,45447337,1012.845703125,31.780000686645508,3.3663151264190674,527,45494057,257282486,-802947644,-27.875,0.0820000022649765,136.55123901367188,11,527
45547861,45499480,0.54425048828125,0.1463623046875,0.10614013671875,0.8192138671875,3,-0.078125,0.03515625,-0.01953125,5.510101743510186e-40,2.2958874039497803e-39,7.088294520777511e-38,527,45500545,1012.82861328125,31.780000686645508,3.509000301361084,528,45547858,257282485,-802947643,-27.854999542236328,0.06300000101327896,136.55123901367188,11,528
45644151,45614373,0.54425048828125,0.1463623046875,0.10614013671875,0.8192138671875,0,-0.078125,0.03515625,-0.01953125,nan,2.2959000156359592e-39,7.159303919158707e-38,528,45615439,1012.8154296875,31.770000457763672,3.6199777126312256,529,45644148,257282486,-802947644,-27.849000930786133,0.017999999225139618,136.55123901367188,11,529
45694196,45646480,0.54425048828125,0.1463623046875,0.10614013671875,0.8192138671875,3,0.0,0.05859375,-0.01171875,nan,2.2959000156359592e-39,7.159303919158707e-38,529,45647546,1012.873291015625,31.780000686645508,3.133790969848633,530,45694193,257282485,-802947643,-27.874000549316406,0.052000001072883606,136.55123901367188,11,530
45747772,45699373,0.54425048828125,0.1463623046875,0.10614013671875,0.8192138671875,0,0.0,0.05859375,-0.01171875,1.836527754359462e-40,2.2958958117405662e-39,7.253641573854596e-38,530,45700439,1012.8291015625,31.780000686645508,3.503715753555298,531,45747770,257282483,-802947641,-27.878000259399414,0.0729999989271164,136.55123901367188,11,531
45794134,45752480,0.54425048828125,0.1463623046875,0.10614013671875,0.8192138671875,0,0.0,0.05859375,-0.01171875,nan,2.2958916078451733e-39,7.27113762596077e-38,531,45753545,1012.81396484375,31.780000686645508,3.630547046661377,532,45794131,257282483,-802947641,-27.8439998626709,0.06499999761581421,136.55123901367188,11,532
45847935,45805349,0.54327392578125,0.14764404296875,0.10821533203125,0.8193359375,0,0.0,0.05859375,-0.01171875,nan,2.2958916078451733e-39,7.27113762596077e-38,532,45806415,1012.84130859375,31.780000686645508,3.4033076763153076,533,45847932,257282485,-802947641,-27.812000274658203,0.052000001072883606,136.55123901367188,11,533
45893060,45857480,0.54327392578125,0.14764404296875,0.10821533203125,0.8193359375,3,-0.0078125,-0.05078125,0.21875,nan,2.2958916078451733e-39,7.27113762596077e-38,533,45858545,1012.8447265625,31.780000686645508,3.3715996742248535,534,45893057,257282486,-802947642,-27.802000045776367,0.03099999949336052,136.55123901367188,11,534
45943060,45895271,0.54327392578125,0.14764404296875,0.10821533203125,0.8193359375,3,0.03125,0.09375,-0.05859375,nan,2.2958916078451733e-39,7.27113762596077e-38,534,45896337,1012.82958984375,31.780000686645508,3.4984309673309326,535,45943057,257282489,-802947643,-27.78700065612793,0.03099999949336052,136.55123901367188,11,535
45996157,45948456,0.5428466796875,0.14837646484375,0.1090087890625,0.81939697265625,0,0.03125,0.09375,-0.05859375,nan,2.2958916078451733e-39,7.27113762596077e-38,535,45949521,1012.863037109375,31.790000915527344,3.223629951477051,536,45996154,257282491,-802947644,-27.77899932861328,0.03400000184774399,136.55123901367188,11,536
46042517,46000374,0.5428466796875,0.14837646484375,0.1090087890625,0.81939697265625,0,0.03125,0.09375,-0.05859375,4.9591252003223114e-39,2.3877186962123785e-39,7.410962549847415e-38,536,46001439,1012.843505859375,31.790000915527344,3.382169008255005,537,46042514,257282492,-802947645,-27.78700065612793,0.05299999937415123,136.55123901367188,11,537
46094083,46052480,0.5428466796875,0.14837646484375,0.1090087890625,0.81939697265625,0,0.03125,0.09375,-0.05859375,2.7550746938289866e-39,2.3876920715415564e-39,7.450097452839693e-38,537,46053545,1012.824462890625,31.780000686645508,3.540708065032959,538,46094080,257282493,-802947645,-27.801000595092773,0.04800000041723251,136.55123901367188,11,538
46147842,46105271,0.5428466796875,0.14837646484375,0.1090087890625,0.81939697265625,3,0.03125,0.00390625,0.06640625,2.7550746938289866e-39,2.3876920715415564e-39,7.450097452839693e-38,538,46106337,1012.8544921875,31.780000686645508,3.292330026626587,539,46147839,257282493,-802947644,-27.801000595092773,0.0430000014603138,136.55123901367188,11,539
46193060,46157480,0.5428466796875,0.14837646484375,0.1090087890625,0.81939697265625,0,0.03125,0.00390625,0.06640625,9.183689745645554e-41,2.2958888052482446e-39,7.508393150513762e-38,539,46158545,1012.824951171875,31.780000686645508,3.540708065032959,540,46193057,257282495,-802947645,-27.753999710083008,0.05000000074505806,136.55123901367188,11,540
46244141,46196272,0.5428466796875,0.14837646484375,0.1090087890625,0.81939697265625,3,-0.078125,-0.00390625,-0.01171875,9.183689745645554e-41,2.2958888052482446e-39,7.508393150513762e-38,540,46197337,1012.83056640625,31.780000686645508,3.4931464195251465,541,46244138,257282497,-802947645,-27.71299934387207,0.04100000113248825,136.55123901367188,11,541
46297820,46249456,0.54351806640625,0.14788818359375,0.10882568359375,0.819091796875,0,-0.078125,-0.00390625,-0.01171875,9.183689745645554e-41,2.2958888052482446e-39,7.508393150513762e-38,541,46250521,1012.84228515625,31.780000686645508,3.3927383422851562,542,46297818,257282498,-802947645,-27.677000045776367,0.02800000086426735,136.55123901367188,11,542
46343060,46301360,0.54351806640625,0.14788818359375,0.10882568359375,0.819091796875,0,-0.078125,-0.00390625,-0.01171875,1.1020133422097156e-39,2.295890206546709e-39,7.577250154453755e-38,542,46302426,1012.82373046875,31.790000915527344,3.5512773990631104,543,46343057,257282500,-802947644,-27.625999450683594,0.019999999552965164,136.55123901367188,11,543
46396060,46354480,0.54351806640625,0.14788818359375,0.10882568359375,0.819091796875,3,0.046875,0.02734375,0.03515625,1.1020133422097156e-39,2.295890206546709e-39,7.577250154453755e-38,543,46355545,1012.830322265625,31.790000915527344,3.4931464195251465,544,46396057,257282502,-802947645,-27.559999465942383,0.02800000086426735,136.55123901367188,11,544
46443180,46407272,0.5435791015625,0.1474609375,0.108642578125,0.81915283203125,0,0.046875,0.02734375,0.03515625,1.1020133422097156e-39,2.295890206546709e-39,7.577250154453755e-38,544,46408337,1012.857421875,31.780000686645508,3.265907049179077,545,46443177,257282503,-802947643,-27.545000076293945,0.026000000536441803,136.55123901367188,11,545
46493103,46445480,0.5435791015625,0.1474609375,0.108642578125,0.81915283203125,3,0.015625,0.04296875,-0.01171875,1.1020133422097156e-39,2.295890206546709e-39,7.577250154453755e-38,545,46446546,1012.828857421875,31.780000686645508,3.509000301361084,546,46493100,257282501,-802947640,-27.527000427246094,0.04699999839067459,136.55123901367188,11,546
46547969,46499349,0.5435791015625,0.1474609375,0.108642578125,0.81915283203125,0,0.015625,0.04296875,-0.01171875,1.561204835984315e-39,2.2958874039497803e-39,7.697633463446357e-38,546,46500415,1012.83837890625,31.790000915527344,3.4297306537628174,547,46547966,257282503,-802947641,-27.48900032043457,0.03500000014901161,136.55123901367188,11,547
46594096,46552438,0.5435791015625,0.1474609375,0.108642578125,0.81915283203125,0,0.015625,0.04296875,-0.01171875,1.9285552284070657e-39,2.38771589361545e-39,7.719344060813834e-38,547,46553503,1012.83642578125,31.790000915527344,3.445584774017334,548,46594093,257282505,-802947642,-27.440000534057617,0.03700000047683716,136.55123901367188,11,548
46693073,46657402,0.5435791015625,0.1474609375,0.108642578125,0.81915283203125,3,-0.03125,-0.06640625,0.02734375,1.9285552284070657e-39,2.38771589361545e-39,7.719344060813834e-38,548,46658468,1012.84716796875,31.799999237060547,3.355745792388916,549,46693070,257282510,-802947643,-27.3439998626709,0.05000000074505806,136.55123901367188,11,549
46749419,46695456,0.54412841796875,0.1470947265625,0.10809326171875,0.81890869140625,0,-0.03125,-0.06640625,0.02734375,1.9285552284070657e-39,2.38771589361545e-39,7.719344060813834e-38,549,46696521,1012.84814453125,31.790000915527344,3.3451764583587646,550,46749416,257282512,-802947643,-27.31999969482422,0.017000000923871994,136.55123901367188,11,550
46793060,46751063,0.54412841796875,0.1470947265625,0.10809326171875,0.81890869140625,3,-0.03125,-0.10546875,0.06640625,1.9285552284070657e-39,2.38771589361545e-39,7.719344060813834e-38,550,46752128,1012.80810546875,31.790000915527344,3.6781086921691895,551,46793057,257282513,-802947643,-27.30900001525879,0.03500000014901161,136.55123901367188,11,551
46852586,46803767,0.54412841796875,0.1470947265625,0.10809326171875,0.81890869140625,0,-0.03125,-0.10546875,0.06640625,1.653030523053056e-39,2.3877214988093072e-39,7.860343272813583e-38,551,46804832,1012.813720703125,31.790000915527344,3.630547046661377,552,46852583,257282515,-802947644,-27.281999588012695,0.05700000002980232,136.55123901367188,11,552
46898202,46856087,0.54412841796875,0.1470947265625,0.10809326171875,0.81890869140625,3,0.046875,-0.01953125,0.10546875,1.653030523053056e-39,2.3877214988093072e-39,7.860343272813583e-38,552,46857152,1012.8154296875,31.790000915527344,3.6199777126312256,553,46898199,257282515,-802947644,-27.24799919128418,0.04899999871850014,136.55123901367188,11,553
46945529,46908689,0.54412841796875,0.1470947265625,0.10809326171875,0.81890869140625,0,0.046875,-0.01953125,0.10546875,2.4795836196381206e-39,2.387711689720057e-39,7.932458015423438e-38,553,46909754,1012.860595703125,31.799999237060547,3.2447683811187744,554,46945526,257282520,-802947645,-27.19099998474121,0.11100000143051147,136.55123901367188,11,554
46996060,46948087,0.54412841796875,0.1470947265625,0.10809326171875,0.81890869140625,3,0.08984375,0.01953125,0.02734375,2.4795836196381206e-39,2.387711689720057e-39,7.932458015423438e-38,554,46949152,1012.83642578125,31.799999237060547,3.445584774017334,555,46996057,257282524,-802947647,-27.1560001373291,0.14000000059604645,136.55123901367188,11,555
47043074,47001520,0.54412841796875,0.1470947265625,0.10809326171875,0.81890869140625,3,-0.0625,-0.06640625,-0.01171875,2.4795836196381206e-39,2.387711689720057e-39,7.932458015423438e-38,555,47002586,1012.8359375,31.790000915527344,3.445584774017334,556,47043071,257282527,-802947649,-27.113000869750977,0.1599999964237213,136.55123901367188,11,556
47096071,47054296,0.54412841796875,0.1470947265625,0.10809326171875,0.81890869140625,3,0.08984375,0.05859375,0.07421875,2.4795836196381206e-39,2.387711689720057e-39,7.932458015423438e-38,556,47055361,1012.843505859375,31.790000915527344,3.382169008255005,557,47096068,257282533,-802947650,-27.045000076293945,0.20399999618530273,136.55123901367188,11,557
47143060,47107456,0.54425048828125,0.14642333984375,0.10809326171875,0.8189697265625,0,0.08984375,0.05859375,0.07421875,2.4795836196381206e-39,2.387711689720057e-39,7.932458015423438e-38,557,47108521,1012.834716796875,31.799999237060547,3.4561538696289062,558,47143057,257282540,-802947653,-26.961999893188477,0.2540000081062317,136.55123901367188,11,558
47193114,47145402,0.54425048828125,0.14642333984375,0.10809326171875,0.8189697265625,3,-0.015625,0.05859375,-0.05078125,2.4795836196381206e-39,2.387711689720057e-39,7.932458015423438e-38,558,47146468,1012.841064453125,31.799999237060547,3.4033076763153076,559,47193111,257282541,-802947651,-26.91699981689453,0.22300000488758087,136.55123901367188,11,559
47246060,47198456,0.5445556640625,0.1458740234375,0.1080322265625,0.81884765625,0,-0.015625,0.05859375,-0.05078125,2.4795836196381206e-39,2.387711689720057e-39,7.932458015423438e-38,559,47199521,1012.80859375,31.799999237060547,3.6728241443634033,560,47246057,257282543,-802947653,-26.89900016784668,0.25,136.55123901367188,11,560
47293082,47251373,0.5445556640625,0.1458740234375,0.1080322265625,0.81884765625,0,-0.015625,0.05859375,-0.05078125,9.183451524906618e-40,2.2958930091436376e-39,8.111560774745722e-38,560,47252439,1012.8583984375,31.799999237060547,3.260622262954712,561,47293079,257282544,-802947653,-26.834999084472656,0.21299999952316284,136.55123901367188,11,561
47346091,47303480,0.5445556640625,0.1458740234375,0.1080322265625,0.81884765625,3,0.0546875,0.05078125,0.06640625,9.183451524906618e-40,2.2958930091436376e-39,8.111560774745722e-38,561,47304545,1012.828369140625,31.790000915527344,3.509000301361084,562,47346088,257282546,-802947652,-26.79199981689453,0.19200000166893005,136.55123901367188,11,562
47392557,47356271,0.5445556640625,0.1458740234375,0.1080322265625,0.81884765625,3,-0.0625,-0.09765625,0.02734375,9.183451524906618e-40,2.2958930091436376e-39,8.111560774745722e-38,562,47357337,1012.831298828125,31.799999237060547,3.4878618717193604,563,47392554,257282551,-802947653,-26.73699951171875,0.22699999809265137,136.55123901367188,11,563
47442932,47394480,0.5445556640625,0.1458740234375,0.1080322265625,0.81884765625,3,0.015625,0.02734375,0.10546875,9.183451524906618e-40,2.2958930091436376e-39,8.111560774745722e-38,563,47395546,1012.814208984375,31.799999237060547,3.630547046661377,564,47442929,257282556,-802947652,-26.617000579833984,0.21400000154972076,136.55123901367188,11,564
47495160,47447272,0.5445556640625,0.1458740234375,0.1080322265625,0.81884765625,3,-0.0234375,0.02734375,-0.05859375,9.183451524906618e-40,2.2958930091436376e-39,8.111560774745722e-38,564,47448337,1012.857177734375,31.799999237060547,3.2711915969848633,565,47495157,257282559,-802947652,-26.56999969482422,0.19599999487400055,136.55123901367188,11,565
47543060,47500558,0.54486083984375,0.1461181640625,0.1075439453125,0.81866455078125,0,-0.0234375,0.02734375,-0.05859375,9.183451524906618e-40,2.2958930091436376e-39,8.111560774745722e-38,565,47501623,1012.822021484375,31.799999237060547,3.5618467330932617,566,47543057,257282563,-802947654,-26.530000686645508,0.22499999403953552,136.55123901367188,11,566
47594144,47552271,0.54486083984375,0.1461181640625,0.1075439453125,0.81866455078125,3,-0.0703125,-0.08984375,-0.01953125,9.183451524906618e-40,2.2958930091436376e-39,8.111560774745722e-38,566,47553337,1012.840087890625,31.790000915527344,3.41387677192688,567,47594141,257282568,-802947655,-26.433000564575195,0.24699999392032623,136.55123901367188,11,567
47646060,47604480,0.54486083984375,0.1461181640625,0.1075439453125,0.81866455078125,3,0.0078125,-0.08984375,0.125,9.183451524906618e-40,2.2958930091436376e-39,8.111560774745722e-38,567,47605546,1012.854248046875,31.799999237060547,3.297614812850952,568,47646057,257282569,-802947654,-26.347000122070312,0.20499999821186066,136.55123901367188,11,568
47751060,47709272,0.54486083984375,0.14605712890625,0.10760498046875,0.81866455078125,0,0.0078125,-0.08984375,0.125,9.183451524906618e-40,2.2958930091436376e-39,8.111560774745722e-38,568,47710337,1012.853759765625,31.799999237060547,3.297614812850952,569,47751057,257282574,-802947651,-26.17799949645996,0.14800000190734863,136.55123901367188,11,569
47798050,47761480,0.54486083984375,0.14605712890625,0.10760498046875,0.81866455078125,0,0.0078125,-0.08984375,0.125,1.5611992307904576e-39,2.3877130910185212e-39,8.378303542623808e-38,569,47762545,1012.852783203125,31.790000915527344,3.3081841468811035,570,47798048,257282576,-802947651,-26.121000289916992,0.14300000667572021,136.55123901367188,11,570
47848123,47800349,0.54486083984375,0.14605712890625,0.10760498046875,0.81866455078125,0,0.0078125,-0.08984375,0.125,1.928539814123958e-39,2.3877102884215926e-39,8.427020524515139e-38,570,47801415,1012.8427734375,31.799999237060547,3.3927383422851562,571,47848120,257282580,-802947650,-26.017000198364258,0.12800000607967377,136.55123901367188,11,571
47895108,47853456,0.5447998046875,0.14630126953125,0.10736083984375,0.81866455078125,0,0.0078125,-0.08984375,0.125,1.928539814123958e-39,2.3877102884215926e-39,8.427020524515139e-38,571,47854521,1012.84521484375,31.790000915527344,3.3715996742248535,572,47895105,257282584,-802947652,-25.93400001525879,0.13099999725818634,136.55123901367188,11,572
47948088,47906373,0.5447998046875,0.14630126953125,0.10736083984375,0.81866455078125,0,0.0078125,-0.08984375,0.125,2.5713784781406464e-39,2.295890206546709e-39,8.472114309097112e-38,572,47907439,1012.821533203125,31.799999237060547,3.567131280899048,573,47948085,257282586,-802947652,-25.858999252319336,0.13600000739097595,136.55123901367188,11,573
47994060,47958480,0.5447998046875,0.14630126953125,0.10736083984375,0.81866455078125,0,0.0078125,-0.08984375,0.125,nan,2.2959056208298165e-39,8.52063735128098e-38,573,47959545,1012.829345703125,31.790000915527344,3.503715753555298,574,47994057,257282591,-802947654,-25.81800079345703,0.15700000524520874,136.55123901367188,11,574
48044355,47996349,0.54498291015625,0.1458740234375,0.10601806640625,0.81884765625,0,0.0078125,-0.08984375,0.125,nan,2.2959056208298165e-39,8.52063735128098e-38,574,47997415,1012.80224609375,31.790000915527344,3.725670576095581,575,48044352,257282598,-802947655,-25.7549991607666,0.20499999821186066,136.55123901367188,11,575
48097751,48049414,0.54510498046875,0.14581298828125,0.10626220703125,0.8187255859375,0,0.0078125,-0.08984375,0.125,nan,2.2959056208298165e-39,8.52063735128098e-38,575,48050479,1012.85498046875,31.790000915527344,3.287045478820801,576,48097748,257282607,-802947655,-25.60700035095215,0.2199999988079071,136.55123901367188,11,576
48143060,48101374,0.54510498046875,0.14581298828125,0.10626220703125,0.8187255859375,0,0.0078125,-0.08984375,0.125,nan,2.2958972130390306e-39,8.588621626537391e-38,576,48102439,1012.823486328125,31.780000686645508,3.5512773990631104,577,48143057,257282613,-802947656,-25.492000579833984,0.23000000417232513,136.55123901367188,11,577
48195060,48153480,0.54510498046875,0.14581298828125,0.10626220703125,0.8187255859375,0,0.0078125,-0.08984375,0.125,nan,2.2958888052482446e-39,8.627687585645224e-38,577,48154545,1012.845703125,31.790000915527344,3.3663151264190674,578,48195057,257282613,-802947655,-25.459999084472656,0.20900000631809235,136.55123901367188,11,578
48242556,48206271,0.54510498046875,0.14581298828125,0.10626220703125,0.8187255859375,3,0.046875,-0.01953125,-0.03515625,nan,2.2958888052482446e-39,8.627687585645224e-38,578,48207337,1012.85986328125,31.799999237060547,3.2500529289245605,579,48242553,257282616,-802947655,-25.388999938964844,0.20100000500679016,136.55123901367188,11,579
48293071,48244558,0.54510498046875,0.14581298828125,0.10626220703125,0.8187255859375,0,0.046875,-0.01953125,-0.03515625,2.802596928649634e-45,2.2958958117405662e-39,8.676678100996791e-38,579,48245623,1012.816650390625,31.790000915527344,3.609408378601074,580,48293069,257282618,-802947656,-25.395999908447266,0.2160000056028366,136.55123901367188,11,580
48345067,48297296,0.54510498046875,0.14581298828125,0.10626220703125,0.8187255859375,3,0.12109375,-0.01953125,-0.109375,2.802596928649634e-45,2.2958958117405662e-39,8.676678100996791e-38,580,48298361,1012.83154296875,31.790000915527344,3.482577085494995,581,48345064,257282617,-802947655,-25.399999618530273,0.21699999272823334,136.55123901367188,11,581
48393109,48350545,0.54510498046875,0.14581298828125,0.10626220703125,0.8187255859375,3,-0.046875,-0.04296875,0.00390625,2.802596928649634e-45,2.2958958117405662e-39,8.676678100996791e-38,581,48351610,1012.837646484375,31.790000915527344,3.4350154399871826,582,48393106,257282617,-802947654,-25.38599967956543,0.18799999356269836,136.55123901367188,11,582
48445065,48403271,0.54510498046875,0.14581298828125,0.10626220703125,0.8187255859375,3,-0.078125,0.01953125,0.00390625,2.802596928649634e-45,2.2958958117405662e-39,8.676678100996791e-38,582,48404337,1012.866943359375,31.799999237060547,3.1919219493865967,583,48445062,257282616,-802947654,-25.384000778198242,0.14300000667572021,136.55123901367188,11,583
48498172,48456520,0.54510498046875,0.14581298828125,0.10626220703125,0.8187255859375,3,0.0,0.01953125,0.00390625,2.802596928649634e-45,2.2958958117405662e-39,8.676678100996791e-38,583,48457586,1012.83056640625,31.799999237060547,3.4931464195251465,584,48498170,257282617,-802947653,-25.357999801635742,0.14000000059604645,136.55123901367188,11,584
48545093,48509272,0.544921875,0.14599609375,0.10516357421875,0.8189697265625,0,0.0,0.01953125,0.00390625,2.802596928649634e-45,2.2958958117405662e-39,8.676678100996791e-38,584,48510337,1012.80908203125,31.799999237060547,3.6728241443634033,585,48545090,257282618,-802947653,-25.32200050354004,0.13300000131130219,136.55123901367188,11,585
48595064,48547480,0.544921875,0.14599609375,0.10516357421875,0.8189697265625,3,0.03125,-0.01171875,0.00390625,2.802596928649634e-45,2.2958958117405662e-39,8.676678100996791e-38,585,48548546,1012.83837890625,31.799999237060547,3.4297306537628174,586,48595061,257282621,-802947653,-25.304000854492188,0.16200000047683716,136.55123901367188,11,586
48643060,48601349,0.544921875,0.14599609375,0.10516357421875,0.8189697265625,0,0.03125,-0.01171875,0.00390625,5.5100597045562565e-40,2.3877144923169856e-39,8.875856983157764e-38,586,48602415,1012.843505859375,31.799999237060547,3.382169008255005,587,48643057,257282621,-802947654,-25.29400062561035,0.13500000536441803,136.55123901367188,11,587
48695060,48653438,0.544921875,0.14599609375,0.10516357421875,0.8189697265625,0,0.03125,-0.01171875,0.00390625,6.428288549274379e-40,2.295898614337495e-39,8.897464444958267e-38,587,48654503,1012.809326171875,31.790000915527344,3.667539596557617,588,48695057,257282621,-802947652,-25.2450008392334,0.08900000154972076,136.55123901367188,11,588
48800060,48758402,0.544921875,0.14599609375,0.10516357421875,0.8189697265625,3,-0.0546875,-0.04296875,0.04296875,6.428288549274379e-40,2.295898614337495e-39,8.897464444958267e-38,588,48759468,1012.836181640625,31.799999237060547,3.445584774017334,589,48800057,257282624,-802947652,-25.16900062561035,0.06199999898672104,136.55123901367188,11,589
48847805,48811456,0.54498291015625,0.14605712890625,0.10516357421875,0.81890869140625,0,-0.0546875,-0.04296875,0.04296875,6.428288549274379e-40,2.295898614337495e-39,8.897464444958267e-38,589,48812521,1012.856201171875,31.809999465942383,3.2764761447906494,590,48847802,257282624,-802947651,-25.172000885009766,0.07100000232458115,136.55123901367188,11,590
48898088,48850349,0.545166015625,0.14599609375,0.105224609375,0.81878662109375,0,-0.0546875,-0.04296875,0.04296875,6.428288549274379e-40,2.295898614337495e-39,8.897464444958267e-38,590,48851414,1012.84375,31.809999465942383,3.382169008255005,591,48898085,257282626,-802947650,-25.107999801635742,0.035999998450279236,136.55123901367188,11,591
48945118,48903271,0.545166015625,0.14599609375,0.105224609375,0.81878662109375,3,0.0,-0.04296875,0.04296875,6.428288549274379e-40,2.295898614337495e-39,8.897464444958267e-38,591,48904337,1012.83251953125,31.809999465942383,3.477292537689209,592,48945115,257282628,-802947651,-25.062999725341797,0.035999998450279236,136.55123901367188,11,592
48998152,48955582,0.545166015625,0.14599609375,0.105224609375,0.81878662109375,0,0.0,-0.04296875,0.04296875,nan,2.387711689720057e-39,9.069990069808395e-38,592,48956648,1012.818115234375,31.799999237060547,3.5935544967651367,593,48998149,257282629,-802947650,-25.014999389648438,0.017999999225139618,136.55123901367188,11,593
49044141,49008271,0.545166015625,0.14599609375,0.105224609375,0.81878662109375,3,-0.0390625,0.01953125,0.01171875,nan,2.387711689720057e-39,9.069990069808395e-38,593,49009337,1012.822509765625,31.809999465942383,3.5618467330932617,594,49044139,257282630,-802947650,-24.986000061035156,0.02500000037252903,136.55123901367188,11,594
49095486,49046586,0.545166015625,0.14599609375,0.105224609375,0.81878662109375,3,0.0390625,-0.05078125,0.01171875,nan,2.387711689720057e-39,9.069990069808395e-38,594,49047652,1012.843017578125,31.809999465942383,3.387453556060791,595,49095483,257282633,-802947651,-24.924999237060547,0.02800000086426735,136.55123901367188,11,595
49147692,49099271,0.545166015625,0.14599609375,0.105224609375,0.81878662109375,3,-0.0078125,0.02734375,-0.06640625,nan,2.387711689720057e-39,9.069990069808395e-38,595,49100337,1012.827880859375,31.809999465942383,3.514285087585449,596,49147689,257282634,-802947651,-24.895000457763672,0.03500000014901161,136.55123901367188,11,596
49196060,49153545,0.545166015625,0.14599609375,0.105224609375,0.81878662109375,3,-0.046875,-0.01953125,-0.02734375,nan,2.387711689720057e-39,9.069990069808395e-38,596,49154610,1012.8173828125,31.81999969482422,3.604123830795288,597,49196057,257282638,-802947651,-24.80500030517578,0.029999999329447746,136.55123901367188,11,597
49242494,49206271,0.545166015625,0.14599609375,0.105224609375,0.81878662109375,3,-0.046875,0.1328125,-0.02734375,nan,2.387711689720057e-39,9.069990069808395e-38,597,49207337,1012.84033203125,31.81999969482422,3.4085922241210938,598,49242491,257282639,-802947649,-24.708999633789062,0.05000000074505806,136.55123901367188,11,598
49298100,49244480,0.545166015625,0.14599609375,0.105224609375,0.81878662109375,3,-0.015625,-0.01171875,0.00390625,nan,2.387711689720057e-39,9.069990069808395e-38,598,49245546,1012.8056640625,31.809999465942383,3.699247360229492,599,49298097,257282641,-802947650,-24.68199920654297,0.01899999938905239,136.55123901367188,11,599
49342501,49300271,0.545166015625,0.14599609375,0.105224609375,0.81878662109375,3,0.05859375,-0.05078125,0.08203125,nan,2.387711689720057e-39,9.069990069808395e-38,599,49301337,1012.805419921875,31.809999465942383,3.699247360229492,600,49342498,257282644,-802947650,-24.658000946044922,0.05900000035762787,136.55123901367188,11,600
49396063,49353582,0.545166015625,0.14599609375,0.105224609375,0.81878662109375,0,0.05859375,-0.05078125,0.08203125,2.755024247084271e-39,2.295916831217531e-39,9.291149719680767e-38,600,49354648,1012.83837890625,31.81999969482422,3.4297306537628174,601,49396060,257282644,-802947651,-24.635000228881836,0.04699999839067459,136.55123901367188,11,601
49448060,49406164,0.545166015625,0.14599609375,0.105224609375,0.81878662109375,0,0.05859375,-0.05078125,0.08203125,2.1122290233199768e-39,2.3877214988093072e-39,9.316711085228208e-38,601,49407230,1012.803955078125,31.81999969482422,3.7151012420654297,602,49448057,257282646,-802947652,-24.58099937438965,0.05700000002980232,136.55123901367188,11,602
49495476,49458689,0.545166015625,0.14599609375,0.105224609375,0.81878662109375,0,0.05859375,-0.05078125,0.08203125,6.428456705090098e-40,2.3877214988093072e-39,9.349906724809292e-38,602,49459754,1012.8173828125,31.809999465942383,3.604123830795288,603,49495473,257282649,-802947651,-24.499000549316406,0.041999999433755875,136.55123901367188,11,603
49545495,49497140,0.5445556640625,0.14654541015625,0.103759765625,0.81927490234375,0,0.05859375,-0.05078125,0.08203125,6.428456705090098e-40,2.3877214988093072e-39,9.349906724809292e-38,603,49498206,1012.84326171875,31.81999969482422,3.387453556060791,604,49545493,257282651,-802947651,-24.46299934387207,0.05000000074505806,136.55123901367188,11,604
49598094,49550480,0.5445556640625,0.14654541015625,0.103759765625,0.81927490234375,0,0.05859375,-0.05078125,0.08203125,nan,2.387711689720057e-39,9.413716812200172e-38,604,49551546,1012.84716796875,31.81999969482422,3.355745792388916,605,49598091,257282654,-802947652,-24.45199966430664,0.10100000351667404,136.55123901367188,11,605
49645060,49603373,0.5445556640625,0.14654541015625,0.103759765625,0.81927490234375,0,0.05859375,-0.05078125,0.08203125,nan,2.3877102884215926e-39,9.456522556649596e-38,605,49604439,1012.82275390625,31.81999969482422,3.5565621852874756,606,49645057,257282654,-802947652,-24.415000915527344,0.03999999910593033,136.55123901367188,11,606
49692558,49656373,0.5445556640625,0.14654541015625,0.103759765625,0.81927490234375,0,0.05859375,-0.05078125,0.08203125,1.8366258452519647e-40,2.2958888052482446e-39,9.514708953043448e-38,606,49657439,1012.822509765625,31.829999923706055,3.5618467330932617,607,49692555,257282657,-802947652,-24.400999069213867,0.10899999737739563,136.55123901367188,11,607
49754060,49694480,0.5445556640625,0.14654541015625,0.103759765625,0.81927490234375,3,0.11328125,0.05078125,0.01171875,1.8366258452519647e-40,2.2958888052482446e-39,9.514708953043448e-38,607,49695545,1012.8251953125,31.81999969482422,3.535423517227173,608,49754057,257282660,-802947652,-24.371999740600586,0.15299999713897705,136.55123901367188,11,608
49846111,49822336,0.5445556640625,0.14654541015625,0.103759765625,0.81927490234375,3,-0.03125,-0.0625,-0.02734375,1.8366258452519647e-40,2.2958888052482446e-39,9.514708953043448e-38,608,49823402,1012.86328125,31.81999969482422,3.2183451652526855,609,49846108,257282661,-802947650,-24.327999114990234,0.10000000149011612,136.55123901367188,11,609
49898093,49850504,0.5445556640625,0.14654541015625,0.103759765625,0.81927490234375,3,0.04296875,-0.03515625,0.04296875,1.8366258452519647e-40,2.2958888052482446e-39,9.514708953043448e-38,609,49851570,1012.834716796875,31.829999923706055,3.4561538696289062,610,49898090,257282662,-802947651,-24.2810001373291,0.0820000022649765,136.55123901367188,11,610
49945517,49903271,0.5445556640625,0.14654541015625,0.103759765625,0.81927490234375,3,0.03515625,0.06640625,0.01171875,1.8366258452519647e-40,2.2958888052482446e-39,9.514708953043448e-38,610,49904337,1012.831298828125,31.81999969482422,3.4878618717193604,611,49945514,257282663,-802947650,-24.26799964904785,0.07800000160932541,136.55123901367188,11,611
49998072,49956480,0.5445556640625,0.14654541015625,0.103759765625,0.81927490234375,0,0.03515625,0.06640625,0.01171875,nan,2.3876724533630558e-39,9.87611279530299e-38,611,49957545,1012.83740234375,31.81999969482422,3.4350154399871826,612,49998069,257282663,-802947650,-24.275999069213867,0.10199999809265137,136.55123901367188,11,612
50045601,50009349,0.547607421875,0.14764404296875,0.10626220703125,0.81671142578125,0,0.03515625,0.06640625,0.01171875,nan,2.3876724533630558e-39,9.87611279530299e-38,612,50010415,1012.819580078125,31.829999923706055,3.5829854011535645,613,50045598,257282662,-802947650,-24.297000885009766,0.08100000023841858,136.55123901367188,11,613
50096060,50048456,0.54669189453125,0.14739990234375,0.10662841796875,0.81732177734375,0,0.03515625,0.06640625,0.01171875,nan,2.3876724533630558e-39,9.87611279530299e-38,613,50049521,1012.837158203125,31.81999969482422,3.4350154399871826,614,50096057,257282658,-802947649,-24.31999969482422,0.01899999938905239,136.55123901367188,11,614
50143060,50101271,0.54669189453125,0.14739990234375,0.10662841796875,0.81732177734375,3,0.05078125,0.02734375,-0.01953125,nan,2.3876724533630558e-39,9.87611279530299e-38,614,50102337,1012.8369140625,31.829999923706055,3.4402999877929688,615,50143057,257282658,-802947648,-24.29400062561035,0.02800000086426735,136.55123901367188,11,615
50197736,50154558,0.54791259765625,0.14794921875,0.1082763671875,0.81622314453125,0,0.05078125,0.02734375,-0.01953125,nan,2.3876724533630558e-39,9.87611279530299e-38,615,50155623,1012.849609375,31.81999969482422,3.3346073627471924,616,50197733,257282655,-802947646,-24.31800079345703,0.06199999898672104,136.55123901367188,11,616
50242526,50206271,0.54791259765625,0.14794921875,0.1082763671875,0.81622314453125,3,0.06640625,-0.11328125,-0.01953125,nan,2.3876724533630558e-39,9.87611279530299e-38,616,50207337,1012.85498046875,31.81999969482422,3.287045478820801,617,50242523,257282654,-802947645,-24.332000732421875,0.0729999989271164,136.55123901367188,11,617
50298068,50244480,0.54791259765625,0.14794921875,0.1082763671875,0.81622314453125,0,0.06640625,-0.11328125,-0.01953125,7.346741601746794e-40,2.2959000156359592e-39,1.0193668327055651e-37,617,50245546,1012.8564453125,31.829999923706055,3.2764761447906494,618,50298065,257282657,-802947646,-24.28700065612793,0.03400000184774399,136.55123901367188,11,618
50348060,50300271,0.54791259765625,0.14794921875,0.1082763671875,0.81622314453125,3,-0.046875,-0.1640625,0.171875,7.346741601746794e-40,2.2959000156359592e-39,1.0193668327055651e-37,618,50301337,1012.81689453125,31.829999923706055,3.604123830795288,619,50348057,257282659,-802947646,-24.270000457763672,0.057999998331069946,136.55123901367188,11,619
50396330,50353582,0.54791259765625,0.14794921875,0.1082763671875,0.81622314453125,0,-0.046875,-0.1640625,0.171875,2.2040547103887177e-39,2.295890206546709e-39,1.0299553802136349e-37,619,50354647,1012.835693359375,31.81999969482422,3.45086932182312,620,50396327,257282658,-802947645,-24.236000061035156,0.07000000029802322,136.55123901367188,11,620
50448060,50406165,0.54791259765625,0.14794921875,0.1082763671875,0.81622314453125,0,-0.046875,-0.1640625,0.171875,nan,2.295908423426745e-39,1.0350698954006662e-37,620,50407230,1012.818115234375,31.829999923706055,3.5935544967651367,621,50448057,257282662,-802947645,-24.12299919128418,0.07199999690055847,136.55123901367188,11,621
50495474,50458664,0.5478515625,0.14556884765625,0.1064453125,0.81689453125,0,-0.046875,-0.1640625,0.171875,nan,2.295908423426745e-39,1.0350698954006662e-37,621,50459730,1012.84033203125,31.829999923706055,3.4085922241210938,622,50495471,257282658,-802947644,-24.12299919128418,0.07999999821186066,136.55123901367188,11,622
50545060,50497164,0.5478515625,0.14556884765625,0.1064453125,0.81689453125,0,-0.046875,-0.1640625,0.171875,1.285688538421091e-39,2.2958972130390306e-39,1.0469390054973745e-37,622,50498230,1012.8251953125,31.829999923706055,3.535423517227173,623,50545057,257282660,-802947644,-24.08099937438965,0.054999999701976776,136.55123901367188,11,623
50592423,50549664,0.5478515625,0.14556884765625,0.1064453125,0.81689453125,3,-0.015625,-0.03515625,0.04296875,1.285688538421091e-39,2.2958972130390306e-39,1.0469390054973745e-37,623,50550730,1012.8271484375,31.829999923706055,3.5195696353912354,624,50592420,257282663,-802947645,-24.038999557495117,0.027000000700354576,136.55123901367188,11,624
50644060,50602165,0.5478515625,0.14556884765625,0.1064453125,0.81689453125,0,-0.015625,-0.03515625,0.04296875,nan,2.2958888052482446e-39,1.055820323060388e-37,624,50603230,1012.854736328125,31.829999923706055,3.292330026626587,625,50644057,257282668,-802947646,-23.98900032043457,0.05400000140070915,136.55123901367188,11,625
50697744,50654664,0.5478515625,0.14556884765625,0.1064453125,0.81689453125,0,-0.015625,-0.03515625,0.04296875,nan,2.295890206546709e-39,1.0636774596017959e-37,625,50655730,1012.826416015625,31.829999923706055,3.5248541831970215,626,50697741,257282672,-802947646,-23.906999588012695,0.050999999046325684,136.55123901367188,11,626
50755422,50707140,0.547607421875,0.145751953125,0.1058349609375,0.81707763671875,0,-0.015625,-0.03515625,0.04296875,nan,2.295890206546709e-39,1.0636774596017959e-37,626,50708206,1012.83935546875,31.829999923706055,3.419161558151245,627,50755419,257282670,-802947644,-23.916000366210938,0.03200000151991844,136.55123901367188,11,627
50850168,50819665,0.547607421875,0.145751953125,0.1058349609375,0.81707763671875,0,-0.015625,-0.03515625,0.04296875,nan,2.38771589361545e-39,1.075473477970605e-37,627,50820730,1012.79833984375,31.829999923706055,3.7626631259918213,628,50850165,257282670,-802947644,-23.898000717163086,0.024000000208616257,136.55123901367188,11,628
50897755,50855140,0.5477294921875,0.14593505859375,0.10595703125,0.81695556640625,0,-0.015625,-0.03515625,0.04296875,nan,2.38771589361545e-39,1.075473477970605e-37,628,50856206,1012.822998046875,31.829999923706055,3.5565621852874756,629,50897752,257282670,-802947644,-23.898000717163086,0.032999999821186066,136.55123901367188,11,629
50944060,50907582,0.5477294921875,0.14593505859375,0.10595703125,0.81695556640625,0,-0.015625,-0.03515625,0.04296875,nan,2.2958916078451733e-39,1.0939784649710928e-37,629,50908647,1012.842041015625,31.829999923706055,3.3980228900909424,630,50944057,257282668,-802947644,-23.913000106811523,0.041999999433755875,136.55123901367188,11,630
50994060,50946164,0.5477294921875,0.14593505859375,0.10595703125,0.81695556640625,0,-0.015625,-0.03515625,0.04296875,nan,2.3877102884215926e-39,1.097246853509284e-37,630,50947230,1012.843017578125,31.84000015258789,3.387453556060791,631,50994057,257282668,-802947643,-23.909000396728516,0.03200000151991844,136.55123901367188,11,631
51047820,50999271,0.5477294921875,0.14593505859375,0.10595703125,0.81695556640625,3,0.0078125,0.01953125,0.00390625,nan,2.3877102884215926e-39,1.097246853509284e-37,631,51000337,1012.826904296875,31.829999923706055,3.5248541831970215,632,51047817,257282670,-802947643,-23.902999877929688,0.03799999877810478,136.55123901367188,11,632
51094060,51051582,0.5477294921875,0.14593505859375,0.10595703125,0.81695556640625,0,0.0078125,0.01953125,0.00390625,nan,2.3877186962123785e-39,1.1085903085260549e-37,632,51052648,1012.82177734375,31.829999923706055,3.567131280899048,633,51094057,257282666,-802947642,-23.926000595092773,0.04399999976158142,136.55123901367188,11,633
51146060,51104164,0.5477294921875,0.14593505859375,0.10595703125,0.81695556640625,0,0.0078125,0.01953125,0.00390625,nan,2.3877186962123785e-39,1.1136260146874525e-37,633,51105230,1012.829345703125,31.829999923706055,3.503715753555298,634,51146057,257282664,-802947640,-23.94499969482422,0.08100000023841858,136.55123901367188,11,634
51193060,51156689,0.5477294921875,0.14593505859375,0.10595703125,0.81695556640625,3,0.0,0.01171875,-0.02734375,nan,2.3877186962123785e-39,1.1136260146874525e-37,634,51157754,1012.8154296875,31.829999923706055,3.6199777126312256,635,51193057,257282668,-802947641,-23.888999938964844,0.04399999976158142,136.55123901367188,11,635
51243060,51195164,0.5477294921875,0.14593505859375,0.10595703125,0.81695556640625,0,0.0,0.01171875,-0.02734375,1.1210387714598537e-44,2.387707485824664e-39,1.125408468487127e-37,635,51196230,1012.8408203125,31.829999923706055,3.4085922241210938,636,51243057,257282666,-802947639,-23.89299964904785,0.08500000089406967,136.55123901367188,11,636
51296060,51248349,0.5477294921875,0.14593505859375,0.10595703125,0.81695556640625,0,0.0,0.01171875,-0.02734375,nan,2.3877102884215926e-39,1.1315665586665103e-37,636,51249415,1012.819091796875,31.84000015258789,3.5882699489593506,637,51296057,257282665,-802947640,-23.92799949645996,0.05900000035762787,136.55123901367188,11,637
51342546,51300414,0.5477294921875,0.14593505859375,0.10595703125,0.81695556640625,0,0.0,0.01171875,-0.02734375,nan,2.2958958117405662e-39,1.1353891887733112e-37,637,51301479,1012.848388671875,31.829999923706055,3.3451764583587646,638,51342543,257282664,-802947639,-23.959999084472656,0.0430000014603138,136.55123901367188,11,638
51394104,51352402,0.5477294921875,0.14593505859375,0.10595703125,0.81695556640625,3,-0.1171875,0.07421875,-0.02734375,nan,2.2958958117405662e-39,1.1353891887733112e-37,638,51353467,1012.838623046875,31.829999923706055,3.4244461059570312,639,51394101,257282663,-802947639,-23.95400047302246,0.05299999937415123,136.55123901367188,11,639
51446088,51404456,0.548095703125,0.14599609375,0.1077880859375,0.81646728515625,0,-0.1171875,0.07421875,-0.02734375,nan,2.2958958117405662e-39,1.1353891887733112e-37,639,51405521,1012.877685546875,31.84000015258789,3.102083206176758,640,51446085,257282663,-802947638,-23.93400001525879,0.07199999690055847,136.55123901367188,11,640
51492550,51456402,0.548095703125,0.14599609375,0.1077880859375,0.81646728515625,3,-0.0546875,-0.05078125,-0.02734375,nan,2.2958958117405662e-39,1.1353891887733112e-37,640,51457468,1012.807373046875,31.84000015258789,3.6833934783935547,641,51492547,257282662,-802947639,-23.94499969482422,0.07699999958276749,136.55123901367188,11,641
51548060,51494349,0.54852294921875,0.14581298828125,0.10821533203125,0.81622314453125,0,-0.0546875,-0.05078125,-0.02734375,nan,2.2958958117405662e-39,1.1353891887733112e-37,641,51495415,1012.839111328125,31.84000015258789,3.419161558151245,642,51548057,257282660,-802947637,-23.968000411987305,0.09799999743700027,136.55123901367188,11,642
51592497,51550480,0.54852294921875,0.14581298828125,0.10821533203125,0.81622314453125,0,-0.0546875,-0.05078125,-0.02734375,nan,2.3877186962123785e-39,1.1652476080356359e-37,642,51551546,1012.812744140625,31.84000015258789,3.6411163806915283,643,51592494,257282660,-802947637,-23.988000869750977,0.07699999958276749,136.55123901367188,11,643
51645060,51603373,0.54852294921875,0.14581298828125,0.10821533203125,0.81622314453125,0,-0.0546875,-0.05078125,-0.02734375,2.7550088328011634e-40,2.38771589361545e-39,1.1695281824805782e-37,643,51604439,1012.814697265625,31.84000015258789,3.625262498855591,644,51645057,257282660,-802947638,-24.007999420166016,0.032999999821186066,136.55123901367188,11,644
51692509,51656480,0.54852294921875,0.14581298828125,0.10821533203125,0.81622314453125,3,-0.015625,-0.01953125,0.01171875,2.7550088328011634e-40,2.38771589361545e-39,1.1695281824805782e-37,644,51657546,1012.831787109375,31.84000015258789,3.482577085494995,645,51692506,257282662,-802947638,-23.979999542236328,0.03200000151991844,136.55123901367188,11,645
51749389,51695271,0.54852294921875,0.14581298828125,0.10821533203125,0.81622314453125,3,-0.015625,0.01953125,0.01953125,2.7550088328011634e-40,2.38771589361545e-39,1.1695281824805782e-37,645,51696337,1012.8447265625,31.84000015258789,3.3715996742248535,646,51749386,257282660,-802947638,-23.97100067138672,0.052000001072883606,136.55123901367188,11,646
51794084,51751534,0.54852294921875,0.14581298828125,0.10821533203125,0.81622314453125,0,-0.015625,0.01953125,0.01953125,nan,2.387720097510843e-39,1.187686880604562e-37,646,51752599,1012.850830078125,31.84000015258789,3.324038028717041,647,51794081,257282660,-802947637,-23.93600082397461,0.10400000214576721,136.55123901367188,11,647
51893087,51857296,0.54852294921875,0.14581298828125,0.10821533203125,0.81622314453125,3,0.0234375,-0.01953125,-0.01953125,nan,2.387720097510843e-39,1.187686880604562e-37,647,51858361,1012.833740234375,31.850000381469727,3.4667232036590576,648,51893084,257282660,-802947636,-23.929000854492188,0.11400000005960464,136.55123901367188,11,648
51946060,51898558,0.54852294921875,0.14581298828125,0.10821533203125,0.81622314453125,0,0.0234375,-0.01953125,-0.01953125,nan,2.2958930091436376e-39,1.1983540129305111e-37,648,51899624,1012.8349609375,31.84000015258789,3.4561538696289062,649,51946057,257282659,-802947636,-23.923999786376953,0.11800000071525574,136.55123901367188,11,649
51993368,51951295,0.54852294921875,0.14581298828125,0.10821533203125,0.81622314453125,3,0.0234375,-0.01953125,0.05859375,nan,2.2958930091436376e-39,1.1983540129305111e-37,649,51952361,1012.837646484375,31.84000015258789,3.4350154399871826,650,51993365,257282658,-802947635,-23.88800048828125,0.17599999904632568,136.55123901367188,11,650
52046060,52003558,0.548828125,0.1456298828125,0.10797119140625,0.8160400390625,0,0.0234375,-0.01953125,0.05859375,nan,2.2958930091436376e-39,1.1983540129305111e-37,650,52004623,1012.84619140625,31.84000015258789,3.361030340194702,651,52046057,257282656,-802947635,-23.959999084472656,0.14300000667572021,136.55123901367188,11,651
52092557,52056271,0.548828125,0.1456298828125,0.10797119140625,0.8160400390625,3,-0.0234375,0.02734375,0.01171875,nan,2.2958930091436376e-39,1.1983540129305111e-37,651,52057337,1012.845458984375,31.850000381469727,3.3663151264190674,652,52092555,257282656,-802947634,-23.996999740600586,0.10899999737739563,136.55123901367188,11,652
52144094,52096480,0.548828125,0.1456298828125,0.10797119140625,0.8160400390625,0,-0.0234375,0.02734375,0.01171875,3.673573989150724e-40,2.3877088871231283e-39,1.228459957553574e-37,652,52097546,1012.84765625,31.84000015258789,3.35046124458313,653,52144091,257282653,-802947633,-24.041000366210938,0.1379999965429306,136.55123901367188,11,653
52197774,52149271,0.548828125,0.14617919921875,0.10858154296875,0.81585693359375,0,-0.0234375,0.02734375,0.01171875,3.673573989150724e-40,2.3877088871231283e-39,1.228459957553574e-37,653,52150337,1012.874755859375,31.84000015258789,3.1232216358184814,654,52197771,257282648,-802947632,-24.134000778198242,0.1459999978542328,136.55123901367188,11,654
52244094,52201582,0.548828125,0.14617919921875,0.10858154296875,0.81585693359375,0,-0.0234375,0.02734375,0.01171875,9.183689745645554e-40,2.2958916078451733e-39,1.2375296096301929e-37,654,52202647,1012.813720703125,31.84000015258789,3.630547046661377,655,52244091,257282645,-802947632,-24.15999984741211,0.17900000512599945,136.55123901367188,11,655
52296302,52254271,0.548828125,0.14617919921875,0.10858154296875,0.81585693359375,3,-0.0234375,0.05078125,-0.02734375,9.183689745645554e-40,2.2958916078451733e-39,1.2375296096301929e-37,655,52255337,1012.837646484375,31.84000015258789,3.4350154399871826,656,52296299,257282647,-802947632,-24.159000396728516,0.1379999965429306,136.55123901367188,11,656
52342502,52306480,0.548828125,0.14617919921875,0.10858154296875,0.81585693359375,0,-0.0234375,0.05078125,-0.02734375,nan,2.2958888052482446e-39,1.2488329314589454e-37,656,52307546,1012.819580078125,31.84000015258789,3.5829854011535645,657,52342499,257282648,-802947633,-24.163999557495117,0.13600000739097595,136.55123901367188,11,657
52392459,52344271,0.548828125,0.14617919921875,0.10858154296875,0.81585693359375,3,0.0546875,0.01953125,0.01171875,nan,2.2958888052482446e-39,1.2488329314589454e-37,657,52345337,1012.815185546875,31.829999923706055,3.6199777126312256,658,52392456,257282648,-802947633,-24.150999069213867,0.13899999856948853,136.55123901367188,11,658
52445060,52397480,0.548828125,0.14617919921875,0.10858154296875,0.81585693359375,0,0.0546875,0.01953125,0.01171875,nan,2.2958874039497803e-39,1.2606152731547428e-37,658,52398545,1012.81640625,31.84000015258789,3.609408378601074,659,52445057,257282645,-802947632,-24.176000595092773,0.17599999904632568,136.55123901367188,11,659
52492407,52450373,0.548828125,0.14617919921875,0.10858154296875,0.81585693359375,0,0.0546875,0.01953125,0.01171875,nan,2.3877060845261996e-39,1.264813675457737e-37,659,52451439,1012.865478515625,31.829999923706055,3.202491283416748,660,52492405,257282642,-802947631,-24.23900032043457,0.17100000381469727,136.55123901367188,11,660
52544294,52502480,0.548828125,0.14617919921875,0.10858154296875,0.81585693359375,3,-0.015625,-0.01953125,-0.02734375,nan,2.3877060845261996e-39,1.264813675457737e-37,660,52503546,1012.822265625,31.84000015258789,3.5618467330932617,661,52544291,257282642,-802947630,-24.21500015258789,0.19499999284744263,136.55123901367188,11,661
52597114,52555349,0.5494384765625,0.14581298828125,0.108642578125,0.81549072265625,0,-0.015625,-0.01953125,-0.02734375,nan,2.3877060845261996e-39,1.264813675457737e-37,661,52556414,1012.807373046875,31.84000015258789,3.6833934783935547,662,52597111,257282643,-802947630,-24.20199966430664,0.19200000166893005,136.55123901367188,11,662
52643060,52607456,0.54913330078125,0.14617919921875,0.108642578125,0.815673828125,0,-0.015625,-0.01953125,-0.02734375,nan,2.3877060845261996e-39,1.264813675457737e-37,662,52608521,1012.829833984375,31.84000015258789,3.4984309673309326,663,52643057,257282643,-802947630,-24.219999313354492,0.1589999943971634,136.55123901367188,11,663
52699464,52645349,0.549072265625,0.1461181640625,0.1085205078125,0.81573486328125,0,-0.015625,-0.01953125,-0.02734375,nan,2.3877060845261996e-39,1.264813675457737e-37,663,52646415,1012.82470703125,31.84000015258789,3.540708065032959,664,52699461,257282644,-802947631,-24.226999282836914,0.11900000274181366,136.55123901367188,11,664
52751060,52703456,0.549072265625,0.1461181640625,0.1085205078125,0.81573486328125,3,0.0234375,0.01953125,-0.06640625,nan,2.3877060845261996e-39,1.264813675457737e-37,664,52704521,1012.80224609375,31.829999923706055,3.725670576095581,665,52751057,257282647,-802947632,-24.180999755859375,0.12999999523162842,136.55123901367188,11,665
52792404,52756373,0.549072265625,0.1461181640625,0.1085205078125,0.81573486328125,0,0.0234375,0.01953125,-0.06640625,5.510157795448759e-40,2.3877172949139142e-39,1.2985016752672457e-37,665,52757439,1012.828857421875,31.84000015258789,3.509000301361084,666,52792401,257282646,-802947631,-24.166000366210938,0.14499999582767487,136.55123901367188,11,666
52848060,52794373,0.549072265625,0.1461181640625,0.1085205078125,0.81573486328125,0,0.0234375,0.01953125,-0.06640625,nan,2.2958930091436376e-39,1.3043928461151444e-37,666,52795439,1012.817626953125,31.84000015258789,3.598839282989502,667,52848057,257282648,-802947632,-24.132999420166016,0.12999999523162842,136.55123901367188,11,667
52945446,52921480,0.549072265625,0.1461181640625,0.1085205078125,0.81573486328125,3,-0.0078125,0.02734375,-0.01953125,nan,2.2958930091436376e-39,1.3043928461151444e-37,667,52922546,1012.807861328125,31.84000015258789,3.6833934783935547,668,52945443,257282651,-802947633,-24.090999603271484,0.10000000149011612,136.55123901367188,11,668
52992446,52950374,0.549072265625,0.1461181640625,0.1085205078125,0.81573486328125,0,-0.0078125,0.02734375,-0.01953125,nan,2.2958916078451733e-39,1.31524472563063e-37,668,52951439,1012.830322265625,31.84000015258789,3.4931464195251465,669,52992443,257282649,-802947633,-24.11199951171875,0.09099999815225601,136.55123901367188,11,669
53045268,53003456,0.548583984375,0.14654541015625,0.10809326171875,0.8160400390625,0,-0.0078125,0.02734375,-0.01953125,nan,2.2958916078451733e-39,1.31524472563063e-37,669,53004521,1012.837890625,31.84000015258789,3.4297306537628174,670,53045265,257282645,-802947631,-24.14900016784668,0.17000000178813934,136.55123901367188,11,670
53092544,53056373,0.548583984375,0.14654541015625,0.10809326171875,0.8160400390625,0,-0.0078125,0.02734375,-0.01953125,nan,2.387711689720057e-39,1.3324386577878956e-37,670,53057439,1012.822265625,31.850000381469727,3.5618467330932617,671,53092541,257282642,-802947630,-24.179000854492188,0.19099999964237213,136.55123901367188,11,671
53144060,53095480,0.548583984375,0.14654541015625,0.10809326171875,0.8160400390625,3,0.0546875,-0.05078125,0.01953125,nan,2.387711689720057e-39,1.3324386577878956e-37,671,53096545,1012.82177734375,31.84000015258789,3.567131280899048,672,53144057,257282640,-802947630,-24.215999603271484,0.17399999499320984,136.55123901367188,11,672
53196060,53148349,0.548583984375,0.14642333984375,0.10772705078125,0.81610107421875,0,0.0546875,-0.05078125,0.01953125,nan,2.387711689720057e-39,1.3324386577878956e-37,672,53149415,1012.83837890625,31.850000381469727,3.4297306537628174,673,53196057,257282636,-802947628,-24.29400062561035,0.17399999499320984,136.55123901367188,11,673
53243060,53201438,0.548583984375,0.14642333984375,0.10772705078125,0.81610107421875,0,0.0546875,-0.05078125,0.01953125,nan,2.387720097510843e-39,1.3481384694705594e-37,673,53202503,1012.865234375,31.860000610351562,3.202491283416748,674,53243057,257282636,-802947628,-24.29199981689453,0.1589999943971634,136.55123901367188,11,674
53296060,53254336,0.548583984375,0.14642333984375,0.10772705078125,0.81610107421875,0,0.0546875,-0.05078125,0.01953125,nan,2.2958972130390306e-39,1.356766432271223e-37,674,53255401,1012.82958984375,31.850000381469727,3.4984309673309326,675,53296057,257282635,-802947628,-24.31999969482422,0.16300000250339508,136.55123901367188,11,675
53344072,53307480,0.548583984375,0.14642333984375,0.10772705078125,0.81610107421875,3,-0.015625,0.06640625,0.01171875,nan,2.2958972130390306e-39,1.356766432271223e-37,675,53308545,1012.816650390625,31.850000381469727,3.609408378601074,676,53344069,257282635,-802947628,-24.341999053955078,0.1509999930858612,136.55123901367188,11,676
53396060,53347349,0.54852294921875,0.14642333984375,0.107666015625,0.816162109375,0,-0.015625,0.06640625,0.01171875,nan,2.2958972130390306e-39,1.356766432271223e-37,676,53348415,1012.8115234375,31.850000381469727,3.6516857147216797,677,53396057,257282633,-802947628,-24.365999221801758,0.14499999582767487,136.55123901367188,11,677
53442482,53400456,0.548583984375,0.1463623046875,0.107421875,0.816162109375,0,-0.015625,0.06640625,0.01171875,nan,2.2958972130390306e-39,1.356766432271223e-37,677,53401521,1012.84375,31.860000610351562,3.382169008255005,678,53442479,257282634,-802947628,-24.40999984741211,0.09300000220537186,136.55123901367188,11,678
53496060,53453373,0.548583984375,0.1463623046875,0.107421875,0.816162109375,0,-0.015625,0.06640625,0.01171875,nan,2.295890206546709e-39,1.377259693636772e-37,678,53454439,1012.84375,31.860000610351562,3.382169008255005,679,53496057,257282635,-802947628,-24.395000457763672,0.0820000022649765,136.55123901367188,11,679
53543060,53506480,0.548583984375,0.1463623046875,0.107421875,0.816162109375,0,-0.015625,0.06640625,0.01171875,nan,2.387711689720057e-39,1.3850318554393032e-37,679,53507545,1012.84912109375,31.860000610351562,3.3398919105529785,680,53543057,257282641,-802947631,-24.309999465942383,0.06300000101327896,136.55123901367188,11,680
53595060,53547271,0.548583984375,0.1463623046875,0.107421875,0.816162109375,3,-0.0234375,0.03515625,-0.03515625,nan,2.387711689720057e-39,1.3850318554393032e-37,680,53548337,1012.83544921875,31.860000610351562,3.45086932182312,681,53595057,257282645,-802947632,-24.253999710083008,0.04100000113248825,136.55123901367188,11,681
53642772,53600480,0.548583984375,0.1463623046875,0.107421875,0.816162109375,3,0.08984375,0.00390625,0.01171875,nan,2.387711689720057e-39,1.3850318554393032e-37,681,53601546,1012.81298828125,31.850000381469727,3.6411163806915283,682,53642769,257282648,-802947633,-24.143999099731445,0.06499999761581421,136.55123901367188,11,682
53694283,53652373,0.548583984375,0.1463623046875,0.107421875,0.816162109375,0,0.08984375,0.00390625,0.01171875,6.428512757028671e-40,2.295894410442102e-39,1.3996065926109299e-37,682,53653439,1012.822509765625,31.860000610351562,3.5618467330932617,683,53694280,257282651,-802947633,-24.12299919128418,0.0430000014603138,136.55123901367188,11,683
53748060,53705480,0.548583984375,0.1463623046875,0.107421875,0.816162109375,0,0.08984375,0.00390625,0.01171875,2.7550228457858066e-40,2.3876934728400207e-39,1.4074300979891939e-37,683,53706546,1012.80126953125,31.860000610351562,3.7362399101257324,684,53748057,257282648,-802947632,-24.160999298095703,0.05999999865889549,136.55123901367188,11,684
53793344,53757272,0.548583984375,0.146484375,0.107177734375,0.816162109375,0,0.08984375,0.00390625,0.01171875,2.7550228457858066e-40,2.3876934728400207e-39,1.4074300979891939e-37,684,53758337,1012.823486328125,31.860000610351562,3.5512773990631104,685,53793341,257282646,-802947632,-24.19099998474121,0.06800000369548798,136.55123901367188,11,685
53845060,53796480,0.548583984375,0.146484375,0.107177734375,0.816162109375,0,0.08984375,0.00390625,0.01171875,1.8367659750983972e-40,2.3876878676461634e-39,1.4192159149051828e-37,685,53797545,1012.79296875,31.860000610351562,3.8049402236938477,686,53845057,257282647,-802947633,-24.201000213623047,0.05400000140070915,136.55123901367188,11,686
53897788,53849271,0.5487060546875,0.14654541015625,0.1070556640625,0.81610107421875,0,0.08984375,0.00390625,0.01171875,1.8367659750983972e-40,2.3876878676461634e-39,1.4192159149051828e-37,686,53850337,1012.814697265625,31.860000610351562,3.625262498855591,687,53897785,257282647,-802947632,-24.191999435424805,0.05700000002980232,136.55123901367188,11,687
53992469,53961582,0.5487060546875,0.14654541015625,0.1070556640625,0.81610107421875,0,0.08984375,0.00390625,0.01171875,3.6732376775192862e-40,2.295898614337495e-39,1.4272623948950902e-37,687,53962648,1012.813232421875,31.860000610351562,3.635831594467163,688,53992466,257282643,-802947632,-24.211000442504883,0.11599999666213989,136.55123901367188,11,688
54045060,53997165,0.5487060546875,0.14654541015625,0.1070556640625,0.81610107421875,0,0.08984375,0.00390625,0.01171875,9.183689745645554e-41,2.2958916078451733e-39,1.432911869783862e-37,688,53998230,1012.86572265625,31.860000610351562,3.197206735610962,689,54045057,257282642,-802947631,-24.259000778198242,0.10100000351667404,136.55123901367188,11,689
54093060,54050558,0.548828125,0.146728515625,0.10711669921875,0.81591796875,0,0.08984375,0.00390625,0.01171875,9.183689745645554e-41,2.2958916078451733e-39,1.432911869783862e-37,689,54051623,1012.82421875,31.860000610351562,3.545992851257324,690,54093057,257282639,-802947630,-24.31800079345703,0.10100000351667404,136.55123901367188,11,690
54145060,54103295,0.548828125,0.146728515625,0.10711669921875,0.81591796875,3,0.0078125,0.01171875,-0.02734375,9.183689745645554e-41,2.2958916078451733e-39,1.432911869783862e-37,690,54104361,1012.85009765625,31.860000610351562,3.329322576522827,691,54145057,257282635,-802947629,-24.35300064086914,0.12800000607967377,136.55123901367188,11,691
54192430,54155545,0.548828125,0.146728515625,0.10711669921875,0.81591796875,0,0.0078125,0.01171875,-0.02734375,nan,2.3877214988093072e-39,1.4579225810867629e-37,691,54156610,1012.8369140625,31.860000610351562,3.4402999877929688,692,54192427,257282637,-802947629,-24.320999145507812,0.11500000208616257,136.55123901367188,11,692
54244060,54196272,0.54876708984375,0.146728515625,0.10699462890625,0.8160400390625,0,0.0078125,0.01171875,-0.02734375,nan,2.3877214988093072e-39,1.4579225810867629e-37,692,54197337,1012.829833984375,31.860000610351562,3.4984309673309326,693,54244057,257282641,-802947631,-24.26300048828125,0.07500000298023224,136.55123901367188,11,693
54297743,54249271,0.54876708984375,0.146728515625,0.10699462890625,0.8160400390625,3,-0.0390625,-0.02734375,0.00390625,nan,2.3877214988093072e-39,1.4579225810867629e-37,693,54250337,1012.839111328125,31.860000610351562,3.419161558151245,694,54297740,257282646,-802947634,-24.17300033569336,0.09300000220537186,136.55123901367188,11,694
54345060,54302582,0.54876708984375,0.146728515625,0.10699462890625,0.8160400390625,0,-0.0390625,-0.02734375,0.00390625,nan,2.3877214988093072e-39,1.4729381107033276e-37,694,54303647,1012.849853515625,31.860000610351562,3.329322576522827,695,54345057,257282650,-802947635,-24.115999221801758,0.041999999433755875,136.55123901367188,11,695
54392771,54356271,0.54876708984375,0.146728515625,0.10699462890625,0.8160400390625,3,-0.0234375,0.01171875,0.00390625,nan,2.3877214988093072e-39,1.4729381107033276e-37,695,54357337,1012.83984375,31.860000610351562,3.41387677192688,696,54392768,257282653,-802947636,-24.038999557495117,0.08900000154972076,136.55123901367188,11,696
54445060,54396480,0.54876708984375,0.146728515625,0.10699462890625,0.8160400390625,3,-0.0234375,0.05078125,0.00390625,nan,2.3877214988093072e-39,1.4729381107033276e-37,696,54397546,1012.82666015625,31.8700008392334,3.5248541831970215,697,54445057,257282658,-802947637,-23.966999053955078,0.02199999988079071,136.55123901367188,11,697
54497796,54449336,0.54876708984375,0.146728515625,0.10699462890625,0.8160400390625,3,-0.0234375,-0.03515625,-0.03515625,nan,2.3877214988093072e-39,1.4729381107033276e-37,697,54450401,1012.8349609375,31.8700008392334,3.4561538696289062,698,54497793,257282663,-802947638,-23.895999908447266,0.02199999988079071,136.55123901367188,11,698
54545060,54502504,0.54876708984375,0.146728515625,0.10699462890625,0.8160400390625,3,-0.0234375,0.00390625,0.04296875,nan,2.3877214988093072e-39,1.4729381107033276e-37,698,54503570,1012.804931640625,31.860000610351562,3.7045319080352783,699,54545057,257282665,-802947637,-23.812000274658203,0.041999999433755875,136.55123901367188,11,699
54591060,54555295,0.54876708984375,0.146728515625,0.10699462890625,0.8160400390625,3,0.015625,-0.03515625,0.00390625,nan,2.3877214988093072e-39,1.4729381107033276e-37,699,54556361,1012.81005859375,31.8700008392334,3.662254810333252,700,54591057,257282664,-802947637,-23.843000411987305,0.03500000014901161,136.55123901367188,11,700
54650879,54595480,0.54876708984375,0.146728515625,0.10699462890625,0.8160400390625,3,0.0078125,0.08203125,0.05078125,nan,2.3877214988093072e-39,1.4729381107033276e-37,700,54596546,1012.835205078125,31.8700008392334,3.4561538696289062,701,54650876,257282661,-802947636,-23.898000717163086,0.03799999877810478,136.55123901367188,11,701
54696060,54653349,0.54888916015625,0.14642333984375,0.1068115234375,0.81597900390625,0,0.0078125,0.08203125,0.05078125,nan,2.3877214988093072e-39,1.4729381107033276e-37,701,54654414,1012.8154296875,31.860000610351562,3.6199777126312256,702,54696057,257282661,-802947636,-23.891000747680664,0.03099999949336052,136.55123901367188,11,702
54749403,54706504,0.54888916015625,0.14642333984375,0.1068115234375,0.81597900390625,3,0.0078125,0.04296875,0.05078125,nan,2.3877214988093072e-39,1.4729381107033276e-37,702,54707570,1012.81689453125,31.860000610351562,3.604123830795288,703,54749400,257282659,-802947637,-23.958999633789062,0.03400000184774399,136.55123901367188,11,703
54794060,54758295,0.54888916015625,0.14642333984375,0.1068115234375,0.81597900390625,3,0.0078125,0.04296875,0.01171875,nan,2.3877214988093072e-39,1.4729381107033276e-37,703,54759361,1012.8251953125,31.8700008392334,3.535423517227173,704,54794057,257282657,-802947637,-23.972000122070312,0.032999999821186066,136.55123901367188,11,704
54846060,54798456,0.54888916015625,0.146484375,0.10626220703125,0.8160400390625,0,0.0078125,0.04296875,0.01171875,nan,2.3877214988093072e-39,1.4729381107033276e-37,704,54799521,1012.83349609375,31.860000610351562,3.4667232036590576,705,54846057,257282655,-802947636,-24.018999099731445,0.01899999938905239,136.55123901367188,11,705
54893060,54851271,0.54888916015625,0.146484375,0.10626220703125,0.8160400390625,3,0.0390625,0.05078125,0.01171875,nan,2.3877214988093072e-39,1.4729381107033276e-37,705,54852337,1012.815185546875,31.8700008392334,3.6199777126312256,706,54893057,257282654,-802947635,-24.0310001373291,0.020999999716877937,136.55123901367188,11,706
54946060,54903582,0.54888916015625,0.146484375,0.10626220703125,0.8160400390625,0,0.0390625,0.05078125,0.01171875,nan,2.3877102884215926e-39,1.5400367653302857e-37,706,54904647,1012.846435546875,31.8700008392334,3.361030340194702,707,54946057,257282655,-802947635,-24.027000427246094,0.04399999976158142,136.55123901367188,11,707
55045060,55009271,0.54888916015625,0.146484375,0.10626220703125,0.8160400390625,3,-0.0390625,-0.09375,0.00390625,nan,2.3877102884215926e-39,1.5400367653302857e-37,707,55010337,1012.83935546875,31.8700008392334,3.419161558151245,708,55045057,257282659,-802947637,-23.944000244140625,0.010999999940395355,136.55123901367188,11,708
55092452,55049587,0.54888916015625,0.146484375,0.10626220703125,0.8160400390625,3,0.0078125,0.05078125,-0.03515625,nan,2.3877102884215926e-39,1.5400367653302857e-37,708,55050652,1012.822021484375,31.8700008392334,3.5618467330932617,709,55092449,257282660,-802947638,-23.91200065612793,0.032999999821186066,136.55123901367188,11,709
55145060,55103164,0.54888916015625,0.146484375,0.10626220703125,0.8160400390625,0,0.0078125,0.05078125,-0.03515625,nan,2.2958888052482446e-39,1.5624944229350638e-37,709,55104230,1012.80517578125,31.8700008392334,3.7045319080352783,710,55145057,257282661,-802947639,-23.89699935913086,0.0430000014603138,136.55123901367188,11,710
55193060,55156623,0.54888916015625,0.146484375,0.10626220703125,0.8160400390625,0,0.0078125,0.05078125,-0.03515625,nan,2.2958888052482446e-39,1.5680634072400449e-37,710,55157688,1012.8154296875,31.860000610351562,3.6199777126312256,711,55193057,257282663,-802947638,-23.858999252319336,0.009999999776482582,136.55123901367188,11,711
55243060,55195164,0.54888916015625,0.146484375,0.10626220703125,0.8160400390625,0,0.0078125,0.05078125,-0.03515625,nan,2.387720097510843e-39,1.5736905734572648e-37,711,55196230,1012.81787109375,31.8700008392334,3.598839282989502,712,55243057,257282668,-802947639,-23.76300048828125,0.035999998450279236,136.55123901367188,11,712
55296060,55248272,0.54888916015625,0.146484375,0.10626220703125,0.8160400390625,3,0.0078125,0.04296875,0.05078125,nan,2.387720097510843e-39,1.5736905734572648e-37,712,55249337,1012.819091796875,31.8700008392334,3.5882699489593506,713,55296057,257282670,-802947640,-23.735000610351562,0.006000000052154064,136.55123901367188,11,713
55343060,55300582,0.54888916015625,0.146484375,0.10626220703125,0.8160400390625,0,0.0078125,0.04296875,0.05078125,6.428316575243666e-40,2.2959000156359592e-39,1.5849394128017244e-37,713,55301647,1012.835693359375,31.8799991607666,3.45086932182312,714,55343057,257282671,-802947641,-23.716999053955078,0.03200000151991844,136.55123901367188,11,714
55395060,55353164,0.54888916015625,0.146484375,0.10626220703125,0.8160400390625,0,0.0078125,0.04296875,0.05078125,nan,2.2958916078451733e-39,1.5899785941833136e-37,714,55354230,1012.8310546875,31.8799991607666,3.4878618717193604,715,55395057,257282672,-802947641,-23.711000442504883,0.01899999938905239,136.55123901367188,11,715
55443060,55406689,0.54888916015625,0.146484375,0.10626220703125,0.8160400390625,0,0.0078125,0.04296875,0.05078125,nan,2.3877172949139142e-39,1.5961366843626968e-37,715,55407754,1012.8115234375,31.8700008392334,3.6516857147216797,716,55443057,257282673,-802947642,-23.701000213623047,0.023000000044703484,136.55123901367188,11,716
55495060,55447165,0.54888916015625,0.146484375,0.10626220703125,0.8160400390625,0,0.0078125,0.04296875,0.05078125,4.591648691037771e-40,2.2958930091436376e-39,1.6017438960897847e-37,716,55448230,1012.82421875,31.8700008392334,3.545992851257324,717,55495057,257282674,-802947642,-23.64699935913086,0.04500000178813934,136.55123901367188,11,717
55542460,55500480,0.54888916015625,0.146484375,0.10626220703125,0.8160400390625,3,-0.03125,-0.01171875,0.04296875,4.591648691037771e-40,2.2958930091436376e-39,1.6017438960897847e-37,717,55501546,1012.78369140625,31.8700008392334,3.884209632873535,718,55542457,257282675,-802947643,-23.658000946044922,0.02500000037252903,136.55123901367188,11,718
55595060,55553373,0.54888916015625,0.146484375,0.10626220703125,0.8160400390625,0,-0.03125,-0.01171875,0.04296875,nan,2.2958888052482446e-39,1.612572457998824e-37,718,55554439,1012.843505859375,31.8700008392334,3.382169008255005,719,55595057,257282678,-802947644,-23.621999740600586,0.039000000804662704,136.55123901367188,11,719
55643060,55606480,0.54888916015625,0.146484375,0.10626220703125,0.8160400390625,0,-0.03125,-0.01171875,0.04296875,8.265040511388133e-40,2.295898614337495e-39,1.6185793200479374e-37,719,55607546,1012.802001953125,31.8700008392334,3.730955123901367,720,55643057,257282682,-802947645,-23.572999954223633,0.08900000154972076,136.55123901367188,11,720
55695395,55647349,0.54833984375,0.14715576171875,0.1053466796875,0.81640625,0,-0.03125,-0.01171875,0.04296875,8.265040511388133e-40,2.295898614337495e-39,1.6185793200479374e-37,720,55648415,1012.854248046875,31.8700008392334,3.297614812850952,721,55695392,257282685,-802947646,-23.538000106811523,0.10100000351667404,136.55123901367188,11,721
55748060,55700271,0.54833984375,0.14715576171875,0.1053466796875,0.81640625,3,-0.16796875,-0.1484375,-0.05859375,8.265040511388133e-40,2.295898614337495e-39,1.6185793200479374e-37,721,55701337,1012.801513671875,31.8700008392334,3.7362399101257324,722,55748057,257282689,-802947647,-23.444000244140625,0.07100000232458115,136.55123901367188,11,722
55796060,55753582,0.54833984375,0.14715576171875,0.1053466796875,0.81640625,0,-0.16796875,-0.1484375,-0.05859375,nan,2.2959014169344235e-39,1.6355550980602768e-37,722,55754647,1012.80615234375,31.8799991607666,3.693962812423706,723,55796057,257282692,-802947647,-23.402000427246094,0.061000000685453415,136.55123901367188,11,723
55848060,55806271,0.54766845703125,0.15069580078125,0.10455322265625,0.81634521484375,0,-0.16796875,-0.1484375,-0.05859375,nan,2.2959014169344235e-39,1.6355550980602768e-37,723,55807337,1012.82568359375,31.8700008392334,3.535423517227173,724,55848057,257282694,-802947647,-23.378000259399414,0.0820000022649765,136.55123901367188,11,724
55894060,55858480,0.54766845703125,0.15069580078125,0.10455322265625,0.81634521484375,3,0.05078125,-0.05859375,0.07421875,nan,2.2959014169344235e-39,1.6355550980602768e-37,724,55859546,1012.802001953125,31.8799991607666,3.730955123901367,725,55894057,257282697,-802947648,-23.363000869750977,0.125,136.55123901367188,11,725
55944060,55896271,0.54681396484375,0.15240478515625,0.1053466796875,0.81646728515625,0,0.05078125,-0.05859375,0.07421875,nan,2.2959014169344235e-39,1.6355550980602768e-37,725,55897337,1012.8388671875,31.889999389648438,3.4244461059570312,726,55944057,257282696,-802947648,-23.36199951171875,0.10100000351667404,136.55123901367188,11,726
55997562,55949271,0.54681396484375,0.15240478515625,0.1053466796875,0.81646728515625,3,0.21875,0.171875,-0.2265625,nan,2.2959014169344235e-39,1.6355550980602768e-37,726,55950337,1012.83544921875,31.8799991607666,3.45086932182312,727,55997559,257282699,-802947648,-23.30900001525879,0.10199999809265137,136.55123901367188,11,727
56092360,56061582,0.54681396484375,0.15240478515625,0.1053466796875,0.81646728515625,0,0.21875,0.171875,-0.2265625,2.8468919731069416e-39,2.3877144923169856e-39,1.6635298358749174e-37,727,56062648,1012.793701171875,31.8799991607666,3.7996554374694824,728,56092357,257282704,-802947649,-23.253000259399414,0.1379999965429306,136.55123901367188,11,728
56145306,56097165,0.54681396484375,0.15240478515625,0.1053466796875,0.81646728515625,0,0.21875,0.171875,-0.2265625,1.836471702420889e-40,2.3877046832277353e-39,1.6685245120172796e-37,728,56098230,1012.837646484375,31.889999389648438,3.4350154399871826,729,56145303,257282706,-802947650,-23.23200035095215,0.13600000739097595,136.55123901367188,11,729
56193060,56150582,0.54681396484375,0.15240478515625,0.1053466796875,0.81646728515625,0,0.21875,0.171875,-0.2265625,nan,2.3876752559599845e-39,1.68200399430919e-37,729,56151647,1012.798095703125,31.8799991607666,3.7626631259918213,730,56193057,257282705,-802947650,-23.211000442504883,0.07599999755620956,136.55123901367188,11,730
56245060,56203164,0.54681396484375,0.15240478515625,0.1053466796875,0.81646728515625,0,0.21875,0.171875,-0.2265625,nan,2.295912627322138e-39,1.684926654490263e-37,730,56204230,1012.843017578125,31.889999389648438,3.387453556060791,731,56245057,257282706,-802947651,-23.215999603271484,0.10700000077486038,136.55123901367188,11,731
56293311,56256689,0.54681396484375,0.15240478515625,0.1053466796875,0.81646728515625,0,0.21875,0.171875,-0.2265625,nan,2.3877214988093072e-39,1.6933208807070773e-37,731,56257754,1012.812255859375,31.889999389648438,3.6464009284973145,732,56293309,257282704,-802947650,-23.260000228881836,0.11299999803304672,136.55123901367188,11,732
56345346,56297140,0.54693603515625,0.15753173828125,0.1085205078125,0.81500244140625,0,0.21875,0.171875,-0.2265625,nan,2.3877214988093072e-39,1.6933208807070773e-37,732,56298206,1012.815185546875,31.8799991607666,3.6199777126312256,733,56345343,257282703,-802947649,-23.270999908447266,0.09000000357627869,136.55123901367188,11,733
56393060,56350664,0.5465087890625,0.1585693359375,0.1097412109375,0.81494140625,0,0.21875,0.171875,-0.2265625,nan,2.3877214988093072e-39,1.6933208807070773e-37,733,56351730,1012.8349609375,31.889999389648438,3.4561538696289062,734,56393057,257282702,-802947648,-23.305999755859375,0.12300000339746475,136.55123901367188,11,734
56445060,56403164,0.5465087890625,0.1585693359375,0.1097412109375,0.81494140625,0,0.21875,0.171875,-0.2265625,nan,2.295937850694496e-39,1.70734193682948e-37,734,56404230,1012.828857421875,31.889999389648438,3.509000301361084,735,56445057,257282704,-802947649,-23.274999618530273,0.11800000071525574,136.55123901367188,11,735
56493060,56456586,0.5465087890625,0.1585693359375,0.1097412109375,0.81494140625,3,0.05859375,0.14453125,0.18359375,nan,2.295937850694496e-39,1.70734193682948e-37,735,56457652,1012.8662109375,31.889999389648438,3.197206735610962,736,56493057,257282704,-802947650,-23.267000198364258,0.08799999952316284,136.55123901367188,11,736
56544060,56496271,0.5465087890625,0.1585693359375,0.1097412109375,0.81494140625,3,0.03515625,0.0,0.12109375,nan,2.295937850694496e-39,1.70734193682948e-37,736,56497337,1012.805419921875,31.889999389648438,3.699247360229492,737,56544057,257282702,-802947649,-23.266000747680664,0.04899999871850014,136.55123901367188,11,737
56598066,56549480,0.5465087890625,0.1585693359375,0.1097412109375,0.81494140625,0,0.03515625,0.0,0.12109375,1.652996891889912e-39,2.296049954571642e-39,1.7257533170925509e-37,737,56550545,1012.810546875,31.899999618530273,3.656970262527466,738,56598063,257282702,-802947648,-23.229999542236328,0.01600000075995922,136.55123901367188,11,738
56644060,56602373,0.5465087890625,0.1585693359375,0.1097412109375,0.81494140625,0,0.03515625,0.0,0.12109375,5.2345994589316055e-39,2.2959630740668538e-39,1.730280183755583e-37,738,56603439,1012.839599609375,31.889999389648438,3.419161558151245,739,56644057,257282705,-802947649,-23.20400047302246,0.05299999937415123,136.55123901367188,11,739
56692471,56655480,0.5465087890625,0.1585693359375,0.1097412109375,0.81494140625,3,-0.01953125,-0.0390625,-0.0546875,5.2345994589316055e-39,2.2959630740668538e-39,1.730280183755583e-37,739,56656545,1012.815673828125,31.889999389648438,3.6146931648254395,740,56692468,257282704,-802947651,-23.23900032043457,0.07699999958276749,136.55123901367188,11,740
56750060,56696349,0.53936767578125,0.1593017578125,0.10455322265625,0.82025146484375,0,-0.01953125,-0.0390625,-0.0546875,5.2345994589316055e-39,2.2959630740668538e-39,1.730280183755583e-37,740,56697415,1012.827880859375,31.899999618530273,3.514285087585449,741,56750057,257282705,-802947651,-23.204999923706055,0.06499999761581421,136.55123901367188,11,741
56795339,56752480,0.53936767578125,0.1593017578125,0.10455322265625,0.82025146484375,3,-0.16015625,-0.15625,0.05078125,5.2345994589316055e-39,2.2959630740668538e-39,1.730280183755583e-37,741,56753546,1012.81689453125,31.8799991607666,3.604123830795288,742,56795336,257282703,-802947651,-23.22800064086914,0.05400000140070915,136.55123901367188,11,742
56848060,56806373,0.53936767578125,0.1593017578125,0.10455322265625,0.82025146484375,0,-0.16015625,-0.15625,0.05078125,5.142797593936758e-39,2.387707485824664e-39,1.752637284182561e-37,742,56807439,1012.816650390625,31.889999389648438,3.609408378601074,743,56848057,257282702,-802947650,-23.21500015258789,0.010999999940395355,136.55123901367188,11,743
56895297,56859480,0.53936767578125,0.1593017578125,0.10455322265625,0.82025146484375,3,-0.06640625,-0.1171875,0.1875,5.142797593936758e-39,2.387707485824664e-39,1.752637284182561e-37,743,56860545,1012.808349609375,31.889999389648438,3.6781086921691895,744,56895295,257282703,-802947649,-23.167999267578125,0.035999998450279236,136.55123901367188,11,744
56947697,56899271,0.53936767578125,0.1593017578125,0.10455322265625,0.82025146484375,3,-0.15625,-0.109375,0.02734375,5.142797593936758e-39,2.387707485824664e-39,1.752637284182561e-37,744,56900337,1012.828125,31.889999389648438,3.514285087585449,745,56947694,257282705,-802947650,-23.166000366210938,0.028999999165534973,136.55123901367188,11,745
56995060,56952534,0.54290771484375,0.154052734375,0.10186767578125,0.8192138671875,0,-0.15625,-0.109375,0.02734375,5.142797593936758e-39,2.387707485824664e-39,1.752637284182561e-37,745,56953599,1012.7998046875,31.889999389648438,3.7468090057373047,746,56995057,257282706,-802947650,-23.152999877929688,0.028999999165534973,136.55123901367188,11,746
57042271,57006295,0.54290771484375,0.154052734375,0.10186767578125,0.8192138671875,3,0.02734375,0.07421875,-0.05078125,5.142797593936758e-39,2.387707485824664e-39,1.752637284182561e-37,746,57007361,1012.841796875,31.889999389648438,3.3980228900909424,747,57042268,257282708,-802947652,-23.125,0.023000000044703484,136.55123901367188,11,747
57146060,57109480,0.5428466796875,0.15313720703125,0.10211181640625,0.81939697265625,0,0.02734375,0.07421875,-0.05078125,5.142797593936758e-39,2.387707485824664e-39,1.752637284182561e-37,747,57110546,1012.825927734375,31.899999618530273,3.5301389694213867,748,57146057,257282713,-802947654,-23.089000701904297,0.06800000369548798,136.55123901367188,11,748
57192475,57150272,0.5426025390625,0.1514892578125,0.10137939453125,0.82000732421875,0,0.02734375,0.07421875,-0.05078125,5.142797593936758e-39,2.387707485824664e-39,1.752637284182561e-37,748,57151337,1012.84228515625,31.899999618530273,3.3927383422851562,749,57192472,257282715,-802947652,-23.016000747680664,0.041999999433755875,136.55123901367188,11,749
57244147,57202271,0.5426025390625,0.1514892578125,0.10137939453125,0.82000732421875,3,-0.21875,-0.171875,-0.00390625,5.142797593936758e-39,2.387707485824664e-39,1.752637284182561e-37,749,57203337,1012.814697265625,31.899999618530273,3.625262498855591,750,57244144,257282722,-802947654,-22.93199920654297,0.10100000351667404,136.55123901367188,11,750
57292342,57255582,0.5426025390625,0.1514892578125,0.10137939453125,0.82000732421875,0,-0.21875,-0.171875,-0.00390625,nan,2.4795275676995476e-39,1.8031737119999713e-37,750,57256647,1012.8369140625,31.899999618530273,3.4402999877929688,751,57292340,257282727,-802947657,-22.875,0.13199999928474426,136.55123901367188,11,751
57342632,57294271,0.5426025390625,0.1514892578125,0.10137939453125,0.82000732421875,3,-0.0859375,0.02734375,-0.05078125,nan,2.4795275676995476e-39,1.8031737119999713e-37,751,57295337,1012.830322265625,31.889999389648438,3.4931464195251465,752,57342630,257282727,-802947658,-22.857999801635742,0.14100000262260437,136.55123901367188,11,752
57396233,57348456,0.54364013671875,0.14837646484375,0.101806640625,0.81982421875,0,-0.0859375,0.02734375,-0.05078125,nan,2.4795275676995476e-39,1.8031737119999713e-37,752,57349521,1012.823486328125,31.889999389648438,3.5512773990631104,753,57396230,257282728,-802947658,-22.85700035095215,0.14499999582767487,136.55123901367188,11,753
57443060,57401373,0.54364013671875,0.14837646484375,0.101806640625,0.81982421875,0,-0.0859375,0.02734375,-0.05078125,9.18367573266091e-40,2.3877271040031645e-39,1.8197224863442616e-37,753,57402439,1012.808349609375,31.899999618530273,3.6781086921691895,754,57443057,257282728,-802947658,-22.856000900268555,0.1420000046491623,136.55123901367188,11,754
57491060,57454480,0.54364013671875,0.14837646484375,0.101806640625,0.81982421875,3,-0.078125,-0.0625,0.02734375,9.18367573266091e-40,2.3877271040031645e-39,1.8197224863442616e-37,754,57455545,1012.815673828125,31.899999618530273,3.6146931648254395,755,57491057,257282727,-802947657,-22.864999771118164,0.11400000005960464,136.55123901367188,11,755
57541060,57493271,0.54364013671875,0.14837646484375,0.101806640625,0.81982421875,3,-0.0390625,0.00390625,-0.01171875,9.18367573266091e-40,2.3877271040031645e-39,1.8197224863442616e-37,755,57494337,1012.8017578125,31.889999389648438,3.730955123901367,756,57541057,257282725,-802947657,-22.881999969482422,0.08399999886751175,136.55123901367188,11,756
57594060,57546272,0.54364013671875,0.14837646484375,0.101806640625,0.81982421875,3,-0.046875,0.05078125,0.02734375,9.18367573266091e-40,2.3877271040031645e-39,1.8197224863442616e-37,756,57547337,1012.8115234375,31.899999618530273,3.6516857147216797,757,57594057,257282725,-802947657,-22.884000778198242,0.08799999952316284,136.55123901367188,11,757
57641060,57598582,0.54364013671875,0.14837646484375,0.101806640625,0.81982421875,0,-0.046875,0.05078125,0.02734375,nan,2.479555593668834e-39,1.8425614092352132e-37,757,57599647,1012.818359375,31.899999618530273,3.5935544967651367,758,57641057,257282729,-802947658,-22.86199951171875,0.12800000607967377,136.55123901367188,11,758
57693060,57651271,0.54364013671875,0.14837646484375,0.101806640625,0.81982421875,3,0.03515625,-0.0703125,-0.05078125,nan,2.479555593668834e-39,1.8425614092352132e-37,758,57652337,1012.843017578125,31.90999984741211,3.387453556060791,759,57693057,257282727,-802947658,-22.868999481201172,0.1120000034570694,136.55123901367188,11,759
57747706,57704480,0.54364013671875,0.14837646484375,0.101806640625,0.81982421875,3,-0.078125,0.08203125,0.02734375,nan,2.479555593668834e-39,1.8425614092352132e-37,759,57705545,1012.84326171875,31.899999618530273,3.387453556060791,760,57747704,257282725,-802947657,-22.885000228881836,0.07000000029802322,136.55123901367188,11,760
57793292,57757325,0.54302978515625,0.14788818359375,0.10150146484375,0.82037353515625,0,-0.078125,0.08203125,0.02734375,nan,2.479555593668834e-39,1.8425614092352132e-37,760,57758390,1012.84033203125,31.899999618530273,3.4085922241210938,761,57793290,257282721,-802947656,-22.937999725341797,0.03700000047683716,136.55123901367188,11,761
57844216,57795480,0.54302978515625,0.14788818359375,0.10150146484375,0.82037353515625,0,-0.078125,0.08203125,0.02734375,nan,2.479551389773441e-39,1.8675902813662117e-37,761,57796546,1012.850830078125,31.899999618530273,3.324038028717041,762,57844213,257282715,-802947654,-23.0049991607666,0.04100000113248825,136.55123901367188,11,762
57897620,57849271,0.54302978515625,0.14788818359375,0.10150146484375,0.82037353515625,3,-0.09375,0.04296875,-0.01171875,nan,2.479551389773441e-39,1.8675902813662117e-37,762,57850337,1012.82470703125,31.899999618530273,3.540708065032959,763,57897617,257282712,-802947653,-23.104999542236328,0.03799999877810478,136.55123901367188,11,763
57945137,57902558,0.54315185546875,0.14764404296875,0.1015625,0.82025146484375,0,-0.09375,0.04296875,-0.01171875,nan,2.479551389773441e-39,1.8675902813662117e-37,763,57903623,1012.79541015625,31.899999618530273,3.783801555633545,764,57945134,257282705,-802947650,-23.226999282836914,0.061000000685453415,136.55123901367188,11,764
57997493,57955272,0.54315185546875,0.14764404296875,0.1015625,0.82025146484375,3,-0.03125,0.00390625,0.02734375,nan,2.479551389773441e-39,1.8675902813662117e-37,764,57956337,1012.77294921875,31.899999618530273,3.974048614501953,765,57997490,257282698,-802947648,-23.329999923706055,0.06400000303983688,136.55123901367188,11,765
58044198,58008480,0.54315185546875,0.14764404296875,0.1015625,0.82025146484375,0,-0.03125,0.00390625,0.02734375,nan,2.4795499884749768e-39,1.8949985582896336e-37,765,58009546,1012.845703125,31.899999618530273,3.3663151264190674,766,58044196,257282694,-802947647,-23.41200065612793,0.028999999165534973,136.55123901367188,11,766
58147681,58111272,0.54315185546875,0.14764404296875,0.1015625,0.82025146484375,3,-0.03125,-0.03125,-0.01171875,nan,2.4795499884749768e-39,1.8949985582896336e-37,766,58112337,1012.80517578125,31.90999984741211,3.7045319080352783,767,58147678,257282691,-802947646,-23.445999145507812,0.04699999839067459,136.55123901367188,11,767
58194060,58151558,0.54315185546875,0.14764404296875,0.1015625,0.82025146484375,0,-0.03125,-0.03125,-0.01171875,nan,2.4795499884749768e-39,1.9185634658889826e-37,767,58152623,1012.803955078125,31.899999618530273,3.7151012420654297,768,58194057,257282688,-802947645,-23.5,0.054999999701976776,136.55123901367188,11,768
58246060,58204296,0.54315185546875,0.14764404296875,0.1015625,0.82025146484375,3,-0.1640625,0.06640625,0.03515625,nan,2.4795499884749768e-39,1.9185634658889826e-37,768,58205361,1012.813720703125,31.899999618530273,3.630547046661377,769,58246057,257282686,-802947644,-23.538999557495117,0.0729999989271164,136.55123901367188,11,769
58294060,58257558,0.54412841796875,0.15045166015625,0.10205078125,0.819091796875,0,-0.1640625,0.06640625,0.03515625,nan,2.4795499884749768e-39,1.9185634658889826e-37,769,58258623,1012.8134765625,31.899999618530273,3.635831594467163,770,58294057,257282685,-802947642,-23.55299949645996,0.11100000143051147,136.55123901367188,11,770
58344201,58296271,0.54412841796875,0.15045166015625,0.10205078125,0.819091796875,3,-0.0703125,0.00390625,0.05078125,nan,2.4795499884749768e-39,1.9185634658889826e-37,770,58297337,1012.792724609375,31.90999984741211,3.8049402236938477,771,58344198,257282681,-802947642,-23.55900001525879,0.12099999934434891,136.55123901367188,11,771
58393284,58350586,0.54412841796875,0.15045166015625,0.10205078125,0.819091796875,3,-0.09375,-0.234375,0.05078125,nan,2.4795499884749768e-39,1.9185634658889826e-37,771,58351652,1012.8310546875,31.90999984741211,3.4878618717193604,772,58393281,257282676,-802947640,-23.62700080871582,0.14399999380111694,136.55123901367188,11,772
58445060,58403229,0.54412841796875,0.15045166015625,0.10205078125,0.819091796875,0,-0.09375,-0.234375,0.05078125,-2.5521238366299196e+38,2.4794897326410108e-39,1.982096320391681e-37,772,58404295,1012.81396484375,31.90999984741211,3.630547046661377,773,58445057,257282678,-802947640,-23.604999542236328,0.12399999797344208,136.55123901367188,11,773
58493060,58456611,0.54412841796875,0.15045166015625,0.10205078125,0.819091796875,3,0.07421875,0.0,-0.0546875,-2.5521238366299196e+38,2.4794897326410108e-39,1.982096320391681e-37,773,58457676,1012.830078125,31.90999984741211,3.4984309673309326,774,58493057,257282675,-802947639,-23.601999282836914,0.14900000393390656,136.55123901367188,11,774
58549389,58495140,0.5469970703125,0.1541748046875,0.11004638671875,0.8154296875,0,0.07421875,0.0,-0.0546875,-2.5521238366299196e+38,2.4794897326410108e-39,1.982096320391681e-37,774,58496206,1012.86181640625,31.90999984741211,3.234199047088623,775,58549386,257282674,-802947639,-23.576000213623047,0.18400000035762787,136.55123901367188,11,775
58594060,58551665,0.5469970703125,0.1541748046875,0.11004638671875,0.8154296875,3,0.21875,-0.0546875,-0.109375,-2.5521238366299196e+38,2.4794897326410108e-39,1.982096320391681e-37,775,58552730,1012.825439453125,31.90999984741211,3.535423517227173,776,58594057,257282670,-802947638,-23.650999069213867,0.17000000178813934,136.55123901367188,11,776
58646060,58604165,0.5469970703125,0.1541748046875,0.11004638671875,0.8154296875,0,0.21875,-0.0546875,-0.109375,-2.7116143617241384e+38,2.387875641640383e-39,2.0251742530548147e-37,776,58605230,1012.835693359375,31.90999984741211,3.45086932182312,777,58646057,257282667,-802947639,-23.708999633789062,0.1509999930858612,136.55123901367188,11,777
58694060,58657664,0.5426025390625,0.15826416015625,0.1141357421875,0.8170166015625,0,0.21875,-0.0546875,-0.109375,-2.7116143617241384e+38,2.387875641640383e-39,2.0251742530548147e-37,777,58658730,1012.8046875,31.90999984741211,3.7098166942596436,778,58694057,257282665,-802947638,-23.715999603271484,0.1679999977350235,136.55123901367188,11,778
58750060,58696164,0.5426025390625,0.15826416015625,0.1141357421875,0.8170166015625,0,0.21875,-0.0546875,-0.109375,nan,2.387734110495486e-39,2.053968806523024e-37,778,58697230,1012.831298828125,31.90999984741211,3.4878618717193604,779,58750057,257282666,-802947638,-23.70400047302246,0.15000000596046448,136.55123901367188,11,779
58795355,58752665,0.5426025390625,0.15826416015625,0.1141357421875,0.8170166015625,0,0.21875,-0.0546875,-0.109375,1.1020834071329319e-39,2.387763537763237e-39,2.064433927662356e-37,779,58753730,1012.80908203125,31.90999984741211,3.6728241443634033,780,58795352,257282669,-802947638,-23.66200065612793,0.12800000607967377,136.55123901367188,11,780
58848060,58806165,0.5426025390625,0.15826416015625,0.1141357421875,0.8170166015625,0,0.21875,-0.0546875,-0.109375,6.15305251140402e-39,2.3878406091787748e-39,2.0717917535349555e-37,780,58807230,1012.828369140625,31.90999984741211,3.509000301361084,781,58848057,257282673,-802947639,-23.621999740600586,0.09799999743700027,136.55123901367188,11,781
58896060,58859689,0.5426025390625,0.15826416015625,0.1141357421875,0.8170166015625,3,0.1953125,0.2890625,0.14453125,6.15305251140402e-39,2.3878406091787748e-39,2.0717917535349555e-37,781,58860754,1012.798583984375,31.90999984741211,3.757378339767456,782,58896057,257282677,-802947641,-23.577999114990234,0.03700000047683716,136.55123901367188,11,782
58946060,58898140,0.5384521484375,0.158203125,0.11376953125,0.81982421875,0,0.1953125,0.2890625,0.14453125,6.15305251140402e-39,2.3878406091787748e-39,2.0717917535349555e-37,782,58899206,1012.839599609375,31.90999984741211,3.419161558151245,783,58946057,257282677,-802947640,-23.531999588012695,0.09799999743700027,136.55123901367188,11,783
58993060,58951271,0.5384521484375,0.158203125,0.11376953125,0.81982421875,3,0.13671875,-0.0234375,0.08984375,6.15305251140402e-39,2.3878406091787748e-39,2.0717917535349555e-37,783,58952337,1012.81396484375,31.920000076293945,3.630547046661377,784,58993057,257282678,-802947639,-23.503000259399414,0.12600000202655792,136.55123901367188,11,784
59046060,59003582,0.5384521484375,0.158203125,0.11376953125,0.81982421875,0,0.13671875,-0.0234375,0.08984375,1.8365557803287485e-40,2.479495337834868e-39,2.119336577286848e-37,784,59004648,1012.82080078125,31.920000076293945,3.572416067123413,785,59046057,257282676,-802947639,-23.535999298095703,0.09399999678134918,136.55123901367188,11,785
59142680,59112272,0.5384521484375,0.158203125,0.11376953125,0.81982421875,3,-0.1953125,-0.20703125,-0.1484375,1.8365557803287485e-40,2.479495337834868e-39,2.119336577286848e-37,785,59113337,1012.842041015625,31.920000076293945,3.3980228900909424,786,59142677,257282680,-802947640,-23.51300048828125,0.0430000014603138,136.55123901367188,11,786
59195439,59146480,0.5384521484375,0.158203125,0.11376953125,0.81982421875,0,-0.1953125,-0.20703125,-0.1484375,1.5703819396271781e-38,2.3877565312709153e-39,2.141963848057748e-37,786,59147546,1012.842041015625,31.920000076293945,3.3980228900909424,787,59195436,257282680,-802947642,-23.506999969482422,0.03799999877810478,136.55123901367188,11,787
59242490,59200373,0.5384521484375,0.158203125,0.11376953125,0.81982421875,0,-0.1953125,-0.20703125,-0.1484375,nan,2.3877775507478802e-39,2.165425844297877e-37,787,59201439,1012.85400390625,31.920000076293945,3.297614812850952,788,59242487,257282680,-802947643,-23.51300048828125,0.07699999958276749,136.55123901367188,11,788
59295347,59253373,0.5384521484375,0.158203125,0.11376953125,0.81982421875,0,-0.1953125,-0.20703125,-0.1484375,1.3224590305145135e-38,2.387776149449416e-39,2.1733083163155198e-37,788,59254439,1012.83642578125,31.920000076293945,3.445584774017334,789,59295344,257282682,-802947645,-23.464000701904297,0.09700000286102295,136.55123901367188,11,789
59343268,59306480,0.5384521484375,0.158203125,0.11376953125,0.81982421875,3,-0.1015625,0.10546875,-0.21875,1.3224590305145135e-38,2.387776149449416e-39,2.1733083163155198e-37,789,59307545,1012.820068359375,31.90999984741211,3.577700614929199,790,59343266,257282682,-802947644,-23.437000274658203,0.050999999046325684,136.55123901367188,11,790
59393105,59345271,0.5384521484375,0.158203125,0.11376953125,0.81982421875,3,0.12890625,-0.14453125,0.1171875,1.3224590305145135e-38,2.387776149449416e-39,2.1733083163155198e-37,790,59346337,1012.806640625,31.920000076293945,3.693962812423706,791,59393102,257282684,-802947644,-23.426000595092773,0.027000000700354576,136.55123901367188,11,791
59446204,59398456,0.53570556640625,0.14129638671875,0.09844970703125,0.82666015625,0,0.12890625,-0.14453125,0.1171875,1.3224590305145135e-38,2.387776149449416e-39,2.1733083163155198e-37,791,59399521,1012.8359375,31.920000076293945,3.445584774017334,792,59446201,257282687,-802947645,-23.40399932861328,0.04899999871850014,136.55123901367188,11,792
59492431,59450373,0.53570556640625,0.14129638671875,0.09844970703125,0.82666015625,0,0.12890625,-0.14453125,0.1171875,9.550885995237229e-39,2.4793972469423654e-39,2.218475416833146e-37,792,59451439,1012.84814453125,31.920000076293945,3.3451764583587646,793,59492428,257282687,-802947645,-23.402999877929688,0.05400000140070915,136.55123901367188,11,793
59546192,59503480,0.53570556640625,0.14129638671875,0.09844970703125,0.82666015625,0,0.12890625,-0.14453125,0.1171875,1.7448646179125827e-39,2.4793972469423654e-39,2.230523444717779e-37,793,59504545,1012.8212890625,31.920000076293945,3.572416067123413,794,59546189,257282684,-802947645,-23.447999954223633,0.05400000140070915,136.55123901367188,11,794
59597637,59555271,0.53570556640625,0.14129638671875,0.09844970703125,0.82666015625,3,-0.03125,-0.265625,-0.15234375,1.7448646179125827e-39,2.4793972469423654e-39,2.230523444717779e-37,794,59556337,1012.8095703125,31.920000076293945,3.667539596557617,795,59597634,257282683,-802947645,-23.469999313354492,0.0430000014603138,136.55123901367188,11,795
59644190,59607480,0.53570556640625,0.14129638671875,0.09844970703125,0.82666015625,3,-0.12890625,-0.16796875,-0.03515625,1.7448646179125827e-39,2.4793972469423654e-39,2.230523444717779e-37,795,59608545,1012.829345703125,31.920000076293945,3.503715753555298,796,59644187,257282683,-802947644,-23.479000091552734,0.02500000037252903,136.55123901367188,11,796
59696205,59648271,0.53570556640625,0.14129638671875,0.09844970703125,0.82666015625,3,-0.11328125,-0.05078125,0.03125,1.7448646179125827e-39,2.4793972469423654e-39,2.230523444717779e-37,796,59649337,1012.81640625,31.920000076293945,3.609408378601074,797,59696202,257282686,-802947645,-23.445999145507812,0.03200000151991844,136.55123901367188,11,797
59749277,59700480,0.53570556640625,0.14129638671875,0.09844970703125,0.82666015625,3,-0.06640625,0.0234375,0.0703125,1.7448646179125827e-39,2.4793972469423654e-39,2.230523444717779e-37,797,59701545,1012.81201171875,31.920000076293945,3.6464009284973145,798,59749274,257282686,-802947645,-23.466999053955078,0.04100000113248825,136.55123901367188,11,798
59795524,59753373,0.53570556640625,0.14129638671875,0.09844970703125,0.82666015625,0,-0.06640625,0.0234375,0.0703125,4.867327539222857e-39,2.4794967391333324e-39,2.284372317897099e-37,798,59754439,1012.8125,31.90999984741211,3.6411163806915283,799,59795521,257282682,-802947644,-23.527999877929688,0.03500000014901161,136.55123901367188,11,799
59849413,59806480,0.53570556640625,0.14129638671875,0.09844970703125,0.82666015625,3,-0.17578125,-0.03515625,-0.08984375,4.867327539222857e-39,2.4794967391333324e-39,2.284372317897099e-37,799,59807545,1012.83740234375,31.920000076293945,3.4350154399871826,800,59849411,257282681,-802947644,-23.534000396728516,0.010999999940395355,136.55123901367188,11,800
59895522,59859325,0.5467529296875,0.13482666015625,0.0992431640625,0.82037353515625,0,-0.17578125,-0.03515625,-0.08984375,4.867327539222857e-39,2.4794967391333324e-39,2.284372317897099e-37,800,59860391,1012.79296875,31.920000076293945,3.8049402236938477,801,59895519,257282681,-802947643,-23.51799964904785,0.014000000432133675,136.55123901367188,11,801
59946185,59897480,0.5467529296875,0.13482666015625,0.0992431640625,0.82037353515625,0,-0.17578125,-0.03515625,-0.08984375,nan,2.3877663403601656e-39,2.325672058860943e-37,801,59898546,1012.825439453125,31.920000076293945,3.535423517227173,802,59946183,257282680,-802947643,-23.555999755859375,0.03400000184774399,136.55123901367188,11,802
59993261,59951325,0.54547119140625,0.13482666015625,0.0987548828125,0.8212890625,0,-0.17578125,-0.03515625,-0.08984375,nan,2.3877663403601656e-39,2.325672058860943e-37,802,59952390,1012.80908203125,31.920000076293945,3.6728241443634033,803,59993259,257282682,-802947644,-23.538999557495117,0.054999999701976776,136.55123901367188,11,803
60047699,60004504,0.54547119140625,0.13482666015625,0.0987548828125,0.8212890625,3,0.046875,-0.05859375,-0.05078125,nan,2.3877663403601656e-39,2.325672058860943e-37,803,60005570,1012.858154296875,31.920000076293945,3.260622262954712,804,60047696,257282680,-802947645,-23.57900047302246,0.05999999865889549,136.55123901367188,11,804
60147732,60111349,0.54486083984375,0.134521484375,0.0989990234375,0.82171630859375,0,0.046875,-0.05859375,-0.05078125,nan,2.3877663403601656e-39,2.325672058860943e-37,804,60112415,1012.814697265625,31.920000076293945,3.625262498855591,805,60147729,257282682,-802947645,-23.57200050354004,0.052000001072883606,136.55123901367188,11,805
60193304,60150480,0.54486083984375,0.134521484375,0.0989990234375,0.82171630859375,0,0.046875,-0.05859375,-0.05078125,nan,2.4795387780872622e-39,2.366294692406825e-37,805,60151545,1012.858642578125,31.93000030517578,3.260622262954712,806,60193301,257282684,-802947645,-23.5310001373291,0.03400000184774399,136.55123901367188,11,806
60246190,60204349,0.54534912109375,0.13421630859375,0.098388671875,0.821533203125,0,0.046875,-0.05859375,-0.05078125,nan,2.4795387780872622e-39,2.366294692406825e-37,806,60205414,1012.808837890625,31.920000076293945,3.6728241443634033,807,60246187,257282686,-802947646,-23.486000061035156,0.04699999839067459,136.55123901367188,11,807
60293272,60256504,0.54534912109375,0.13421630859375,0.098388671875,0.821533203125,3,0.0078125,-0.08203125,-0.01953125,nan,2.4795387780872622e-39,2.366294692406825e-37,807,60257570,1012.822509765625,31.93000030517578,3.5618467330932617,808,60293269,257282688,-802947645,-23.44499969482422,0.07500000298023224,136.55123901367188,11,808
60345249,60297271,0.54534912109375,0.13421630859375,0.098388671875,0.821533203125,3,-0.02734375,-0.08203125,-0.01953125,nan,2.4795387780872622e-39,2.366294692406825e-37,808,60298337,1012.8408203125,31.920000076293945,3.4085922241210938,809,60345246,257282690,-802947646,-23.393999099731445,0.03099999949336052,136.55123901367188,11,809
60398126,60350271,0.54534912109375,0.13421630859375,0.098388671875,0.821533203125,3,-0.02734375,-0.03515625,0.015625,nan,2.4795387780872622e-39,2.366294692406825e-37,809,60351337,1012.8603515625,31.93000030517578,3.2447683811187744,810,60398123,257282694,-802947649,-23.33300018310547,0.0430000014603138,136.55123901367188,11,810
60446180,60403582,0.54534912109375,0.13421630859375,0.098388671875,0.821533203125,0,-0.02734375,-0.03515625,0.015625,1.5611698035227068e-39,2.38776774165863e-39,2.432945604148462e-37,810,60404647,1012.82177734375,31.93000030517578,3.567131280899048,811,60446177,257282700,-802947652,-23.256000518798828,0.07699999958276749,136.55123901367188,11,811
60498259,60456271,0.54534912109375,0.13421630859375,0.098388671875,0.821533203125,0,-0.02734375,-0.03515625,0.015625,6.428176445397233e-40,2.3877803533448088e-39,2.447478302366159e-37,811,60457337,1012.820068359375,31.93000030517578,3.577700614929199,812,60498256,257282706,-802947655,-23.201000213623047,0.13300000131130219,136.55123901367188,11,812
60546184,60509534,0.5438232421875,0.134765625,0.09564208984375,0.82275390625,0,-0.02734375,-0.03515625,0.015625,6.428176445397233e-40,2.3877803533448088e-39,2.447478302366159e-37,812,60510599,1012.810791015625,31.93000030517578,3.656970262527466,813,60546181,257282708,-802947657,-23.163999557495117,0.14399999380111694,136.55123901367188,11,813
60596188,60548295,0.5438232421875,0.134765625,0.09564208984375,0.82275390625,3,-0.06640625,-0.15234375,0.0078125,6.428176445397233e-40,2.3877803533448088e-39,2.447478302366159e-37,813,60549361,1012.840576171875,31.93000030517578,3.4085922241210938,814,60596186,257282710,-802947657,-23.132999420166016,0.12300000339746475,136.55123901367188,11,814
60643264,60601480,0.5438232421875,0.134765625,0.09564208984375,0.82275390625,0,-0.06640625,-0.15234375,0.0078125,nan,2.3877369130924147e-39,2.479637093187519e-37,814,60602545,1012.787109375,31.93000030517578,3.85250186920166,815,60643261,257282714,-802947657,-23.079999923706055,0.11900000274181366,136.55123901367188,11,815
60696189,60654373,0.5438232421875,0.134765625,0.09564208984375,0.82275390625,0,-0.06640625,-0.15234375,0.0078125,2.754980806831877e-40,2.3877453208832007e-39,2.4881980178696495e-37,815,60655439,1012.822265625,31.93000030517578,3.5618467330932617,816,60696186,257282714,-802947657,-23.05699920654297,0.10400000214576721,136.55123901367188,11,816
60749268,60706480,0.5438232421875,0.134765625,0.09564208984375,0.82275390625,0,-0.06640625,-0.15234375,0.0078125,nan,2.4795527910719054e-39,2.503803998607142e-37,816,60707546,1012.845947265625,31.93000030517578,3.3663151264190674,817,60749265,257282719,-802947660,-22.993000030517578,0.13300000131130219,136.55123901367188,11,817
60794186,60758349,0.5438232421875,0.134521484375,0.0953369140625,0.8228759765625,0,-0.06640625,-0.15234375,0.0078125,nan,2.4795527910719054e-39,2.503803998607142e-37,817,60759414,1012.817138671875,31.93000030517578,3.604123830795288,818,60794183,257282725,-802947664,-22.913999557495117,0.16699999570846558,136.55123901367188,11,818
60845356,60796480,0.5438232421875,0.134521484375,0.0953369140625,0.8228759765625,0,-0.06640625,-0.15234375,0.0078125,nan,2.479555593668834e-39,2.527355005325725e-37,818,60797546,1012.822021484375,31.940000534057617,3.5618467330932617,819,60845353,257282729,-802947665,-22.851999282836914,0.15600000321865082,136.55123901367188,11,819
60897456,60849349,0.54388427734375,0.1346435546875,0.09613037109375,0.82269287109375,0,-0.06640625,-0.15234375,0.0078125,nan,2.479555593668834e-39,2.527355005325725e-37,819,60850414,1012.788330078125,31.93000030517578,3.841932535171509,820,60897454,257282731,-802947665,-22.851999282836914,0.18000000715255737,136.55123901367188,11,820
60944096,60902504,0.54388427734375,0.1346435546875,0.09613037109375,0.82269287109375,3,0.0859375,0.03515625,-0.02734375,nan,2.479555593668834e-39,2.527355005325725e-37,820,60903570,1012.819580078125,31.93000030517578,3.5829854011535645,821,60944093,257282730,-802947665,-22.843000411987305,0.1459999978542328,136.55123901367188,11,821
60997577,60955271,0.54388427734375,0.1346435546875,0.09613037109375,0.82269287109375,3,0.09375,0.04296875,0.0078125,nan,2.479555593668834e-39,2.527355005325725e-37,821,60956337,1012.78857421875,31.93000030517578,3.841932535171509,822,60997574,257282729,-802947666,-22.874000549316406,0.14800000190734863,136.55123901367188,11,822
61044284,61007480,0.54388427734375,0.1346435546875,0.09613037109375,0.82269287109375,3,0.015625,-0.00390625,-0.01953125,nan,2.479555593668834e-39,2.527355005325725e-37,822,61008546,1012.840576171875,31.950000762939453,3.4085922241210938,823,61044281,257282722,-802947664,-22.93000030517578,0.07699999958276749,136.55123901367188,11,823
61094192,61046271,0.54400634765625,0.13433837890625,0.096435546875,0.8226318359375,0,0.015625,-0.00390625,-0.01953125,nan,2.479555593668834e-39,2.527355005325725e-37,823,61047337,1012.826171875,31.940000534057617,3.5301389694213867,824,61094189,257282723,-802947665,-22.950000762939453,0.08900000154972076,136.55123901367188,11,824
61193245,61157271,0.54400634765625,0.13433837890625,0.096435546875,0.8226318359375,3,0.015625,0.02734375,-0.01171875,nan,2.479555593668834e-39,2.527355005325725e-37,824,61158337,1012.805419921875,31.940000534057617,3.699247360229492,825,61193242,257282724,-802947664,-22.952999114990234,0.11299999803304672,136.55123901367188,11,825
61244260,61195582,0.54400634765625,0.13433837890625,0.096435546875,0.8226318359375,0,0.015625,0.02734375,-0.01171875,nan,2.479555593668834e-39,2.6009713793699507e-37,825,61196647,1012.818115234375,31.940000534057617,3.5935544967651367,826,61244257,257282720,-802947664,-23.013999938964844,0.08900000154972076,136.55123901367188,11,826
61297573,61249164,0.54400634765625,0.13433837890625,0.096435546875,0.8226318359375,0,0.015625,0.02734375,-0.01171875,nan,2.4795541923703697e-39,2.623662549350824e-37,826,61250230,1012.8193359375,31.940000534057617,3.5882699489593506,827,61297570,257282721,-802947665,-23.017000198364258,0.11699999868869781,136.55123901367188,11,827
61344213,61301582,0.54400634765625,0.13433837890625,0.096435546875,0.8226318359375,0,0.015625,0.02734375,-0.01171875,nan,2.387729906600093e-39,2.634402773404672e-37,827,61302647,1012.839599609375,31.950000762939453,3.419161558151245,828,61344210,257282726,-802947667,-22.95199966430664,0.14000000059604645,136.55123901367188,11,828
61396183,61354165,0.54400634765625,0.13433837890625,0.096435546875,0.8226318359375,0,0.015625,0.02734375,-0.01171875,1.401298464324817e-45,2.4795527910719054e-39,2.644604226224957e-37,828,61355230,1012.82080078125,31.940000534057617,3.572416067123413,829,61396180,257282729,-802947669,-22.875,0.1080000028014183,136.55123901367188,11,829
61444242,61407689,0.54400634765625,0.13433837890625,0.096435546875,0.8226318359375,0,0.015625,0.02734375,-0.01171875,nan,2.4795415806841908e-39,2.6609368642941097e-37,829,61408754,1012.8369140625,31.950000762939453,3.4402999877929688,830,61444239,257282734,-802947672,-22.80299949645996,0.125,136.55123901367188,11,830
61494184,61446087,0.54400634765625,0.13433837890625,0.096435546875,0.8226318359375,3,-0.03125,-0.08984375,-0.01171875,nan,2.4795415806841908e-39,2.6609368642941097e-37,830,61447152,1012.809326171875,31.93000030517578,3.667539596557617,831,61494182,257282738,-802947673,-22.738000869750977,0.12999999523162842,136.55123901367188,11,831
61547678,61499271,0.54400634765625,0.13433837890625,0.096435546875,0.8226318359375,3,0.0625,-0.01953125,-0.01171875,nan,2.4795415806841908e-39,2.6609368642941097e-37,831,61500337,1012.813232421875,31.950000762939453,3.635831594467163,832,61547676,257282743,-802947674,-22.66699981689453,0.12099999934434891,136.55123901367188,11,832
61594174,61551582,0.54400634765625,0.13433837890625,0.096435546875,0.8226318359375,0,0.0625,-0.01953125,-0.01171875,nan,2.3877229001077715e-39,2.6906531358402132e-37,832,61552648,1012.79833984375,31.950000762939453,3.7626631259918213,833,61594172,257282745,-802947674,-22.648000717163086,0.125,136.55123901367188,11,833
61646163,61604164,0.54400634765625,0.13433837890625,0.096435546875,0.8226318359375,0,0.0625,-0.01953125,-0.01171875,8.265236693173139e-40,2.4795527910719054e-39,2.700704145257368e-37,833,61605230,1012.81494140625,31.950000762939453,3.625262498855591,834,61646160,257282745,-802947674,-22.665000915527344,0.11800000071525574,136.55123901367188,11,834
61694209,61657689,0.54400634765625,0.13433837890625,0.096435546875,0.8226318359375,0,0.0625,-0.01953125,-0.01171875,3.673335768411789e-40,2.3877229001077715e-39,2.719107790352916e-37,834,61658754,1012.826904296875,31.950000762939453,3.5248541831970215,835,61694207,257282745,-802947674,-22.690000534057617,0.14399999380111694,136.55123901367188,11,835
61750188,61696164,0.54400634765625,0.13433837890625,0.096435546875,0.8226318359375,0,0.0625,-0.01953125,-0.01171875,nan,2.3877313078985574e-39,2.724282729529729e-37,835,61697230,1012.828125,31.950000762939453,3.514285087585449,836,61750185,257282745,-802947676,-22.719999313354492,0.14000000059604645,136.55123901367188,11,836
61795313,61753271,0.54400634765625,0.13433837890625,0.096435546875,0.8226318359375,3,0.0078125,-0.01953125,0.03125,nan,2.3877313078985574e-39,2.724282729529729e-37,836,61754337,1012.814697265625,31.950000762939453,3.625262498855591,837,61795310,257282738,-802947674,-22.80699920654297,0.09600000083446503,136.55123901367188,11,837
61848332,61805582,0.54400634765625,0.13433837890625,0.096435546875,0.8226318359375,0,0.0078125,-0.01953125,0.03125,4.591578626114555e-40,2.3877313078985574e-39,2.7467257015266008e-37,837,61806647,1012.82373046875,31.950000762939453,3.5512773990631104,838,61848329,257282736,-802947674,-22.841999053955078,0.09300000220537186,136.55123901367188,11,838
61894190,61858164,0.54400634765625,0.13433837890625,0.096435546875,0.8226318359375,0,0.0078125,-0.01953125,0.03125,nan,2.4795499884749768e-39,2.7573197421246507e-37,838,61859230,1012.8447265625,31.950000762939453,3.3715996742248535,839,61894187,257282735,-802947674,-22.863000869750977,0.06400000303983688,136.55123901367188,11,839
61945277,61896664,0.54400634765625,0.13433837890625,0.096435546875,0.8226318359375,0,0.0078125,-0.01953125,0.03125,nan,2.4795233638041546e-39,2.770283210270058e-37,839,61897730,1012.831787109375,31.950000762939453,3.482577085494995,840,61945274,257282729,-802947672,-22.944000244140625,0.032999999821186066,136.55123901367188,11,840
61992281,61950141,0.5447998046875,0.13836669921875,0.09600830078125,0.82147216796875,0,0.0078125,-0.01953125,0.03125,nan,2.4795233638041546e-39,2.770283210270058e-37,840,61951206,1012.83740234375,31.950000762939453,3.4350154399871826,841,61992278,257282726,-802947671,-23.027000427246094,0.026000000536441803,136.55123901367188,11,841
62046264,62003713,0.5447998046875,0.13836669921875,0.09600830078125,0.82147216796875,3,-0.18359375,-0.05078125,0.02734375,nan,2.4795233638041546e-39,2.770283210270058e-37,841,62004778,1012.802978515625,31.950000762939453,3.720386028289795,842,62046262,257282723,-802947671,-23.093000411987305,0.03200000151991844,136.55123901367188,11,842
62093454,62057140,0.5430908203125,0.140380859375,0.09564208984375,0.82232666015625,0,-0.18359375,-0.05078125,0.02734375,nan,2.4795233638041546e-39,2.770283210270058e-37,842,62058206,1012.789794921875,31.950000762939453,3.8313634395599365,843,62093451,257282728,-802947671,-23.006000518798828,0.06400000303983688,136.55123901367188,11,843
62144180,62095665,0.5419921875,0.1429443359375,0.0968017578125,0.82244873046875,0,-0.18359375,-0.05078125,0.02734375,nan,2.4795233638041546e-39,2.770283210270058e-37,843,62096730,1012.806396484375,31.950000762939453,3.693962812423706,844,62144177,257282728,-802947671,-23.01799964904785,0.07699999958276749,136.55123901367188,11,844
62243385,62207063,0.5419921875,0.1429443359375,0.0968017578125,0.82244873046875,3,0.14453125,-0.0234375,0.05859375,nan,2.4795233638041546e-39,2.770283210270058e-37,844,62208128,1012.832763671875,31.950000762939453,3.472007989883423,845,62243383,257282730,-802947676,-23.05299949645996,0.12600000202655792,136.55123901367188,11,845
62294182,62245767,0.5419921875,0.1429443359375,0.0968017578125,0.82244873046875,0,0.14453125,-0.0234375,0.05859375,nan,2.387759333867844e-39,2.8353534573439368e-37,845,62246832,1012.8046875,31.959999084472656,3.7098166942596436,846,62294179,257282734,-802947677,-22.975000381469727,0.11999999731779099,136.55123901367188,11,846
62346261,62297956,0.5419921875,0.1429443359375,0.0968017578125,0.82244873046875,0,0.14453125,-0.0234375,0.05859375,nan,2.479495337834868e-39,2.857956962092882e-37,846,62299021,1012.829833984375,31.959999084472656,3.4984309673309326,847,62346259,257282735,-802947677,-22.913000106811523,0.050999999046325684,136.55123901367188,11,847
62394179,62351898,0.5419921875,0.1429443359375,0.0968017578125,0.82244873046875,0,0.14453125,-0.0234375,0.05859375,5.969350690521823e-39,2.479528968998012e-39,2.869003678146847e-37,847,62352963,1012.794921875,31.950000762939453,3.789086103439331,848,62394176,257282731,-802947676,-22.959999084472656,0.024000000208616257,136.55123901367188,11,848
62446260,62403956,0.5419921875,0.1429443359375,0.0968017578125,0.82244873046875,0,0.14453125,-0.0234375,0.05859375,nan,2.3877439195847364e-39,2.8820485337070626e-37,848,62405022,1012.8271484375,31.950000762939453,3.5195696353912354,849,62446257,257282734,-802947678,-22.941999435424805,0.03400000184774399,136.55123901367188,11,849
62493309,62456873,0.541259765625,0.1435546875,0.097900390625,0.82269287109375,0,0.14453125,-0.0234375,0.05859375,nan,2.3877439195847364e-39,2.8820485337070626e-37,849,62457939,1012.86376953125,31.959999084472656,3.2183451652526855,850,62493306,257282730,-802947677,-23.000999450683594,0.04100000113248825,136.55123901367188,11,850
62543375,62494956,0.541259765625,0.1435546875,0.097900390625,0.82269287109375,0,0.14453125,-0.0234375,0.05859375,7.071394861297754e-39,2.3877495247785937e-39,2.905791238055565e-37,850,62496021,1012.80126953125,31.959999084472656,3.7362399101257324,851,62543372,257282728,-802947677,-23.038000106811523,0.00800000037997961,136.55123901367188,11,851
62597588,62548664,0.54083251953125,0.1402587890625,0.096435546875,0.82373046875,0,0.14453125,-0.0234375,0.05859375,7.071394861297754e-39,2.3877495247785937e-39,2.905791238055565e-37,851,62549730,1012.823486328125,31.959999084472656,3.5512773990631104,852,62597585,257282727,-802947676,-23.04800033569336,0.03400000184774399,136.55123901367188,11,852
62643370,62601165,0.54083251953125,0.1402587890625,0.096435546875,0.82373046875,0,0.14453125,-0.0234375,0.05859375,4.040803869905543e-39,2.4795219625056903e-39,2.923628085948263e-37,852,62602230,1012.808349609375,31.950000762939453,3.6781086921691895,853,62643367,257282724,-802947675,-23.08099937438965,0.06400000303983688,136.55123901367188,11,853
62696301,62653689,0.54083251953125,0.1402587890625,0.096435546875,0.82373046875,0,0.14453125,-0.0234375,0.05859375,3.6738122098896594e-40,2.4795401793857265e-39,2.940594335131045e-37,853,62654754,1012.839599609375,31.959999084472656,3.419161558151245,854,62696298,257282731,-802947678,-23.041000366210938,0.02199999988079071,136.55123901367188,11,854
62748473,62706140,0.54241943359375,0.13763427734375,0.09710693359375,0.82305908203125,0,0.14453125,-0.0234375,0.05859375,3.6738122098896594e-40,2.4795401793857265e-39,2.940594335131045e-37,854,62707206,1012.82666015625,31.950000762939453,3.5248541831970215,855,62748470,257282737,-802947682,-22.972999572753906,0.06400000303983688,136.55123901367188,11,855
62796368,62759689,0.54241943359375,0.13763427734375,0.09710693359375,0.82305908203125,0,0.14453125,-0.0234375,0.05859375,1.2857277747780921e-39,2.4795457845795838e-39,2.9652049476964117e-37,855,62760754,1012.833251953125,31.959999084472656,3.472007989883423,856,62796365,257282740,-802947683,-22.881000518798828,0.039000000804662704,136.55123901367188,11,856
62848251,62800087,0.54241943359375,0.13763427734375,0.09710693359375,0.82305908203125,3,-0.20703125,-0.00390625,-0.03515625,1.2857277747780921e-39,2.4795457845795838e-39,2.9652049476964117e-37,856,62801152,1012.86376953125,31.959999084472656,3.2183451652526855,857,62848248,257282738,-802947682,-22.9060001373291,0.019999999552965164,136.55123901367188,11,857
62896229,62854271,0.54241943359375,0.13763427734375,0.09710693359375,0.82305908203125,3,-0.0703125,-0.03515625,0.00390625,1.2857277747780921e-39,2.4795457845795838e-39,2.9652049476964117e-37,857,62855337,1012.837646484375,31.959999084472656,3.4350154399871826,858,62896227,257282737,-802947683,-22.945999145507812,0.02199999988079071,136.55123901367188,11,858
62944223,62907582,0.54241943359375,0.13763427734375,0.09710693359375,0.82305908203125,0,-0.0703125,-0.03515625,0.00390625,1.7448562101217968e-39,2.3877579325693796e-39,2.9941903019635234e-37,858,62908647,1012.843994140625,31.959999084472656,3.382169008255005,859,62944220,257282737,-802947683,-22.948999404907227,0.019999999552965164,136.55123901367188,11,859
62994200,62946164,0.54241943359375,0.13763427734375,0.09710693359375,0.82305908203125,0,-0.0703125,-0.03515625,0.00390625,5.509765431878748e-40,2.3877397156893434e-39,3.006886066050306e-37,859,62947230,1012.810546875,31.950000762939453,3.656970262527466,860,62994197,257282736,-802947684,-22.975000381469727,0.027000000700354576,136.55123901367188,11,860
63042498,62999665,0.54095458984375,0.136962890625,0.09503173828125,0.8243408203125,0,-0.0703125,-0.03515625,0.00390625,5.509765431878748e-40,2.3877397156893434e-39,3.006886066050306e-37,860,63000730,1012.821044921875,31.950000762939453,3.572416067123413,861,63042495,257282735,-802947685,-23.014999389648438,0.061000000685453415,136.55123901367188,11,861
63094196,63052164,0.54095458984375,0.136962890625,0.09503173828125,0.8243408203125,0,-0.0703125,-0.03515625,0.00390625,6.152936203631481e-39,2.3877411169878077e-39,3.0247433168486445e-37,861,63053230,1012.81103515625,31.950000762939453,3.656970262527466,862,63094193,257282734,-802947684,-23.020999908447266,0.017999999225139618,136.55123901367188,11,862
63142466,63105689,0.54095458984375,0.136962890625,0.09503173828125,0.8243408203125,0,-0.0703125,-0.03515625,0.00390625,1.010180648648653e-39,2.4795303702964762e-39,3.0427552709974443e-37,862,63106754,1012.807373046875,31.950000762939453,3.6833934783935547,863,63142463,257282731,-802947684,-23.082000732421875,0.006000000052154064,136.55123901367188,11,863
63192275,63144140,0.54150390625,0.13623046875,0.093017578125,0.8243408203125,0,-0.0703125,-0.03515625,0.00390625,1.010180648648653e-39,2.4795303702964762e-39,3.0427552709974443e-37,863,63145206,1012.85009765625,31.959999084472656,3.329322576522827,864,63192272,257282728,-802947684,-23.170000076293945,0.017999999225139618,136.55123901367188,11,864
63292266,63255665,0.54168701171875,0.13629150390625,0.0926513671875,0.82427978515625,0,-0.0703125,-0.03515625,0.00390625,1.010180648648653e-39,2.4795303702964762e-39,3.0427552709974443e-37,864,63256730,1012.814697265625,31.950000762939453,3.625262498855591,865,63292263,257282727,-802947684,-23.17099952697754,0.017999999225139618,136.55123901367188,11,865
63343289,63295164,0.54168701171875,0.13629150390625,0.0926513671875,0.82427978515625,0,-0.0703125,-0.03515625,0.00390625,nan,2.4795527910719054e-39,3.0691837600346103e-37,865,63296230,1012.82470703125,31.950000762939453,3.540708065032959,866,63343286,257282728,-802947683,-23.145000457763672,0.0820000022649765,136.55123901367188,11,866
63396179,63348558,0.54217529296875,0.135986328125,0.09320068359375,0.82391357421875,0,-0.0703125,-0.03515625,0.00390625,nan,2.4795527910719054e-39,3.0691837600346103e-37,866,63349623,1012.84521484375,31.950000762939453,3.3715996742248535,867,63396176,257282726,-802947683,-23.18899917602539,0.052000001072883606,136.55123901367188,11,867
63443454,63401295,0.54217529296875,0.135986328125,0.09320068359375,0.82391357421875,3,0.03125,-0.05859375,-0.01953125,nan,2.4795527910719054e-39,3.0691837600346103e-37,867,63402361,1012.779541015625,31.950000762939453,3.9159176349639893,868,63443451,257282729,-802947685,-23.18000030517578,0.054999999701976776,136.55123901367188,11,868
63496290,63453480,0.54217529296875,0.135986328125,0.09320068359375,0.82391357421875,0,0.03125,-0.05859375,-0.01953125,nan,2.3877495247785937e-39,3.1209488463455405e-37,868,63454546,1012.838623046875,31.959999084472656,3.4244461059570312,869,63496287,257282731,-802947686,-23.163000106811523,0.054999999701976776,136.55123901367188,11,869
63542469,63506349,0.541015625,0.1365966796875,0.09356689453125,0.8245849609375,0,0.03125,-0.05859375,-0.01953125,nan,2.3877495247785937e-39,3.1209488463455405e-37,869,63507414,1012.798095703125,31.950000762939453,3.7626631259918213,870,63542466,257282735,-802947687,-23.152000427246094,0.10000000149011612,136.55123901367188,11,870
63593268,63544480,0.5416259765625,0.136474609375,0.0938720703125,0.82415771484375,0,0.03125,-0.05859375,-0.01953125,nan,2.3877495247785937e-39,3.1209488463455405e-37,870,63545545,1012.83984375,31.950000762939453,3.41387677192688,871,63593265,257282733,-802947687,-23.177000045776367,0.05000000074505806,136.55123901367188,11,871
63646321,63597349,0.54168701171875,0.1363525390625,0.09368896484375,0.82415771484375,0,0.03125,-0.05859375,-0.01953125,nan,2.3877495247785937e-39,3.1209488463455405e-37,871,63598414,1012.789306640625,31.950000762939453,3.8366479873657227,872,63646318,257282736,-802947687,-23.16900062561035,0.11400000005960464,136.55123901367188,11,872
63693294,63650504,0.54168701171875,0.1363525390625,0.09368896484375,0.82415771484375,3,-0.015625,-0.01953125,0.015625,nan,2.3877495247785937e-39,3.1209488463455405e-37,872,63651570,1012.824462890625,31.950000762939453,3.540708065032959,873,63693291,257282734,-802947687,-23.194000244140625,0.10400000214576721,136.55123901367188,11,873
63750652,63702271,0.54168701171875,0.1361083984375,0.09307861328125,0.82421875,0,-0.015625,-0.01953125,0.015625,nan,2.3877495247785937e-39,3.1209488463455405e-37,873,63703337,1012.861328125,31.959999084472656,3.234199047088623,874,63750649,257282734,-802947689,-23.17099952697754,0.05400000140070915,136.55123901367188,11,874
63797588,63754480,0.54168701171875,0.1361083984375,0.09307861328125,0.82421875,0,-0.015625,-0.01953125,0.015625,6.42868091284439e-40,2.4795401793857265e-39,3.1874022310556463e-37,874,63755545,1012.841796875,31.950000762939453,3.3980228900909424,875,63797586,257282734,-802947690,-23.18000030517578,0.0689999982714653,136.55123901367188,11,875
63848237,63806325,0.54217529296875,0.13623046875,0.093505859375,0.8238525390625,0,-0.015625,-0.01953125,0.015625,6.42868091284439e-40,2.4795401793857265e-39,3.1874022310556463e-37,875,63807390,1012.836181640625,31.959999084472656,3.445584774017334,876,63848234,257282734,-802947692,-23.18000030517578,0.0860000029206276,136.55123901367188,10,876
63896148,63859480,0.54217529296875,0.13623046875,0.093505859375,0.8238525390625,0,-0.015625,-0.01953125,0.015625,4.591536587160625e-40,2.479425272911652e-39,3.2107207343330284e-37,876,63860546,1012.805908203125,31.959999084472656,3.699247360229492,877,63896145,257282733,-802947693,-23.194000244140625,0.0860000029206276,136.55123901367188,10,877
63946270,63898349,0.5457763671875,0.1370849609375,0.09429931640625,0.82122802734375,0,-0.015625,-0.01953125,0.015625,4.591536587160625e-40,2.479425272911652e-39,3.2107207343330284e-37,877,63899415,1012.785400390625,31.950000762939453,3.8683557510375977,878,63946267,257282734,-802947695,-23.20199966430664,0.10999999940395355,136.55123901367188,10,878
63993335,63951271,0.5457763671875,0.1370849609375,0.09429931640625,0.82122802734375,3,-0.26171875,-0.19921875,0.1171875,4.591536587160625e-40,2.479425272911652e-39,3.2107207343330284e-37,878,63952337,1012.7998046875,31.950000762939453,3.7468090057373047,879,63993332,257282734,-802947696,-23.195999145507812,0.11599999666213989,136.55123901367188,10,879
64047604,64004582,0.5457763671875,0.1370849609375,0.09429931640625,0.82122802734375,0,-0.26171875,-0.19921875,0.1171875,-2.3394110517911425e+38,2.3877495247785937e-39,3.2403959758600965e-37,879,64005647,1012.81982421875,31.950000762939453,3.5829854011535645,880,64047601,257282734,-802947696,-23.222999572753906,0.10199999809265137,136.55123901367188,10,880
64094160,64058272,0.5457763671875,0.1370849609375,0.09429931640625,0.82122802734375,3,0.33984375,0.16015625,-0.2578125,-2.3394110517911425e+38,2.3877495247785937e-39,3.2403959758600965e-37,880,64059337,1012.79296875,31.950000762939453,3.8049402236938477,881,64094158,257282735,-802947696,-23.22800064086914,0.11800000071525574,136.55123901367188,10,881
64145465,64096480,0.54644775390625,0.1439208984375,0.0965576171875,0.8193359375,0,0.33984375,0.16015625,-0.2578125,-2.3394110517911425e+38,2.3877495247785937e-39,3.2403959758600965e-37,881,64097545,1012.823486328125,31.959999084472656,3.5512773990631104,882,64145462,257282737,-802947696,-23.194000244140625,0.11100000143051147,136.55123901367188,10,882
64192856,64150271,0.54644775390625,0.1439208984375,0.0965576171875,0.8193359375,3,0.171875,-0.0703125,-0.02734375,-2.3394110517911425e+38,2.3877495247785937e-39,3.2403959758600965e-37,882,64151337,1012.84033203125,31.959999084472656,3.4085922241210938,883,64192853,257282738,-802947697,-23.187000274658203,0.08699999749660492,136.55123901367188,10,883
64246453,64203558,0.54632568359375,0.144287109375,0.0958251953125,0.8194580078125,0,0.171875,-0.0703125,-0.02734375,-2.3394110517911425e+38,2.3877495247785937e-39,3.2403959758600965e-37,883,64204623,1012.81103515625,31.959999084472656,3.656970262527466,884,64246450,257282737,-802947698,-23.200000762939453,0.0820000022649765,136.55123901367188,10,884
64346462,64310295,0.54632568359375,0.144287109375,0.0958251953125,0.8194580078125,3,-0.00390625,0.0859375,0.05859375,-2.3394110517911425e+38,2.3877495247785937e-39,3.2403959758600965e-37,884,64311361,1012.822021484375,31.959999084472656,3.5618467330932617,885,64346459,257282739,-802947700,-23.17300033569336,0.0729999989271164,136.55123901367188,10,885
64396358,64348534,0.54632568359375,0.144287109375,0.0958251953125,0.8194580078125,0,-0.00390625,0.0859375,0.05859375,1.5611908229996717e-39,2.4795387780872622e-39,3.3077988804096288e-37,885,64349599,1012.794189453125,31.959999084472656,3.7943708896636963,886,64396355,257282743,-802947702,-23.097999572753906,0.09200000017881393,136.55123901367188,10,886
64444380,64402295,0.54632568359375,0.144287109375,0.0958251953125,0.8194580078125,3,-0.03515625,-0.015625,0.01171875,1.5611908229996717e-39,2.4795387780872622e-39,3.3077988804096288e-37,886,64403361,1012.810546875,31.959999084472656,3.656970262527466,887,64444377,257282741,-802947703,-23.1299991607666,0.09200000017881393,136.55123901367188,10,887
64492772,64455558,0.5465087890625,0.1463623046875,0.09515380859375,0.819091796875,0,-0.03515625,-0.015625,0.01171875,1.5611908229996717e-39,2.4795387780872622e-39,3.3077988804096288e-37,887,64456623,1012.819580078125,31.959999084472656,3.5829854011535645,888,64492769,257282743,-802947704,-23.125999450683594,0.10400000214576721,136.55123901367188,10,888
64544377,64496296,0.5465087890625,0.1463623046875,0.09515380859375,0.819091796875,3,-0.04296875,-0.015625,-0.03515625,1.5611908229996717e-39,2.4795387780872622e-39,3.3077988804096288e-37,888,64497361,1012.806396484375,31.959999084472656,3.693962812423706,889,64544375,257282743,-802947705,-23.115999221801758,0.0989999994635582,136.55123901367188,10,889
64597854,64549271,0.5465087890625,0.1463623046875,0.09515380859375,0.819091796875,3,0.03515625,-0.08203125,0.04296875,1.5611908229996717e-39,2.4795387780872622e-39,3.3077988804096288e-37,889,64550337,1012.825439453125,31.959999084472656,3.535423517227173,890,64597851,257282741,-802947704,-23.149999618530273,0.06800000369548798,136.55123901367188,10,890
64645562,64602582,0.5465087890625,0.1463623046875,0.09515380859375,0.819091796875,0,0.03515625,-0.08203125,0.04296875,nan,2.3877243014062358e-39,3.3745318521893367e-37,890,64603647,1012.8359375,31.969999313354492,3.445584774017334,891,64645559,257282744,-802947706,-23.170000076293945,0.11299999803304672,136.55123901367188,10,891
64697564,64655271,0.5465087890625,0.1463623046875,0.09515380859375,0.819091796875,0,0.03515625,-0.08203125,0.04296875,nan,2.4795359754903335e-39,3.3890784512877997e-37,891,64656337,1012.798828125,31.959999084472656,3.757378339767456,892,64697561,257282742,-802947706,-23.211000442504883,0.10100000351667404,136.55123901367188,10,892
64751489,64708480,0.5465087890625,0.1463623046875,0.09515380859375,0.819091796875,3,-0.00390625,-0.0078125,0.00390625,nan,2.4795359754903335e-39,3.3890784512877997e-37,892,64709546,1012.850341796875,31.969999313354492,3.329322576522827,893,64751486,257282741,-802947707,-23.243999481201172,0.10000000149011612,136.55123901367188,10,893
64796423,64760295,0.5465087890625,0.1463623046875,0.09515380859375,0.819091796875,3,-0.04296875,0.03125,0.00390625,nan,2.4795359754903335e-39,3.3890784512877997e-37,893,64761361,1012.799560546875,31.969999313354492,3.75209379196167,894,64796420,257282739,-802947706,-23.270000457763672,0.0729999989271164,136.55123901367188,10,894
64847508,64798534,0.54766845703125,0.14642333984375,0.0950927734375,0.81829833984375,0,-0.04296875,0.03125,0.00390625,nan,2.4795359754903335e-39,3.3890784512877997e-37,894,64799599,1012.804443359375,31.969999313354492,3.7098166942596436,895,64847505,257282741,-802947708,-23.214000701904297,0.07599999755620956,136.55123901367188,10,895
64892442,64850271,0.54766845703125,0.14642333984375,0.0950927734375,0.81829833984375,3,-0.03515625,-0.08203125,0.00390625,nan,2.4795359754903335e-39,3.3890784512877997e-37,895,64851337,1012.828857421875,31.969999313354492,3.509000301361084,896,64892439,257282744,-802947711,-23.18199920654297,0.10899999737739563,136.55123901367188,10,896
64946447,64903582,0.54766845703125,0.14642333984375,0.0950927734375,0.81829833984375,0,-0.03515625,-0.08203125,0.00390625,nan,2.3877271040031645e-39,3.4422499928414035e-37,896,64904648,1012.84228515625,31.979999542236328,3.3927383422851562,897,64946444,257282741,-802947711,-23.19700050354004,0.11400000005960464,136.55123901367188,10,897
64992851,64956271,0.54766845703125,0.14642333984375,0.0950927734375,0.81829833984375,0,-0.03515625,-0.08203125,0.00390625,4.59190092476135e-40,2.3877369130924147e-39,3.4565499634101453e-37,897,64957337,1012.8095703125,31.969999313354492,3.667539596557617,898,64992848,257282740,-802947711,-23.2450008392334,0.0989999994635582,136.55123901367188,10,898
65044370,64995480,0.54766845703125,0.14642333984375,0.0950927734375,0.81829833984375,0,-0.03515625,-0.08203125,0.00390625,9.183549615799121e-41,2.4795541923703697e-39,3.464883989844932e-37,898,64996545,1012.762939453125,31.969999313354492,4.053318023681641,899,65044367,257282739,-802947711,-23.281999588012695,0.08799999952316284,136.55123901367188,10,899
65096370,65048271,0.54766845703125,0.14642333984375,0.0950927734375,0.81829833984375,3,-0.02734375,0.109375,0.00390625,9.183549615799121e-41,2.4795541923703697e-39,3.464883989844932e-37,899,65049337,1012.781494140625,31.979999542236328,3.9000637531280518,900,65096367,257282739,-802947709,-23.31599998474121,0.05700000002980232,136.55123901367188,10,900
65144337,65101582,0.54766845703125,0.14642333984375,0.0950927734375,0.81829833984375,0,-0.02734375,0.109375,0.00390625,nan,2.4795009430287254e-39,3.4863074891830386e-37,900,65102648,1012.81982421875,31.979999542236328,3.5829854011535645,901,65144334,257282736,-802947707,-23.33099937438965,0.013000000268220901,136.55123901367188,10,901
65196393,65154271,0.54766845703125,0.14642333984375,0.0950927734375,0.81829833984375,3,-0.0703125,-0.18359375,0.04296875,nan,2.4795009430287254e-39,3.4863074891830386e-37,901,65155337,1012.807373046875,31.979999542236328,3.6833934783935547,902,65196390,257282734,-802947705,-23.364999771118164,0.041999999433755875,136.55123901367188,10,902
65244368,65207480,0.54766845703125,0.14642333984375,0.0950927734375,0.81829833984375,0,-0.0703125,-0.18359375,0.04296875,nan,2.3877369130924147e-39,3.5128072762860695e-37,902,65208545,1012.822021484375,31.979999542236328,3.5618467330932617,903,65244366,257282735,-802947706,-23.388999938964844,0.04100000113248825,136.55123901367188,10,903
65294252,65246271,0.54766845703125,0.14642333984375,0.0950927734375,0.81829833984375,3,0.06640625,0.015625,0.05859375,nan,2.3877369130924147e-39,3.5128072762860695e-37,903,65247337,1012.848876953125,31.989999771118164,3.3398919105529785,904,65294249,257282739,-802947709,-23.391000747680664,0.06300000101327896,136.55123901367188,10,904
65393830,65357271,0.54766845703125,0.14642333984375,0.0950927734375,0.81829833984375,3,-0.3671875,0.01171875,-0.08203125,nan,2.3877369130924147e-39,3.5128072762860695e-37,904,65358337,1012.81103515625,31.989999771118164,3.656970262527466,905,65393827,257282736,-802947709,-23.464000701904297,0.052000001072883606,136.55123901367188,10,905
65445466,65396582,0.54766845703125,0.14642333984375,0.0950927734375,0.81829833984375,0,-0.3671875,0.01171875,-0.08203125,nan,2.3877271040031645e-39,3.5426876679083147e-37,905,65397647,1012.801025390625,31.979999542236328,3.7362399101257324,906,65445463,257282735,-802947707,-23.488000869750977,0.08299999684095383,136.55123901367188,10,906
65492460,65450164,0.54766845703125,0.14642333984375,0.0950927734375,0.81829833984375,0,-0.3671875,0.01171875,-0.08203125,nan,2.3877453208832007e-39,3.5653514845431643e-37,906,65451230,1012.831787109375,31.989999771118164,3.482577085494995,907,65492458,257282735,-802947709,-23.490999221801758,0.032999999821186066,136.55123901367188,10,907
65546444,65503582,0.54766845703125,0.14642333984375,0.0950927734375,0.81829833984375,0,-0.3671875,0.01171875,-0.08203125,1.7448772295987617e-39,2.479547185878048e-39,3.576215022861873e-37,907,65504647,1012.785400390625,31.979999542236328,3.8683557510375977,908,65546441,257282737,-802947707,-23.454999923706055,0.06300000101327896,136.55123901367188,10,908
65592752,65556271,0.54766845703125,0.14642333984375,0.0950927734375,0.81829833984375,0,-0.3671875,0.01171875,-0.08203125,nan,2.479551389773441e-39,3.5909461449421185e-37,908,65557337,1012.803466796875,31.989999771118164,3.720386028289795,909,65592749,257282734,-802947705,-23.452999114990234,0.0820000022649765,136.55123901367188,10,909
65644290,65595480,0.54766845703125,0.14642333984375,0.0950927734375,0.81829833984375,3,0.015625,0.05859375,-0.06640625,nan,2.479551389773441e-39,3.5909461449421185e-37,909,65596545,1012.82470703125,31.989999771118164,3.540708065032959,910,65644287,257282738,-802947708,-23.399999618530273,0.04399999976158142,136.55123901367188,10,910
65697507,65649271,0.54766845703125,0.14642333984375,0.0950927734375,0.81829833984375,3,-0.015625,-0.05078125,0.01171875,nan,2.479551389773441e-39,3.5909461449421185e-37,910,65650337,1012.813720703125,31.989999771118164,3.630547046661377,911,65697504,257282749,-802947712,-23.270000457763672,0.041999999433755875,136.55123901367188,10,911
65750688,65701582,0.54766845703125,0.14642333984375,0.0950927734375,0.81829833984375,0,-0.015625,-0.05078125,0.01171875,2.2959014169344235e-39,2.4795219625056903e-39,3.620819810331735e-37,911,65702647,1012.779541015625,31.989999771118164,3.9159176349639893,912,65750686,257282750,-802947714,-23.302000045776367,0.06700000166893005,136.55123901367188,10,912
65796339,65754165,0.54766845703125,0.14642333984375,0.0950927734375,0.81829833984375,0,-0.015625,-0.05078125,0.01171875,1.7449010516726552e-39,2.3877929650309877e-39,3.630973282692601e-37,912,65755230,1012.8203125,31.989999771118164,3.577700614929199,913,65796336,257282750,-802947713,-23.291000366210938,0.06400000303983688,136.55123901367188,10,913
65844274,65807689,0.54766845703125,0.14642333984375,0.0950927734375,0.81829833984375,0,-0.015625,-0.05078125,0.01171875,3.6734058333350052e-40,2.479542981982655e-39,3.6484749399926324e-37,913,65808754,1012.8076171875,31.989999771118164,3.6833934783935547,914,65844271,257282742,-802947711,-23.4060001373291,0.03999999910593033,136.55123901367188,10,914
65894337,65846087,0.54766845703125,0.14642333984375,0.0950927734375,0.81829833984375,3,0.20703125,-0.1328125,-0.1171875,3.6734058333350052e-40,2.479542981982655e-39,3.6484749399926324e-37,914,65847152,1012.850341796875,31.989999771118164,3.329322576522827,915,65894334,257282735,-802947708,-23.48200035095215,0.06599999964237213,136.55123901367188,10,915
65947596,65899271,0.54766845703125,0.14642333984375,0.0950927734375,0.81829833984375,3,-0.18359375,0.06640625,-0.234375,3.6734058333350052e-40,2.479542981982655e-39,3.6484749399926324e-37,915,65900337,1012.828125,32.0,3.514285087585449,916,65947593,257282734,-802947708,-23.55699920654297,0.0689999982714653,136.55123901367188,10,916
65994336,65951582,0.54766845703125,0.14642333984375,0.0950927734375,0.81829833984375,0,-0.18359375,0.06640625,-0.234375,1.6805643563188813e-38,2.3877621364647726e-39,3.677199989057011e-37,916,65952648,1012.817626953125,32.0,3.598839282989502,917,65994333,257282734,-802947713,-23.628999710083008,0.054999999701976776,136.55123901367188,10,917
66046358,66004164,0.54766845703125,0.14642333984375,0.0950927734375,0.81829833984375,0,-0.18359375,0.06640625,-0.234375,nan,2.3877929650309877e-39,3.6870664754923836e-37,917,66005230,1012.809814453125,31.989999771118164,3.667539596557617,918,66046355,257282737,-802947713,-23.554000854492188,0.03500000014901161,136.55123901367188,10,918
66094421,66057689,0.54766845703125,0.14642333984375,0.0950927734375,0.81829833984375,0,-0.18359375,0.06640625,-0.234375,nan,2.4795443832811195e-39,3.7045746348172893e-37,918,66058754,1012.822509765625,31.989999771118164,3.5618467330932617,919,66094418,257282748,-802947717,-23.410999298095703,0.0689999982714653,136.55123901367188,10,919
66144265,66096140,0.54559326171875,0.14453125,0.1014404296875,0.8192138671875,0,-0.18359375,0.06640625,-0.234375,nan,2.4795443832811195e-39,3.7045746348172893e-37,919,66097206,1012.8134765625,31.989999771118164,3.635831594467163,920,66144263,257282752,-802947720,-23.393999099731445,0.1120000034570694,136.55123901367188,10,920
66196334,66148272,0.54559326171875,0.14453125,0.1014404296875,0.8192138671875,3,-0.125,-0.20703125,0.04296875,nan,2.4795443832811195e-39,3.7045746348172893e-37,920,66149337,1012.83984375,31.989999771118164,3.41387677192688,921,66196331,257282749,-802947720,-23.45400047302246,0.10499999672174454,136.55123901367188,10,921
66244354,66201582,0.54559326171875,0.14453125,0.1014404296875,0.8192138671875,0,-0.125,-0.20703125,0.04296875,-2.67173245124819e+38,2.4795443832811195e-39,3.7332931818567935e-37,921,66202647,1012.849365234375,32.0,3.3346073627471924,922,66244351,257282746,-802947721,-23.514999389648438,0.09600000083446503,136.55123901367188,10,922
66296543,66254271,0.54559326171875,0.14453125,0.1014404296875,0.8192138671875,3,0.21875,-0.73046875,0.36328125,-2.67173245124819e+38,2.4795443832811195e-39,3.7332931818567935e-37,922,66255337,1012.848876953125,32.0,3.3398919105529785,923,66296540,257282749,-802947723,-23.458999633789062,0.1080000028014183,136.55123901367188,10,923
66397527,66360585,0.53704833984375,0.15771484375,0.1044921875,0.82208251953125,0,0.21875,-0.73046875,0.36328125,-2.67173245124819e+38,2.4795443832811195e-39,3.7332931818567935e-37,923,66361651,1012.805908203125,31.989999771118164,3.699247360229492,924,66397524,257282752,-802947725,-23.47599983215332,0.1420000046491623,136.55123901367188,10,924
66443752,66413272,0.533203125,0.16357421875,0.1060791015625,0.8232421875,0,0.21875,-0.73046875,0.36328125,-2.67173245124819e+38,2.4795443832811195e-39,3.7332931818567935e-37,924,66414337,1012.820556640625,31.989999771118164,3.577700614929199,925,66443749,257282748,-802947724,-23.506000518798828,0.08900000154972076,136.55123901367188,10,925
66494340,66445558,0.533203125,0.16357421875,0.1060791015625,0.8232421875,0,0.21875,-0.73046875,0.36328125,1.3316778928516136e-38,2.4792893469606123e-39,3.821226566259087e-37,925,66446623,1012.8427734375,32.0,3.3927383422851562,926,66494338,257282747,-802947725,-23.503999710083008,0.08699999749660492,136.55123901367188,10,926
66545371,66497271,0.533203125,0.16357421875,0.1060791015625,0.8232421875,3,-0.21875,-0.375,0.3125,1.3316778928516136e-38,2.4792893469606123e-39,3.821226566259087e-37,926,66498337,1012.843505859375,32.0,3.382169008255005,927,66545368,257282747,-802947726,-23.488000869750977,0.09399999678134918,136.55123901367188,10,927
66592526,66549480,0.53125,0.2010498046875,0.15948486328125,0.807373046875,0,-0.21875,-0.375,0.3125,1.3316778928516136e-38,2.4792893469606123e-39,3.821226566259087e-37,927,66550545,1012.828125,32.0,3.514285087585449,928,66592523,257282746,-802947726,-23.50200080871582,0.07000000029802322,136.55123901367188,10,928
66644520,66602272,0.53125,0.2010498046875,0.15948486328125,0.807373046875,3,0.13671875,0.1171875,0.0,1.3316778928516136e-38,2.4792893469606123e-39,3.821226566259087e-37,928,66603337,1012.8076171875,32.0099983215332,3.6833934783935547,929,66644517,257282743,-802947724,-23.552000045776367,0.04100000113248825,136.55123901367188,10,929
66692955,66655586,0.53125,0.2010498046875,0.15948486328125,0.807373046875,3,0.0078125,0.08203125,-0.296875,1.3316778928516136e-38,2.4792893469606123e-39,3.821226566259087e-37,929,66656652,1012.826904296875,32.0,3.5248541831970215,930,66692952,257282739,-802947723,-23.635000228881836,0.02500000037252903,136.55123901367188,10,930
66749408,66695164,0.53125,0.2010498046875,0.15948486328125,0.807373046875,0,0.0078125,0.08203125,-0.296875,-1.767866541198769e+38,2.4792725313790404e-39,3.932817456063253e-37,930,66696230,1012.808349609375,32.0,3.6781086921691895,931,66749405,257282731,-802947721,-23.770000457763672,0.012000000104308128,136.55123901367188,10,931
66794263,66751651,0.53125,0.2010498046875,0.15948486328125,0.807373046875,3,0.25390625,0.12890625,0.41796875,-1.767866541198769e+38,2.4792725313790404e-39,3.932817456063253e-37,931,66752717,1012.844482421875,32.0,3.3768844604492188,932,66794260,257282733,-802947722,-23.756000518798828,0.008999999612569809,136.55123901367188,10,932
66846487,66804165,0.53125,0.2010498046875,0.15948486328125,0.807373046875,0,0.25390625,0.12890625,0.41796875,-3.9544368080023218e+37,2.4792935508560053e-39,3.968928805385026e-37,932,66805230,1012.84814453125,32.0,3.3451764583587646,933,66846485,257282731,-802947723,-23.79199981689453,0.012000000104308128,136.55123901367188,10,933
66893805,66856689,0.53125,0.2010498046875,0.15948486328125,0.807373046875,0,0.25390625,0.12890625,0.41796875,-3.110404868286081e+38,2.4792038677542885e-39,4.00413435537946e-37,933,66857754,1012.841064453125,32.0099983215332,3.4033076763153076,934,66893803,257282735,-802947725,-23.746000289916992,0.03700000047683716,136.55123901367188,10,934
66944474,66896164,0.53125,0.2010498046875,0.15948486328125,0.807373046875,0,0.25390625,0.12890625,0.41796875,-7.576341482311814e+37,2.4787078080979175e-39,4.018749562050736e-37,934,66897230,1012.804443359375,32.0099983215332,3.7098166942596436,935,66944471,257282733,-802947724,-23.7810001373291,0.010999999940395355,136.55123901367188,10,935
66992377,66949664,0.543212890625,0.26287841796875,0.23370361328125,0.7623291015625,0,0.25390625,0.12890625,0.41796875,-7.576341482311814e+37,2.4787078080979175e-39,4.018749562050736e-37,935,66950730,1012.828857421875,32.0099983215332,3.509000301361084,936,66992374,257282733,-802947724,-23.768999099731445,0.014000000432133675,136.55123901367188,10,936
67044281,67002165,0.543212890625,0.26287841796875,0.23370361328125,0.7623291015625,0,0.25390625,0.12890625,0.41796875,8.22829472138404e-36,2.3886925986450843e-39,4.0590006833477565e-37,936,67003230,1012.833984375,32.0,3.4614386558532715,937,67044278,257282736,-802947725,-23.729999542236328,0.017999999225139618,136.55123901367188,10,937
67092343,67055664,0.543212890625,0.26287841796875,0.23370361328125,0.7623291015625,3,1.1015625,-0.7578125,1.8125,8.22829472138404e-36,2.3886925986450843e-39,4.0590006833477565e-37,937,67056730,1012.81298828125,32.0099983215332,3.6411163806915283,938,67092340,257282731,-802947723,-23.823999404907227,0.03500000014901161,136.55123901367188,10,938
67142886,67094164,0.543212890625,0.26287841796875,0.23370361328125,0.7623291015625,0,1.1015625,-0.7578125,1.8125,4.0040242693721024e-38,2.4789964755815685e-39,4.1121262623117304e-37,938,67095230,1012.837890625,32.0,3.4297306537628174,939,67142883,257282729,-802947724,-23.83099937438965,0.08299999684095383,136.55123901367188,10,939
67196614,67147664,0.543212890625,0.26287841796875,0.23370361328125,0.7623291015625,3,0.20703125,1.21484375,0.66796875,4.0040242693721024e-38,2.4789964755815685e-39,4.1121262623117304e-37,939,67148730,1012.82275390625,32.0,3.5565621852874756,940,67196611,257282728,-802947724,-23.847999572753906,0.07699999958276749,136.55123901367188,10,940
67242589,67200165,0.543212890625,0.26287841796875,0.23370361328125,0.7623291015625,0,0.20703125,1.21484375,0.66796875,2.8211317352814428e-37,2.387966726040564e-39,4.148004883984549e-37,940,67201230,1012.826416015625,32.0099983215332,3.5248541831970215,941,67242587,257282725,-802947724,-23.891000747680664,0.07199999690055847,136.55123901367188,10,941
67296501,67253689,0.543212890625,0.26287841796875,0.23370361328125,0.7623291015625,3,1.22265625,-0.765625,1.39453125,2.8211317352814428e-37,2.387966726040564e-39,4.148004883984549e-37,941,67254754,1012.812744140625,32.0,3.6411163806915283,942,67296498,257282725,-802947725,-23.899999618530273,0.08900000154972076,136.55123901367188,10,942
67396830,67360140,0.57293701171875,0.228271484375,0.15765380859375,0.77117919921875,0,1.22265625,-0.765625,1.39453125,2.8211317352814428e-37,2.387966726040564e-39,4.148004883984549e-37,942,67361206,1012.8125,32.0,3.6411163806915283,943,67396827,257282717,-802947723,-24.025999069213867,0.15000000596046448,136.55123901367188,10,943
67443822,67400689,0.57293701171875,0.228271484375,0.15765380859375,0.77117919921875,0,1.22265625,-0.765625,1.39453125,2.086593725265557e-37,2.47914921711418e-39,4.231596709432733e-37,943,67401754,1012.839599609375,31.989999771118164,3.419161558151245,944,67443819,257282713,-802947724,-24.075000762939453,0.1850000023841858,136.55123901367188,10,944
67495247,67453165,0.57293701171875,0.228271484375,0.15765380859375,0.77117919921875,0,1.22265625,-0.765625,1.39453125,8.265745364515689e-39,2.3877607351663083e-39,4.267876662985734e-37,944,67454230,1012.816650390625,31.989999771118164,3.609408378601074,945,67495244,257282709,-802947724,-24.139999389648438,0.22300000488758087,136.55123901367188,10,945
67542585,67505623,0.57293701171875,0.228271484375,0.15765380859375,0.77117919921875,0,1.22265625,-0.765625,1.39453125,-3.1502628455186973e+38,2.387815385806417e-39,4.283546094517691e-37,945,67506688,1012.791259765625,31.989999771118164,3.820794105529785,946,67542582,257282707,-802947724,-24.158000946044922,0.2759999930858612,136.55123901367188,10,946
67592814,67544140,0.590087890625,0.176513671875,0.14373779296875,0.77459716796875,0,1.22265625,-0.765625,1.39453125,-3.1502628455186973e+38,2.387815385806417e-39,4.283546094517691e-37,946,67545206,1012.80322265625,31.989999771118164,3.720386028289795,947,67592811,257282706,-802947724,-24.194000244140625,0.24300000071525574,136.55123901367188,10,947
67646745,67597586,0.590087890625,0.176513671875,0.14373779296875,0.77459716796875,3,0.48046875,-2.171875,1.39453125,-3.1502628455186973e+38,2.387815385806417e-39,4.283546094517691e-37,947,67598652,1012.81591796875,31.979999542236328,3.6146931648254395,948,67646742,257282706,-802947725,-24.208999633789062,0.22599999606609344,136.55123901367188,10,948
67692412,67650165,0.590087890625,0.176513671875,0.14373779296875,0.77459716796875,0,0.48046875,-2.171875,1.39453125,5.620534712367311e-38,2.3878518195664894e-39,4.3499071056330285e-37,948,67651230,1012.8037109375,31.979999542236328,3.7151012420654297,949,67692409,257282709,-802947725,-24.125999450683594,0.23100000619888306,136.55123901367188,10,949
67751376,67702689,0.590087890625,0.176513671875,0.14373779296875,0.77459716796875,0,0.48046875,-2.171875,1.39453125,4.0040777989734397e-38,2.479292149557541e-39,4.3876807312451225e-37,949,67703754,1012.833251953125,31.979999542236328,3.472007989883423,950,67751373,257282712,-802947728,-24.107999801635742,0.210999995470047,136.55123901367188,10,950
67791395,67755164,0.590087890625,0.176513671875,0.14373779296875,0.77459716796875,0,0.48046875,-2.171875,1.39453125,9.091985971543209e-39,2.4792262885297177e-39,4.398057962944772e-37,950,67756230,1012.816650390625,31.979999542236328,3.609408378601074,951,67791392,257282712,-802947728,-24.083999633789062,0.20900000631809235,136.55123901367188,10,951
67848428,67793689,0.590087890625,0.176513671875,0.14373779296875,0.77459716796875,0,0.48046875,-2.171875,1.39453125,7.898146942264752e-39,2.4795485871765124e-39,4.422690323662305e-37,951,67794754,1012.790283203125,31.969999313354492,3.8260786533355713,952,67848425,257282715,-802947728,-24.05900001525879,0.17800000309944153,136.55123901367188,10,952
67894320,67852165,0.590087890625,0.176513671875,0.14373779296875,0.77459716796875,0,0.48046875,-2.171875,1.39453125,1.285726793869167e-38,2.3879947520098505e-39,4.44518777814347e-37,952,67853230,1012.79638671875,31.959999084472656,3.778517007827759,953,67894317,257282713,-802947727,-24.11400032043457,0.16599999368190765,136.55123901367188,10,953
67942628,67905582,0.590087890625,0.176513671875,0.14373779296875,0.77459716796875,0,0.48046875,-2.171875,1.39453125,-1.6748313311709147e+38,2.3879471078620635e-39,4.465947622528872e-37,953,67906647,1012.815673828125,31.969999313354492,3.6146931648254395,954,67942626,257282713,-802947728,-24.128000259399414,0.15000000596046448,136.55123901367188,10,954
67993788,67945164,0.590087890625,0.176513671875,0.14373779296875,0.77459716796875,0,0.48046875,-2.171875,1.39453125,-4.1538674033820275e+37,2.3881488948409262e-39,4.487737925753e-37,954,67946230,1012.854736328125,31.979999542236328,3.292330026626587,955,67993785,257282714,-802947728,-24.118999481201172,0.14000000059604645,136.55123901367188,10,955
68047568,67998664,0.579345703125,0.15045166015625,0.19281005859375,0.77752685546875,0,0.48046875,-2.171875,1.39453125,-4.1538674033820275e+37,2.3881488948409262e-39,4.487737925753e-37,955,67999730,1012.80419921875,31.959999084472656,3.7098166942596436,956,68047565,257282718,-802947731,-24.052000045776367,0.13500000536441803,136.55123901367188,10,956
68094338,68052165,0.579345703125,0.15045166015625,0.19281005859375,0.77752685546875,0,0.48046875,-2.171875,1.39453125,1.998355866732935e-37,2.3882147558687495e-39,4.5259155737383285e-37,956,68053230,1012.828125,31.969999313354492,3.514285087585449,957,68094335,257282724,-802947734,-23.983999252319336,0.09700000286102295,136.55123901367188,10,957
68142843,68105664,0.564697265625,0.13128662109375,0.179443359375,0.7947998046875,0,0.48046875,-2.171875,1.39453125,1.998355866732935e-37,2.3882147558687495e-39,4.5259155737383285e-37,957,68106730,1012.814697265625,31.959999084472656,3.625262498855591,958,68142840,257282731,-802947738,-23.937999725341797,0.0560000017285347,136.55123901367188,10,958
68193803,68145140,0.55828857421875,0.11627197265625,0.17523193359375,0.80255126953125,0,0.48046875,-2.171875,1.39453125,1.998355866732935e-37,2.3882147558687495e-39,4.5259155737383285e-37,958,68146206,1012.8203125,31.959999084472656,3.577700614929199,959,68193800,257282732,-802947740,-23.947999954223633,0.07000000029802322,136.55123901367188,10,959
68241483,68198664,0.55413818359375,0.10601806640625,0.1685791015625,0.8082275390625,0,0.48046875,-2.171875,1.39453125,1.998355866732935e-37,2.3882147558687495e-39,4.5259155737383285e-37,959,68199730,1012.822509765625,31.950000762939453,3.5618467330932617,960,68241480,257282741,-802947745,-23.841999053955078,0.12099999934434891,136.55123901367188,10,960
68299262,68251165,0.55413818359375,0.10601806640625,0.1685791015625,0.8082275390625,0,0.48046875,-2.171875,1.39453125,7.493882424655986e-38,2.3883646948044323e-39,4.613457939817137e-37,960,68252230,1012.81884765625,31.959999084472656,3.5882699489593506,961,68299259,257282739,-802947745,-23.892000198364258,0.12399999797344208,136.55123901367188,10,961
68393835,68362599,0.53875732421875,0.0986328125,0.15374755859375,0.82244873046875,0,0.48046875,-2.171875,1.39453125,7.493882424655986e-38,2.3883646948044323e-39,4.613457939817137e-37,961,68363664,1012.81640625,31.950000762939453,3.609408378601074,962,68393832,257282734,-802947743,-24.02899932861328,0.06199999898672104,136.55123901367188,10,962
68445311,68397165,0.53875732421875,0.0986328125,0.15374755859375,0.82244873046875,0,0.48046875,-2.171875,1.39453125,1.8641931695510876e-38,2.3878251948956672e-39,4.669600458322864e-37,962,68398230,1012.78857421875,31.950000762939453,3.841932535171509,963,68445308,257282733,-802947743,-24.03700065612793,0.0430000014603138,136.55123901367188,10,963
68493830,68450582,0.53875732421875,0.0986328125,0.15374755859375,0.82244873046875,0,0.48046875,-2.171875,1.39453125,1.0561009190648844e-38,2.3878532208649537e-39,4.721150753605182e-37,963,68451647,1012.814208984375,31.959999084472656,3.630547046661377,964,68493827,257282736,-802947745,-23.968000411987305,0.017000000923871994,136.55123901367188,10,964
68545508,68503165,0.53875732421875,0.0986328125,0.15374755859375,0.82244873046875,0,0.48046875,-2.171875,1.39453125,3.3061339136262566e-39,2.3877257027047e-39,4.732102853986836e-37,964,68504230,1012.818359375,31.950000762939453,3.5935544967651367,965,68545505,257282737,-802947745,-23.945999145507812,0.035999998450279236,136.55123901367188,10,965
68593416,68556689,0.53875732421875,0.0986328125,0.15374755859375,0.82244873046875,0,0.48046875,-2.171875,1.39453125,nan,2.387910674101991e-39,4.768181917391992e-37,965,68557754,1012.79345703125,31.950000762939453,3.7996554374694824,966,68593413,257282736,-802947744,-23.94700050354004,0.05900000035762787,136.55123901367188,10,966
68643675,68595140,0.52471923828125,0.12139892578125,0.12310791015625,0.83355712890625,0,0.48046875,-2.171875,1.39453125,nan,2.387910674101991e-39,4.768181917391992e-37,966,68596206,1012.806396484375,31.950000762939453,3.693962812423706,967,68643672,257282738,-802947744,-23.891000747680664,0.07599999755620956,136.55123901367188,10,967
68697510,68648689,0.52471923828125,0.12139892578125,0.12310791015625,0.83355712890625,0,0.48046875,-2.171875,1.39453125,5.546797826655153e-38,2.3878700364465256e-39,4.806500816262524e-37,967,68649754,1012.792236328125,31.950000762939453,3.810224771499634,968,68697507,257282739,-802947744,-23.840999603271484,0.10000000149011612,136.55123901367188,10,968
68750359,68702165,0.52471923828125,0.12139892578125,0.12310791015625,0.83355712890625,0,0.48046875,-2.171875,1.39453125,7.640730656445826e-38,2.3879050689081337e-39,4.821134856385161e-37,968,68703230,1012.78662109375,31.950000762939453,3.8577864170074463,969,68750356,257282739,-802947744,-23.81599998474121,0.11800000071525574,136.55123901367188,10,969
68792233,68755689,0.52471923828125,0.12139892578125,0.12310791015625,0.83355712890625,0,0.48046875,-2.171875,1.39453125,4.646972234669008e-38,2.4794841274471535e-39,4.859277976376328e-37,969,68756754,1012.80615234375,31.959999084472656,3.693962812423706,970,68792230,257282736,-802947744,-23.863000869750977,0.14000000059604645,136.55123901367188,10,970
68848396,68794164,0.52471923828125,0.12139892578125,0.12310791015625,0.83355712890625,0,0.48046875,-2.171875,1.39453125,1.1480108241713313e-38,2.479499541730261e-39,4.8693265195081856e-37,970,68795230,1012.819580078125,31.959999084472656,3.5829854011535645,971,68848393,257282739,-802947745,-23.850000381469727,0.10199999809265137,136.55123901367188,10,971
98643060,98595480,0.5762939453125,0.20849609375,0.17095947265625,0.771484375,3,0.0078125,-0.515625,0.76171875,nan,2.477337338199808e-39,5.503226681774128e-36,1537,98596546,1012.775146484375,32.029998779296875,3.9529099464416504,1538,98643057,257283252,-802948179,-21.691999435424805,0.07599999755620956,312.81597900390625,12,1538
98696400,98648349,0.5989990234375,0.18304443359375,0.18255615234375,0.75787353515625,0,0.0078125,-0.515625,0.76171875,nan,2.477337338199808e-39,5.503226681774128e-36,1538,98649415,1012.810546875,32.029998779296875,3.656970262527466,1539,98696398,257283253,-802948181,-21.722000122070312,0.09799999743700027,312.81597900390625,12,1539
98749558,98701504,0.5989990234375,0.18304443359375,0.18255615234375,0.75787353515625,3,-1.87890625,-1.10546875,-0.41015625,nan,2.477337338199808e-39,5.503226681774128e-36,1539,98702570,1012.798095703125,32.029998779296875,3.7626631259918213,1540,98749556,257283252,-802948181,-21.725000381469727,0.08399999886751175,312.81597900390625,12,1540
98795173,98753271,0.5989990234375,0.18304443359375,0.18255615234375,0.75787353515625,0,-1.87890625,-1.10546875,-0.41015625,-5.244774820398588e+35,2.4781458874137233e-39,5.6179119973199295e-36,1540,98754337,1012.835693359375,32.040000915527344,3.45086932182312,1541,98795170,257283252,-802948179,-21.702999114990234,0.0430000014603138,312.81597900390625,12,1541
98848141,98805480,0.5989990234375,0.18304443359375,0.18255615234375,0.75787353515625,3,-2.19921875,0.265625,-1.52734375,-5.244774820398588e+35,2.4781458874137233e-39,5.6179119973199295e-36,1541,98806545,1012.81689453125,32.029998779296875,3.604123830795288,1542,98848138,257283253,-802948178,-21.702999114990234,0.0729999989271164,312.81597900390625,12,1542
98895310,98858296,0.5989990234375,0.18304443359375,0.18255615234375,0.75787353515625,3,-1.27734375,7.41015625,-1.3359375,-5.244774820398588e+35,2.4781458874137233e-39,5.6179119973199295e-36,1542,98859361,1012.848876953125,32.02000045776367,3.3398919105529785,1543,98895307,257283253,-802948178,-21.704999923706055,0.0860000029206276,312.81597900390625,12,1543
98945197,98897480,0.5989990234375,0.18304443359375,0.18255615234375,0.75787353515625,0,-1.27734375,7.41015625,-1.3359375,-1.0965793770165895e+37,2.3887654661652292e-39,5.674358182808069e-36,1543,98898546,1012.797119140625,32.02000045776367,3.7732322216033936,1544,98945195,257283251,-802948177,-21.702999114990234,0.07699999958276749,312.81597900390625,12,1544
98993240,98951325,0.6171875,0.23065185546875,0.3614501953125,0.65972900390625,0,-1.27734375,7.41015625,-1.3359375,-1.0965793770165895e+37,2.3887654661652292e-39,5.674358182808069e-36,1544,98952390,1012.826171875,32.02000045776367,3.5301389694213867,1545,98993237,257283251,-802948178,-21.70400047302246,0.05900000035762787,312.81597900390625,12,1545
99045191,99003504,0.6171875,0.23065185546875,0.3614501953125,0.65972900390625,3,-0.28125,-0.42578125,-3.94140625,-1.0965793770165895e+37,2.3887654661652292e-39,5.674358182808069e-36,1545,99004570,1012.80615234375,32.02000045776367,3.693962812423706,1546,99045188,257283252,-802948180,-21.72800064086914,0.1289999932050705,312.81597900390625,12,1546
99097304,99055349,0.60906982421875,0.24090576171875,0.34454345703125,0.6724853515625,0,-0.28125,-0.42578125,-3.94140625,-1.0965793770165895e+37,2.3887654661652292e-39,5.674358182808069e-36,1546,99056415,1012.818603515625,32.029998779296875,3.5935544967651367,1547,99097301,257283254,-802948183,-21.763999938964844,0.22300000488758087,312.81597900390625,12,1547
99144060,99108480,0.60906982421875,0.24090576171875,0.34454345703125,0.6724853515625,3,0.85546875,-0.12109375,2.359375,-1.0965793770165895e+37,2.3887654661652292e-39,5.674358182808069e-36,1547,99109545,1012.802734375,32.029998779296875,3.725670576095581,1548,99144057,257283255,-802948183,-21.75200080871582,0.25699999928474426,312.81597900390625,12,1548
99247410,99211272,0.60906982421875,0.24090576171875,0.34454345703125,0.6724853515625,3,0.703125,-1.12890625,0.32421875,-1.0965793770165895e+37,2.3887654661652292e-39,5.674358182808069e-36,1548,99212337,1012.81884765625,32.029998779296875,3.5882699489593506,1549,99247407,257283254,-802948185,-21.753999710083008,0.24199999868869781,312.81597900390625,12,1549
99292224,99250480,0.60906982421875,0.24090576171875,0.34454345703125,0.6724853515625,0,0.703125,-1.12890625,0.32421875,7.805030659310368e-36,2.3881937363917846e-39,5.777036007231213e-36,1549,99251546,1012.840576171875,32.029998779296875,3.4085922241210938,1550,99292221,257283254,-802948186,-21.775999069213867,0.2370000034570694,312.81597900390625,12,1550
99345185,99303272,0.60906982421875,0.24090576171875,0.34454345703125,0.6724853515625,3,0.421875,-1.2421875,-0.4140625,7.805030659310368e-36,2.3881937363917846e-39,5.777036007231213e-36,1550,99304337,1012.78857421875,32.02000045776367,3.841932535171509,1551,99345183,257283254,-802948187,-21.783000946044922,0.24300000071525574,312.81597900390625,12,1551
99397291,99355582,0.60906982421875,0.24090576171875,0.34454345703125,0.6724853515625,0,0.421875,-1.2421875,-0.4140625,1.2283445129808891e-36,2.3880031598006365e-39,5.829804109351744e-36,1551,99356647,1012.80712890625,32.029998779296875,3.688678026199341,1552,99397288,257283255,-802948185,-21.753999710083008,0.23999999463558197,312.81597900390625,12,1552
99444094,99408271,0.60906982421875,0.24090576171875,0.34454345703125,0.6724853515625,3,0.36328125,0.0234375,0.08203125,1.2283445129808891e-36,2.3880031598006365e-39,5.829804109351744e-36,1552,99409337,1012.83642578125,32.029998779296875,3.445584774017334,1553,99444091,257283255,-802948185,-21.76300048828125,0.2150000035762787,312.81597900390625,12,1553
99500060,99446586,0.60906982421875,0.24090576171875,0.34454345703125,0.6724853515625,3,-0.515625,0.34765625,-0.44921875,1.2283445129808891e-36,2.3880031598006365e-39,5.829804109351744e-36,1553,99447652,1012.808349609375,32.029998779296875,3.6781086921691895,1554,99500057,257283255,-802948185,-21.76300048828125,0.19900000095367432,312.81597900390625,12,1554
99547413,99504271,0.60906982421875,0.24090576171875,0.34454345703125,0.6724853515625,3,-0.1171875,-0.1328125,-0.1953125,1.2283445129808891e-36,2.3880031598006365e-39,5.829804109351744e-36,1554,99505337,1012.80712890625,32.029998779296875,3.688678026199341,1555,99547410,257283255,-802948185,-21.75,0.18199999630451202,312.81597900390625,12,1555
99593247,99557504,0.60906982421875,0.24090576171875,0.34454345703125,0.6724853515625,3,-0.22265625,-0.5078125,0.46484375,1.2283445129808891e-36,2.3880031598006365e-39,5.829804109351744e-36,1555,99558570,1012.800048828125,32.029998779296875,3.7468090057373047,1556,99593244,257283255,-802948185,-21.746000289916992,0.18199999630451202,312.81597900390625,12,1556
99644060,99596349,0.64642333984375,0.21240234375,0.063232421875,0.7301025390625,0,-0.22265625,-0.5078125,0.46484375,1.2283445129808891e-36,2.3880031598006365e-39,5.829804109351744e-36,1556,99597414,1012.83984375,32.040000915527344,3.41387677192688,1557,99644057,257283256,-802948184,-21.746000289916992,0.19499999284744263,312.81597900390625,12,1557
99697280,99649349,0.64453125,0.2137451171875,0.06085205078125,0.7315673828125,0,-0.22265625,-0.5078125,0.46484375,1.2283445129808891e-36,2.3880031598006365e-39,5.829804109351744e-36,1557,99650414,1012.8017578125,32.029998779296875,3.730955123901367,1558,99697277,257283255,-802948185,-21.75200080871582,0.18299999833106995,312.81597900390625,12,1558
99750215,99702504,0.64453125,0.2137451171875,0.06085205078125,0.7315673828125,3,0.09375,-0.16015625,1.0,1.2283445129808891e-36,2.3880031598006365e-39,5.829804109351744e-36,1558,99703570,1012.837646484375,32.04999923706055,3.4350154399871826,1559,99750212,257283255,-802948186,-21.76300048828125,0.1850000023841858,312.81597900390625,12,1559
99797479,99755258,0.64453125,0.2137451171875,0.06085205078125,0.7315673828125,3,0.11328125,0.5859375,0.03515625,1.2283445129808891e-36,2.3880031598006365e-39,5.829804109351744e-36,1559,99756323,1012.817138671875,32.040000915527344,3.604123830795288,1560,99797476,257283255,-802948187,-21.770000457763672,0.17900000512599945,312.81597900390625,12,1560
99849396,99807480,0.64453125,0.2137451171875,0.06085205078125,0.7315673828125,3,0.43359375,0.80078125,-0.2578125,1.2283445129808891e-36,2.3880031598006365e-39,5.829804109351744e-36,1560,99808546,1012.8466796875,32.040000915527344,3.355745792388916,1561,99849393,257283256,-802948187,-21.777000427246094,0.17900000512599945,312.81597900390625,12,1561
99897015,99860373,0.64453125,0.2137451171875,0.06085205078125,0.7315673828125,0,0.43359375,0.80078125,-0.2578125,3.0305472708801236e-38,2.479093165175607e-39,6.008655531781466e-36,1561,99861439,1012.81103515625,32.04999923706055,3.656970262527466,1562,99897012,257283258,-802948188,-21.801000595092773,0.20600000023841858,312.81597900390625,12,1562
99942238,99900480,0.64453125,0.2137451171875,0.06085205078125,0.7315673828125,3,-0.59765625,-0.5546875,0.25390625,3.0305472708801236e-38,2.479093165175607e-39,6.008655531781466e-36,1562,99901546,1012.810791015625,32.040000915527344,3.656970262527466,1563,99942236,257283256,-802948185,-21.756000518798828,0.1770000010728836,312.81597900390625,12,1563
99995238,99953349,0.6551513671875,0.21234130859375,0.0352783203125,0.7242431640625,0,-0.59765625,-0.5546875,0.25390625,3.0305472708801236e-38,2.479093165175607e-39,6.008655531781466e-36,1563,99954414,1012.826904296875,32.04999923706055,3.5248541831970215,1564,99995235,257283255,-802948184,-21.73699951171875,0.1509999930858612,312.81597900390625,12,1564
100042267,100006504,0.6551513671875,0.21234130859375,0.0352783203125,0.7242431640625,3,-0.39453125,-0.13671875,-0.328125,3.0305472708801236e-38,2.479093165175607e-39,6.008655531781466e-36,1564,100007570,1012.77734375,32.04999923706055,3.937056064605713,1565,100042264,257283256,-802948184,-21.72599983215332,0.16899999976158142,312.81597900390625,12,1565
100093280,100044271,0.65679931640625,0.21160888671875,0.0244140625,0.723388671875,0,-0.39453125,-0.13671875,-0.328125,3.0305472708801236e-38,2.479093165175607e-39,6.008655531781466e-36,1565,100045337,1012.83251953125,32.04999923706055,3.477292537689209,1566,100093277,257283257,-802948183,-21.72100067138672,0.16599999368190765,312.81597900390625,12,1566
100145120,100097271,0.65679931640625,0.21160888671875,0.0244140625,0.723388671875,3,-0.51171875,0.82421875,1.10546875,3.0305472708801236e-38,2.479093165175607e-39,6.008655531781466e-36,1566,100098337,1012.80078125,32.04999923706055,3.7415244579315186,1567,100145117,257283258,-802948183,-21.726999282836914,0.16099999845027924,312.81597900390625,12,1567
100244083,100208582,0.65679931640625,0.21160888671875,0.0244140625,0.723388671875,0,-0.51171875,0.82421875,1.10546875,1.928427710246812e-39,2.3882764130011798e-39,6.210529682619109e-36,1567,100209648,1012.790283203125,32.04999923706055,3.8260786533355713,1568,100244080,257283256,-802948181,-21.732999801635742,0.0729999989271164,312.81597900390625,12,1568
100295174,100247165,0.65679931640625,0.21160888671875,0.0244140625,0.723388671875,0,-0.51171875,0.82421875,1.10546875,-1.0102167248061687e+38,2.3878041754187023e-39,6.243021511638694e-36,1568,100248230,1012.80517578125,32.060001373291016,3.7045319080352783,1569,100295171,257283256,-802948179,-21.709999084472656,0.07000000029802322,312.81597900390625,12,1569
100342265,100300558,0.6455078125,0.22515869140625,0.0072021484375,0.72979736328125,0,-0.51171875,0.82421875,1.10546875,-1.0102167248061687e+38,2.3878041754187023e-39,6.243021511638694e-36,1569,100301623,1012.839599609375,32.060001373291016,3.419161558151245,1570,100342262,257283256,-802948178,-21.715999603271484,0.05999999865889549,312.81597900390625,12,1570
100395202,100352296,0.6455078125,0.22515869140625,0.0072021484375,0.72979736328125,3,0.296875,0.296875,0.6640625,-1.0102167248061687e+38,2.3878041754187023e-39,6.243021511638694e-36,1570,100353361,1012.823974609375,32.04999923706055,3.545992851257324,1571,100395199,257283254,-802948175,-21.694000244140625,0.04399999976158142,312.81597900390625,12,1571
100447211,100404558,0.6455078125,0.22515869140625,0.0072021484375,0.72979736328125,0,0.296875,0.296875,0.6640625,-2.3527475474019276e+38,2.479374826166936e-39,6.390289056770612e-36,1571,100405623,1012.81005859375,32.04999923706055,3.662254810333252,1572,100447209,257283255,-802948175,-21.69700050354004,0.054999999701976776,312.81597900390625,12,1572
100493278,100457271,0.6455078125,0.22515869140625,0.0072021484375,0.72979736328125,3,-0.609375,-0.12109375,-0.0078125,-2.3527475474019276e+38,2.479374826166936e-39,6.390289056770612e-36,1572,100458337,1012.79345703125,32.04999923706055,3.7996554374694824,1573,100493275,257283254,-802948174,-21.673999786376953,0.035999998450279236,312.81597900390625,12,1573
100543199,100495586,0.6455078125,0.22515869140625,0.0072021484375,0.72979736328125,3,0.265625,0.3671875,-0.55859375,-2.3527475474019276e+38,2.479374826166936e-39,6.390289056770612e-36,1573,100496652,1012.80517578125,32.04999923706055,3.7045319080352783,1574,100543196,257283255,-802948174,-21.691999435424805,0.04600000008940697,312.81597900390625,12,1574
100596403,100548272,0.6455078125,0.22515869140625,0.0072021484375,0.72979736328125,3,-0.4375,-0.58203125,0.8359375,-2.3527475474019276e+38,2.479374826166936e-39,6.390289056770612e-36,1574,100549337,1012.8046875,32.04999923706055,3.7098166942596436,1575,100596400,257283253,-802948173,-21.683000564575195,0.027000000700354576,312.81597900390625,12,1575
100643060,100601582,0.6455078125,0.22515869140625,0.0072021484375,0.72979736328125,0,-0.4375,-0.58203125,0.8359375,-2.8079601680595487e+37,2.3878434117757034e-39,6.534120662909555e-36,1575,100602647,1012.81298828125,32.04999923706055,3.6411163806915283,1576,100643057,257283254,-802948172,-21.677000045776367,0.03099999949336052,312.81597900390625,12,1576
100697394,100654271,0.6455078125,0.22515869140625,0.0072021484375,0.72979736328125,3,-0.4140625,-0.44921875,-0.015625,-2.8079601680595487e+37,2.3878434117757034e-39,6.534120662909555e-36,1576,100655337,1012.8115234375,32.060001373291016,3.6516857147216797,1577,100697391,257283254,-802948172,-21.711999893188477,0.06499999761581421,312.81597900390625,12,1577
100748187,100706480,0.6455078125,0.22515869140625,0.0072021484375,0.72979736328125,3,-0.2265625,-0.265625,-0.28515625,-2.8079601680595487e+37,2.3878434117757034e-39,6.534120662909555e-36,1577,100707545,1012.808349609375,32.04999923706055,3.6781086921691895,1578,100748184,257283256,-802948173,-21.72100067138672,0.0989999994635582,312.81597900390625,12,1578
100795096,100759271,0.6455078125,0.22515869140625,0.0072021484375,0.72979736328125,3,0.03515625,0.18359375,0.3828125,-2.8079601680595487e+37,2.3878434117757034e-39,6.534120662909555e-36,1578,100760337,1012.772216796875,32.060001373291016,3.9793331623077393,1579,100795093,257283256,-802948174,-21.722000122070312,0.10599999874830246,312.81597900390625,12,1579
100845116,100797586,0.6455078125,0.22515869140625,0.0072021484375,0.72979736328125,3,-0.46875,-0.33984375,0.4140625,-2.8079601680595487e+37,2.3878434117757034e-39,6.534120662909555e-36,1579,100798652,1012.792724609375,32.04999923706055,3.8049402236938477,1580,100845113,257283257,-802948173,-21.70400047302246,0.11900000274181366,312.81597900390625,12,1580
100898061,100850271,0.6455078125,0.22515869140625,0.0072021484375,0.72979736328125,3,0.16015625,0.1484375,-0.08984375,-2.8079601680595487e+37,2.3878434117757034e-39,6.534120662909555e-36,1580,100851337,1012.75830078125,32.04999923706055,4.095595359802246,1581,100898058,257283256,-802948173,-21.711000442504883,0.13199999928474426,312.81597900390625,12,1581
100945173,100903558,0.59161376953125,0.293212890625,0.01336669921875,0.7508544921875,0,0.16015625,0.1484375,-0.08984375,-2.8079601680595487e+37,2.3878434117757034e-39,6.534120662909555e-36,1581,100904623,1012.807861328125,32.04999923706055,3.6833934783935547,1582,100945170,257283255,-802948172,-21.708999633789062,0.11299999803304672,312.81597900390625,12,1582
100997390,100955296,0.59161376953125,0.293212890625,0.01336669921875,0.7508544921875,3,0.7421875,0.2734375,1.02734375,-2.8079601680595487e+37,2.3878434117757034e-39,6.534120662909555e-36,1582,100956361,1012.82958984375,32.04999923706055,3.4984309673309326,1583,100997387,257283253,-802948171,-21.70199966430664,0.0860000029206276,312.81597900390625,12,1583
101044072,101008480,0.59161376953125,0.293212890625,0.01336669921875,0.7508544921875,3,-0.03125,-0.0703125,0.796875,-2.8079601680595487e+37,2.3878434117757034e-39,6.534120662909555e-36,1583,101009545,1012.8505859375,32.060001373291016,3.324038028717041,1584,101044069,257283252,-802948169,-21.694000244140625,0.07000000029802322,312.81597900390625,12,1584
101094074,101046295,0.59161376953125,0.293212890625,0.01336669921875,0.7508544921875,3,0.04296875,0.21484375,-0.0390625,-2.8079601680595487e+37,2.3878434117757034e-39,6.534120662909555e-36,1584,101047361,1012.8349609375,32.04999923706055,3.4561538696289062,1585,101094071,257283251,-802948172,-21.753000259399414,0.057999998331069946,312.81597900390625,12,1585
101141060,101099480,0.59161376953125,0.293212890625,0.01336669921875,0.7508544921875,3,-0.17578125,-0.12890625,0.0234375,-2.8079601680595487e+37,2.3878434117757034e-39,6.534120662909555e-36,1585,101100545,1012.791748046875,32.04999923706055,3.81550931930542,1586,101141057,257283249,-802948170,-21.753000259399414,0.023000000044703484,312.81597900390625,12,1586
101195117,101152374,0.59161376953125,0.293212890625,0.01336669921875,0.7508544921875,0,-0.17578125,-0.12890625,0.0234375,nan,2.387902266311205e-39,6.918013843329557e-36,1586,101153439,1012.828857421875,32.060001373291016,3.509000301361084,1587,101195114,257283249,-802948168,-21.740999221801758,0.024000000208616257,312.81597900390625,12,1587
101295123,101258480,0.59161376953125,0.293212890625,0.01336669921875,0.7508544921875,3,0.1484375,0.1796875,0.25390625,nan,2.387902266311205e-39,6.918013843329557e-36,1587,101259546,1012.7783203125,32.060001373291016,3.9264867305755615,1588,101295120,257283250,-802948168,-21.735000610351562,0.11599999666213989,312.81597900390625,12,1588
101347252,101298272,0.59161376953125,0.293212890625,0.01336669921875,0.7508544921875,3,0.078125,0.2109375,0.0625,nan,2.387902266311205e-39,6.918013843329557e-36,1588,101299337,1012.808837890625,32.04999923706055,3.6728241443634033,1589,101347249,257283248,-802948166,-21.736000061035156,0.06499999761581421,312.81597900390625,12,1589
101393234,101351480,0.55078125,0.28277587890625,-0.03082275390625,0.78466796875,0,0.078125,0.2109375,0.0625,nan,2.387902266311205e-39,6.918013843329557e-36,1589,101352545,1012.798828125,32.060001373291016,3.757378339767456,1590,101393231,257283248,-802948166,-21.73900032043457,0.05400000140070915,312.81597900390625,12,1590
101453263,101404373,0.55078125,0.28277587890625,-0.03082275390625,0.78466796875,0,0.078125,0.2109375,0.0625,5.363157102386e-38,2.3881895324963917e-39,7.106554269336354e-36,1590,101405439,1012.8125,32.04999923706055,3.6411163806915283,1591,101453260,257283248,-802948166,-21.738000869750977,0.050999999046325684,312.81597900390625,12,1591
101493190,101457480,0.55078125,0.28277587890625,-0.03082275390625,0.78466796875,3,-0.16796875,0.00390625,-0.37109375,5.363157102386e-38,2.3881895324963917e-39,7.106554269336354e-36,1591,101458545,1012.805908203125,32.04999923706055,3.699247360229492,1592,101493187,257283248,-802948167,-21.760000228881836,0.06199999898672104,312.81597900390625,12,1592
101543204,101495271,0.55078125,0.28277587890625,-0.03082275390625,0.78466796875,3,-0.328125,-0.1484375,0.15625,5.363157102386e-38,2.3881895324963917e-39,7.106554269336354e-36,1592,101496337,1012.82177734375,32.04999923706055,3.567131280899048,1593,101543202,257283247,-802948166,-21.756999969482422,0.07800000160932541,312.81597900390625,12,1593
101596843,101548271,0.55078125,0.28277587890625,-0.03082275390625,0.78466796875,3,0.2578125,0.3359375,0.83203125,5.363157102386e-38,2.3881895324963917e-39,7.106554269336354e-36,1593,101549337,1012.832275390625,32.04999923706055,3.477292537689209,1594,101596840,257283246,-802948166,-21.770999908447266,0.057999998331069946,312.81597900390625,12,1594
101643202,101601582,0.55078125,0.28277587890625,-0.03082275390625,0.78466796875,0,0.2578125,0.3359375,0.83203125,nan,2.3879513117574564e-39,7.251519469880998e-36,1594,101602648,1012.796875,32.04999923706055,3.7732322216033936,1595,101643199,257283245,-802948166,-21.788000106811523,0.052000001072883606,312.81597900390625,12,1595
101696986,101654271,0.55078125,0.28277587890625,-0.03082275390625,0.78466796875,3,-0.9921875,0.109375,-0.6171875,nan,2.3879513117574564e-39,7.251519469880998e-36,1595,101655337,1012.8349609375,32.04999923706055,3.4561538696289062,1596,101696983,257283244,-802948164,-21.780000686645508,0.03200000151991844,312.81597900390625,12,1596
101749657,101706480,0.55078125,0.28277587890625,-0.03082275390625,0.78466796875,0,-0.9921875,0.109375,-0.6171875,-3.2965099712622118e+38,2.387854622163418e-39,7.340147180856783e-36,1596,101707545,1012.81494140625,32.04999923706055,3.625262498855591,1597,101749654,257283243,-802948163,-21.788000106811523,0.01899999938905239,312.81597900390625,12,1597
101795343,101759349,0.52313232421875,0.277099609375,-0.04608154296875,0.80462646484375,0,-0.9921875,0.109375,-0.6171875,-3.2965099712622118e+38,2.387854622163418e-39,7.340147180856783e-36,1597,101760414,1012.815185546875,32.04999923706055,3.6199777126312256,1598,101795341,257283243,-802948164,-21.79400062561035,0.035999998450279236,312.81597900390625,12,1598
101847258,101799480,0.52313232421875,0.277099609375,-0.04608154296875,0.80462646484375,3,0.015625,0.36328125,0.5390625,-3.2965099712622118e+38,2.387854622163418e-39,7.340147180856783e-36,1598,101800546,1012.8232421875,32.04999923706055,3.5512773990631104,1599,101847255,257283243,-802948164,-21.785999298095703,0.054999999701976776,312.81597900390625,12,1599
101895293,101852349,0.51922607421875,0.2757568359375,-0.03985595703125,0.8079833984375,0,0.015625,0.36328125,0.5390625,-3.2965099712622118e+38,2.387854622163418e-39,7.340147180856783e-36,1599,101853414,1012.82568359375,32.04999923706055,3.535423517227173,1600,101895290,257283243,-802948164,-21.788999557495117,0.04100000113248825,312.81597900390625,12,1600
101947264,101905504,0.51922607421875,0.2757568359375,-0.03985595703125,0.8079833984375,3,-0.12109375,0.3203125,-0.04296875,-3.2965099712622118e+38,2.387854622163418e-39,7.340147180856783e-36,1600,101906570,1012.818603515625,32.04999923706055,3.5935544967651367,1601,101947261,257283243,-802948164,-21.791000366210938,0.041999999433755875,312.81597900390625,12,1601
101993312,101957271,0.51922607421875,0.2757568359375,-0.03985595703125,0.8079833984375,3,-0.09375,0.390625,0.08203125,-3.2965099712622118e+38,2.387854622163418e-39,7.340147180856783e-36,1601,101958337,1012.8154296875,32.04999923706055,3.6199777126312256,1602,101993309,257283243,-802948163,-21.788000106811523,0.04500000178813934,312.81597900390625,12,1602
102045447,101997587,0.51922607421875,0.2757568359375,-0.03985595703125,0.8079833984375,3,-0.078125,-0.125,0.05859375,-3.2965099712622118e+38,2.387854622163418e-39,7.340147180856783e-36,1602,101998652,1012.818115234375,32.04999923706055,3.5935544967651367,1603,102045444,257283243,-802948162,-21.799999237060547,0.0729999989271164,312.81597900390625,12,1603
102091638,102049164,0.51922607421875,0.2757568359375,-0.03985595703125,0.8079833984375,0,-0.078125,-0.125,0.05859375,nan,2.4795275676995476e-39,7.584819901495711e-36,1603,102050230,1012.80810546875,32.04999923706055,3.6781086921691895,1604,102091635,257283243,-802948162,-21.802000045776367,0.054999999701976776,312.81597900390625,12,1604
102143357,102101582,0.51922607421875,0.2757568359375,-0.03985595703125,0.8079833984375,0,-0.078125,-0.125,0.05859375,nan,2.3877257027047e-39,7.611609320175737e-36,1604,102102647,1012.807861328125,32.040000915527344,3.6833934783935547,1605,102143354,257283241,-802948162,-21.81800079345703,0.013000000268220901,312.81597900390625,12,1605
102197002,102154271,0.51922607421875,0.2757568359375,-0.03985595703125,0.8079833984375,3,-0.09375,0.28125,0.43359375,nan,2.3877257027047e-39,7.611609320175737e-36,1605,102155337,1012.810546875,32.040000915527344,3.656970262527466,1606,102196999,257283240,-802948161,-21.80500030517578,0.019999999552965164,312.81597900390625,12,1606
102295287,102264480,0.51922607421875,0.2757568359375,-0.03985595703125,0.8079833984375,0,-0.09375,0.28125,0.43359375,-3.057204107895703e+37,2.3878097806125596e-39,7.682921735336858e-36,1606,102265546,1012.802734375,32.04999923706055,3.725670576095581,1607,102295285,257283239,-802948160,-21.797000885009766,0.017000000923871994,312.81597900390625,12,1607
102347328,102298271,0.51922607421875,0.2757568359375,-0.03985595703125,0.8079833984375,3,-0.34765625,0.140625,-0.19921875,-3.057204107895703e+37,2.3878097806125596e-39,7.682921735336858e-36,1607,102299337,1012.817138671875,32.040000915527344,3.604123830795288,1608,102347325,257283240,-802948160,-21.797000885009766,0.03099999949336052,312.81597900390625,12,1608
102393423,102351582,0.51922607421875,0.2757568359375,-0.03985595703125,0.8079833984375,0,-0.34765625,0.140625,-0.19921875,-2.1134745415389766e+38,2.3877775507478802e-39,7.801375176084392e-36,1608,102352647,1012.828125,32.040000915527344,3.514285087585449,1609,102393420,257283239,-802948158,-21.791000366210938,0.03799999877810478,312.81597900390625,12,1609
102447257,102404205,0.4930419921875,0.3145751953125,0.01495361328125,0.81097412109375,0,-0.34765625,0.140625,-0.19921875,-2.1134745415389766e+38,2.3877775507478802e-39,7.801375176084392e-36,1609,102405270,1012.798583984375,32.040000915527344,3.757378339767456,1610,102447254,257283237,-802948158,-21.805999755859375,0.05000000074505806,312.81597900390625,12,1610
102493218,102457611,0.4930419921875,0.3145751953125,0.01495361328125,0.81097412109375,3,-0.109375,0.18359375,-0.1796875,-2.1134745415389766e+38,2.3877775507478802e-39,7.801375176084392e-36,1610,102458677,1012.802978515625,32.040000915527344,3.720386028289795,1611,102493215,257283237,-802948159,-21.822999954223633,0.02800000086426735,312.81597900390625,12,1611
102543449,102495140,0.48760986328125,0.32147216796875,0.02593994140625,0.811279296875,0,-0.109375,0.18359375,-0.1796875,-2.1134745415389766e+38,2.3877775507478802e-39,7.801375176084392e-36,1611,102496206,1012.801513671875,32.040000915527344,3.7362399101257324,1612,102543447,257283236,-802948157,-21.81399917602539,0.035999998450279236,312.81597900390625,12,1612
102596798,102548480,0.48760986328125,0.32147216796875,0.02593994140625,0.811279296875,3,0.02734375,0.296875,-0.109375,-2.1134745415389766e+38,2.3877775507478802e-39,7.801375176084392e-36,1612,102549546,1012.812744140625,32.04999923706055,3.6411163806915283,1613,102596795,257283236,-802948158,-21.81399917602539,0.024000000208616257,312.81597900390625,12,1613
102643767,102601373,0.48760986328125,0.32147216796875,0.02593994140625,0.811279296875,0,0.02734375,0.296875,-0.109375,5.41828726682916e-39,2.3877971689263807e-39,7.965484490253909e-36,1613,102602439,1012.8662109375,32.040000915527344,3.197206735610962,1614,102643764,257283235,-802948157,-21.80299949645996,0.057999998331069946,312.81597900390625,12,1614
102695290,102653480,0.48760986328125,0.32147216796875,0.02593994140625,0.811279296875,0,0.02734375,0.296875,-0.109375,7.438642958932609e-39,2.3879036676096694e-39,8.01572998608935e-36,1614,102654546,1012.81982421875,32.04999923706055,3.5829854011535645,1615,102695287,257283233,-802948155,-21.783000946044922,0.09700000286102295,312.81597900390625,12,1615
102749394,102706271,0.48760986328125,0.32147216796875,0.02593994140625,0.811279296875,3,-0.12109375,0.16015625,0.265625,7.438642958932609e-39,2.3879036676096694e-39,8.01572998608935e-36,1615,102707337,1012.814208984375,32.04999923706055,3.630547046661377,1616,102749391,257283233,-802948154,-21.777999877929688,0.10100000351667404,312.81597900390625,12,1616
102795279,102758480,0.48760986328125,0.32147216796875,0.02593994140625,0.811279296875,0,-0.12109375,0.16015625,0.265625,8.908034719534362e-39,2.3878728390434543e-39,8.091005676881539e-36,1616,102759545,1012.80810546875,32.04999923706055,3.6781086921691895,1617,102795277,257283231,-802948153,-21.7810001373291,0.11599999666213989,312.81597900390625,12,1617
102845363,102797271,0.48760986328125,0.32147216796875,0.02593994140625,0.811279296875,3,0.015625,0.01953125,-0.046875,8.908034719534362e-39,2.3878728390434543e-39,8.091005676881539e-36,1617,102798337,1012.796630859375,32.04999923706055,3.7732322216033936,1618,102845360,257283232,-802948153,-21.77400016784668,0.08699999749660492,312.81597900390625,12,1618
102892338,102850272,0.48760986328125,0.32147216796875,0.02593994140625,0.811279296875,3,-0.3046875,-0.234375,0.265625,8.908034719534362e-39,2.3878728390434543e-39,8.091005676881539e-36,1618,102851337,1012.836181640625,32.04999923706055,3.445584774017334,1619,102892335,257283231,-802948152,-21.767000198364258,0.08399999886751175,312.81597900390625,12,1619
102944239,102902582,0.48760986328125,0.32147216796875,0.02593994140625,0.811279296875,0,-0.3046875,-0.234375,0.265625,1.4142642586256753e-38,2.387785958538666e-39,8.185791388353606e-36,1619,102903647,1012.814697265625,32.04999923706055,3.625262498855591,1620,102944236,257283233,-802948152,-21.756000518798828,0.05700000002980232,312.81597900390625,12,1620
102997376,102955164,0.48760986328125,0.32147216796875,0.02593994140625,0.811279296875,0,-0.3046875,-0.234375,0.265625,nan,2.3877369130924147e-39,8.217976859897727e-36,1620,102956230,1012.794677734375,32.060001373291016,3.789086103439331,1621,102997373,257283232,-802948152,-21.756999969482422,0.054999999701976776,312.81597900390625,12,1621
103045256,103008664,0.48760986328125,0.32147216796875,0.02593994140625,0.811279296875,3,0.0078125,0.11328125,0.2109375,nan,2.3877369130924147e-39,8.217976859897727e-36,1621,103009730,1012.81396484375,32.060001373291016,3.630547046661377,1622,103045253,257283232,-802948150,-21.743000030517578,0.06400000303983688,312.81597900390625,12,1622
103091834,103049165,0.48760986328125,0.32147216796875,0.02593994140625,0.811279296875,0,0.0078125,0.11328125,0.2109375,nan,2.4793930430469724e-39,8.29338384675083e-36,1622,103050230,1012.806884765625,32.04999923706055,3.688678026199341,1623,103091831,257283231,-802948149,-21.725000381469727,0.06599999964237213,312.81597900390625,12,1623
103144698,103102336,0.48760986328125,0.32147216796875,0.02593994140625,0.811279296875,3,-0.50390625,-0.03515625,0.05078125,nan,2.4793930430469724e-39,8.29338384675083e-36,1623,103103401,1012.805419921875,32.060001373291016,3.699247360229492,1624,103144695,257283231,-802948148,-21.711999893188477,0.07699999958276749,312.81597900390625,12,1624
103197335,103155504,0.48760986328125,0.32147216796875,0.02593994140625,0.811279296875,3,-0.25,0.05859375,0.140625,nan,2.4793930430469724e-39,8.29338384675083e-36,1624,103156570,1012.819580078125,32.060001373291016,3.5829854011535645,1625,103197332,257283229,-802948148,-21.714000701904297,0.09399999678134918,312.81597900390625,12,1625
103244265,103208271,0.48760986328125,0.32147216796875,0.02593994140625,0.811279296875,3,-0.1875,-0.140625,0.44140625,nan,2.4793930430469724e-39,8.29338384675083e-36,1625,103209337,1012.78759765625,32.060001373291016,3.85250186920166,1626,103244263,257283229,-802948148,-21.711000442504883,0.08799999952316284,312.81597900390625,12,1626
103347480,103311480,0.48760986328125,0.32147216796875,0.02593994140625,0.811279296875,3,0.3203125,0.703125,0.0625,nan,2.4793930430469724e-39,8.29338384675083e-36,1626,103312546,1012.81201171875,32.060001373291016,3.6464009284973145,1627,103347477,257283227,-802948145,-21.69700050354004,0.11999999731779099,312.81597900390625,12,1627
103397333,103349349,0.48760986328125,0.32147216796875,0.02593994140625,0.811279296875,0,0.3203125,0.703125,0.0625,-3.2566294805549356e+38,2.4793888391515794e-39,8.476559788345336e-36,1627,103350415,1012.81689453125,32.060001373291016,3.604123830795288,1628,103397330,257283227,-802948143,-21.68400001525879,0.12800000607967377,312.81597900390625,12,1628
103445252,103402480,0.48760986328125,0.32147216796875,0.02593994140625,0.811279296875,3,-0.3515625,0.0390625,-0.171875,-3.2566294805549356e+38,2.4793888391515794e-39,8.476559788345336e-36,1628,103403545,1012.826416015625,32.060001373291016,3.5248541831970215,1629,103445249,257283227,-802948141,-21.66900062561035,0.13199999928474426,312.81597900390625,12,1629
103497377,103455373,0.48760986328125,0.32147216796875,0.02593994140625,0.811279296875,0,-0.3515625,0.0390625,-0.171875,nan,2.479404253434687e-39,8.570276477244938e-36,1629,103456439,1012.794189453125,32.060001373291016,3.7943708896636963,1630,103497374,257283224,-802948141,-21.67099952697754,0.14900000393390656,312.81597900390625,12,1630
103544229,103508480,0.48760986328125,0.32147216796875,0.02593994140625,0.811279296875,0,-0.3515625,0.0390625,-0.171875,2.8467700601405454e-39,2.3878406091787748e-39,8.616580221393723e-36,1630,103509546,1012.833740234375,32.060001373291016,3.4667232036590576,1631,103544226,257283223,-802948140,-21.645999908447266,0.15299999713897705,312.81597900390625,12,1631
103595376,103546271,0.48760986328125,0.32147216796875,0.02593994140625,0.811279296875,3,0.34375,-0.109375,0.2109375,2.8467700601405454e-39,2.3878406091787748e-39,8.616580221393723e-36,1631,103547337,1012.7978515625,32.060001373291016,3.7626631259918213,1632,103595373,257283224,-802948139,-21.624000549316406,0.14300000667572021,312.81597900390625,12,1632
103647290,103598063,0.48760986328125,0.32147216796875,0.02593994140625,0.811279296875,3,-0.0078125,0.2734375,-0.0859375,2.8467700601405454e-39,2.3878406091787748e-39,8.616580221393723e-36,1632,103599128,1012.821533203125,32.060001373291016,3.567131280899048,1633,103647287,257283223,-802948139,-21.624000549316406,0.15700000524520874,312.81597900390625,12,1633
103695702,103651767,0.48760986328125,0.32147216796875,0.02593994140625,0.811279296875,0,-0.0078125,0.2734375,-0.0859375,nan,2.3877649390617012e-39,8.720758264742385e-36,1633,103652832,1012.827880859375,32.060001373291016,3.514285087585449,1634,103695699,257283223,-802948139,-21.618999481201172,0.12399999797344208,312.81597900390625,12,1634
103753141,103704087,0.48760986328125,0.32147216796875,0.02593994140625,0.811279296875,3,-0.25390625,0.20703125,0.05859375,nan,2.3877649390617012e-39,8.720758264742385e-36,1634,103705152,1012.822265625,32.06999969482422,3.5618467330932617,1635,103753138,257283224,-802948139,-21.614999771118164,0.09700000286102295,312.81597900390625,12,1635
103795365,103757742,0.48760986328125,0.32147216796875,0.02593994140625,0.811279296875,0,-0.25390625,0.20703125,0.05859375,nan,2.3877663403601656e-39,8.796121486241851e-36,1635,103758808,1012.816650390625,32.06999969482422,3.609408378601074,1636,103795363,257283224,-802948140,-21.6200008392334,0.07999999821186066,312.81597900390625,12,1636
103845248,103797087,0.48760986328125,0.32147216796875,0.02593994140625,0.811279296875,3,-0.22265625,-0.125,0.08984375,nan,2.3877663403601656e-39,8.796121486241851e-36,1636,103798152,1012.772216796875,32.060001373291016,3.9793331623077393,1637,103845245,257283223,-802948139,-21.606000900268555,0.08399999886751175,312.81597900390625,12,1637
103893160,103850665,0.48760986328125,0.32147216796875,0.02593994140625,0.811279296875,0,-0.22265625,-0.125,0.08984375,nan,2.387949910458992e-39,8.87155071450418e-36,1637,103851730,1012.80712890625,32.060001373291016,3.688678026199341,1638,103893158,257283224,-802948137,-21.58799934387207,0.08100000023841858,312.81597900390625,12,1638
103945375,103903165,0.48760986328125,0.32147216796875,0.02593994140625,0.811279296875,0,-0.22265625,-0.125,0.08984375,nan,2.3879176805943127e-39,8.896147560713433e-36,1638,103904230,1012.793212890625,32.060001373291016,3.8049402236938477,1639,103945372,257283223,-802948136,-21.56100082397461,0.0989999994635582,312.81597900390625,12,1639
103993106,103956689,0.48760986328125,0.32147216796875,0.02593994140625,0.811279296875,0,-0.22265625,-0.125,0.08984375,-2.4590511041442986e+38,2.3878686351480613e-39,8.953239105801526e-36,1639,103957754,1012.834716796875,32.06999969482422,3.4561538696289062,1640,103993103,257283220,-802948134,-21.541000366210938,0.14000000059604645,312.81597900390625,12,1640
104043380,103995140,0.4815673828125,0.329345703125,0.02813720703125,0.81170654296875,0,-0.22265625,-0.125,0.08984375,-2.4590511041442986e+38,2.3878686351480613e-39,8.953239105801526e-36,1640,103996206,1012.8193359375,32.060001373291016,3.5882699489593506,1641,104043378,257283219,-802948133,-21.527000427246094,0.15199999511241913,312.81597900390625,12,1641
104096967,104048480,0.4815673828125,0.329345703125,0.02813720703125,0.81170654296875,3,0.22265625,0.02734375,-0.55859375,-2.4590511041442986e+38,2.3878686351480613e-39,8.953239105801526e-36,1641,104049545,1012.811279296875,32.060001373291016,3.6516857147216797,1642,104096964,257283218,-802948129,-21.48900032043457,0.17100000381469727,312.81597900390625,12,1642
104143183,104100373,0.4815673828125,0.329345703125,0.02813720703125,0.81170654296875,0,0.22265625,0.02734375,-0.55859375,9.183508978143656e-39,2.3878700364465256e-39,9.033164686051528e-36,1642,104101439,1012.78271484375,32.04999923706055,3.8894944190979004,1643,104143180,257283219,-802948129,-21.479999542236328,0.14800000190734863,312.81597900390625,12,1643
104195358,104153389,0.4761962890625,0.3282470703125,0.02117919921875,0.81549072265625,0,0.22265625,0.02734375,-0.55859375,9.183508978143656e-39,2.3878700364465256e-39,9.033164686051528e-36,1643,104154455,1012.801025390625,32.060001373291016,3.7362399101257324,1644,104195355,257283220,-802948129,-21.4689998626709,0.125,312.81597900390625,12,1644
104243377,104206456,0.47894287109375,0.3292236328125,0.02508544921875,0.8133544921875,0,0.22265625,0.02734375,-0.55859375,9.183508978143656e-39,2.3878700364465256e-39,9.033164686051528e-36,1644,104207521,1012.8369140625,32.06999969482422,3.4402999877929688,1645,104243374,257283221,-802948129,-21.479999542236328,0.1120000034570694,312.81597900390625,12,1645
104293113,104245402,0.47894287109375,0.3292236328125,0.02508544921875,0.8133544921875,3,-0.22265625,0.3828125,0.3046875,9.183508978143656e-39,2.3878700364465256e-39,9.033164686051528e-36,1645,104246467,1012.825439453125,32.06999969482422,3.535423517227173,1646,104293110,257283222,-802948130,-21.479999542236328,0.08799999952316284,312.81597900390625,12,1646
104392271,104356349,0.4794921875,0.33221435546875,0.0289306640625,0.81170654296875,0,-0.22265625,0.3828125,0.3046875,9.183508978143656e-39,2.3878700364465256e-39,9.033164686051528e-36,1646,104357415,1012.77783203125,32.060001373291016,3.9317715167999268,1647,104392268,257283221,-802948130,-21.475000381469727,0.052000001072883606,312.81597900390625,12,1647
104443372,104394504,0.4794921875,0.33221435546875,0.0289306640625,0.81170654296875,3,0.0625,0.015625,0.046875,9.183508978143656e-39,2.3878700364465256e-39,9.033164686051528e-36,1647,104395570,1012.80029296875,32.06999969482422,3.7468090057373047,1648,104443369,257283221,-802948129,-21.450000762939453,0.04600000008940697,312.81597900390625,12,1648
104495363,104447295,0.4794921875,0.33221435546875,0.0289306640625,0.81170654296875,3,-0.01953125,-0.07421875,0.03125,9.183508978143656e-39,2.3878700364465256e-39,9.033164686051528e-36,1648,104448361,1012.78857421875,32.06999969482422,3.841932535171509,1649,104495360,257283220,-802948128,-21.434999465942383,0.05900000035762787,312.81597900390625,12,1649
104542164,104500558,0.47650146484375,0.3341064453125,0.03350830078125,0.8125,0,-0.01953125,-0.07421875,0.03125,9.183508978143656e-39,2.3878700364465256e-39,9.033164686051528e-36,1649,104501623,1012.81494140625,32.06999969482422,3.625262498855591,1650,104542161,257283219,-802948126,-21.433000564575195,0.07800000160932541,312.81597900390625,12,1650
104595660,104553272,0.47650146484375,0.3341064453125,0.03350830078125,0.8125,3,0.03125,0.1328125,-0.05078125,9.183508978143656e-39,2.3878700364465256e-39,9.033164686051528e-36,1650,104554337,1012.83251953125,32.06999969482422,3.477292537689209,1651,104595657,257283220,-802948126,-21.420000076293945,0.06499999761581421,312.81597900390625,12,1651
104647226,104605480,0.47650146484375,0.3341064453125,0.03350830078125,0.8125,0,0.03125,0.1328125,-0.05078125,2.4795107521179757e-39,2.3877789520463445e-39,9.416481024761287e-36,1651,104606545,1012.823486328125,32.06999969482422,3.5512773990631104,1652,104647223,257283220,-802948126,-21.437999725341797,0.0729999989271164,312.81597900390625,12,1652
104695374,104658271,0.47491455078125,0.33349609375,0.0308837890625,0.81378173828125,0,0.03125,0.1328125,-0.05078125,2.4795107521179757e-39,2.3877789520463445e-39,9.416481024761287e-36,1652,104659337,1012.838623046875,32.06999969482422,3.4244461059570312,1653,104695371,257283219,-802948127,-21.44700050354004,0.05999999865889549,312.81597900390625,12,1653
104751881,104697480,0.47491455078125,0.33349609375,0.0308837890625,0.81378173828125,0,0.03125,0.1328125,-0.05078125,3.3061030850600415e-39,2.479551389773441e-39,9.491712950199839e-36,1653,104698546,1012.83203125,32.06999969482422,3.482577085494995,1654,104751878,257283219,-802948125,-21.42300033569336,0.061000000685453415,312.81597900390625,12,1654
104797326,104755272,0.475341796875,0.3304443359375,0.02978515625,0.8148193359375,0,0.03125,0.1328125,-0.05078125,3.3061030850600415e-39,2.479551389773441e-39,9.491712950199839e-36,1654,104756337,1012.79052734375,32.06999969482422,3.8260786533355713,1655,104797323,257283217,-802948125,-21.41200065612793,0.09799999743700027,312.81597900390625,12,1655
104850389,104808558,0.475341796875,0.33062744140625,0.03094482421875,0.814697265625,0,0.03125,0.1328125,-0.05078125,3.3061030850600415e-39,2.479551389773441e-39,9.491712950199839e-36,1655,104809623,1012.830322265625,32.06999969482422,3.4931464195251465,1656,104850386,257283217,-802948124,-21.39299964904785,0.07999999821186066,312.81597900390625,12,1656
104896940,104860295,0.475341796875,0.33062744140625,0.03094482421875,0.814697265625,3,0.0390625,0.0703125,-0.0546875,3.3061030850600415e-39,2.479551389773441e-39,9.491712950199839e-36,1656,104861361,1012.765625,32.06999969482422,4.032179832458496,1657,104896938,257283215,-802948122,-21.375999450683594,0.10599999874830246,312.81597900390625,12,1657
104947360,104899456,0.47528076171875,0.3306884765625,0.03338623046875,0.81463623046875,0,0.0390625,0.0703125,-0.0546875,3.3061030850600415e-39,2.479551389773441e-39,9.491712950199839e-36,1657,104900521,1012.77294921875,32.06999969482422,3.974048614501953,1658,104947357,257283216,-802948120,-21.3439998626709,0.09399999678134918,312.81597900390625,12,1658
104995347,104952272,0.47528076171875,0.3306884765625,0.03338623046875,0.81463623046875,3,-0.07421875,0.109375,-0.0234375,3.3061030850600415e-39,2.479551389773441e-39,9.491712950199839e-36,1658,104953337,1012.819091796875,32.06999969482422,3.5882699489593506,1659,104995344,257283214,-802948118,-21.33300018310547,0.13099999725818634,312.81597900390625,12,1659
105046329,105004582,0.47528076171875,0.3306884765625,0.03338623046875,0.81463623046875,0,-0.07421875,0.109375,-0.0234375,6.152967032197697e-39,2.387794366329452e-39,9.693720190760429e-36,1659,105005647,1012.79736328125,32.06999969482422,3.7679476737976074,1660,105046327,257283211,-802948115,-21.30900001525879,0.17800000309944153,312.81597900390625,12,1660
105093379,105057164,0.47528076171875,0.3306884765625,0.03338623046875,0.81463623046875,0,-0.07421875,0.109375,-0.0234375,7.805963924087609e-39,2.3878251948956672e-39,9.726123771607926e-36,1660,105058230,1012.7919921875,32.060001373291016,3.81550931930542,1661,105093376,257283209,-802948112,-21.290000915527344,0.19599999487400055,312.81597900390625,12,1661
105144211,105095689,0.47528076171875,0.3306884765625,0.03338623046875,0.81463623046875,3,-0.015625,0.3046875,-0.40625,7.805963924087609e-39,2.3878251948956672e-39,9.726123771607926e-36,1661,105096754,1012.80029296875,32.06999969482422,3.7468090057373047,1662,105144208,257283208,-802948111,-21.284000396728516,0.19599999487400055,312.81597900390625,12,1662
105196936,105148165,0.47528076171875,0.3306884765625,0.03338623046875,0.81463623046875,0,-0.015625,0.3046875,-0.40625,2.3142531018829142e-38,2.3877495247785937e-39,9.801487710572205e-36,1662,105149230,1012.801513671875,32.060001373291016,3.7362399101257324,1663,105196933,257283207,-802948111,-21.290000915527344,0.18700000643730164,312.81597900390625,12,1663
105243213,105200582,0.47528076171875,0.3306884765625,0.03338623046875,0.81463623046875,0,-0.015625,0.3046875,-0.40625,6.465219490041967e-38,2.3877775507478802e-39,9.834572165527935e-36,1663,105201647,1012.775634765625,32.06999969482422,3.9476253986358643,1664,105243210,257283207,-802948111,-21.274999618530273,0.18400000035762787,312.81597900390625,12,1664
105296867,105254271,0.47528076171875,0.3306884765625,0.03338623046875,0.81463623046875,3,0.3671875,-0.65234375,0.53125,6.465219490041967e-38,2.3877775507478802e-39,9.834572165527935e-36,1664,105255337,1012.810302734375,32.060001373291016,3.662254810333252,1665,105296864,257283208,-802948110,-21.261999130249023,0.1469999998807907,312.81597900390625,12,1665
105396926,105360480,0.47528076171875,0.3306884765625,0.03338623046875,0.81463623046875,3,-0.59765625,0.48046875,0.09375,6.465219490041967e-38,2.3877775507478802e-39,9.834572165527935e-36,1665,105361546,1012.81396484375,32.06999969482422,3.630547046661377,1666,105396923,257283209,-802948109,-21.229000091552734,0.12200000137090683,312.81597900390625,12,1666
105444209,105402271,0.49639892578125,0.29827880859375,-0.017822265625,0.81500244140625,0,-0.59765625,0.48046875,0.09375,6.465219490041967e-38,2.3877775507478802e-39,9.834572165527935e-36,1666,105403337,1012.807861328125,32.060001373291016,3.6833934783935547,1667,105444206,257283207,-802948110,-21.23900032043457,0.11400000005960464,312.81597900390625,12,1667
105491729,105455558,0.49639892578125,0.29827880859375,-0.017822265625,0.81500244140625,0,-0.59765625,0.48046875,0.09375,4.095852759037772e-38,2.387776149449416e-39,1.0020615813982936e-35,1667,105456623,1012.814697265625,32.060001373291016,3.625262498855591,1668,105491726,257283205,-802948108,-21.23900032043457,0.12999999523162842,312.81597900390625,12,1668
105542168,105494295,0.49639892578125,0.29827880859375,-0.017822265625,0.81500244140625,3,0.125,0.015625,-0.1328125,4.095852759037772e-38,2.387776149449416e-39,1.0020615813982936e-35,1668,105495361,1012.84619140625,32.060001373291016,3.361030340194702,1669,105542165,257283205,-802948106,-21.232999801635742,0.15000000596046448,312.81597900390625,12,1669
105595339,105546480,0.50341796875,0.2852783203125,-0.0487060546875,0.81414794921875,0,0.125,0.015625,-0.1328125,4.095852759037772e-38,2.387776149449416e-39,1.0020615813982936e-35,1669,105547545,1012.814697265625,32.04999923706055,3.625262498855591,1670,105595336,257283204,-802948104,-21.194000244140625,0.17000000178813934,312.81597900390625,12,1670
105647320,105599373,0.50341796875,0.2852783203125,-0.0487060546875,0.81414794921875,0,0.125,0.015625,-0.1328125,5.069286317277357e-38,2.479524765102619e-39,1.0116850086913933e-35,1670,105600439,1012.786865234375,32.060001373291016,3.8577864170074463,1671,105647317,257283203,-802948102,-21.166000366210938,0.17499999701976776,312.81597900390625,12,1671
105693155,105651480,0.50341796875,0.2852783203125,-0.0487060546875,0.81414794921875,0,0.125,0.015625,-0.1328125,2.0938498729215854e-38,2.4795457845795838e-39,1.0166328612863492e-35,1671,105652545,1012.802734375,32.060001373291016,3.725670576095581,1672,105693152,257283203,-802948100,-21.149999618530273,0.1850000023841858,312.81597900390625,12,1672
105747202,105704349,0.50341796875,0.2852783203125,-0.0487060546875,0.81414794921875,0,0.125,0.015625,-0.1328125,2.3877999715233094e-39,2.4794420884932238e-39,1.019299749745481e-35,1672,105705415,1012.792724609375,32.04999923706055,3.8049402236938477,1673,105747199,257283203,-802948099,-21.134000778198242,0.16699999570846558,312.81597900390625,12,1673
105792298,105756480,0.50341796875,0.2852783203125,-0.0487060546875,0.81414794921875,0,0.125,0.015625,-0.1328125,2.9387156983578325e-38,2.387827997492596e-39,1.0241889854651548e-35,1673,105757545,1012.83154296875,32.060001373291016,3.482577085494995,1674,105792295,257283203,-802948100,-21.145999908447266,0.14300000667572021,312.81597900390625,12,1674
105850202,105796271,0.51251220703125,0.27099609375,-0.0782470703125,0.81103515625,0,0.125,0.015625,-0.1328125,2.9387156983578325e-38,2.387827997492596e-39,1.0241889854651548e-35,1674,105797337,1012.814453125,32.060001373291016,3.625262498855591,1675,105850199,257283202,-802948100,-21.163999557495117,0.14300000667572021,312.81597900390625,12,1675
105895236,105852271,0.51251220703125,0.27099609375,-0.0782470703125,0.81103515625,3,-0.01953125,-0.0625,-0.1953125,2.9387156983578325e-38,2.387827997492596e-39,1.0241889854651548e-35,1675,105853337,1012.82861328125,32.060001373291016,3.509000301361084,1676,105895233,257283200,-802948100,-21.163000106811523,0.14300000667572021,312.81597900390625,12,1676
105947268,105904582,0.51251220703125,0.27099609375,-0.0782470703125,0.81103515625,0,-0.01953125,-0.0625,-0.1953125,1.7338255809742018e-37,2.387966726040564e-39,1.0337266039665318e-35,1676,105905647,1012.82861328125,32.04999923706055,3.509000301361084,1677,105947265,257283202,-802948099,-21.159000396728516,0.11900000274181366,312.81597900390625,12,1677
105993355,105957271,0.51251220703125,0.27099609375,-0.0782470703125,0.81103515625,3,0.32421875,-0.20703125,0.44140625,1.7338255809742018e-37,2.387966726040564e-39,1.0337266039665318e-35,1677,105958337,1012.799560546875,32.04999923706055,3.75209379196167,1678,105993352,257283203,-802948100,-21.160999298095703,0.08299999684095383,312.81597900390625,12,1678
106045218,105997480,0.51251220703125,0.27099609375,-0.0782470703125,0.81103515625,0,0.32421875,-0.20703125,0.44140625,1.0928435253188669e-38,2.387738314390879e-39,1.041201582874904e-35,1678,105998546,1012.79541015625,32.060001373291016,3.783801555633545,1679,106045215,257283202,-802948101,-21.159000396728516,0.06700000166893005,312.81597900390625,12,1679
106092619,106050271,0.51251220703125,0.27099609375,-0.0782470703125,0.81103515625,3,0.1328125,0.28125,0.1953125,1.0928435253188669e-38,2.387738314390879e-39,1.041201582874904e-35,1679,106051337,1012.78369140625,32.04999923706055,3.884209632873535,1680,106092616,257283202,-802948101,-21.15399932861328,0.061000000685453415,312.81597900390625,12,1680
106145214,106103582,0.51251220703125,0.27099609375,-0.0782470703125,0.81103515625,0,0.1328125,0.28125,0.1953125,5.4182340174875155e-39,2.3877915637325234e-39,1.0481556105820238e-35,1680,106104647,1012.78857421875,32.060001373291016,3.841932535171509,1681,106145211,257283202,-802948101,-21.155000686645508,0.039000000804662704,312.81597900390625,12,1681
106192332,106156271,0.51251220703125,0.27099609375,-0.0782470703125,0.81103515625,3,0.0703125,0.0390625,0.203125,5.4182340174875155e-39,2.3877915637325234e-39,1.0481556105820238e-35,1681,106157337,1012.80078125,32.060001373291016,3.7415244579315186,1682,106192329,257283202,-802948102,-21.148000717163086,0.035999998450279236,312.81597900390625,12,1682
106244191,106196480,0.51251220703125,0.27099609375,-0.0782470703125,0.81103515625,3,0.23046875,0.34375,0.1953125,5.4182340174875155e-39,2.3877915637325234e-39,1.0481556105820238e-35,1682,106197546,1012.81494140625,32.060001373291016,3.625262498855591,1683,106244188,257283202,-802948102,-21.152000427246094,0.029999999329447746,312.81597900390625,12,1683
106297299,106249349,0.51251220703125,0.27099609375,-0.0782470703125,0.81103515625,0,0.23046875,0.34375,0.1953125,nan,2.4794462923886167e-39,1.0591535569652756e-35,1683,106250415,1012.806884765625,32.04999923706055,3.688678026199341,1684,106297296,257283203,-802948103,-21.159000396728516,0.020999999716877937,312.81597900390625,12,1684
106397294,106361414,0.51251220703125,0.27099609375,-0.0782470703125,0.81103515625,0,0.23046875,0.34375,0.1953125,-3.2300349822585315e+38,2.4794098586285443e-39,1.0617051488288403e-35,1684,106362479,1012.824462890625,32.04999923706055,3.540708065032959,1685,106397291,257283204,-802948103,-21.142000198364258,0.0020000000949949026,312.81597900390625,12,1685
106443132,106400349,0.517822265625,0.25042724609375,-0.12884521484375,0.80780029296875,0,0.23046875,0.34375,0.1953125,-3.2300349822585315e+38,2.4794098586285443e-39,1.0617051488288403e-35,1685,106401415,1012.7978515625,32.060001373291016,3.7626631259918213,1686,106443129,257283202,-802948102,-21.131000518798828,0.05400000140070915,312.81597900390625,12,1686
106496797,106454374,0.517822265625,0.25042724609375,-0.12884521484375,0.80780029296875,0,0.23046875,0.34375,0.1953125,9.091735139118095e-39,2.4795135547149043e-39,1.0735125390149471e-35,1686,106455439,1012.826904296875,32.060001373291016,3.5248541831970215,1687,106496794,257283201,-802948101,-21.11199951171875,0.06400000303983688,312.81597900390625,12,1687
106543138,106507373,0.517822265625,0.25042724609375,-0.12884521484375,0.80780029296875,0,0.23046875,0.34375,0.1953125,1.4050815497889548e-38,2.47946030537326e-39,1.0767271401128837e-35,1687,106508439,1012.781494140625,32.060001373291016,3.9000637531280518,1688,106543135,257283202,-802948099,-21.07200050354004,0.04399999976158142,312.81597900390625,12,1688
106595224,106545480,0.517822265625,0.25042724609375,-0.12884521484375,0.80780029296875,3,0.01953125,0.15234375,-0.234375,1.4050815497889548e-38,2.47946030537326e-39,1.0767271401128837e-35,1688,106546546,1012.845458984375,32.060001373291016,3.3663151264190674,1689,106595221,257283203,-802948099,-21.04400062561035,0.03200000151991844,312.81597900390625,12,1689
106641944,106598336,0.517822265625,0.25042724609375,-0.12884521484375,0.80780029296875,3,0.1015625,0.19140625,-0.01171875,1.4050815497889548e-38,2.47946030537326e-39,1.0767271401128837e-35,1689,106599401,1012.810791015625,32.060001373291016,3.656970262527466,1690,106641941,257283202,-802948098,-21.016000747680664,0.06199999898672104,312.81597900390625,12,1690
106693137,106651504,0.517822265625,0.25042724609375,-0.12884521484375,0.80780029296875,3,0.1796875,0.16796875,-0.2890625,1.4050815497889548e-38,2.47946030537326e-39,1.0767271401128837e-35,1690,106652570,1012.83447265625,32.060001373291016,3.4614386558532715,1691,106693134,257283201,-802948098,-21.00200080871582,0.061000000685453415,312.81597900390625,12,1691
106747429,106704271,0.517822265625,0.25042724609375,-0.12884521484375,0.80780029296875,3,0.0859375,0.08203125,0.1015625,1.4050815497889548e-38,2.47946030537326e-39,1.0767271401128837e-35,1691,106705337,1012.820068359375,32.060001373291016,3.577700614929199,1692,106747426,257283202,-802948097,-20.985000610351562,0.04399999976158142,312.81597900390625,12,1692
106792334,106756480,0.517822265625,0.25042724609375,-0.12884521484375,0.80780029296875,0,0.0859375,0.08203125,0.1015625,1.616301369264331e-38,2.387790162434059e-39,1.0963204584576352e-35,1692,106757545,1012.772216796875,32.060001373291016,3.9793331623077393,1693,106792331,257283204,-802948097,-20.958999633789062,0.027000000700354576,312.81597900390625,12,1693
106849306,106794349,0.52685546875,0.23944091796875,-0.1480712890625,0.802001953125,0,0.0859375,0.08203125,0.1015625,1.616301369264331e-38,2.387790162434059e-39,1.0963204584576352e-35,1693,106795415,1012.781494140625,32.060001373291016,3.9000637531280518,1694,106849303,257283202,-802948097,-20.948999404907227,0.032999999821186066,312.81597900390625,12,1694
106895230,106853480,0.52685546875,0.23944091796875,-0.1480712890625,0.802001953125,3,0.22265625,0.12109375,0.078125,1.616301369264331e-38,2.387790162434059e-39,1.0963204584576352e-35,1694,106854546,1012.806884765625,32.060001373291016,3.688678026199341,1695,106895227,257283202,-802948096,-20.934999465942383,0.052000001072883606,312.81597900390625,12,1695
106943134,106907373,0.52685546875,0.23944091796875,-0.1480712890625,0.802001953125,0,0.22265625,0.12109375,0.078125,6.336650636199858e-39,2.4795401793857265e-39,1.1049961147317918e-35,1695,106908439,1012.861328125,32.06999969482422,3.234199047088623,1696,106943131,257283202,-802948095,-20.902000427246094,0.04600000008940697,312.81597900390625,12,1696
106993146,106945373,0.52685546875,0.23944091796875,-0.1480712890625,0.802001953125,0,0.22265625,0.12109375,0.078125,nan,2.4795135547149043e-39,1.1090616290988173e-35,1696,106946439,1012.798828125,32.060001373291016,3.757378339767456,1697,106993143,257283201,-802948095,-20.893999099731445,0.06199999898672104,312.81597900390625,12,1697
107047192,106999480,0.52685546875,0.23944091796875,-0.1480712890625,0.802001953125,3,-0.14453125,-0.02734375,0.31640625,nan,2.4795135547149043e-39,1.1090616290988173e-35,1697,107000545,1012.796630859375,32.06999969482422,3.7732322216033936,1698,107047189,257283201,-802948094,-20.888999938964844,0.035999998450279236,312.81597900390625,12,1698
107093141,107051373,0.52685546875,0.23944091796875,-0.1480712890625,0.802001953125,0,-0.14453125,-0.02734375,0.31640625,1.7265148947819421e-38,2.479516357311833e-39,1.1158167755595699e-35,1698,107052439,1012.82080078125,32.060001373291016,3.572416067123413,1699,107093138,257283200,-802948093,-20.857999801635742,0.04800000041723251,312.81597900390625,12,1699
107147211,107104480,0.52685546875,0.23944091796875,-0.1480712890625,0.802001953125,3,-0.234375,0.0,0.30078125,1.7265148947819421e-38,2.479516357311833e-39,1.1158167755595699e-35,1699,107105545,1012.811767578125,32.060001373291016,3.6464009284973145,1700,107147208,257283198,-802948092,-20.834999084472656,0.07800000160932541,312.81597900390625,12,1700
107193201,107157295,0.52685546875,0.23944091796875,-0.1480712890625,0.802001953125,3,-1.44921875,-1.6328125,1.3046875,1.7265148947819421e-38,2.479516357311833e-39,1.1158167755595699e-35,1700,107158361,1012.828369140625,32.060001373291016,3.509000301361084,1701,107193198,257283197,-802948090,-20.83099937438965,0.08399999886751175,312.81597900390625,12,1701
107243121,107195480,0.52685546875,0.23944091796875,-0.1480712890625,0.802001953125,3,1.30859375,-1.44140625,2.15625,1.7265148947819421e-38,2.479516357311833e-39,1.1158167755595699e-35,1701,107196545,1012.830322265625,32.060001373291016,3.4931464195251465,1702,107243118,257283196,-802948089,-20.81599998474121,0.09399999678134918,312.81597900390625,12,1702
107303126,107248349,0.58648681640625,0.18609619140625,-0.22772216796875,0.75469970703125,0,1.30859375,-1.44140625,2.15625,1.7265148947819421e-38,2.479516357311833e-39,1.1158167755595699e-35,1702,107249415,1012.81005859375,32.06999969482422,3.662254810333252,1703,107303124,257283196,-802948089,-20.799999237060547,0.10000000149011612,312.81597900390625,12,1703
107393143,107375504,0.58648681640625,0.18609619140625,-0.22772216796875,0.75469970703125,3,-0.47265625,0.5234375,0.1953125,1.7265148947819421e-38,2.479516357311833e-39,1.1158167755595699e-35,1703,107376570,1012.8310546875,32.060001373291016,3.4878618717193604,1704,107393140,257283195,-802948090,-20.785999298095703,0.11299999803304672,312.81597900390625,12,1704
107445272,107403349,0.58990478515625,0.17755126953125,-0.22711181640625,0.7542724609375,0,-0.47265625,0.5234375,0.1953125,1.7265148947819421e-38,2.479516357311833e-39,1.1158167755595699e-35,1704,107404415,1012.817138671875,32.060001373291016,3.604123830795288,1705,107445269,257283196,-802948089,-20.756999969482422,0.08299999684095383,312.81597900390625,12,1705
107497158,107455456,0.58990478515625,0.17755126953125,-0.22711181640625,0.7542724609375,3,0.0546875,0.03515625,-0.06640625,1.7265148947819421e-38,2.479516357311833e-39,1.1158167755595699e-35,1705,107456521,1012.79443359375,32.060001373291016,3.7943708896636963,1706,107497155,257283198,-802948089,-20.724000930786133,0.057999998331069946,312.81597900390625,12,1706
107544361,107508402,0.58990478515625,0.17755126953125,-0.22711181640625,0.7542724609375,3,0.078125,-0.01953125,0.171875,1.7265148947819421e-38,2.479516357311833e-39,1.1158167755595699e-35,1706,107509468,1012.80908203125,32.060001373291016,3.6728241443634033,1707,107544358,257283197,-802948089,-20.700000762939453,0.08500000089406967,312.81597900390625,12,1707
107595307,107546456,0.58648681640625,0.17681884765625,-0.22808837890625,0.75677490234375,0,0.078125,-0.01953125,0.171875,1.7265148947819421e-38,2.479516357311833e-39,1.1158167755595699e-35,1707,107547521,1012.802001953125,32.06999969482422,3.730955123901367,1708,107595305,257283194,-802948088,-20.66699981689453,0.14800000190734863,312.81597900390625,12,1708
107647416,107598271,0.58648681640625,0.17681884765625,-0.22808837890625,0.75677490234375,3,-0.06640625,-0.0859375,0.06640625,1.7265148947819421e-38,2.479516357311833e-39,1.1158167755595699e-35,1708,107599337,1012.83203125,32.060001373291016,3.482577085494995,1709,107647413,257283192,-802948085,-20.67300033569336,0.14300000667572021,312.81597900390625,12,1709
107692595,107650582,0.58648681640625,0.17681884765625,-0.22808837890625,0.75677490234375,0,-0.06640625,-0.0859375,0.06640625,8.266525887760318e-40,2.4794462923886167e-39,1.1593114297231406e-35,1709,107651647,1012.83642578125,32.060001373291016,3.445584774017334,1710,107692592,257283188,-802948084,-20.64699935913086,0.20999999344348907,312.81597900390625,12,1710
107751238,107703272,0.58648681640625,0.17681884765625,-0.22808837890625,0.75677490234375,3,-0.140625,0.125,-0.07421875,8.266525887760318e-40,2.4794462923886167e-39,1.1593114297231406e-35,1710,107704337,1012.783203125,32.060001373291016,3.884209632873535,1711,107751235,257283187,-802948082,-20.607999801635742,0.19900000095367432,312.81597900390625,12,1711
107797277,107755586,0.58648681640625,0.17681884765625,-0.22808837890625,0.75677490234375,3,-0.234375,0.1953125,0.1171875,8.266525887760318e-40,2.4794462923886167e-39,1.1593114297231406e-35,1711,107756652,1012.82177734375,32.06999969482422,3.567131280899048,1712,107797274,257283186,-802948080,-20.5939998626709,0.20499999821186066,312.81597900390625,12,1712
107850266,107808271,0.58819580078125,0.1749267578125,-0.22528076171875,0.7567138671875,0,-0.234375,0.1953125,0.1171875,8.266525887760318e-40,2.4794462923886167e-39,1.1593114297231406e-35,1712,107809337,1012.820556640625,32.06999969482422,3.577700614929199,1713,107850263,257283184,-802948078,-20.579999923706055,0.22200000286102295,312.81597900390625,12,1713
107897268,107861533,0.58758544921875,0.17535400390625,-0.22491455078125,0.7572021484375,0,-0.234375,0.1953125,0.1171875,8.266525887760318e-40,2.4794462923886167e-39,1.1593114297231406e-35,1713,107862599,1012.79052734375,32.060001373291016,3.8260786533355713,1714,107897265,257283187,-802948077,-20.559999465942383,0.1940000057220459,312.81597900390625,12,1714
107943208,107901296,0.58758544921875,0.17535400390625,-0.22491455078125,0.7572021484375,3,-0.01171875,0.00390625,-0.1484375,8.266525887760318e-40,2.4794462923886167e-39,1.1593114297231406e-35,1714,107902361,1012.85595703125,32.060001373291016,3.2817609310150146,1715,107943205,257283186,-802948077,-20.541000366210938,0.19900000095367432,312.81597900390625,12,1715
107996791,107954456,0.5882568359375,0.17510986328125,-0.22381591796875,0.757080078125,0,-0.01171875,0.00390625,-0.1484375,8.266525887760318e-40,2.4794462923886167e-39,1.1593114297231406e-35,1715,107955521,1012.822021484375,32.06999969482422,3.5618467330932617,1716,107996788,257283185,-802948076,-20.538000106811523,0.20100000500679016,312.81597900390625,12,1716
108043110,108007373,0.5882568359375,0.17510986328125,-0.22381591796875,0.757080078125,0,-0.01171875,0.00390625,-0.1484375,nan,2.387729906600093e-39,1.1844081336681225e-35,1716,108008439,1012.798095703125,32.060001373291016,3.7626631259918213,1717,108043107,257283185,-802948079,-20.545000076293945,0.1860000044107437,312.81597900390625,12,1717
108093176,108045456,0.5882568359375,0.17633056640625,-0.22247314453125,0.7572021484375,0,-0.01171875,0.00390625,-0.1484375,nan,2.387729906600093e-39,1.1844081336681225e-35,1717,108046521,1012.806884765625,32.06999969482422,3.688678026199341,1718,108093173,257283182,-802948077,-20.503999710083008,0.2240000069141388,312.81597900390625,12,1718
108147177,108099272,0.5882568359375,0.17633056640625,-0.22247314453125,0.7572021484375,3,0.02734375,0.078125,0.03515625,nan,2.387729906600093e-39,1.1844081336681225e-35,1718,108100337,1012.7958984375,32.060001373291016,3.778517007827759,1719,108147174,257283187,-802948079,-20.507999420166016,0.10899999737739563,312.81597900390625,12,1719
108193116,108151545,0.5882568359375,0.17633056640625,-0.22247314453125,0.7572021484375,3,0.0625,0.05078125,-0.07421875,nan,2.387729906600093e-39,1.1844081336681225e-35,1719,108152610,1012.78564453125,32.060001373291016,3.8683557510375977,1720,108193113,257283189,-802948079,-20.517000198364258,0.11500000208616257,312.81597900390625,12,1720
108247281,108204205,0.58746337890625,0.17718505859375,-0.22314453125,0.7574462890625,0,0.0625,0.05078125,-0.07421875,nan,2.387729906600093e-39,1.1844081336681225e-35,1720,108205270,1012.84033203125,32.06999969482422,3.4085922241210938,1721,108247279,257283189,-802948078,-20.479999542236328,0.12600000202655792,312.81597900390625,12,1721
108292243,108256611,0.58746337890625,0.17718505859375,-0.22314453125,0.7574462890625,3,-0.15625,0.1171875,0.2265625,nan,2.387729906600093e-39,1.1844081336681225e-35,1721,108257676,1012.806884765625,32.06999969482422,3.688678026199341,1722,108292240,257283188,-802948078,-20.46299934387207,0.10700000077486038,312.81597900390625,12,1722
108344162,108296205,0.5885009765625,0.17657470703125,-0.2230224609375,0.75677490234375,0,-0.15625,0.1171875,0.2265625,nan,2.387729906600093e-39,1.1844081336681225e-35,1722,108297271,1012.7822265625,32.06999969482422,3.8947789669036865,1723,108344159,257283188,-802948080,-20.493999481201172,0.08100000023841858,312.81597900390625,12,1723
108443179,108407480,0.5885009765625,0.17657470703125,-0.2230224609375,0.75677490234375,0,-0.15625,0.1171875,0.2265625,2.2040659207764323e-39,2.4795485871765124e-39,1.2162829429478966e-35,1723,108408546,1012.816162109375,32.06999969482422,3.6146931648254395,1724,108443176,257283188,-802948083,-20.48699951171875,0.10400000214576721,312.81597900390625,12,1724
108494291,108446374,0.5885009765625,0.17657470703125,-0.2230224609375,0.75677490234375,0,-0.15625,0.1171875,0.2265625,1.8373965594073434e-40,2.4795345741918692e-39,1.2217356755322773e-35,1724,108447439,1012.7900390625,32.060001373291016,3.8313634395599365,1725,108494288,257283190,-802948081,-20.450000762939453,0.07199999690055847,312.81597900390625,12,1725
108547413,108499373,0.5885009765625,0.17657470703125,-0.2230224609375,0.75677490234375,0,-0.15625,0.1171875,0.2265625,nan,2.4795401793857265e-39,1.2371274481813194e-35,1725,108500439,1012.827392578125,32.060001373291016,3.5195696353912354,1726,108547410,257283192,-802948082,-20.45400047302246,0.06400000303983688,312.81597900390625,12,1726
108593088,108551374,0.5885009765625,0.17657470703125,-0.2230224609375,0.75677490234375,0,-0.15625,0.1171875,0.2265625,1.1020161448066443e-39,2.3877229001077715e-39,1.243320030481623e-35,1726,108552439,1012.821044921875,32.06999969482422,3.572416067123413,1727,108593085,257283193,-802948084,-20.461000442504883,0.04500000178813934,312.81597900390625,12,1727
108641303,108604480,0.5885009765625,0.17657470703125,-0.2230224609375,0.75677490234375,0,-0.15625,0.1171875,0.2265625,nan,2.3877285053016288e-39,1.2532771506595904e-35,1727,108605545,1012.82275390625,32.06999969482422,3.5565621852874756,1728,108641300,257283194,-802948083,-20.440000534057617,0.05700000002980232,312.81597900390625,12,1728
108697297,108643325,0.587890625,0.17645263671875,-0.22283935546875,0.75738525390625,0,-0.15625,0.1171875,0.2265625,nan,2.3877285053016288e-39,1.2532771506595904e-35,1728,108644390,1012.822265625,32.06999969482422,3.5618467330932617,1729,108697294,257283193,-802948084,-20.437000274658203,0.03700000047683716,312.81597900390625,12,1729
108747228,108699271,0.587890625,0.17645263671875,-0.22283935546875,0.75738525390625,3,0.05078125,0.03515625,-0.01953125,nan,2.3877285053016288e-39,1.2532771506595904e-35,1729,108700337,1012.83984375,32.06999969482422,3.41387677192688,1730,108747226,257283195,-802948084,-20.43600082397461,0.08100000023841858,312.81597900390625,12,1730
108792175,108750582,0.587890625,0.17645263671875,-0.22283935546875,0.75738525390625,0,0.05078125,0.03515625,-0.01953125,nan,2.4795415806841908e-39,1.2723218236612793e-35,1730,108751648,1012.81884765625,32.06999969482422,3.5882699489593506,1731,108792172,257283194,-802948084,-20.39699935913086,0.010999999940395355,312.81597900390625,12,1731
108851157,108803164,0.587890625,0.17645263671875,-0.22283935546875,0.75738525390625,0,0.05078125,0.03515625,-0.01953125,4.4081444532390436e-39,2.4795191599087616e-39,1.2789312530183625e-35,1731,108804230,1012.81787109375,32.06999969482422,3.598839282989502,1732,108851154,257283194,-802948085,-20.398000717163086,0.023000000044703484,312.81597900390625,12,1732
108892224,108856586,0.587890625,0.17645263671875,-0.22283935546875,0.75738525390625,3,0.07421875,0.03515625,0.1171875,4.4081444532390436e-39,2.4795191599087616e-39,1.2789312530183625e-35,1732,108857652,1012.79345703125,32.06999969482422,3.7996554374694824,1733,108892221,257283193,-802948086,-20.413000106811523,0.04800000041723251,312.81597900390625,12,1733
108942060,108894271,0.587890625,0.17645263671875,-0.22283935546875,0.75738525390625,3,-0.125,0.28515625,0.15625,4.4081444532390436e-39,2.4795191599087616e-39,1.2789312530183625e-35,1733,108895337,1012.814208984375,32.06999969482422,3.630547046661377,1734,108942057,257283194,-802948086,-20.38599967956543,0.020999999716877937,312.81597900390625,12,1734
108995190,108947480,0.587890625,0.17645263671875,-0.22283935546875,0.75738525390625,3,0.00390625,-0.01953125,0.1015625,4.4081444532390436e-39,2.4795191599087616e-39,1.2789312530183625e-35,1734,108948546,1012.8369140625,32.06999969482422,3.4402999877929688,1735,108995187,257283196,-802948087,-20.38599967956543,0.020999999716877937,312.81597900390625,12,1735
109043346,109000373,0.587890625,0.17645263671875,-0.22283935546875,0.75738525390625,0,0.00390625,-0.01953125,0.1015625,4.4998832598029964e-39,2.3877873598371304e-39,1.3060763907530372e-35,1735,109001439,1012.800048828125,32.06999969482422,3.7468090057373047,1736,109043343,257283198,-802948086,-20.360000610351562,0.0560000017285347,312.81597900390625,12,1736
109095220,109053480,0.587890625,0.17645263671875,-0.22283935546875,0.75738525390625,0,0.00390625,-0.01953125,0.1015625,6.4283586141975956e-40,2.3877355117939504e-39,1.3154028593597322e-35,1736,109054545,1012.814453125,32.06999969482422,3.625262498855591,1737,109095217,257283198,-802948085,-20.347999572753906,0.09399999678134918,312.81597900390625,12,1737
109142203,109106271,0.587890625,0.17645263671875,-0.22283935546875,0.75738525390625,3,-0.01953125,0.109375,0.09375,6.4283586141975956e-40,2.3877355117939504e-39,1.3154028593597322e-35,1737,109107337,1012.787109375,32.06999969482422,3.85250186920166,1738,109142200,257283199,-802948086,-20.344999313354492,0.09300000220537186,312.81597900390625,12,1738
109194311,109146534,0.587890625,0.17645263671875,-0.22283935546875,0.75738525390625,0,-0.01953125,0.109375,0.09375,4.591438496268123e-40,2.3877411169878077e-39,1.33042298523526e-35,1738,109147599,1012.850341796875,32.06999969482422,3.329322576522827,1739,109194308,257283197,-802948085,-20.323999404907227,0.061000000685453415,312.81597900390625,12,1739
109253182,109199295,0.587890625,0.17645263671875,-0.22283935546875,0.75738525390625,3,-0.06640625,-0.25,-0.25,4.591438496268123e-40,2.3877411169878077e-39,1.33042298523526e-35,1739,109200361,1012.827392578125,32.06999969482422,3.5195696353912354,1740,109253179,257283195,-802948086,-20.298999786376953,0.07999999821186066,312.81597900390625,12,1740
109297327,109255558,0.579833984375,0.17510986328125,-0.22418212890625,0.763427734375,0,-0.06640625,-0.25,-0.25,4.591438496268123e-40,2.3877411169878077e-39,1.33042298523526e-35,1740,109256623,1012.796630859375,32.06999969482422,3.7732322216033936,1741,109297324,257283197,-802948088,-20.283000946044922,0.0729999989271164,312.81597900390625,12,1741
109344230,109308295,0.579833984375,0.17510986328125,-0.22418212890625,0.763427734375,3,-0.02734375,0.02734375,0.1328125,4.591438496268123e-40,2.3877411169878077e-39,1.33042298523526e-35,1741,109309361,1012.7978515625,32.06999969482422,3.7626631259918213,1742,109344228,257283200,-802948090,-20.316999435424805,0.03700000047683716,312.81597900390625,12,1742
109441196,109411480,0.579833984375,0.17510986328125,-0.22418212890625,0.763427734375,0,-0.02734375,0.02734375,0.1328125,4.8672826976719985e-39,2.3877733468524872e-39,1.361816519117981e-35,1742,109412546,1012.80322265625,32.06999969482422,3.720386028289795,1743,109441193,257283199,-802948090,-20.285999298095703,0.014999999664723873,312.81597900390625,12,1743
109497329,109443349,0.57952880859375,0.17236328125,-0.22637939453125,0.763671875,0,-0.02734375,0.02734375,0.1328125,4.8672826976719985e-39,2.3877733468524872e-39,1.361816519117981e-35,1743,109444415,1012.83056640625,32.08000183105469,3.4931464195251465,1744,109497326,257283201,-802948091,-20.28700065612793,0.02199999988079071,312.81597900390625,12,1744
109547146,109499480,0.57952880859375,0.17236328125,-0.22637939453125,0.763671875,3,-0.203125,0.04296875,-0.06640625,4.8672826976719985e-39,2.3877733468524872e-39,1.361816519117981e-35,1744,109500546,1012.826171875,32.08000183105469,3.5301389694213867,1745,109547143,257283201,-802948093,-20.308000564575195,0.035999998450279236,312.81597900390625,12,1745
109595192,109553373,0.57952880859375,0.17236328125,-0.22637939453125,0.763671875,0,-0.203125,0.04296875,-0.06640625,3.673439464498149e-39,2.3877271040031645e-39,1.3857217292467943e-35,1745,109554439,1012.7822265625,32.08000183105469,3.8947789669036865,1746,109595189,257283203,-802948095,-20.31100082397461,0.05700000002980232,312.81597900390625,12,1746
109642184,109606480,0.57952880859375,0.17236328125,-0.22637939453125,0.763671875,3,0.265625,0.12890625,-0.07421875,3.673439464498149e-39,2.3877271040031645e-39,1.3857217292467943e-35,1746,109607546,1012.783935546875,32.08000183105469,3.878925085067749,1747,109642181,257283204,-802948095,-20.309999465942383,0.061000000685453415,312.81597900390625,12,1747
109692152,109644271,0.57952880859375,0.17236328125,-0.22637939453125,0.763671875,3,-0.1171875,-0.03125,0.0390625,3.673439464498149e-39,2.3877271040031645e-39,1.3857217292467943e-35,1747,109645337,1012.806640625,32.06999969482422,3.693962812423706,1748,109692149,257283205,-802948096,-20.291000366210938,0.0560000017285347,312.81597900390625,12,1748
109751293,109697480,0.57952880859375,0.17236328125,-0.22637939453125,0.763671875,3,-0.05078125,0.10546875,-0.02734375,3.673439464498149e-39,2.3877271040031645e-39,1.3857217292467943e-35,1748,109698545,1012.833251953125,32.08000183105469,3.472007989883423,1749,109751290,257283206,-802948097,-20.277000427246094,0.0560000017285347,312.81597900390625,12,1749
109795198,109753336,0.57952880859375,0.17236328125,-0.22637939453125,0.763671875,3,-0.09375,0.046875,0.01171875,3.673439464498149e-39,2.3877271040031645e-39,1.3857217292467943e-35,1749,109754401,1012.78662109375,32.06999969482422,3.8577864170074463,1750,109795195,257283206,-802948097,-20.281999588012695,0.03700000047683716,312.81597900390625,12,1750
109848563,109806480,0.57952880859375,0.17236328125,-0.22637939453125,0.763671875,3,0.06640625,0.16015625,-0.10546875,3.673439464498149e-39,2.3877271040031645e-39,1.3857217292467943e-35,1750,109807546,1012.83642578125,32.060001373291016,3.445584774017334,1751,109848560,257283206,-802948097,-20.27899932861328,0.014999999664723873,312.81597900390625,12,1751
109895182,109858373,0.57952880859375,0.17236328125,-0.22637939453125,0.763671875,0,0.06640625,0.16015625,-0.10546875,1.2857095578980559e-39,2.3877243014062358e-39,1.4302524743478787e-35,1751,109859439,1012.811279296875,32.060001373291016,3.6516857147216797,1752,109895179,257283205,-802948098,-20.27899932861328,0.02199999988079071,312.81597900390625,12,1752
109945248,109897480,0.57952880859375,0.17236328125,-0.22637939453125,0.763671875,0,0.06640625,0.16015625,-0.10546875,6.427980263612228e-40,2.3877257027047e-39,1.4408454118437775e-35,1752,109898546,1012.810791015625,32.060001373291016,3.656970262527466,1753,109945245,257283206,-802948098,-20.263999938964844,0.028999999165534973,312.81597900390625,12,1753
109993121,109951271,0.57952880859375,0.17236328125,-0.22637939453125,0.763671875,3,-0.15625,-0.06640625,-0.12890625,6.427980263612228e-40,2.3877257027047e-39,1.4408454118437775e-35,1753,109952337,1012.791259765625,32.060001373291016,3.820794105529785,1754,109993118,257283207,-802948098,-20.226999282836914,0.014999999664723873,312.81597900390625,12,1754
110046982,110004504,0.57952880859375,0.17236328125,-0.22637939453125,0.763671875,3,0.1640625,-0.1796875,-0.07421875,6.427980263612228e-40,2.3877257027047e-39,1.4408454118437775e-35,1754,110005570,1012.82666015625,32.06999969482422,3.5248541831970215,1755,110046979,257283206,-802948097,-20.224000930786133,0.04899999871850014,312.81597900390625,12,1755
110093120,110057271,0.57952880859375,0.17236328125,-0.22637939453125,0.763671875,3,-0.09375,-0.04296875,-0.02734375,6.427980263612228e-40,2.3877257027047e-39,1.4408454118437775e-35,1755,110058337,1012.810302734375,32.04999923706055,3.662254810333252,1756,110093117,257283207,-802948096,-20.219999313354492,0.08799999952316284,312.81597900390625,12,1756
110143591,110095480,0.57952880859375,0.17236328125,-0.22637939453125,0.763671875,0,-0.09375,-0.04296875,-0.02734375,nan,2.3877579325693796e-39,1.4668701565253248e-35,1756,110096546,1012.788330078125,32.04999923706055,3.841932535171509,1757,110143588,257283206,-802948096,-20.233999252319336,0.08799999952316284,312.81597900390625,12,1757
110197283,110149349,0.57257080078125,0.177734375,-0.2188720703125,0.7698974609375,0,-0.09375,-0.04296875,-0.02734375,nan,2.3877579325693796e-39,1.4668701565253248e-35,1757,110150414,1012.819580078125,32.04999923706055,3.5829854011535645,1758,110197280,257283204,-802948095,-20.238000869750977,0.10100000351667404,312.81597900390625,12,1758
110244295,110202504,0.57257080078125,0.177734375,-0.2188720703125,0.7698974609375,3,0.03515625,-0.06640625,0.0703125,nan,2.3877579325693796e-39,1.4668701565253248e-35,1758,110203570,1012.811767578125,32.04999923706055,3.6464009284973145,1759,110244292,257283204,-802948095,-20.236000061035156,0.09799999743700027,312.81597900390625,12,1759
110297011,110254349,0.57257080078125,0.177734375,-0.2188720703125,0.7698974609375,0,0.03515625,-0.06640625,0.0703125,nan,2.3877285053016288e-39,1.487701316913212e-35,1759,110255415,1012.80029296875,32.029998779296875,3.7468090057373047,1760,110297008,257283204,-802948093,-20.174999237060547,0.11699999868869781,312.81597900390625,12,1760
110343291,110307480,0.57257080078125,0.177734375,-0.2188720703125,0.7698974609375,3,-0.0703125,-0.078125,-0.00390625,nan,2.3877285053016288e-39,1.487701316913212e-35,1760,110308546,1012.79736328125,32.040000915527344,3.7679476737976074,1761,110343288,257283205,-802948092,-20.134000778198242,0.13600000739097595,312.81597900390625,12,1761
110393115,110345325,0.572265625,0.17755126953125,-0.21917724609375,0.77001953125,0,-0.0703125,-0.078125,-0.00390625,nan,2.3877285053016288e-39,1.487701316913212e-35,1761,110346390,1012.820068359375,32.040000915527344,3.577700614929199,1762,110393113,257283207,-802948092,-20.09600067138672,0.1080000028014183,312.81597900390625,12,1762
110498124,110456480,0.572265625,0.17755126953125,-0.21917724609375,0.77001953125,3,-0.1171875,0.00390625,-0.11328125,nan,2.3877285053016288e-39,1.487701316913212e-35,1762,110457546,1012.796142578125,32.029998779296875,3.778517007827759,1763,110498121,257283210,-802948094,-20.051000595092773,0.04899999871850014,312.81597900390625,12,1763
110545159,110509373,0.572265625,0.17755126953125,-0.21917724609375,0.77001953125,0,-0.1171875,0.00390625,-0.11328125,nan,2.479555593668834e-39,1.515833255752697e-35,1763,110510439,1012.794677734375,32.029998779296875,3.789086103439331,1764,110545157,257283211,-802948094,-20.030000686645508,0.054999999701976776,312.81597900390625,12,1764
110595615,110547373,0.572265625,0.17755126953125,-0.21917724609375,0.77001953125,0,-0.1171875,0.00390625,-0.11328125,nan,2.4795485871765124e-39,1.531799287238652e-35,1764,110548439,1012.82275390625,32.02000045776367,3.5565621852874756,1765,110595612,257283208,-802948092,-20.035999298095703,0.08799999952316284,312.81597900390625,12,1765
110642193,110600480,0.572265625,0.17755126953125,-0.21917724609375,0.77001953125,0,-0.1171875,0.00390625,-0.11328125,nan,2.4795317715949405e-39,1.5394091495320063e-35,1765,110601546,1012.81396484375,32.02000045776367,3.630547046661377,1766,110642190,257283206,-802948091,-20.038999557495117,0.12800000607967377,312.81597900390625,12,1766
110697053,110654374,0.572265625,0.17755126953125,-0.21917724609375,0.77001953125,0,-0.1171875,0.00390625,-0.11328125,nan,2.4795345741918692e-39,1.5448095071849844e-35,1766,110655439,1012.791748046875,32.02000045776367,3.81550931930542,1767,110697050,257283206,-802948091,-20.018999099731445,0.11900000274181366,312.81597900390625,12,1767
110748545,110706480,0.572265625,0.17755126953125,-0.21917724609375,0.77001953125,3,-0.140625,-0.0625,-0.13671875,nan,2.4795345741918692e-39,1.5448095071849844e-35,1767,110707545,1012.806396484375,32.02000045776367,3.693962812423706,1768,110748542,257283206,-802948089,-19.968000411987305,0.125,312.81597900390625,12,1768
110795664,110759271,0.572265625,0.17755126953125,-0.21917724609375,0.77001953125,3,0.07421875,-0.0546875,0.203125,nan,2.4795345741918692e-39,1.5448095071849844e-35,1768,110760337,1012.82080078125,32.02000045776367,3.572416067123413,1769,110795661,257283204,-802948086,-19.95400047302246,0.18199999630451202,312.81597900390625,12,1769
110852154,110798480,0.572265625,0.17755126953125,-0.21917724609375,0.77001953125,0,0.07421875,-0.0546875,0.203125,nan,2.3877257027047e-39,1.570093254206907e-35,1769,110799545,1012.81298828125,32.02000045776367,3.6411163806915283,1770,110852152,257283206,-802948086,-19.91900062561035,0.17399999499320984,312.81597900390625,12,1770
110892142,110856271,0.573974609375,0.1751708984375,-0.2169189453125,0.76995849609375,0,0.07421875,-0.0546875,0.203125,nan,2.3877257027047e-39,1.570093254206907e-35,1770,110857337,1012.8486328125,32.02000045776367,3.3398919105529785,1771,110892139,257283207,-802948085,-19.891000747680664,0.1599999964237213,312.81597900390625,12,1771
110942189,110894558,0.5733642578125,0.17535400390625,-0.218505859375,0.7698974609375,0,0.07421875,-0.0546875,0.203125,nan,2.3877257027047e-39,1.570093254206907e-35,1771,110895623,1012.79443359375,32.02000045776367,3.7943708896636963,1772,110942186,257283206,-802948085,-19.867000579833984,0.1550000011920929,312.81597900390625,12,1772
110996901,110948164,0.5733642578125,0.17535400390625,-0.218505859375,0.7698974609375,0,0.07421875,-0.0546875,0.203125,9.18859429027069e-41,2.3877327091970218e-39,1.5883154255461308e-35,1772,110949230,1012.7958984375,32.02000045776367,3.778517007827759,1773,110996898,257283205,-802948084,-19.84600067138672,0.16599999368190765,312.81597900390625,12,1773
111042146,111000582,0.5733642578125,0.17535400390625,-0.218505859375,0.7698974609375,0,0.07421875,-0.0546875,0.203125,nan,2.479547185878048e-39,1.5953124293955933e-35,1773,111001647,1012.835693359375,32.029998779296875,3.45086932182312,1774,111042143,257283205,-802948082,-19.83799934387207,0.17399999499320984,312.81597900390625,12,1774
111095160,111053165,0.5733642578125,0.17535400390625,-0.218505859375,0.7698974609375,0,0.07421875,-0.0546875,0.203125,7.806059212383183e-39,2.387738314390879e-39,1.6018895728360584e-35,1774,111054230,1012.8388671875,32.040000915527344,3.4244461059570312,1775,111095158,257283207,-802948082,-19.822999954223633,0.164000004529953,312.81597900390625,12,1775
111143259,111106689,0.5733642578125,0.17535400390625,-0.218505859375,0.7698974609375,0,0.07421875,-0.0546875,0.203125,9.826405095397381e-39,2.479555593668834e-39,1.6097981874778516e-35,1775,111107754,1012.81591796875,32.040000915527344,3.6146931648254395,1776,111143256,257283209,-802948084,-19.781999588012695,0.07699999958276749,312.81597900390625,12,1776
111199083,111145164,0.5733642578125,0.17535400390625,-0.218505859375,0.7698974609375,0,0.07421875,-0.0546875,0.203125,7.989716191714522e-39,2.3877271040031645e-39,1.6169886198410969e-35,1776,111146230,1012.803466796875,32.029998779296875,3.720386028289795,1777,111199080,257283207,-802948081,-19.761999130249023,0.1340000033378601,312.81597900390625,12,1777
111243171,111201271,0.5733642578125,0.17535400390625,-0.218505859375,0.7698974609375,3,0.51171875,0.09765625,0.046875,7.989716191714522e-39,2.3877271040031645e-39,1.6169886198410969e-35,1777,111202337,1012.82421875,32.040000915527344,3.545992851257324,1778,111243168,257283208,-802948081,-19.722999572753906,0.11100000143051147,312.81597900390625,12,1778
111297149,111254582,0.5733642578125,0.17535400390625,-0.218505859375,0.7698974609375,0,0.51171875,0.09765625,0.046875,4.591746781930274e-39,2.3878223922987386e-39,1.631334472284677e-35,1778,111255648,1012.82177734375,32.040000915527344,3.567131280899048,1779,111297146,257283208,-802948080,-19.70199966430664,0.09200000017881393,312.81597900390625,12,1779
111343269,111307164,0.5733642578125,0.17535400390625,-0.218505859375,0.7698974609375,0,0.51171875,0.09765625,0.046875,1.2305995721527823e-38,2.387746722181665e-39,1.6379308437821503e-35,1779,111308230,1012.833740234375,32.04999923706055,3.4667232036590576,1780,111343267,257283207,-802948078,-19.701000213623047,0.13099999725818634,312.81597900390625,12,1780
111394071,111345689,0.5733642578125,0.17535400390625,-0.218505859375,0.7698974609375,0,0.51171875,0.09765625,0.046875,2.8469368146578e-39,2.4795443832811195e-39,1.6464158696552977e-35,1780,111346754,1012.802734375,32.040000915527344,3.725670576095581,1781,111394068,257283207,-802948079,-19.69300079345703,0.10599999874830246,312.81597900390625,12,1781
111493074,111457141,0.574462890625,0.16552734375,-0.22882080078125,0.76824951171875,0,0.51171875,0.09765625,0.046875,2.8469368146578e-39,2.4795443832811195e-39,1.6464158696552977e-35,1781,111458206,1012.816162109375,32.04999923706055,3.6146931648254395,1782,111493071,257283206,-802948078,-19.66900062561035,0.09300000220537186,312.81597900390625,12,1782
111546931,111497713,0.574462890625,0.16552734375,-0.22882080078125,0.76824951171875,3,-0.1328125,-0.14453125,-0.2578125,2.8469368146578e-39,2.4795443832811195e-39,1.6464158696552977e-35,1782,111498779,1012.808349609375,32.040000915527344,3.6781086921691895,1783,111546928,257283205,-802948077,-19.655000686645508,0.09000000357627869,312.81597900390625,12,1783
111592201,111550140,0.574951171875,0.16522216796875,-0.2294921875,0.76776123046875,0,-0.1328125,-0.14453125,-0.2578125,2.8469368146578e-39,2.4795443832811195e-39,1.6464158696552977e-35,1783,111551206,1012.823974609375,32.04999923706055,3.545992851257324,1784,111592198,257283207,-802948077,-19.63599967956543,0.0949999988079071,312.81597900390625,12,1784
111645136,111602713,0.574951171875,0.16522216796875,-0.2294921875,0.76776123046875,3,-0.30859375,-0.3515625,-0.1953125,2.8469368146578e-39,2.4795443832811195e-39,1.6464158696552977e-35,1784,111603778,1012.823486328125,32.04999923706055,3.5512773990631104,1785,111645133,257283207,-802948077,-19.617000579833984,0.04100000113248825,312.81597900390625,12,1785
111692244,111656140,0.57720947265625,0.1600341796875,-0.2310791015625,0.76666259765625,0,-0.30859375,-0.3515625,-0.1953125,2.8469368146578e-39,2.4795443832811195e-39,1.6464158696552977e-35,1785,111657206,1012.795654296875,32.04999923706055,3.783801555633545,1786,111692241,257283204,-802948076,-19.61199951171875,0.07500000298023224,312.81597900390625,12,1786
111751635,111696689,0.57720947265625,0.1600341796875,-0.2310791015625,0.76666259765625,0,-0.30859375,-0.3515625,-0.1953125,1.2858258656705948e-39,2.479524765102619e-39,1.6994105471640057e-35,1786,111697754,1012.78759765625,32.04999923706055,3.85250186920166,1787,111751632,257283203,-802948075,-19.590999603271484,0.08799999952316284,312.81597900390625,12,1787
111795163,111753063,0.57720947265625,0.1600341796875,-0.2310791015625,0.76666259765625,3,0.421875,0.07421875,0.1796875,1.2858258656705948e-39,2.479524765102619e-39,1.6994105471640057e-35,1787,111754128,1012.79931640625,32.04999923706055,3.75209379196167,1788,111795160,257283203,-802948073,-19.575000762939453,0.10199999809265137,312.81597900390625,12,1788
111848523,111805767,0.57464599609375,0.16461181640625,-0.2313232421875,0.767578125,0,0.421875,0.07421875,0.1796875,1.2858258656705948e-39,2.479524765102619e-39,1.6994105471640057e-35,1788,111806832,1012.8046875,32.04999923706055,3.7098166942596436,1789,111848520,257283203,-802948072,-19.548999786376953,0.10300000011920929,312.81597900390625,12,1789
111894067,111858087,0.57464599609375,0.16461181640625,-0.2313232421875,0.767578125,3,0.08203125,0.01171875,0.03515625,1.2858258656705948e-39,2.479524765102619e-39,1.6994105471640057e-35,1789,111859152,1012.83740234375,32.04999923706055,3.4350154399871826,1790,111894064,257283204,-802948073,-19.548999786376953,0.061000000685453415,312.81597900390625,12,1790
111947218,111898665,0.57366943359375,0.16717529296875,-0.2337646484375,0.76702880859375,0,0.08203125,0.01171875,0.03515625,1.2858258656705948e-39,2.479524765102619e-39,1.6994105471640057e-35,1790,111899730,1012.802734375,32.040000915527344,3.725670576095581,1791,111947215,257283204,-802948074,-19.541000366210938,0.03799999877810478,312.81597900390625,12,1791
111995147,111952140,0.57464599609375,0.1676025390625,-0.23291015625,0.7664794921875,0,0.08203125,0.01171875,0.03515625,1.2858258656705948e-39,2.479524765102619e-39,1.6994105471640057e-35,1791,111953206,1012.787353515625,32.060001373291016,3.85250186920166,1792,111995144,257283203,-802948072,-19.531999588012695,0.05400000140070915,312.81597900390625,12,1792
112042129,112005713,0.57464599609375,0.1676025390625,-0.23291015625,0.7664794921875,3,0.08984375,0.1015625,0.08203125,1.2858258656705948e-39,2.479524765102619e-39,1.6994105471640057e-35,1792,112006778,1012.849853515625,32.04999923706055,3.329322576522827,1793,112042126,257283201,-802948072,-19.524999618530273,0.07900000363588333,312.81597900390625,12,1793
112092117,112044087,0.57464599609375,0.1676025390625,-0.23291015625,0.7664794921875,3,-0.01171875,-0.05078125,-0.1015625,1.2858258656705948e-39,2.479524765102619e-39,1.6994105471640057e-35,1793,112045152,1012.798095703125,32.04999923706055,3.7626631259918213,1794,112092114,257283200,-802948072,-19.52400016784668,0.09099999815225601,312.81597900390625,12,1794
112146915,112097689,0.57464599609375,0.1676025390625,-0.23291015625,0.7664794921875,0,-0.01171875,-0.05078125,-0.1015625,nan,2.3877355117939504e-39,1.754153829916747e-35,1794,112098755,1012.81982421875,32.04999923706055,3.5829854011535645,1795,112146912,257283204,-802948072,-19.481000900268555,0.05700000002980232,312.81597900390625,12,1795
112192177,112150164,0.57464599609375,0.1676025390625,-0.23291015625,0.7664794921875,0,-0.01171875,-0.05078125,-0.1015625,nan,2.3877411169878077e-39,1.7588890976873935e-35,1795,112151230,1012.804931640625,32.04999923706055,3.7045319080352783,1796,112192174,257283201,-802948070,-19.48200035095215,0.07100000232458115,312.81597900390625,12,1796
112246896,112203689,0.57464599609375,0.1676025390625,-0.23291015625,0.7664794921875,0,-0.01171875,-0.05078125,-0.1015625,7.346517393992502e-40,2.4795541923703697e-39,1.7704431510477707e-35,1796,112204754,1012.791748046875,32.04999923706055,3.81550931930542,1797,112246893,257283202,-802948070,-19.479999542236328,0.03799999877810478,312.81597900390625,12,1797
112292157,112256140,0.57232666015625,0.17333984375,-0.23541259765625,0.76611328125,0,-0.01171875,-0.05078125,-0.1015625,7.346517393992502e-40,2.4795541923703697e-39,1.7704431510477707e-35,1797,112257206,1012.801513671875,32.04999923706055,3.7362399101257324,1798,112292155,257283203,-802948071,-19.472000122070312,0.007000000216066837,312.81597900390625,12,1798
112345142,112296689,0.57232666015625,0.17333984375,-0.23541259765625,0.76611328125,0,-0.01171875,-0.05078125,-0.1015625,nan,2.479547185878048e-39,1.7855509511235368e-35,1798,112297754,1012.770263671875,32.04999923706055,3.9951870441436768,1799,112345139,257283204,-802948072,-19.45400047302246,0.029999999329447746,312.81597900390625,12,1799
112392306,112350140,0.57281494140625,0.1737060546875,-0.23455810546875,0.7659912109375,0,-0.01171875,-0.05078125,-0.1015625,nan,2.479547185878048e-39,1.7855509511235368e-35,1799,112351206,1012.777099609375,32.04999923706055,3.937056064605713,1800,112392303,257283201,-802948071,-19.459999084472656,0.008999999612569809,312.81597900390625,12,1800
112447018,112403713,0.57281494140625,0.1737060546875,-0.23455810546875,0.7659912109375,3,0.046875,0.015625,0.05859375,nan,2.479547185878048e-39,1.7855509511235368e-35,1800,112404778,1012.798095703125,32.04999923706055,3.7626631259918213,1801,112447015,257283202,-802948072,-19.45400047302246,0.04100000113248825,312.81597900390625,12,1801
112547001,112510141,0.5728759765625,0.1754150390625,-0.23309326171875,0.7659912109375,0,0.046875,0.015625,0.05859375,nan,2.479547185878048e-39,1.7855509511235368e-35,1801,112511206,1012.82080078125,32.04999923706055,3.572416067123413,1802,112546998,257283201,-802948070,-19.434999465942383,0.028999999165534973,312.81597900390625,12,1802
112595138,112552689,0.5728759765625,0.1754150390625,-0.23309326171875,0.7659912109375,0,0.046875,0.015625,0.05859375,nan,2.4795303702964762e-39,1.8142862778713722e-35,1802,112553754,1012.816162109375,32.060001373291016,3.6146931648254395,1803,112595135,257283203,-802948070,-19.410999298095703,0.04100000113248825,312.81597900390625,12,1803
112642186,112606164,0.5728759765625,0.1754150390625,-0.23309326171875,0.7659912109375,0,0.046875,0.015625,0.05859375,nan,2.4795135547149043e-39,1.825792404582192e-35,1803,112607230,1012.794677734375,32.04999923706055,3.789086103439331,1804,112642183,257283203,-802948069,-19.39299964904785,0.029999999329447746,312.81597900390625,12,1804
112692152,112644582,0.5728759765625,0.1754150390625,-0.23309326171875,0.7659912109375,0,0.046875,0.015625,0.05859375,5.5100597045562565e-40,2.479542981982655e-39,1.8331653599940513e-35,1804,112645647,1012.85302734375,32.060001373291016,3.3028993606567383,1805,112692149,257283203,-802948068,-19.365999221801758,0.03400000184774399,312.81597900390625,12,1805
112752141,112698271,0.5728759765625,0.1754150390625,-0.23309326171875,0.7659912109375,3,0.046875,0.12890625,-0.078125,5.5100597045562565e-40,2.479542981982655e-39,1.8331653599940513e-35,1805,112699337,1012.79296875,32.04999923706055,3.8049402236938477,1806,112752138,257283200,-802948067,-19.35700035095215,0.01899999938905239,312.81597900390625,12,1806
112792167,112756558,0.574462890625,0.17535400390625,-0.2314453125,0.76531982421875,0,0.046875,0.12890625,-0.078125,5.5100597045562565e-40,2.479542981982655e-39,1.8331653599940513e-35,1806,112757623,1012.797119140625,32.04999923706055,3.7732322216033936,1807,112792164,257283201,-802948066,-19.326000213623047,0.01600000075995922,312.81597900390625,12,1807
112848536,112794295,0.574462890625,0.17535400390625,-0.2314453125,0.76531982421875,3,0.078125,0.14453125,0.03515625,5.5100597045562565e-40,2.479542981982655e-39,1.8331653599940513e-35,1807,112795361,1012.792236328125,32.04999923706055,3.810224771499634,1808,112848533,257283199,-802948064,-19.308000564575195,0.023000000044703484,312.81597900390625,12,1808
112893111,112851558,0.5745849609375,0.17694091796875,-0.2298583984375,0.76531982421875,0,0.078125,0.14453125,0.03515625,5.5100597045562565e-40,2.479542981982655e-39,1.8331653599940513e-35,1808,112852623,1012.79296875,32.04999923706055,3.8049402236938477,1809,112893108,257283198,-802948064,-19.315000534057617,0.03799999877810478,312.81597900390625,12,1809
112945128,112903229,0.5745849609375,0.17694091796875,-0.2298583984375,0.76531982421875,0,0.078125,0.14453125,0.03515625,nan,2.3877369130924147e-39,1.8665132680293846e-35,1809,112904294,1012.79931640625,32.04999923706055,3.75209379196167,1810,112945125,257283203,-802948066,-19.31100082397461,0.08500000089406967,312.81597900390625,12,1810
112992158,112956558,0.5745849609375,0.17694091796875,-0.2298583984375,0.76531982421875,0,0.078125,0.14453125,0.03515625,2.7547986380315146e-40,2.4795345741918692e-39,1.8755193168502658e-35,1810,112957624,1012.791259765625,32.04999923706055,3.820794105529785,1811,112992155,257283202,-802948066,-19.326000213623047,0.07900000363588333,312.81597900390625,12,1811
113042189,112994271,0.5745849609375,0.17694091796875,-0.2298583984375,0.76531982421875,3,0.03125,-0.078125,0.11328125,2.7547986380315146e-40,2.4795345741918692e-39,1.8755193168502658e-35,1811,112995337,1012.803466796875,32.060001373291016,3.720386028289795,1812,113042186,257283199,-802948065,-19.350000381469727,0.035999998450279236,312.81597900390625,12,1812
113095134,113047456,0.5750732421875,0.177001953125,-0.22967529296875,0.76495361328125,0,0.03125,-0.078125,0.11328125,2.7547986380315146e-40,2.4795345741918692e-39,1.8755193168502658e-35,1812,113048521,1012.849365234375,32.060001373291016,3.3346073627471924,1813,113095131,257283200,-802948066,-19.3700008392334,0.06700000166893005,312.81597900390625,12,1813
113148465,113100373,0.5750732421875,0.177001953125,-0.22967529296875,0.76495361328125,0,0.03125,-0.078125,0.11328125,nan,2.4794841274471535e-39,1.895926599026199e-35,1813,113101439,1012.76171875,32.060001373291016,4.063887596130371,1814,113148462,257283201,-802948067,-19.375,0.10100000351667404,312.81597900390625,12,1814
113195207,113153480,0.5750732421875,0.177001953125,-0.22967529296875,0.76495361328125,0,0.03125,-0.078125,0.11328125,nan,2.479551389773441e-39,1.9035321565306708e-35,1814,113154546,1012.814208984375,32.060001373291016,3.630547046661377,1815,113195204,257283201,-802948066,-19.356000900268555,0.10300000011920929,312.81597900390625,12,1815
113242184,113206349,0.57550048828125,0.17889404296875,-0.22845458984375,0.76458740234375,0,0.03125,-0.078125,0.11328125,nan,2.479551389773441e-39,1.9035321565306708e-35,1815,113207414,1012.756103515625,32.060001373291016,4.111449241638184,1816,113242181,257283199,-802948063,-19.30699920654297,0.06499999761581421,312.81597900390625,12,1816
113292587,113244480,0.57550048828125,0.17889404296875,-0.22845458984375,0.76458740234375,0,0.03125,-0.078125,0.11328125,1.6530473386346278e-39,2.3877313078985574e-39,1.9212017364703566e-35,1816,113245546,1012.832763671875,32.060001373291016,3.472007989883423,1817,113292584,257283197,-802948062,-19.30299949645996,0.04899999871850014,312.81597900390625,12,1817
113346261,113298271,0.57550048828125,0.17889404296875,-0.22845458984375,0.76458740234375,3,0.03125,-0.1015625,0.07421875,1.6530473386346278e-39,2.3877313078985574e-39,1.9212017364703566e-35,1817,113299337,1012.818603515625,32.04999923706055,3.5935544967651367,1818,113346258,257283195,-802948060,-19.288999557495117,0.020999999716877937,312.81597900390625,12,1818
113393060,113351558,0.57562255859375,0.17681884765625,-0.22967529296875,0.7646484375,0,0.03125,-0.1015625,0.07421875,1.6530473386346278e-39,2.3877313078985574e-39,1.9212017364703566e-35,1818,113352624,1012.8154296875,32.060001373291016,3.6199777126312256,1819,113393057,257283194,-802948059,-19.29599952697754,0.01899999938905239,312.81597900390625,12,1819
113446869,113404271,0.57562255859375,0.17681884765625,-0.22967529296875,0.7646484375,3,0.03125,0.015625,0.08203125,1.6530473386346278e-39,2.3877313078985574e-39,1.9212017364703566e-35,1819,113405337,1012.803955078125,32.060001373291016,3.7151012420654297,1820,113446866,257283194,-802948058,-19.285999298095703,0.029999999329447746,312.81597900390625,12,1820
113493060,113457534,0.575439453125,0.17523193359375,-0.2313232421875,0.76458740234375,0,0.03125,0.015625,0.08203125,1.6530473386346278e-39,2.3877313078985574e-39,1.9212017364703566e-35,1820,113458599,1012.84423828125,32.060001373291016,3.3768844604492188,1821,113493057,257283194,-802948057,-19.250999450683594,0.027000000700354576,312.81597900390625,12,1821
113595125,113559296,0.575439453125,0.17523193359375,-0.2313232421875,0.76458740234375,3,0.0625,-0.0078125,0.07421875,1.6530473386346278e-39,2.3877313078985574e-39,1.9212017364703566e-35,1821,113560361,1012.79638671875,32.060001373291016,3.778517007827759,1822,113595122,257283192,-802948054,-19.222000122070312,0.004999999888241291,312.81597900390625,12,1822
113642280,113600534,0.575439453125,0.17523193359375,-0.2313232421875,0.76458740234375,0,0.0625,-0.0078125,0.07421875,4.4080884013004706e-39,2.387742518286272e-39,1.9624261167238278e-35,1822,113601599,1012.8056640625,32.060001373291016,3.699247360229492,1823,113642277,257283192,-802948054,-19.239999771118164,0.04600000008940697,312.81597900390625,12,1823
113695132,113653271,0.575439453125,0.17523193359375,-0.2313232421875,0.76458740234375,3,-0.03515625,-0.07421875,0.1640625,4.4080884013004706e-39,2.387742518286272e-39,1.9624261167238278e-35,1823,113654337,1012.8115234375,32.060001373291016,3.6516857147216797,1824,113695130,257283192,-802948055,-19.25,0.0560000017285347,312.81597900390625,12,1824
113748517,113706582,0.575439453125,0.17523193359375,-0.2313232421875,0.76458740234375,0,-0.03515625,-0.07421875,0.1640625,1.7448758283002973e-39,2.3877285053016288e-39,1.9835553119953404e-35,1824,113707647,1012.786376953125,32.060001373291016,3.8630712032318115,1825,113748514,257283192,-802948055,-19.263999938964844,0.07500000298023224,312.81597900390625,12,1825
113795137,113759164,0.575439453125,0.17523193359375,-0.2313232421875,0.76458740234375,0,-0.03515625,-0.07421875,0.1640625,5.51013537467333e-39,2.3877411169878077e-39,1.9897077162660748e-35,1825,113760230,1012.8134765625,32.06999969482422,3.635831594467163,1826,113795134,257283192,-802948055,-19.235000610351562,0.10100000351667404,312.81597900390625,12,1826
113848294,113799665,0.57568359375,0.168212890625,-0.2391357421875,0.76361083984375,0,-0.03515625,-0.07421875,0.1640625,5.51013537467333e-39,2.3877411169878077e-39,1.9897077162660748e-35,1826,113800730,1012.794189453125,32.060001373291016,3.7943708896636963,1827,113848291,257283192,-802948055,-19.249000549316406,0.10599999874830246,312.81597900390625,12,1827
113894500,113852140,0.57513427734375,0.1685791015625,-0.240234375,0.76361083984375,0,-0.03515625,-0.07421875,0.1640625,5.51013537467333e-39,2.3877411169878077e-39,1.9897077162660748e-35,1827,113853206,1012.822509765625,32.060001373291016,3.5618467330932617,1828,113894497,257283193,-802948054,-19.23200035095215,0.1289999932050705,312.81597900390625,12,1828
113947203,113904713,0.57513427734375,0.1685791015625,-0.240234375,0.76361083984375,3,-0.203125,0.0703125,-0.00390625,5.51013537467333e-39,2.3877411169878077e-39,1.9897077162660748e-35,1828,113905778,1012.82275390625,32.060001373291016,3.5565621852874756,1829,113947200,257283192,-802948053,-19.23699951171875,0.12999999523162842,312.81597900390625,12,1829
113993060,113957140,0.5762939453125,0.16534423828125,-0.23956298828125,0.76361083984375,0,-0.203125,0.0703125,-0.00390625,5.51013537467333e-39,2.3877411169878077e-39,1.9897077162660748e-35,1829,113958206,1012.82666015625,32.060001373291016,3.5248541831970215,1830,113993057,257283192,-802948053,-19.259000778198242,0.11500000208616257,312.81597900390625,12,1830
114046874,113997689,0.5762939453125,0.16534423828125,-0.23956298828125,0.76361083984375,0,-0.203125,0.0703125,-0.00390625,nan,2.4795317715949405e-39,2.0297184330406332e-35,1830,113998754,1012.8017578125,32.060001373291016,3.730955123901367,1831,114046871,257283189,-802948052,-19.292999267578125,0.07699999958276749,312.81597900390625,12,1831
114093063,114051151,0.5762939453125,0.16534423828125,-0.23956298828125,0.76361083984375,0,-0.203125,0.0703125,-0.00390625,nan,2.479520561207226e-39,2.0335201355956485e-35,1831,114052217,1012.78759765625,32.060001373291016,3.85250186920166,1832,114093060,257283189,-802948053,-19.290000915527344,0.10300000011920929,312.81597900390625,12,1832
114146830,114104582,0.5762939453125,0.16534423828125,-0.23956298828125,0.76361083984375,0,-0.203125,0.0703125,-0.00390625,nan,2.4795345741918692e-39,2.0405049425432775e-35,1832,114105647,1012.810546875,32.060001373291016,3.656970262527466,1833,114146827,257283189,-802948051,-19.2810001373291,0.11599999666213989,312.81597900390625,12,1833
114193060,114157164,0.5762939453125,0.16534423828125,-0.23956298828125,0.76361083984375,0,-0.203125,0.0703125,-0.00390625,nan,2.4795527910719054e-39,2.0471740649728633e-35,1833,114158230,1012.81787109375,32.060001373291016,3.598839282989502,1834,114193057,257283189,-802948049,-19.246000289916992,0.13600000739097595,312.81597900390625,12,1834
114246887,114197665,0.57745361328125,0.1717529296875,-0.23492431640625,0.7628173828125,0,-0.203125,0.0703125,-0.00390625,nan,2.4795527910719054e-39,2.0471740649728633e-35,1834,114198730,1012.776611328125,32.060001373291016,3.942340850830078,1835,114246884,257283185,-802948046,-19.21299934387207,0.0430000014603138,312.81597900390625,12,1835
114293060,114251140,0.57745361328125,0.172119140625,-0.2344970703125,0.7628173828125,0,-0.203125,0.0703125,-0.00390625,nan,2.4795527910719054e-39,2.0471740649728633e-35,1835,114252206,1012.813720703125,32.060001373291016,3.630547046661377,1836,114293057,257283182,-802948043,-19.18199920654297,0.0560000017285347,312.81597900390625,12,1836
114346197,114303713,0.57745361328125,0.172119140625,-0.2344970703125,0.7628173828125,3,0.015625,-0.10546875,0.03515625,nan,2.4795527910719054e-39,2.0471740649728633e-35,1836,114304778,1012.78076171875,32.060001373291016,3.905348300933838,1837,114346195,257283180,-802948039,-19.141000747680664,0.05700000002980232,312.81597900390625,12,1837
114392647,114356140,0.57781982421875,0.173095703125,-0.23358154296875,0.76263427734375,0,0.015625,-0.10546875,0.03515625,nan,2.4795527910719054e-39,2.0471740649728633e-35,1837,114357206,1012.79345703125,32.04999923706055,3.7996554374694824,1838,114392644,257283180,-802948037,-19.124000549316406,0.06499999761581421,312.81597900390625,12,1838
114445095,114396665,0.57781982421875,0.173095703125,-0.23358154296875,0.76263427734375,0,0.015625,-0.10546875,0.03515625,nan,2.4795443832811195e-39,2.083800500221037e-35,1838,114397730,1012.791748046875,32.060001373291016,3.81550931930542,1839,114445092,257283179,-802948035,-19.121000289916992,0.06599999964237213,312.81597900390625,12,1839
114497273,114449140,0.578125,0.17413330078125,-0.23223876953125,0.7625732421875,0,0.015625,-0.10546875,0.03515625,nan,2.4795443832811195e-39,2.083800500221037e-35,1839,114450206,1012.767822265625,32.060001373291016,4.0163254737854,1840,114497270,257283176,-802948033,-19.107999801635742,0.08100000023841858,312.81597900390625,12,1840
114597274,114560713,0.578125,0.17413330078125,-0.23223876953125,0.7625732421875,3,0.0078125,-0.16015625,-0.04296875,nan,2.4795443832811195e-39,2.083800500221037e-35,1840,114561779,1012.835205078125,32.060001373291016,3.4561538696289062,1841,114597271,257283175,-802948032,-19.091999053955078,0.03200000151991844,312.81597900390625,12,1841
114642229,114600063,0.578125,0.17413330078125,-0.23223876953125,0.7625732421875,3,-0.07421875,-0.0859375,0.00390625,nan,2.4795443832811195e-39,2.083800500221037e-35,1841,114601128,1012.794189453125,32.060001373291016,3.7943708896636963,1842,114642226,257283177,-802948032,-19.086000442504883,0.05999999865889549,312.81597900390625,12,1842
114696945,114653689,0.578125,0.17413330078125,-0.23223876953125,0.7625732421875,3,-0.08203125,-0.0390625,0.07421875,nan,2.4795443832811195e-39,2.083800500221037e-35,1842,114654755,1012.80859375,32.060001373291016,3.6728241443634033,1843,114696942,257283175,-802948032,-19.11400032043457,0.01600000075995922,312.81597900390625,12,1843
114748511,114706164,0.578125,0.17413330078125,-0.23223876953125,0.7625732421875,0,-0.08203125,-0.0390625,0.07421875,nan,2.4795485871765124e-39,2.1256833696805535e-35,1843,114707230,1012.837646484375,32.060001373291016,3.4350154399871826,1844,114748508,257283177,-802948034,-19.118999481201172,0.08399999886751175,312.81597900390625,12,1844
114796650,114759664,0.5782470703125,0.17681884765625,-0.22906494140625,0.7628173828125,0,-0.08203125,-0.0390625,0.07421875,nan,2.4795485871765124e-39,2.1256833696805535e-35,1844,114760730,1012.828125,32.060001373291016,3.514285087585449,1845,114796647,257283181,-802948035,-19.07699966430664,0.15199999511241913,312.81597900390625,12,1845
114847060,114799140,0.578125,0.1773681640625,-0.22894287109375,0.7628173828125,0,-0.08203125,-0.0390625,0.07421875,nan,2.4795485871765124e-39,2.1256833696805535e-35,1845,114800206,1012.78564453125,32.060001373291016,3.8683557510375977,1846,114847057,257283183,-802948038,-19.052000045776367,0.20600000023841858,312.81597900390625,12,1846
114894251,114852480,0.578125,0.1773681640625,-0.22894287109375,0.7628173828125,3,0.0703125,0.08203125,-0.15625,nan,2.4795485871765124e-39,2.1256833696805535e-35,1846,114853546,1012.744140625,32.04999923706055,4.211857318878174,1847,114894248,257283181,-802948037,-19.045000076293945,0.19200000166893005,312.81597900390625,12,1847
114947070,114905373,0.578125,0.1773681640625,-0.22894287109375,0.7628173828125,0,0.0703125,0.08203125,-0.15625,-3.376220855125043e+38,2.387776149449416e-39,2.1548603677677238e-35,1847,114906439,1012.83154296875,32.060001373291016,3.482577085494995,1848,114947068,257283180,-802948036,-19.025999069213867,0.18400000035762787,312.81597900390625,12,1848
114994250,114958480,0.578125,0.1773681640625,-0.22894287109375,0.7628173828125,3,-0.08984375,-0.0625,-0.06640625,-3.376220855125043e+38,2.387776149449416e-39,2.1548603677677238e-35,1848,114959545,1012.798583984375,32.06999969482422,3.757378339767456,1849,114994247,257283180,-802948034,-19.01099967956543,0.1809999942779541,312.81597900390625,12,1849
115044067,114996349,0.57733154296875,0.17901611328125,-0.226318359375,0.76385498046875,0,-0.08984375,-0.0625,-0.06640625,-3.376220855125043e+38,2.387776149449416e-39,2.1548603677677238e-35,1849,114997414,1012.75732421875,32.060001373291016,4.100880146026611,1850,115044064,257283179,-802948033,-18.986000061035156,0.15800000727176666,312.81597900390625,12,1850
115103067,115049456,0.5777587890625,0.179443359375,-0.2259521484375,0.76348876953125,0,-0.08984375,-0.0625,-0.06640625,-3.376220855125043e+38,2.387776149449416e-39,2.1548603677677238e-35,1850,115050521,1012.81396484375,32.060001373291016,3.630547046661377,1851,115103064,257283179,-802948033,-18.969999313354492,0.15399999916553497,312.81597900390625,12,1851
115147519,115105373,0.5777587890625,0.179443359375,-0.2259521484375,0.76348876953125,0,-0.08984375,-0.0625,-0.06640625,2.3877733468524872e-39,2.479533172893405e-39,2.1832191689813115e-35,1851,115106439,1012.8193359375,32.060001373291016,3.5882699489593506,1852,115147516,257283179,-802948033,-18.976999282836914,0.1509999930858612,312.81597900390625,12,1852
115194248,115158480,0.5777587890625,0.179443359375,-0.2259521484375,0.76348876953125,0,-0.08984375,-0.0625,-0.06640625,nan,2.479537376788798e-39,2.1939900377510164e-35,1852,115159546,1012.802001953125,32.06999969482422,3.730955123901367,1853,115194245,257283179,-802948033,-18.982999801635742,0.1720000058412552,312.81597900390625,12,1853
115244063,115196349,0.57818603515625,0.17974853515625,-0.225341796875,0.7633056640625,0,-0.08984375,-0.0625,-0.06640625,nan,2.479537376788798e-39,2.1939900377510164e-35,1853,115197415,1012.788818359375,32.04999923706055,3.841932535171509,1854,115244060,257283178,-802948032,-18.986000061035156,0.1720000058412552,312.81597900390625,12,1854
115291060,115249480,0.57818603515625,0.17974853515625,-0.225341796875,0.7633056640625,3,0.0,-0.01171875,-0.1640625,nan,2.479537376788798e-39,2.1939900377510164e-35,1854,115250546,1012.811767578125,32.06999969482422,3.6464009284973145,1855,115291057,257283177,-802948033,-18.979000091552734,0.17399999499320984,312.81597900390625,12,1855
115344060,115302373,0.57818603515625,0.17974853515625,-0.225341796875,0.7633056640625,0,0.0,-0.01171875,-0.1640625,3.306061046106112e-39,2.4795191599087616e-39,2.2119194834462367e-35,1855,115303439,1012.82275390625,32.060001373291016,3.5565621852874756,1856,115344057,257283176,-802948032,-18.986000061035156,0.1809999942779541,312.81597900390625,12,1856
115397260,115355480,0.57818603515625,0.17974853515625,-0.225341796875,0.7633056640625,0,0.0,-0.01171875,-0.1640625,8.266525887760318e-40,2.479495337834868e-39,2.219516287879981e-35,1856,115356545,1012.82958984375,32.06999969482422,3.4984309673309326,1857,115397257,257283177,-802948033,-18.968000411987305,0.20900000631809235,312.81597900390625,12,1857
115444197,115408349,0.5784912109375,0.18023681640625,-0.2247314453125,0.76312255859375,0,0.0,-0.01171875,-0.1640625,8.266525887760318e-40,2.479495337834868e-39,2.219516287879981e-35,1857,115409414,1012.79638671875,32.06999969482422,3.778517007827759,1858,115444194,257283176,-802948033,-18.983999252319336,0.1979999989271164,312.81597900390625,12,1858
115496869,115448480,0.5784912109375,0.18023681640625,-0.2247314453125,0.76312255859375,3,-0.3828125,-0.05078125,0.2890625,8.266525887760318e-40,2.479495337834868e-39,2.219516287879981e-35,1858,115449546,1012.790771484375,32.06999969482422,3.8260786533355713,1859,115496867,257283175,-802948032,-18.97599983215332,0.18299999833106995,312.81597900390625,12,1859
115544060,115502271,0.5784912109375,0.18023681640625,-0.2247314453125,0.76312255859375,3,-0.05859375,-0.1328125,-0.03515625,8.266525887760318e-40,2.479495337834868e-39,2.219516287879981e-35,1859,115503337,1012.84423828125,32.060001373291016,3.3768844604492188,1860,115544057,257283174,-802948030,-18.957000732421875,0.15299999713897705,312.81597900390625,12,1860
115646911,115610582,0.5784912109375,0.18023681640625,-0.2247314453125,0.76312255859375,0,-0.05859375,-0.1328125,-0.03515625,nan,2.3877285053016288e-39,2.2482516146278165e-35,1860,115611648,1012.83349609375,32.08000183105469,3.4667232036590576,1861,115646908,257283173,-802948026,-18.9060001373291,0.15299999713897705,312.81597900390625,12,1861
115692570,115650271,0.5784912109375,0.18023681640625,-0.2247314453125,0.76312255859375,3,-0.12109375,-0.07421875,-0.01171875,nan,2.3877285053016288e-39,2.2482516146278165e-35,1861,115651337,1012.80322265625,32.06999969482422,3.720386028289795,1862,115692567,257283171,-802948024,-18.87299919128418,0.10300000011920929,312.81597900390625,12,1862
115751546,115703558,0.580322265625,0.18060302734375,-0.22442626953125,0.76177978515625,0,-0.12109375,-0.07421875,-0.01171875,nan,2.3877285053016288e-39,2.2482516146278165e-35,1862,115704624,1012.806640625,32.06999969482422,3.693962812423706,1863,115751543,257283168,-802948021,-18.8439998626709,0.04800000041723251,312.81597900390625,12,1863
115792423,115756295,0.580322265625,0.18060302734375,-0.22442626953125,0.76177978515625,3,0.0703125,-0.109375,0.1015625,nan,2.3877285053016288e-39,2.2482516146278165e-35,1863,115757361,1012.814453125,32.06999969482422,3.625262498855591,1864,115792420,257283166,-802948017,-18.816999435424805,0.012000000104308128,312.81597900390625,12,1864
115848425,115794456,0.580322265625,0.18060302734375,-0.22442626953125,0.76177978515625,3,-0.04296875,-0.02734375,-0.00390625,nan,2.3877285053016288e-39,2.2482516146278165e-35,1864,115795521,1012.808349609375,32.06999969482422,3.6781086921691895,1865,115848422,257283166,-802948016,-18.799999237060547,0.0560000017285347,312.81597900390625,12,1865
115892555,115850349,0.57708740234375,0.18426513671875,-0.22552490234375,0.76300048828125,0,-0.04296875,-0.02734375,-0.00390625,nan,2.3877285053016288e-39,2.2482516146278165e-35,1865,115851415,1012.814208984375,32.08000183105469,3.630547046661377,1866,115892552,257283166,-802948015,-18.77199935913086,0.05999999865889549,312.81597900390625,12,1866
115946790,115904504,0.57708740234375,0.18426513671875,-0.22552490234375,0.76300048828125,3,-0.16015625,-0.07421875,-0.02734375,nan,2.3877285053016288e-39,2.2482516146278165e-35,1866,115905570,1012.821533203125,32.060001373291016,3.567131280899048,1867,115946787,257283165,-802948014,-18.764999389648438,0.06400000303983688,312.81597900390625,12,1867
115992182,115956349,0.5775146484375,0.183349609375,-0.22503662109375,0.7630615234375,0,-0.16015625,-0.07421875,-0.02734375,nan,2.3877285053016288e-39,2.2482516146278165e-35,1867,115957415,1012.822509765625,32.06999969482422,3.5618467330932617,1868,115992179,257283164,-802948014,-18.756999969482422,0.032999999821186066,312.81597900390625,12,1868
116042201,115994480,0.5775146484375,0.183349609375,-0.22503662109375,0.7630615234375,0,-0.16015625,-0.07421875,-0.02734375,4.4081696766114014e-39,2.4795009430287254e-39,2.3136178249056707e-35,1868,115995546,1012.785888671875,32.06999969482422,3.8630712032318115,1869,116042198,257283164,-802948016,-18.785999298095703,0.0689999982714653,312.81597900390625,12,1869
116096772,116048271,0.5775146484375,0.183349609375,-0.22503662109375,0.7630615234375,3,-0.20703125,0.06640625,0.1015625,4.4081696766114014e-39,2.4795009430287254e-39,2.3136178249056707e-35,1869,116049337,1012.80322265625,32.06999969482422,3.720386028289795,1870,116096769,257283164,-802948016,-18.790000915527344,0.09200000017881393,312.81597900390625,12,1870
116142170,116100582,0.5775146484375,0.183349609375,-0.22503662109375,0.7630615234375,0,-0.20703125,0.06640625,0.1015625,nan,2.479528968998012e-39,2.327153659574545e-35,1870,116101648,1012.80712890625,32.06999969482422,3.688678026199341,1871,116142167,257283164,-802948016,-18.76799964904785,0.10599999874830246,312.81597900390625,12,1871
116195087,116153164,0.5775146484375,0.183349609375,-0.22503662109375,0.7630615234375,0,-0.20703125,0.06640625,0.1015625,nan,2.479542981982655e-39,2.3337264982261276e-35,1871,116154230,1012.80615234375,32.06999969482422,3.693962812423706,1872,116195084,257283162,-802948016,-18.76799964904785,0.0989999994635582,312.81597900390625,12,1872
116243069,116206689,0.5775146484375,0.183349609375,-0.22503662109375,0.7630615234375,0,-0.20703125,0.06640625,0.1015625,3.673383412559576e-39,2.3877257027047e-39,2.3454871814528604e-35,1872,116207754,1012.802001953125,32.06999969482422,3.730955123901367,1873,116243066,257283162,-802948014,-18.72100067138672,0.09700000286102295,312.81597900390625,12,1873
116293060,116245164,0.5775146484375,0.183349609375,-0.22503662109375,0.7630615234375,0,-0.20703125,0.06640625,0.1015625,2.4795611988626914e-39,2.3877649390617012e-39,2.3487860846664107e-35,1873,116246230,1012.802490234375,32.06999969482422,3.725670576095581,1874,116293057,257283162,-802948013,-18.68400001525879,0.09600000083446503,312.81597900390625,12,1874
116346922,116298272,0.5775146484375,0.183349609375,-0.22503662109375,0.7630615234375,3,0.1328125,0.01953125,-0.2109375,2.4795611988626914e-39,2.3877649390617012e-39,2.3487860846664107e-35,1874,116299337,1012.81884765625,32.06999969482422,3.5882699489593506,1875,116346919,257283160,-802948012,-18.69700050354004,0.0729999989271164,312.81597900390625,12,1875
116393189,116351582,0.5775146484375,0.183349609375,-0.22503662109375,0.7630615234375,0,0.1328125,0.01953125,-0.2109375,6.427826120781152e-40,2.3877495247785937e-39,2.3631495867444088e-35,1875,116352647,1012.801025390625,32.06999969482422,3.7362399101257324,1876,116393186,257283159,-802948011,-18.694000244140625,0.06300000101327896,312.81597900390625,12,1876
116445076,116403164,0.5775146484375,0.183349609375,-0.22503662109375,0.7630615234375,0,0.1328125,0.01953125,-0.2109375,1.744913663358834e-39,2.4795359754903335e-39,2.3696215498431804e-35,1876,116404230,1012.779541015625,32.06999969482422,3.9159176349639893,1877,116445073,257283160,-802948011,-18.66200065612793,0.08399999886751175,312.81597900390625,12,1877
116492096,116403164,0.5775146484375,0.183349609375,-0.22503662109375,0.7630615234375,0,0.1328125,0.01953125,-0.2109375,1.744913663358834e-39,2.4795359754903335e-39,2.3696215498431804e-35,1876,116456753,1012.812255859375,32.06999969482422,3.6464009284973145,1878,116492093,257283159,-802948010,-18.645000457763672,0.07199999690055847,312.81597900390625,12,1878
116543060,116495141,0.57855224609375,0.1793212890625,-0.2271728515625,0.7625732421875,0,0.1328125,0.01953125,-0.2109375,1.744913663358834e-39,2.4795359754903335e-39,2.3696215498431804e-35,1877,116496206,1012.818603515625,32.06999969482422,3.5935544967651367,1879,116543057,257283159,-802948009,-18.648000717163086,0.06300000101327896,312.81597900390625,12,1879
116596764,116548480,0.57855224609375,0.1793212890625,-0.2271728515625,0.7625732421875,0,0.1328125,0.01953125,-0.2109375,7.346615484885005e-40,2.387729906600093e-39,2.392594199207102e-35,1878,116549545,1012.814208984375,32.08000183105469,3.630547046661377,1880,116596761,257283158,-802948008,-18.631000518798828,0.07400000095367432,312.81597900390625,12,1880
116695060,116659374,0.57855224609375,0.1793212890625,-0.2271728515625,0.7625732421875,0,0.1328125,0.01953125,-0.2109375,1.653030523053056e-39,2.3877313078985574e-39,2.3983621858306375e-35,1879,116660439,1012.782958984375,32.06999969482422,3.8894944190979004,1881,116695057,257283156,-802948007,-18.59600067138672,0.07800000160932541,312.81597900390625,12,1881
116752164,116698480,0.57855224609375,0.1793212890625,-0.2271728515625,0.7625732421875,3,0.078125,-0.0390625,0.00390625,1.653030523053056e-39,2.3877313078985574e-39,2.3983621858306375e-35,1880,116699546,1012.8017578125,32.08000183105469,3.730955123901367,1882,116752161,257283154,-802948007,-18.57699966430664,0.08799999952316284,312.81597900390625,12,1882
116792060,116756373,0.57855224609375,0.1793212890625,-0.2271728515625,0.7625732421875,0,0.078125,-0.0390625,0.00390625,2.3876976767354137e-39,2.3877313078985574e-39,2.4364657376373273e-35,1881,116757439,1012.79345703125,32.08000183105469,3.7996554374694824,1883,116792057,257283154,-802948008,-18.607999801635742,0.10000000149011612,312.81597900390625,12,1883
116848394,116794373,0.57855224609375,0.1793212890625,-0.2271728515625,0.7625732421875,0,0.078125,-0.0390625,0.00390625,7.347147978301448e-40,2.4795303702964762e-39,2.4474484020200466e-35,1882,116795439,1012.824462890625,32.08000183105469,3.540708065032959,1884,116848392,257283152,-802948007,-18.611000061035156,0.10100000351667404,312.81597900390625,12,1884
116892091,116850373,0.57855224609375,0.1793212890625,-0.2271728515625,0.7625732421875,0,0.078125,-0.0390625,0.00390625,nan,2.479542981982655e-39,2.463948657806308e-35,1883,116851439,1012.8125,32.06999969482422,3.6411163806915283,1885,116892089,257283153,-802948007,-18.58099937438965,0.0989999994635582,312.81597900390625,12,1885
116945137,116903373,0.57855224609375,0.1793212890625,-0.2271728515625,0.7625732421875,0,0.078125,-0.0390625,0.00390625,1.1019727045542502e-39,2.3877369130924147e-39,2.474983840613393e-35,1884,116904439,1012.8330078125,32.06999969482422,3.472007989883423,1886,116945134,257283152,-802948005,-18.577999114990234,0.07500000298023224,312.81597900390625,12,1886
116997249,116955480,0.57855224609375,0.1793212890625,-0.2271728515625,0.7625732421875,3,0.171875,-0.0390625,0.02734375,1.1019727045542502e-39,2.3877369130924147e-39,2.474983840613393e-35,1885,116956546,1012.79638671875,32.06999969482422,3.778517007827759,1887,116997246,257283150,-802948003,-18.54800033569336,0.04399999976158142,312.81597900390625,12,1887
117049298,117007271,0.57855224609375,0.1793212890625,-0.2271728515625,0.7625732421875,3,-0.234375,0.0,-0.03515625,1.1019727045542502e-39,2.3877369130924147e-39,2.474983840613393e-35,1886,117008337,1012.8291015625,32.06999969482422,3.503715753555298,1888,117049296,257283151,-802948002,-18.53700065612793,0.06300000101327896,312.81597900390625,12,1888
117096831,117059586,0.57855224609375,0.1793212890625,-0.2271728515625,0.7625732421875,3,-0.0078125,-0.03125,-0.02734375,1.1019727045542502e-39,2.3877369130924147e-39,2.474983840613393e-35,1887,117060652,1012.806396484375,32.06999969482422,3.693962812423706,1889,117096828,257283150,-802948002,-18.527999877929688,0.061000000685453415,312.81597900390625,12,1889
117147060,117099271,0.57855224609375,0.1793212890625,-0.2271728515625,0.7625732421875,3,-0.04296875,-0.03125,-0.02734375,1.1019727045542502e-39,2.3877369130924147e-39,2.474983840613393e-35,1888,117100337,1012.787841796875,32.06999969482422,3.847217321395874,1890,117147057,257283148,-802948001,-18.52899932861328,0.052000001072883606,312.81597900390625,12,1890
117194231,117152480,0.57855224609375,0.1793212890625,-0.2271728515625,0.7625732421875,3,-0.04296875,0.0078125,0.01171875,1.1019727045542502e-39,2.3877369130924147e-39,2.474983840613393e-35,1889,117153546,1012.81982421875,32.06999969482422,3.5829854011535645,1891,117194228,257283147,-802947999,-18.496000289916992,0.029999999329447746,312.81597900390625,12,1891
117247060,117205373,0.57855224609375,0.1793212890625,-0.2271728515625,0.7625732421875,0,-0.04296875,0.0078125,0.01171875,nan,2.4795485871765124e-39,2.558947886806942e-35,1890,117206439,1012.796142578125,32.06999969482422,3.778517007827759,1892,117247057,257283144,-802947996,-18.461000442504883,0.04600000008940697,312.81597900390625,12,1892
117294060,117258480,0.57855224609375,0.1793212890625,-0.2271728515625,0.7625732421875,3,-0.0078125,0.02734375,0.08984375,nan,2.4795485871765124e-39,2.558947886806942e-35,1891,117259545,1012.802001953125,32.06999969482422,3.730955123901367,1893,117294057,257283142,-802947994,-18.459999084472656,0.05999999865889549,312.81597900390625,12,1893
117344111,117296336,0.57763671875,0.179931640625,-0.22772216796875,0.762939453125,0,-0.0078125,0.02734375,0.08984375,nan,2.4795485871765124e-39,2.558947886806942e-35,1892,117297401,1012.8134765625,32.060001373291016,3.635831594467163,1894,117344108,257283139,-802947993,-18.44499969482422,0.08500000089406967,312.81597900390625,12,1894
117398060,117350272,0.57763671875,0.179931640625,-0.22772216796875,0.762939453125,3,-0.22265625,-0.109375,0.1328125,nan,2.4795485871765124e-39,2.558947886806942e-35,1893,117351337,1012.77783203125,32.060001373291016,3.9317715167999268,1895,117398057,257283139,-802947990,-18.39900016784668,0.061000000685453415,312.81597900390625,12,1895
117445060,117402582,0.57763671875,0.179931640625,-0.22772216796875,0.762939453125,0,-0.22265625,-0.109375,0.1328125,nan,2.5713588599621458e-39,2.620489722641667e-35,1894,117403647,1012.80078125,32.060001373291016,3.7415244579315186,1896,117445057,257283138,-802947988,-18.389999389648438,0.07500000298023224,312.81597900390625,12,1896
117497691,117455164,0.57763671875,0.179931640625,-0.22772216796875,0.762939453125,0,-0.22265625,-0.109375,0.1328125,4.591186262544544e-40,2.479572409250406e-39,2.6334603385302813e-35,1895,117456230,1012.815673828125,32.060001373291016,3.6146931648254395,1897,117497688,257283136,-802947985,-18.3700008392334,0.10000000149011612,312.81597900390625,12,1897
117545060,117508689,0.57763671875,0.179931640625,-0.22772216796875,0.762939453125,0,-0.22265625,-0.109375,0.1328125,2.0203921258635213e-39,2.571381280737575e-39,2.65573962989821e-35,1896,117509754,1012.80224609375,32.04999923706055,3.725670576095581,1898,117545057,257283135,-802947983,-18.322999954223633,0.0949999988079071,312.81597900390625,12,1898
117596750,117548165,0.57763671875,0.179931640625,-0.22772216796875,0.762939453125,0,-0.22265625,-0.109375,0.1328125,nan,2.571377076842182e-39,2.663658145554433e-35,1897,117549230,1012.78564453125,32.060001373291016,3.8683557510375977,1899,117596747,257283135,-802947983,-18.334999084472656,0.0729999989271164,312.81597900390625,12,1899
117696766,117660271,0.57763671875,0.179931640625,-0.22772216796875,0.762939453125,3,0.0078125,0.02734375,0.02734375,nan,2.571377076842182e-39,2.663658145554433e-35,1898,117661337,1012.8212890625,32.060001373291016,3.572416067123413,1900,117696763,257283132,-802947985,-18.3439998626709,0.07800000160932541,312.81597900390625,12,1900
117749169,117700582,0.57763671875,0.179931640625,-0.22772216796875,0.762939453125,0,0.0078125,0.02734375,0.02734375,nan,2.5713798794391107e-39,2.6929981516472835e-35,1899,117701648,1012.8134765625,32.04999923706055,3.635831594467163,1901,117749167,257283133,-802947984,-18.312000274658203,0.024000000208616257,312.81597900390625,12,1901
117796589,117754164,0.57763671875,0.179931640625,-0.22772216796875,0.762939453125,0,0.0078125,0.02734375,0.02734375,nan,2.571385484632968e-39,2.722060642350182e-35,1900,117755230,1012.796142578125,32.060001373291016,3.778517007827759,1902,117796586,257283133,-802947982,-18.285999298095703,0.012000000104308128,312.81597900390625,12,1902
117849393,117806582,0.57763671875,0.179931640625,-0.22772216796875,0.762939453125,0,0.0078125,0.02734375,0.02734375,nan,2.5712958015312512e-39,2.735448535774464e-35,1901,117807648,1012.775634765625,32.04999923706055,3.9476253986358643,1903,117849390,257283131,-802947980,-18.280000686645508,0.02500000037252903,312.81597900390625,12,1903
117894221,117858271,0.57763671875,0.179931640625,-0.22772216796875,0.762939453125,3,0.0703125,-0.06640625,0.09765625,nan,2.5712958015312512e-39,2.735448535774464e-35,1902,117859337,1012.814453125,32.04999923706055,3.625262498855591,1904,117894218,257283130,-802947980,-18.29199981689453,0.01600000075995922,312.81597900390625,12,1904
117944060,117896480,0.57763671875,0.179931640625,-0.22772216796875,0.762939453125,0,0.0703125,-0.06640625,0.09765625,nan,2.5713518534698242e-39,2.7656202270793955e-35,1903,117897546,1012.79443359375,32.04999923706055,3.7943708896636963,1905,117944057,257283132,-802947982,-18.29800033569336,0.035999998450279236,312.81597900390625,12,1905
117996753,117948271,0.57763671875,0.179931640625,-0.22772216796875,0.762939453125,3,-0.15234375,-0.140625,-0.04296875,nan,2.5713518534698242e-39,2.7656202270793955e-35,1904,117949337,1012.81494140625,32.04999923706055,3.625262498855591,1906,117996750,257283131,-802947982,-18.299999237060547,0.05400000140070915,312.81597900390625,12,1906
118043060,118000582,0.57763671875,0.179931640625,-0.22772216796875,0.762939453125,0,-0.15234375,-0.140625,-0.04296875,nan,2.4795864222350492e-39,2.792726908700054e-35,1905,118001648,1012.81787109375,32.04999923706055,3.598839282989502,1907,118043057,257283131,-802947983,-18.288999557495117,0.07800000160932541,312.81597900390625,12,1907
118095188,118053271,0.57763671875,0.179931640625,-0.22772216796875,0.762939453125,3,-0.15234375,-0.00390625,-0.11328125,nan,2.4795864222350492e-39,2.792726908700054e-35,1906,118054337,1012.830322265625,32.04999923706055,3.4931464195251465,1908,118095185,257283131,-802947982,-18.281999588012695,0.09399999678134918,312.81597900390625,12,1908
118143060,118106586,0.57763671875,0.179931640625,-0.22772216796875,0.762939453125,3,-0.06640625,0.06640625,0.0703125,nan,2.4795864222350492e-39,2.792726908700054e-35,1907,118107652,1012.811767578125,32.04999923706055,3.6464009284973145,1909,118143057,257283133,-802947983,-18.263999938964844,0.12999999523162842,312.81597900390625,12,1909
118193083,118145164,0.57763671875,0.179931640625,-0.22772216796875,0.762939453125,0,-0.06640625,0.06640625,0.0703125,nan,2.4795626001611557e-39,2.838439748828247e-35,1908,118146230,1012.7958984375,32.060001373291016,3.778517007827759,1910,118193080,257283132,-802947982,-18.274999618530273,0.11599999666213989,312.81597900390625,12,1910
118241182,118198665,0.58172607421875,0.1790771484375,-0.222412109375,0.76165771484375,0,-0.06640625,0.06640625,0.0703125,nan,2.4795626001611557e-39,2.838439748828247e-35,1909,118199730,1012.801025390625,32.04999923706055,3.7362399101257324,1911,118241179,257283131,-802947982,-18.26300048828125,0.11500000208616257,312.81597900390625,12,1911
118292516,118250164,0.58172607421875,0.1790771484375,-0.222412109375,0.76165771484375,0,-0.06640625,0.06640625,0.0703125,3.306062447404576e-39,2.5713056106205015e-39,2.8612706271449747e-35,1910,118251230,1012.795166015625,32.04999923706055,3.789086103439331,1912,118292513,257283130,-802947981,-18.253999710083008,0.10400000214576721,312.81597900390625,12,1912
118345060,118302689,0.58172607421875,0.1790771484375,-0.222412109375,0.76165771484375,0,-0.06640625,0.06640625,0.0703125,nan,2.5713518534698242e-39,2.884203672451178e-35,1911,118303754,1012.834228515625,32.04999923706055,3.4614386558532715,1913,118345057,257283130,-802947980,-18.233999252319336,0.10499999672174454,312.81597900390625,12,1913
118397227,118355140,0.58197021484375,0.180419921875,-0.2220458984375,0.76123046875,0,-0.06640625,0.06640625,0.0703125,nan,2.5713518534698242e-39,2.884203672451178e-35,1912,118356206,1012.8193359375,32.04999923706055,3.5882699489593506,1914,118397224,257283129,-802947980,-18.246000289916992,0.10899999737739563,312.81597900390625,12,1914
118445060,118408689,0.58197021484375,0.180419921875,-0.2220458984375,0.76123046875,3,-0.07421875,0.00390625,0.0703125,nan,2.5713518534698242e-39,2.884203672451178e-35,1913,118409755,1012.786865234375,32.04999923706055,3.8577864170074463,1915,118445057,257283129,-802947979,-18.243000030517578,0.11900000274181366,312.81597900390625,12,1915
118495162,118447164,0.58197021484375,0.180419921875,-0.2220458984375,0.76123046875,0,-0.07421875,0.00390625,0.0703125,1.0102479109749406e-39,2.4795107521179757e-39,2.9220137811490505e-35,1914,118448230,1012.814208984375,32.04999923706055,3.630547046661377,1916,118495159,257283128,-802947978,-18.243000030517578,0.125,312.81597900390625,12,1916
118542108,118500271,0.58197021484375,0.180419921875,-0.2220458984375,0.76123046875,3,-0.13671875,0.01171875,-0.01171875,1.0102479109749406e-39,2.4795107521179757e-39,2.9220137811490505e-35,1915,118501337,1012.77197265625,32.040000915527344,3.9793331623077393,1917,118542105,257283129,-802947980,-18.23200035095215,0.15000000596046448,312.81597900390625,12,1917
118595157,118552582,0.58197021484375,0.180419921875,-0.2220458984375,0.76123046875,0,-0.13671875,0.01171875,-0.01171875,nan,2.4795149560133686e-39,2.9508372125760126e-35,1916,118553647,1012.81494140625,32.04999923706055,3.625262498855591,1918,118595155,257283132,-802947980,-18.17300033569336,0.19900000095367432,312.81597900390625,12,1918
118694429,118658165,0.58197021484375,0.180419921875,-0.2220458984375,0.76123046875,0,-0.13671875,0.01171875,-0.01171875,1.9285159920500646e-39,2.3877481234801293e-39,2.9636763889107507e-35,1917,118659230,1012.7880859375,32.04999923706055,3.847217321395874,1919,118694426,257283132,-802947980,-18.108999252319336,0.19599999487400055,312.81597900390625,12,1919
118751480,118696689,0.58197021484375,0.180419921875,-0.2220458984375,0.76123046875,3,-0.09765625,-0.01953125,0.140625,1.9285159920500646e-39,2.3877481234801293e-39,2.9636763889107507e-35,1918,118697754,1012.81787109375,32.04999923706055,3.598839282989502,1920,118751477,257283130,-802947978,-18.104000091552734,0.15399999916553497,312.81597900390625,12,1920
118795540,118753164,0.58197021484375,0.180419921875,-0.2220458984375,0.76123046875,0,-0.09765625,-0.01953125,0.140625,nan,2.3877285053016288e-39,3.008591121180146e-35,1919,118754230,1012.7861328125,32.04999923706055,3.8630712032318115,1921,118795537,257283130,-802947978,-18.115999221801758,0.15700000524520874,312.81597900390625,12,1921
118848481,118805647,0.58197021484375,0.180419921875,-0.2220458984375,0.76123046875,0,-0.09765625,-0.01953125,0.140625,nan,2.3877271040031645e-39,3.022391126393437e-35,1920,118806712,1012.812744140625,32.04999923706055,3.6411163806915283,1922,118848478,257283132,-802947978,-18.104999542236328,0.19599999487400055,312.81597900390625,12,1922
118895156,118858165,0.58197021484375,0.180419921875,-0.2220458984375,0.76123046875,0,-0.09765625,-0.01953125,0.140625,2.2040378948071458e-39,2.4795303702964762e-39,3.03587257722943e-35,1921,118859230,1012.79833984375,32.04999923706055,3.7626631259918213,1923,118895153,257283131,-802947976,-18.094999313354492,0.17000000178813934,312.81597900390625,12,1923
118946863,118897665,0.58197021484375,0.180419921875,-0.2220458984375,0.76123046875,0,-0.09765625,-0.01953125,0.140625,nan,2.4795233638041546e-39,3.052728695563304e-35,1922,118898730,1012.8095703125,32.04999923706055,3.667539596557617,1924,118946860,257283129,-802947974,-18.069000244140625,0.12999999523162842,312.81597900390625,12,1924
118998521,118950164,0.58197021484375,0.180419921875,-0.2220458984375,0.76123046875,0,-0.09765625,-0.01953125,0.140625,nan,2.3877411169878077e-39,3.06947001952698e-35,1923,118951230,1012.79296875,32.04999923706055,3.8049402236938477,1925,118998518,257283127,-802947972,-18.038000106811523,0.10700000077486038,312.81597900390625,12,1925
119045060,119002582,0.58197021484375,0.180419921875,-0.2220458984375,0.76123046875,0,-0.09765625,-0.01953125,0.140625,nan,2.3877243014062358e-39,3.080001829020749e-35,1924,119003647,1012.791259765625,32.04999923706055,3.820794105529785,1926,119045057,257283127,-802947969,-18.014999389648438,0.10899999737739563,312.81597900390625,12,1926
119097755,119055271,0.58197021484375,0.180419921875,-0.2220458984375,0.76123046875,3,-0.00390625,-0.00390625,-0.01171875,nan,2.3877243014062358e-39,3.080001829020749e-35,1925,119056337,1012.805419921875,32.04999923706055,3.699247360229492,1927,119097752,257283124,-802947967,-17.993000030517578,0.061000000685453415,312.81597900390625,12,1927
119144062,119108533,0.58197021484375,0.180419921875,-0.2220458984375,0.76123046875,0,-0.00390625,-0.00390625,-0.01171875,6.428849068660109e-40,2.387729906600093e-39,3.108745765346349e-35,1926,119109599,1012.7763671875,32.040000915527344,3.942340850830078,1928,119144059,257283123,-802947965,-17.969999313354492,0.054999999701976776,312.81597900390625,12,1928
119194060,119146271,0.58197021484375,0.180419921875,-0.2220458984375,0.76123046875,3,0.03515625,-0.07421875,-0.01171875,6.428849068660109e-40,2.387729906600093e-39,3.108745765346349e-35,1927,119147337,1012.822509765625,32.060001373291016,3.5618467330932617,1929,119194057,257283123,-802947965,-17.957000732421875,0.04600000008940697,312.81597900390625,12,1929
119241170,119199480,0.58197021484375,0.180419921875,-0.2220458984375,0.76123046875,3,-0.1953125,0.00390625,0.1796875,6.428849068660109e-40,2.387729906600093e-39,3.108745765346349e-35,1928,119200545,1012.864013671875,32.060001373291016,3.2130606174468994,1930,119241167,257283122,-802947964,-17.92099952697754,0.04399999976158142,312.81597900390625,12,1930
119294588,119252374,0.58197021484375,0.180419921875,-0.2220458984375,0.76123046875,0,-0.1953125,0.00390625,0.1796875,nan,2.479524765102619e-39,3.149971867515373e-35,1929,119253439,1012.835205078125,32.060001373291016,3.4561538696289062,1931,119294586,257283123,-802947965,-17.930999755859375,0.061000000685453415,312.81597900390625,12,1931
119347060,119305456,0.58258056640625,0.17742919921875,-0.22259521484375,0.76129150390625,0,-0.1953125,0.00390625,0.1796875,nan,2.479524765102619e-39,3.149971867515373e-35,1930,119306521,1012.828125,32.060001373291016,3.514285087585449,1932,119347057,257283124,-802947965,-17.917999267578125,0.07999999821186066,312.81597900390625,12,1932
119394585,119358402,0.58258056640625,0.17742919921875,-0.22259521484375,0.76129150390625,3,-0.08203125,0.01171875,-0.05078125,nan,2.479524765102619e-39,3.149971867515373e-35,1931,119359467,1012.801513671875,32.04999923706055,3.7362399101257324,1933,119394582,257283122,-802947965,-17.924999237060547,0.07800000160932541,312.81597900390625,12,1933
119444060,119396349,0.58306884765625,0.17657470703125,-0.22308349609375,0.760986328125,0,-0.08203125,0.01171875,-0.05078125,nan,2.479524765102619e-39,3.149971867515373e-35,1932,119397415,1012.822265625,32.04999923706055,3.5618467330932617,1934,119444057,257283123,-802947966,-17.920000076293945,0.09000000357627869,312.81597900390625,12,1934
119497209,119449480,0.58306884765625,0.17657470703125,-0.22308349609375,0.760986328125,3,-0.265625,0.02734375,0.29296875,nan,2.479524765102619e-39,3.149971867515373e-35,1933,119450546,1012.814697265625,32.060001373291016,3.625262498855591,1935,119497206,257283123,-802947965,-17.910999298095703,0.0860000029206276,312.81597900390625,12,1935
119544060,119502373,0.58306884765625,0.17657470703125,-0.22308349609375,0.760986328125,0,-0.265625,0.02734375,0.29296875,nan,2.387781754643273e-39,3.221893410303355e-35,1934,119503439,1012.828125,32.060001373291016,3.514285087585449,1936,119544057,257283121,-802947964,-17.898000717163086,0.0729999989271164,312.81597900390625,12,1936
119596794,119554480,0.58306884765625,0.17657470703125,-0.22308349609375,0.760986328125,0,-0.265625,0.02734375,0.29296875,nan,2.3878364052833818e-39,3.241904077930256e-35,1935,119555545,1012.807861328125,32.060001373291016,3.6833934783935547,1937,119596791,257283120,-802947963,-17.874000549316406,0.05999999865889549,312.81597900390625,12,1937
119696167,119660272,0.58306884765625,0.17657470703125,-0.22308349609375,0.760986328125,3,0.48828125,-0.171875,-0.109375,nan,2.3878364052833818e-39,3.241904077930256e-35,1936,119661337,1012.806884765625,32.04999923706055,3.688678026199341,1938,119696164,257283120,-802947961,-17.80900001525879,0.054999999701976776,312.81597900390625,12,1938
119749069,119701480,0.58306884765625,0.17657470703125,-0.22308349609375,0.760986328125,0,0.48828125,-0.171875,-0.109375,nan,2.3878910559234905e-39,3.272040756952277e-35,1937,119702546,1012.80908203125,32.060001373291016,3.6728241443634033,1939,119749066,257283119,-802947961,-17.815000534057617,0.04699999839067459,312.81597900390625,12,1939
119796717,119754349,0.58306884765625,0.18328857421875,-0.22540283203125,0.75872802734375,0,0.48828125,-0.171875,-0.109375,nan,2.3878910559234905e-39,3.272040756952277e-35,1938,119755415,1012.818359375,32.04999923706055,3.5935544967651367,1940,119796714,257283117,-802947960,-17.81399917602539,0.04699999839067459,312.81597900390625,12,1940
119849207,119807438,0.58306884765625,0.18328857421875,-0.22540283203125,0.75872802734375,0,0.48828125,-0.171875,-0.109375,8.26382138172417e-40,2.4795261664010832e-39,3.3092206445577654e-35,1939,119808503,1012.790283203125,32.060001373291016,3.8260786533355713,1941,119849204,257283116,-802947959,-17.788999557495117,0.05000000074505806,312.81597900390625,12,1941
119895060,119859402,0.58306884765625,0.18328857421875,-0.22540283203125,0.75872802734375,3,0.046875,0.515625,-0.32421875,8.26382138172417e-40,2.4795261664010832e-39,3.3092206445577654e-35,1940,119860467,1012.77099609375,32.060001373291016,3.9899024963378906,1942,119895057,257283116,-802947959,-17.79400062561035,0.03999999910593033,312.81597900390625,12,1942
119946733,119898456,0.5797119140625,0.19122314453125,-0.2244873046875,0.75958251953125,0,0.046875,0.515625,-0.32421875,8.26382138172417e-40,2.4795261664010832e-39,3.3092206445577654e-35,1941,119899521,1012.808349609375,32.04999923706055,3.6781086921691895,1943,119946730,257283115,-802947959,-17.83099937438965,0.028999999165534973,312.81597900390625,12,1943
119993144,119951271,0.5797119140625,0.19122314453125,-0.2244873046875,0.75958251953125,3,0.03125,0.015625,0.1640625,8.26382138172417e-40,2.4795261664010832e-39,3.3092206445577654e-35,1942,119952337,1012.810546875,32.060001373291016,3.656970262527466,1944,119993141,257283114,-802947958,-17.85700035095215,0.04600000008940697,312.81597900390625,12,1944
120046715,120003582,0.5797119140625,0.19122314453125,-0.2244873046875,0.75958251953125,0,0.03125,0.015625,0.1640625,1.1938627112225036e-38,2.4794841274471535e-39,3.367355670470954e-35,1943,120004647,1012.822998046875,32.060001373291016,3.5565621852874756,1945,120046712,257283113,-802947958,-17.91699981689453,0.07699999958276749,312.81597900390625,12,1945
120092060,120056164,0.5797119140625,0.19122314453125,-0.2244873046875,0.75958251953125,0,0.03125,0.015625,0.1640625,2.112227481891666e-38,2.4795065482225827e-39,3.380247365230058e-35,1944,120057230,1012.781494140625,32.060001373291016,3.9000637531280518,1946,120092057,257283110,-802947956,-17.968000411987305,0.08900000154972076,312.81597900390625,12,1946
120144076,120095665,0.5797119140625,0.19122314453125,-0.2244873046875,0.75958251953125,3,-0.0625,0.0859375,0.1328125,2.112227481891666e-38,2.4795065482225827e-39,3.380247365230058e-35,1945,120096730,1012.81298828125,32.060001373291016,3.6411163806915283,1947,120144073,257283106,-802947955,-17.982999801635742,0.05400000140070915,312.81597900390625,12,1947
120191375,120149140,0.5791015625,0.18927001953125,-0.22198486328125,0.76129150390625,0,-0.0625,0.0859375,0.1328125,2.112227481891666e-38,2.4795065482225827e-39,3.380247365230058e-35,1946,120150206,1012.813720703125,32.04999923706055,3.630547046661377,1948,120191372,257283105,-802947954,-17.94300079345703,0.04600000008940697,312.81597900390625,12,1948
120244060,120201713,0.5791015625,0.18927001953125,-0.22198486328125,0.76129150390625,3,-0.0703125,-0.0234375,0.05859375,2.112227481891666e-38,2.4795065482225827e-39,3.380247365230058e-35,1947,120202778,1012.793212890625,32.060001373291016,3.8049402236938477,1949,120244057,257283106,-802947952,-17.917999267578125,0.05400000140070915,312.81597900390625,12,1949
120296665,120254140,0.578369140625,0.19012451171875,-0.22210693359375,0.76153564453125,0,-0.0703125,-0.0234375,0.05859375,2.112227481891666e-38,2.4795065482225827e-39,3.380247365230058e-35,1948,120255206,1012.78515625,32.060001373291016,3.8683557510375977,1950,120296662,257283105,-802947950,-17.893999099731445,0.0729999989271164,312.81597900390625,12,1950
120344060,120307665,0.578369140625,0.19012451171875,-0.22210693359375,0.76153564453125,3,0.1015625,-0.0078125,-0.140625,2.112227481891666e-38,2.4795065482225827e-39,3.380247365230058e-35,1949,120308730,1012.806396484375,32.06999969482422,3.693962812423706,1951,120344057,257283107,-802947949,-17.885000228881836,0.11299999803304672,312.81597900390625,12,1951
120394497,120346193,0.578369140625,0.19012451171875,-0.22210693359375,0.76153564453125,3,-0.28125,0.1640625,0.09765625,2.112227481891666e-38,2.4795065482225827e-39,3.380247365230058e-35,1950,120347259,1012.7978515625,32.060001373291016,3.7626631259918213,1952,120394494,257283105,-802947946,-17.850000381469727,0.10599999874830246,312.81597900390625,12,1952
120447060,120399533,0.57958984375,0.187255859375,-0.22357177734375,0.76092529296875,0,-0.28125,0.1640625,0.09765625,2.112227481891666e-38,2.4795065482225827e-39,3.380247365230058e-35,1951,120400599,1012.80615234375,32.060001373291016,3.693962812423706,1953,120447057,257283103,-802947945,-17.841999053955078,0.07699999958276749,312.81597900390625,12,1953
120494487,120452295,0.57958984375,0.187255859375,-0.22357177734375,0.76092529296875,3,0.046875,0.046875,0.15625,2.112227481891666e-38,2.4795065482225827e-39,3.380247365230058e-35,1952,120453361,1012.823974609375,32.06999969482422,3.545992851257324,1954,120494484,257283101,-802947944,-17.85099983215332,0.0820000022649765,312.81597900390625,12,1954
120547060,120505480,0.57958984375,0.187255859375,-0.22357177734375,0.76092529296875,0,0.046875,0.046875,0.15625,1.561227256759744e-39,2.3877411169878077e-39,3.515979080607867e-35,1953,120506546,1012.81982421875,32.060001373291016,3.5829854011535645,1955,120547057,257283100,-802947943,-17.83300018310547,0.06800000369548798,312.81597900390625,12,1955
120595060,120559349,0.5802001953125,0.18499755859375,-0.2249755859375,0.7606201171875,0,0.046875,0.046875,0.15625,1.561227256759744e-39,2.3877411169878077e-39,3.515979080607867e-35,1954,120560414,1012.80126953125,32.060001373291016,3.7362399101257324,1956,120595057,257283099,-802947942,-17.80699920654297,0.04800000041723251,312.81597900390625,12,1956
120645060,120597480,0.5802001953125,0.18499755859375,-0.2249755859375,0.7606201171875,3,0.0703125,0.01171875,0.109375,1.561227256759744e-39,2.3877411169878077e-39,3.515979080607867e-35,1955,120598546,1012.848388671875,32.060001373291016,3.3451764583587646,1957,120645057,257283101,-802947942,-17.79800033569336,0.06300000101327896,312.81597900390625,12,1957
120750183,120708349,0.5802001953125,0.18499755859375,-0.2249755859375,0.7606201171875,0,0.0703125,0.01171875,0.109375,2.846924202971621e-39,2.3877355117939504e-39,3.5554709268291324e-35,1956,120709415,1012.85205078125,32.060001373291016,3.3134686946868896,1958,120750180,257283101,-802947939,-17.77199935913086,0.0820000022649765,312.81597900390625,12,1958
120797181,120761438,0.5802001953125,0.18499755859375,-0.2249755859375,0.7606201171875,0,0.0703125,0.01171875,0.109375,1.1938166085030274e-39,2.3877537286739866e-39,3.566428910422259e-35,1957,120762504,1012.826171875,32.06999969482422,3.5301389694213867,1959,120797178,257283099,-802947938,-17.77199935913086,0.05400000140070915,312.81597900390625,12,1959
120847060,120799373,0.5802001953125,0.18499755859375,-0.2249755859375,0.7606201171875,0,0.0703125,0.01171875,0.109375,1.928544018019351e-39,2.3877285053016288e-39,3.5957250076685094e-35,1958,120800439,1012.81689453125,32.060001373291016,3.604123830795288,1960,120847057,257283098,-802947937,-17.740999221801758,0.057999998331069946,312.81597900390625,12,1960
120894481,120852456,0.5810546875,0.1817626953125,-0.22607421875,0.76043701171875,0,0.0703125,0.01171875,0.109375,1.928544018019351e-39,2.3877285053016288e-39,3.5957250076685094e-35,1959,120853521,1012.777099609375,32.04999923706055,3.937056064605713,1961,120894478,257283096,-802947935,-17.715999603271484,0.07999999821186066,312.81597900390625,12,1961
120952491,120904373,0.5810546875,0.1817626953125,-0.22607421875,0.76043701171875,0,0.0703125,0.01171875,0.109375,2.3877663403601656e-39,2.3877243014062358e-39,3.6244253221334347e-35,1960,120905439,1012.823974609375,32.060001373291016,3.545992851257324,1962,120952488,257283095,-802947933,-17.707000732421875,0.07900000363588333,312.81597900390625,12,1962
120993060,120957480,0.5810546875,0.1817626953125,-0.22607421875,0.76043701171875,3,0.03125,-0.01953125,-0.01953125,2.3877663403601656e-39,2.3877243014062358e-39,3.6244253221334347e-35,1961,120958546,1012.771728515625,32.04999923706055,3.9846179485321045,1963,120993057,257283093,-802947933,-17.700000762939453,0.07699999958276749,312.81597900390625,12,1963
121043131,120995325,0.58099365234375,0.18109130859375,-0.225341796875,0.76080322265625,0,0.03125,-0.01953125,-0.01953125,2.3877663403601656e-39,2.3877243014062358e-39,3.6244253221334347e-35,1962,120996390,1012.811279296875,32.060001373291016,3.6516857147216797,1964,121043128,257283095,-802947932,-17.655000686645508,0.05400000140070915,312.81597900390625,12,1964
121096768,121048480,0.58099365234375,0.18109130859375,-0.225341796875,0.76080322265625,3,0.015625,0.01953125,-0.04296875,2.3877663403601656e-39,2.3877243014062358e-39,3.6244253221334347e-35,1963,121049545,1012.807861328125,32.04999923706055,3.6833934783935547,1965,121096765,257283097,-802947932,-17.638999938964844,0.04399999976158142,312.81597900390625,12,1965
121143060,121101373,0.58099365234375,0.18109130859375,-0.225341796875,0.76080322265625,0,0.015625,0.01953125,-0.04296875,nan,2.3877397156893434e-39,3.6775432600971423e-35,1964,121102439,1012.794921875,32.04999923706055,3.789086103439331,1966,121143057,257283097,-802947932,-17.63800048828125,0.05400000140070915,312.81597900390625,12,1966
121191361,121155456,0.58026123046875,0.18206787109375,-0.22528076171875,0.76116943359375,0,0.015625,0.01953125,-0.04296875,nan,2.3877397156893434e-39,3.6775432600971423e-35,1965,121156521,1012.808349609375,32.060001373291016,3.6781086921691895,1967,121191358,257283097,-802947931,-17.614999771118164,0.0560000017285347,312.81597900390625,12,1967
121241811,121193349,0.58154296875,0.1795654296875,-0.2257080078125,0.76068115234375,0,0.015625,0.01953125,-0.04296875,nan,2.3877397156893434e-39,3.6775432600971423e-35,1966,121194415,1012.84033203125,32.04999923706055,3.4085922241210938,1968,121241808,257283096,-802947931,-17.624000549316406,0.050999999046325684,312.81597900390625,12,1968
121294484,121246127,0.58154296875,0.1795654296875,-0.2257080078125,0.76068115234375,3,-0.04296875,0.05078125,-0.09765625,nan,2.3877397156893434e-39,3.6775432600971423e-35,1967,121247193,1012.85546875,32.060001373291016,3.287045478820801,1969,121294482,257283096,-802947931,-17.621000289916992,0.052000001072883606,312.81597900390625,12,1969
121347060,121298689,0.58154296875,0.1795654296875,-0.2257080078125,0.76068115234375,3,0.03125,0.04296875,-0.171875,nan,2.3877397156893434e-39,3.6775432600971423e-35,1968,121299754,1012.833740234375,32.04999923706055,3.4667232036590576,1970,121347057,257283095,-802947931,-17.618000030517578,0.02199999988079071,312.81597900390625,12,1970
121393060,121351141,0.58172607421875,0.18072509765625,-0.22509765625,0.76043701171875,0,0.03125,0.04296875,-0.171875,nan,2.3877397156893434e-39,3.6775432600971423e-35,1969,121352206,1012.800048828125,32.04999923706055,3.7468090057373047,1971,121393057,257283094,-802947930,-17.607999801635742,0.008999999612569809,312.81597900390625,12,1971
121446794,121403717,0.58172607421875,0.18072509765625,-0.22509765625,0.76043701171875,3,0.1484375,-0.06640625,0.01953125,nan,2.3877397156893434e-39,3.6775432600971423e-35,1970,121404783,1012.829833984375,32.04999923706055,3.4984309673309326,1972,121446791,257283094,-802947930,-17.597000122070312,0.020999999716877937,312.81597900390625,12,1972
121492397,121456140,0.58135986328125,0.18182373046875,-0.2247314453125,0.76055908203125,0,0.1484375,-0.06640625,0.01953125,nan,2.3877397156893434e-39,3.6775432600971423e-35,1971,121457206,1012.8154296875,32.04999923706055,3.6199777126312256,1973,121492394,257283093,-802947929,-17.601999282836914,0.013000000268220901,312.81597900390625,12,1973
121543060,121494665,0.58135986328125,0.18182373046875,-0.2247314453125,0.76055908203125,0,0.1484375,-0.06640625,0.01953125,6.4286949258290335e-40,2.387734110495486e-39,3.798193291118405e-35,1972,121495730,1012.81884765625,32.060001373291016,3.5882699489593506,1974,121543057,257283092,-802947929,-17.606000900268555,0.035999998450279236,312.81597900390625,12,1974
121596700,121548165,0.58135986328125,0.18182373046875,-0.2247314453125,0.76055908203125,0,0.1484375,-0.06640625,0.01953125,nan,2.4795485871765124e-39,3.8150485484945025e-35,1973,121549230,1012.791748046875,32.060001373291016,3.81550931930542,1975,121596698,257283091,-802947926,-17.58099937438965,0.02500000037252903,312.81597900390625,12,1975
121644060,121601582,0.58135986328125,0.18182373046875,-0.2247314453125,0.76055908203125,0,0.1484375,-0.06640625,0.01953125,nan,2.479542981982655e-39,3.8253964000100297e-35,1974,121602647,1012.82373046875,32.060001373291016,3.5512773990631104,1976,121644057,257283090,-802947925,-17.56999969482422,0.03999999910593033,312.81597900390625,12,1976
121696562,121654164,0.58135986328125,0.18182373046875,-0.2247314453125,0.76055908203125,0,0.1484375,-0.06640625,0.01953125,5.509765431878748e-40,2.3877229001077715e-39,3.838419247337084e-35,1975,121655230,1012.83740234375,32.060001373291016,3.4350154399871826,1977,121696559,257283090,-802947922,-17.534000396728516,0.07400000095367432,312.81597900390625,12,1977
121797249,121760689,0.58135986328125,0.18182373046875,-0.2247314453125,0.76055908203125,0,0.1484375,-0.06640625,0.01953125,nan,2.4795191599087616e-39,3.8596401346117916e-35,1976,121761754,1012.801513671875,32.04999923706055,3.7362399101257324,1978,121797246,257283088,-802947923,-17.549999237060547,0.029999999329447746,312.81597900390625,12,1978
121850060,121802140,0.58154296875,0.18157958984375,-0.2244873046875,0.76055908203125,0,0.1484375,-0.06640625,0.01953125,nan,2.4795191599087616e-39,3.8596401346117916e-35,1977,121803206,1012.798828125,32.04999923706055,3.757378339767456,1979,121850057,257283088,-802947923,-17.53700065612793,0.029999999329447746,312.81597900390625,12,1979
121897385,121855271,0.58197021484375,0.181884765625,-0.22381591796875,0.7603759765625,0,0.1484375,-0.06640625,0.01953125,nan,2.4795191599087616e-39,3.8596401346117916e-35,1978,121856337,1012.787109375,32.04999923706055,3.85250186920166,1980,121897382,257283090,-802947924,-17.538000106811523,0.03999999910593033,312.81597900390625,12,1980
121945060,121908582,0.58197021484375,0.181884765625,-0.22381591796875,0.7603759765625,0,0.1484375,-0.06640625,0.01953125,4.591676717007058e-40,2.4795541923703697e-39,3.9135906187453565e-35,1979,121909647,1012.80322265625,32.04999923706055,3.720386028289795,1981,121945057,257283092,-802947924,-17.538999557495117,0.09799999743700027,312.81597900390625,12,1981
121995123,121947164,0.58197021484375,0.181884765625,-0.22381591796875,0.7603759765625,0,0.1484375,-0.06640625,0.01953125,1.469426793063361e-39,2.4795541923703697e-39,3.929569421104996e-35,1980,121948230,1012.84326171875,32.04999923706055,3.387453556060791,1982,121995120,257283089,-802947923,-17.513999938964844,0.039000000804662704,312.81597900390625,12,1982
122043060,122000587,0.58197021484375,0.181884765625,-0.22381591796875,0.7603759765625,3,-0.03515625,-0.01953125,-0.02734375,1.469426793063361e-39,2.4795541923703697e-39,3.929569421104996e-35,1981,122001652,1012.809814453125,32.060001373291016,3.667539596557617,1983,122043057,257283088,-802947920,-17.493000030517578,0.04500000178813934,312.81597900390625,12,1983
122095060,122053164,0.58197021484375,0.181884765625,-0.22381591796875,0.7603759765625,0,-0.03515625,-0.01953125,-0.02734375,9.18311521327518e-40,2.47951215341644e-39,3.952426702126869e-35,1982,122054230,1012.824951171875,32.060001373291016,3.540708065032959,1984,122095057,257283087,-802947917,-17.46299934387207,0.08399999886751175,312.81597900390625,12,1984
122143060,122106689,0.58197021484375,0.181884765625,-0.22381591796875,0.7603759765625,0,-0.03515625,-0.01953125,-0.02734375,nan,2.3877285053016288e-39,3.975464784281803e-35,1983,122107754,1012.802490234375,32.04999923706055,3.725670576095581,1985,122143057,257283085,-802947914,-17.430999755859375,0.0860000029206276,312.81597900390625,12,1985
122193060,122145140,0.58148193359375,0.18231201171875,-0.2215576171875,0.76129150390625,0,-0.03515625,-0.01953125,-0.02734375,nan,2.3877285053016288e-39,3.975464784281803e-35,1984,122146206,1012.8203125,32.06999969482422,3.577700614929199,1986,122193057,257283083,-802947911,-17.361000061035156,0.10899999737739563,312.81597900390625,12,1986
122246779,122198272,0.58148193359375,0.18231201171875,-0.2215576171875,0.76129150390625,3,0.0234375,0.171875,0.05078125,nan,2.3877285053016288e-39,3.975464784281803e-35,1985,122199337,1012.809326171875,32.060001373291016,3.667539596557617,1987,122246776,257283081,-802947908,-17.357999801635742,0.14800000190734863,312.81597900390625,12,1987
122294149,122251582,0.58148193359375,0.18231201171875,-0.2215576171875,0.76129150390625,0,0.0234375,0.171875,0.05078125,5.5096112890476725e-40,2.3877495247785937e-39,4.0120930849384924e-35,1986,122252647,1012.812255859375,32.060001373291016,3.6464009284973145,1988,122294146,257283080,-802947905,-17.327999114990234,0.16200000047683716,312.81597900390625,12,1988
122346699,122304271,0.58148193359375,0.18231201171875,-0.2215576171875,0.76129150390625,3,-0.15234375,-0.1953125,0.078125,5.5096112890476725e-40,2.3877495247785937e-39,4.0120930849384924e-35,1987,122305337,1012.808837890625,32.06999969482422,3.6728241443634033,1989,122346696,257283076,-802947902,-17.333999633789062,0.2150000035762787,312.81597900390625,12,1989
122393060,122356545,0.58148193359375,0.18231201171875,-0.2215576171875,0.76129150390625,0,-0.15234375,-0.1953125,0.078125,2.6632321911786738e-39,2.4795401793857265e-39,4.045951684428242e-35,1988,122357610,1012.7880859375,32.060001373291016,3.847217321395874,1990,122393057,257283074,-802947900,-17.340999603271484,0.25,312.81597900390625,12,1990
122444062,122396272,0.58160400390625,0.1802978515625,-0.22271728515625,0.7613525390625,0,-0.15234375,-0.1953125,0.078125,2.6632321911786738e-39,2.4795401793857265e-39,4.045951684428242e-35,1989,122397337,1012.815185546875,32.060001373291016,3.6199777126312256,1991,122444059,257283072,-802947897,-17.284000396728516,0.27900001406669617,312.81597900390625,12,1991
122496676,122448271,0.58160400390625,0.1802978515625,-0.22271728515625,0.7613525390625,3,-0.2265625,-0.04296875,-0.05859375,2.6632321911786738e-39,2.4795401793857265e-39,4.045951684428242e-35,1990,122449337,1012.8544921875,32.060001373291016,3.292330026626587,1992,122496673,257283071,-802947893,-17.2450008392334,0.2980000078678131,312.81597900390625,12,1992
122544068,122501582,0.58160400390625,0.1802978515625,-0.22271728515625,0.7613525390625,0,-0.2265625,-0.04296875,-0.05859375,7.806108257829434e-39,2.3877453208832007e-39,4.0843386348363566e-35,1991,122502647,1012.806396484375,32.06999969482422,3.693962812423706,1993,122544065,257283070,-802947889,-17.208999633789062,0.3230000138282776,42.898929595947266,12,1993
122596744,122554271,0.58160400390625,0.1802978515625,-0.22271728515625,0.7613525390625,3,-0.33203125,-0.02734375,-0.08203125,7.806108257829434e-39,2.3877453208832007e-39,4.0843386348363566e-35,1992,122555337,1012.827880859375,32.06999969482422,3.514285087585449,1994,122596741,257283068,-802947886,-17.16900062561035,0.35199999809265137,89.17410278320312,12,1994
122643060,122607480,0.58160400390625,0.1802978515625,-0.22271728515625,0.7613525390625,0,-0.33203125,-0.02734375,-0.08203125,3.122492348578025e-39,2.4795345741918692e-39,4.117785696508948e-35,1993,122608546,1012.809814453125,32.060001373291016,3.667539596557617,1995,122643057,257283068,-802947882,-17.1200008392334,0.3709999918937683,107.98133850097656,12,1995
122693060,122645271,0.58160400390625,0.1802978515625,-0.22271728515625,0.7613525390625,3,-0.0625,0.01171875,-0.09765625,3.122492348578025e-39,2.4795345741918692e-39,4.117785696508948e-35,1994,122646337,1012.800048828125,32.060001373291016,3.7468090057373047,1996,122693057,257283067,-802947880,-17.10300064086914,0.382999986410141,115.94603729248047,12,1996
122752378,122698271,0.58160400390625,0.1802978515625,-0.22271728515625,0.7613525390625,3,0.25,-0.1171875,0.0078125,3.122492348578025e-39,2.4795345741918692e-39,4.117785696508948e-35,1995,122699337,1012.79541015625,32.060001373291016,3.783801555633545,1997,122752376,257283066,-802947880,-17.121000289916992,0.35600000619888306,119.9069595336914,12,1997
122850060,122825582,0.58160400390625,0.1802978515625,-0.22271728515625,0.7613525390625,0,0.25,-0.1171875,0.0078125,5.509993843528433e-39,2.4795527910719054e-39,4.1555860476853537e-35,1996,122826648,1012.779052734375,32.06999969482422,3.9212021827697754,1998,122850057,257283067,-802947879,-17.083999633789062,0.29100000858306885,120.7427978515625,12,1998
122903060,122855165,0.58160400390625,0.1802978515625,-0.22271728515625,0.7613525390625,0,0.25,-0.1171875,0.0078125,1.928431914142205e-39,2.387790162434059e-39,4.168503858163677e-35,1997,122856230,1012.821044921875,32.06999969482422,3.572416067123413,1999,122903057,257283067,-802947879,-17.086000442504883,0.27900001406669617,120.7427978515625,12,1999
122944060,122907664,0.58587646484375,0.177734375,-0.222900390625,0.75860595703125,0,0.25,-0.1171875,0.0078125,1.928431914142205e-39,2.387790162434059e-39,4.168503858163677e-35,1998,122908730,1012.786865234375,32.06999969482422,3.8577864170074463,2000,122944057,257283067,-802947880,-17.083999633789062,0.23800000548362732,120.7427978515625,12,2000
122994368,122946164,0.58587646484375,0.177734375,-0.222900390625,0.75860595703125,0,0.25,-0.1171875,0.0078125,-2.47238983082014e+38,2.4795107521179757e-39,4.2130038957707337e-35,1999,122947230,1012.81640625,32.06999969482422,3.609408378601074,2001,122994365,257283068,-802947879,-17.070999145507812,0.21899999678134918,120.7427978515625,12,2001
123047061,122999271,0.58587646484375,0.177734375,-0.222900390625,0.75860595703125,3,0.15625,-0.07421875,-0.12890625,-2.47238983082014e+38,2.4795107521179757e-39,4.2130038957707337e-35,2000,123000337,1012.7998046875,32.06999969482422,3.7468090057373047,2002,123047058,257283068,-802947879,-17.075000762939453,0.21699999272823334,120.7427978515625,12,2002
123095060,123052582,0.58587646484375,0.177734375,-0.222900390625,0.75860595703125,0,0.15625,-0.07421875,-0.12890625,nan,2.5713280313959307e-39,4.2420109981900117e-35,2001,123053648,1012.798095703125,32.06999969482422,3.7626631259918213,2003,123095057,257283067,-802947876,-17.045000076293945,0.24300000071525574,120.7427978515625,12,2003
123146155,123104271,0.58587646484375,0.177734375,-0.222900390625,0.75860595703125,3,0.09375,-0.21484375,0.00390625,nan,2.5713280313959307e-39,4.2420109981900117e-35,2002,123105337,1012.81591796875,32.06999969482422,3.6146931648254395,2004,123146152,257283064,-802947871,-16.999000549316406,0.3019999861717224,125.31803894042969,12,2004
123193060,123157480,0.58587646484375,0.177734375,-0.222900390625,0.75860595703125,0,0.09375,-0.21484375,0.00390625,nan,2.4795696066534773e-39,4.2757995731139406e-35,2003,123158545,1012.791259765625,32.06999969482422,3.820794105529785,2005,123193057,257283066,-802947877,-17.066999435424805,0.20100000500679016,125.31803894042969,12,2005
123243148,123195271,0.58831787109375,0.18243408203125,-0.218017578125,0.75701904296875,0,0.09375,-0.21484375,0.00390625,nan,2.4795696066534773e-39,4.2757995731139406e-35,2004,123196337,1012.823974609375,32.06999969482422,3.545992851257324,2006,123243145,257283066,-802947880,-17.101999282836914,0.15000000596046448,125.31803894042969,12,2006
123296784,123248272,0.58831787109375,0.18243408203125,-0.218017578125,0.75701904296875,3,0.0546875,-0.17578125,-0.171875,nan,2.4795696066534773e-39,4.2757995731139406e-35,2005,123249337,1012.802978515625,32.06999969482422,3.720386028289795,2007,123296781,257283066,-802947882,-17.132999420166016,0.11400000005960464,125.31803894042969,12,2007
123344150,123301582,0.58831787109375,0.18243408203125,-0.218017578125,0.75701904296875,0,0.0546875,-0.17578125,-0.171875,nan,2.571377076842182e-39,4.31346848473647e-35,2006,123302647,1012.82373046875,32.06999969482422,3.5512773990631104,2008,123344147,257283066,-802947880,-17.094999313354492,0.11800000071525574,125.31803894042969,12,2008
123396688,123354271,0.58831787109375,0.18243408203125,-0.218017578125,0.75701904296875,3,0.15625,0.0,0.02734375,nan,2.571377076842182e-39,4.31346848473647e-35,2007,123355337,1012.81494140625,32.06999969482422,3.625262498855591,2009,123396685,257283064,-802947877,-17.059999465942383,0.16200000047683716,125.31803894042969,12,2009
123443060,123407480,0.58831787109375,0.18243408203125,-0.218017578125,0.75701904296875,0,0.15625,0.0,0.02734375,nan,2.571316821008216e-39,4.347414614933495e-35,2008,123408545,1012.80419921875,32.06999969482422,3.7098166942596436,2010,123443057,257283068,-802947880,-17.073999404907227,0.0860000029206276,125.31803894042969,12,2010
123494443,123446272,0.5888671875,0.1864013671875,-0.21441650390625,0.75665283203125,0,0.15625,0.0,0.02734375,nan,2.571316821008216e-39,4.347414614933495e-35,2009,123447337,1012.8203125,32.06999969482422,3.577700614929199,2011,123494440,257283071,-802947880,-17.052000045776367,0.06400000303983688,125.31803894042969,12,2011
123542060,123499520,0.5888671875,0.1864013671875,-0.21441650390625,0.75665283203125,3,0.5,0.07421875,-0.08203125,nan,2.571316821008216e-39,4.347414614933495e-35,2010,123500586,1012.818115234375,32.08000183105469,3.5935544967651367,2012,123542057,257283072,-802947882,-17.076000213623047,0.03799999877810478,125.31803894042969,12,2012
123594454,123552295,0.5888671875,0.1864013671875,-0.21441650390625,0.75665283203125,3,-0.08203125,-0.09375,-0.234375,nan,2.571316821008216e-39,4.347414614933495e-35,2011,123553361,1012.818359375,32.06999969482422,3.5935544967651367,2013,123594451,257283071,-802947883,-17.114999771118164,0.014000000432133675,125.31803894042969,12,2013
123641060,123605480,0.5888671875,0.1864013671875,-0.21441650390625,0.75665283203125,3,0.1484375,-0.1640625,0.078125,nan,2.571316821008216e-39,4.347414614933495e-35,2012,123606545,1012.82080078125,32.08000183105469,3.572416067123413,2014,123641057,257283067,-802947883,-17.174999237060547,0.02199999988079071,125.31803894042969,12,2014
123693060,123645349,0.58929443359375,0.19024658203125,-0.21337890625,0.75567626953125,0,0.1484375,-0.1640625,0.078125,nan,2.571316821008216e-39,4.347414614933495e-35,2013,123646415,1012.806396484375,32.08000183105469,3.693962812423706,2015,123693057,257283063,-802947878,-17.152999877929688,0.10700000077486038,125.31803894042969,12,2015
123747068,123698456,0.59002685546875,0.19189453125,-0.21331787109375,0.75469970703125,0,0.1484375,-0.1640625,0.078125,nan,2.571316821008216e-39,4.347414614933495e-35,2014,123699521,1012.80908203125,32.06999969482422,3.6728241443634033,2016,123747065,257283064,-802947877,-17.125999450683594,0.10499999672174454,125.31803894042969,12,2016
123793060,123751373,0.59002685546875,0.19189453125,-0.21331787109375,0.75469970703125,0,0.1484375,-0.1640625,0.078125,nan,2.5713448469775026e-39,4.4388147534425124e-35,2015,123752439,1012.785888671875,32.08000183105469,3.8630712032318115,2017,123793057,257283065,-802947878,-17.1200008392334,0.0860000029206276,125.31803894042969,12,2017
123892363,123856456,0.59002685546875,0.19427490234375,-0.21282958984375,0.75421142578125,0,0.1484375,-0.1640625,0.078125,nan,2.5713448469775026e-39,4.4388147534425124e-35,2016,123857521,1012.759765625,32.08000183105469,4.079741477966309,2018,123892360,257283069,-802947882,-17.16200065612793,0.029999999329447746,125.31803894042969,12,2018
123945060,123897402,0.59002685546875,0.19427490234375,-0.21282958984375,0.75421142578125,3,0.10546875,-0.04296875,-0.140625,nan,2.5713448469775026e-39,4.4388147534425124e-35,2017,123898468,1012.82666015625,32.08000183105469,3.5248541831970215,2019,123945057,257283072,-802947881,-17.099000930786133,0.026000000536441803,125.31803894042969,12,2019
123992360,123950349,0.589599609375,0.19464111328125,-0.21246337890625,0.75457763671875,0,0.10546875,-0.04296875,-0.140625,nan,2.5713448469775026e-39,4.4388147534425124e-35,2018,123951415,1012.810791015625,32.09000015258789,3.656970262527466,2020,123992357,257283076,-802947879,-16.97800064086914,0.04899999871850014,125.31803894042969,12,2020
124045063,124003438,0.589599609375,0.19464111328125,-0.21246337890625,0.75457763671875,0,0.10546875,-0.04296875,-0.140625,nan,2.4795668040565487e-39,4.513470411142673e-35,2019,124004503,1012.819091796875,32.09000015258789,3.5882699489593506,2021,124045060,257283076,-802947880,-16.958999633789062,0.04600000008940697,125.31803894042969,12,2021
124092060,124056349,0.5892333984375,0.1944580078125,-0.2120361328125,0.7550048828125,0,0.10546875,-0.04296875,-0.140625,nan,2.4795668040565487e-39,4.513470411142673e-35,2020,124057414,1012.833740234375,32.08000183105469,3.4667232036590576,2022,124092057,257283078,-802947881,-16.95400047302246,0.07699999958276749,125.31803894042969,12,2022
124144060,124096467,0.5892333984375,0.1944580078125,-0.2120361328125,0.7550048828125,3,-0.03125,-0.15625,0.02734375,nan,2.4795668040565487e-39,4.513470411142673e-35,2021,124097532,1012.823974609375,32.09000015258789,3.545992851257324,2023,124144057,257283078,-802947881,-16.951000213623047,0.07900000363588333,125.31803894042969,12,2023
124197131,124149271,0.5892333984375,0.1944580078125,-0.2120361328125,0.7550048828125,3,-0.03125,-0.1484375,0.02734375,nan,2.4795668040565487e-39,4.513470411142673e-35,2022,124150337,1012.8046875,32.08000183105469,3.7098166942596436,2024,124197128,257283078,-802947882,-16.95800018310547,0.08799999952316284,125.31803894042969,12,2024
124245060,124202582,0.5892333984375,0.1944580078125,-0.2120361328125,0.7550048828125,0,-0.03125,-0.1484375,0.02734375,1.9286238920318176e-39,2.4795583962657627e-39,4.5719469503071993e-35,2023,124203647,1012.82666015625,32.09000015258789,3.5248541831970215,2025,124245057,257283078,-802947883,-17.0049991607666,0.09399999678134918,125.31803894042969,12,2025
124297138,124255271,0.5892333984375,0.1944580078125,-0.2120361328125,0.7550048828125,3,0.0234375,0.00390625,0.09375,1.9286238920318176e-39,2.4795583962657627e-39,4.5719469503071993e-35,2024,124256337,1012.783203125,32.08000183105469,3.884209632873535,2026,124297135,257283079,-802947882,-16.999000549316406,0.09000000357627869,125.31803894042969,12,2026
124344060,124307480,0.5892333984375,0.1944580078125,-0.2120361328125,0.7550048828125,0,0.0234375,0.00390625,0.09375,2.7550971146044158e-39,2.47956400145962e-39,4.600979594473846e-35,2025,124308546,1012.7783203125,32.08000183105469,3.9264867305755615,2027,124344057,257283080,-802947881,-16.972999572753906,0.07599999755620956,125.31803894042969,12,2027
124395060,124346349,0.58770751953125,0.19281005859375,-0.21112060546875,0.75689697265625,0,0.0234375,0.00390625,0.09375,2.7550971146044158e-39,2.47956400145962e-39,4.600979594473846e-35,2026,124347415,1012.78564453125,32.08000183105469,3.8683557510375977,2028,124395057,257283078,-802947882,-17.014999389648438,0.05400000140070915,125.31803894042969,12,2028
124442060,124400480,0.58770751953125,0.19281005859375,-0.21112060546875,0.75689697265625,0,0.0234375,0.00390625,0.09375,nan,2.5713742742452534e-39,4.631160182342468e-35,2027,124401546,1012.794189453125,32.08000183105469,3.7943708896636963,2029,124442057,257283080,-802947883,-17.006000518798828,0.07100000232458115,125.31803894042969,12,2029
124495060,124453336,0.58770751953125,0.19281005859375,-0.21112060546875,0.75689697265625,3,0.0390625,-0.05078125,0.09375,nan,2.5713742742452534e-39,4.631160182342468e-35,2028,124454401,1012.82080078125,32.08000183105469,3.572416067123413,2030,124495057,257283082,-802947882,-16.976999282836914,0.07900000363588333,125.31803894042969,11,2030
124542060,124505480,0.58770751953125,0.19281005859375,-0.21112060546875,0.75689697265625,3,0.0390625,-0.01171875,-0.05859375,nan,2.5713742742452534e-39,4.631160182342468e-35,2029,124506546,1012.81396484375,32.08000183105469,3.630547046661377,2031,124542057,257283086,-802947884,-16.954999923706055,0.13500000536441803,125.31803894042969,11,2031
124593060,124544271,0.58770751953125,0.19281005859375,-0.21112060546875,0.75689697265625,3,0.078125,-0.08203125,0.05859375,nan,2.5713742742452534e-39,4.631160182342468e-35,2030,124545337,1012.819580078125,32.08000183105469,3.5829854011535645,2032,124593057,257283085,-802947884,-16.972000122070312,0.10100000351667404,125.31803894042969,11,2032
124645060,124597480,0.58770751953125,0.19281005859375,-0.21112060546875,0.75689697265625,3,-0.03125,-0.03515625,0.09375,nan,2.5713742742452534e-39,4.631160182342468e-35,2031,124598545,1012.808349609375,32.08000183105469,3.6781086921691895,2033,124645057,257283087,-802947886,-16.961999893188477,0.125,125.31803894042969,11,2033
124692351,124650373,0.58770751953125,0.19281005859375,-0.21112060546875,0.75689697265625,0,-0.03125,-0.03515625,0.09375,1.5612286580582084e-39,2.571364465156003e-39,4.699168672036343e-35,2032,124651439,1012.8056640625,32.08000183105469,3.699247360229492,2034,124692348,257283087,-802947886,-16.941999435424805,0.1080000028014183,125.31803894042969,11,2034
124751528,124703456,0.58770751953125,0.19281005859375,-0.21112060546875,0.75689697265625,3,0.0546875,-0.01953125,0.00390625,1.5612286580582084e-39,2.571364465156003e-39,4.699168672036343e-35,2033,124704522,1012.802978515625,32.08000183105469,3.720386028289795,2035,124751525,257283088,-802947887,-16.96500015258789,0.11400000005960464,125.31803894042969,11,2035
124792416,124756349,0.58795166015625,0.190185546875,-0.21173095703125,0.75714111328125,0,0.0546875,-0.01953125,0.00390625,1.5612286580582084e-39,2.571364465156003e-39,4.699168672036343e-35,2034,124757414,1012.796875,32.08000183105469,3.7732322216033936,2036,124792414,257283088,-802947888,-16.983999252319336,0.10499999672174454,125.31803894042969,11,2036
124856956,124795480,0.58795166015625,0.190185546875,-0.21173095703125,0.75714111328125,3,0.0546875,-0.0703125,-0.02734375,1.5612286580582084e-39,2.571364465156003e-39,4.699168672036343e-35,2035,124796545,1012.795654296875,32.08000183105469,3.783801555633545,2037,124856953,257283089,-802947888,-16.96500015258789,0.10499999672174454,125.31803894042969,11,2037
124946762,124922349,0.5882568359375,0.1895751953125,-0.21209716796875,0.75701904296875,0,0.0546875,-0.0703125,-0.02734375,1.5612286580582084e-39,2.571364465156003e-39,4.699168672036343e-35,2036,124923415,1012.842041015625,32.08000183105469,3.3980228900909424,2038,124946759,257283091,-802947887,-16.966999053955078,0.11699999868869781,125.31803894042969,11,2038
124994496,124951504,0.5882568359375,0.1895751953125,-0.21209716796875,0.75701904296875,3,0.109375,-0.0703125,-0.1484375,1.5612286580582084e-39,2.571364465156003e-39,4.699168672036343e-35,2037,124952570,1012.7666015625,32.08000183105469,4.026895046234131,2039,124994493,257283089,-802947887,-16.98900032043457,0.07000000029802322,125.31803894042969,11,2039
125046847,125004325,0.5882568359375,0.18817138671875,-0.21282958984375,0.75714111328125,0,0.109375,-0.0703125,-0.1484375,1.5612286580582084e-39,2.571364465156003e-39,4.699168672036343e-35,2038,125005390,1012.845703125,32.08000183105469,3.3663151264190674,2040,125046844,257283088,-802947887,-17.003999710083008,0.05900000035762787,125.31803894042969,11,2040
125093060,125057480,0.5882568359375,0.18817138671875,-0.21282958984375,0.75714111328125,3,-0.03515625,-0.00390625,-0.11328125,1.5612286580582084e-39,2.571364465156003e-39,4.699168672036343e-35,2039,125058546,1012.818603515625,32.08000183105469,3.5935544967651367,2041,125093057,257283085,-802947887,-17.086999893188477,0.028999999165534973,125.31803894042969,11,2041
125143060,125095271,0.5882568359375,0.18817138671875,-0.21282958984375,0.75714111328125,3,0.0859375,-0.1171875,0.109375,1.5612286580582084e-39,2.571364465156003e-39,4.699168672036343e-35,2040,125096337,1012.8095703125,32.08000183105469,3.667539596557617,2042,125143057,257283088,-802947888,-17.08099937438965,0.06199999898672104,125.31803894042969,11,2042
125191519,125148480,0.5882568359375,0.18817138671875,-0.21282958984375,0.75714111328125,0,0.0859375,-0.1171875,0.109375,1.1019951253296794e-39,2.5713742742452534e-39,4.878394539352353e-35,2041,125149546,1012.8095703125,32.09000015258789,3.667539596557617,2043,125191516,257283092,-802947889,-17.049999237060547,0.08699999749660492,125.31803894042969,11,2043
125243060,125201373,0.5882568359375,0.18817138671875,-0.21282958984375,0.75714111328125,0,0.0859375,-0.1171875,0.109375,9.183689745645554e-40,2.4796088430104784e-39,4.899785322294953e-35,2042,125202439,1012.79052734375,32.08000183105469,3.8260786533355713,2044,125243057,257283094,-802947890,-17.024999618530273,0.07999999821186066,125.31803894042969,11,2044
125296826,125253480,0.5882568359375,0.18817138671875,-0.21282958984375,0.75714111328125,3,-0.15234375,-0.31640625,-0.171875,9.183689745645554e-40,2.4796088430104784e-39,4.899785322294953e-35,2043,125254545,1012.830810546875,32.08000183105469,3.4878618717193604,2045,125296823,257283095,-802947890,-16.996999740600586,0.08900000154972076,125.31803894042969,11,2045
125343060,125307349,0.5897216796875,0.18487548828125,-0.21112060546875,0.75726318359375,0,-0.15234375,-0.31640625,-0.171875,9.183689745645554e-40,2.4796088430104784e-39,4.899785322294953e-35,2044,125308414,1012.803955078125,32.08000183105469,3.7151012420654297,2046,125343057,257283095,-802947888,-16.966999053955078,0.04699999839067459,125.31803894042969,11,2046
125395060,125347480,0.5897216796875,0.18487548828125,-0.21112060546875,0.75726318359375,3,-0.16015625,-0.1328125,0.01171875,9.183689745645554e-40,2.4796088430104784e-39,4.899785322294953e-35,2045,125348546,1012.8095703125,32.09000015258789,3.667539596557617,2047,125395057,257283094,-802947889,-17.025999069213867,0.039000000804662704,125.31803894042969,11,2047
125443060,125401271,0.5897216796875,0.18487548828125,-0.21112060546875,0.75726318359375,3,0.0078125,-0.0859375,0.08984375,9.183689745645554e-40,2.4796088430104784e-39,4.899785322294953e-35,2046,125402337,1012.8203125,32.09000015258789,3.577700614929199,2048,125443057,257283095,-802947890,-17.048999786376953,0.07400000095367432,125.31803894042969,11,2048
125491414,125454582,0.5897216796875,0.18487548828125,-0.21112060546875,0.75726318359375,0,0.0078125,-0.0859375,0.08984375,nan,2.5713868859314323e-39,5.047076830751649e-35,2047,125455647,1012.81396484375,32.09000015258789,3.630547046661377,2049,125491411,257283093,-802947890,-17.084999084472656,0.023000000044703484,125.31803894042969,11,2049
125541404,125493164,0.5897216796875,0.18487548828125,-0.21112060546875,0.75726318359375,0,0.0078125,-0.0859375,0.08984375,2.938822757560507e-39,2.5713840833345036e-39,5.073753320469993e-35,2048,125494230,1012.797119140625,32.08000183105469,3.7732322216033936,2050,125541401,257283095,-802947892,-17.111000061035156,0.05900000035762787,125.31803894042969,11,2050
125594060,125546272,0.5897216796875,0.18487548828125,-0.21112060546875,0.75726318359375,3,-0.14453125,-0.078125,-0.04296875,2.938822757560507e-39,2.5713840833345036e-39,5.073753320469993e-35,2049,125547337,1012.818115234375,32.09000015258789,3.5935544967651367,2051,125594057,257283096,-802947892,-17.141000747680664,0.08699999749660492,125.31803894042969,11,2051
125642491,125599582,0.5897216796875,0.18487548828125,-0.21112060546875,0.75726318359375,0,-0.14453125,-0.078125,-0.04296875,1.0101722408578671e-39,2.479572409250406e-39,5.131259560220425e-35,2050,125600647,1012.81005859375,32.09000015258789,3.662254810333252,2052,125642488,257283094,-802947892,-17.17300033569336,0.05299999937415123,125.31803894042969,11,2052
125694421,125652164,0.5897216796875,0.18487548828125,-0.21112060546875,0.75726318359375,0,-0.14453125,-0.078125,-0.04296875,nan,2.4795836196381206e-39,5.157095181177072e-35,2051,125653230,1012.8154296875,32.09000015258789,3.6199777126312256,2053,125694418,257283096,-802947894,-17.179000854492188,0.07400000095367432,125.31803894042969,11,2053
125748372,125705664,0.5897216796875,0.18487548828125,-0.21112060546875,0.75726318359375,3,-0.06640625,-0.0390625,0.125,nan,2.4795836196381206e-39,5.157095181177072e-35,2052,125706730,1012.81640625,32.09000015258789,3.609408378601074,2054,125748369,257283095,-802947894,-17.174999237060547,0.0689999982714653,125.31803894042969,11,2054
125794414,125758141,0.5892333984375,0.18658447265625,-0.21368408203125,0.75653076171875,0,-0.06640625,-0.0390625,0.125,nan,2.4795836196381206e-39,5.157095181177072e-35,2053,125759206,1012.834716796875,32.09000015258789,3.4561538696289062,2055,125794411,257283098,-802947894,-17.121999740600586,0.07400000095367432,125.31803894042969,11,2055
125845060,125796689,0.5892333984375,0.18658447265625,-0.21368408203125,0.75653076171875,0,-0.06640625,-0.0390625,0.125,nan,2.4795976326227638e-39,5.260020961439843e-35,2054,125797754,1012.798583984375,32.09000015258789,3.757378339767456,2056,125845057,257283102,-802947895,-17.083999633789062,0.10100000351667404,125.31803894042969,11,2056
125892060,125850087,0.5892333984375,0.18658447265625,-0.21368408203125,0.75653076171875,3,-0.11328125,-0.015625,-0.03515625,nan,2.4795976326227638e-39,5.260020961439843e-35,2055,125851152,1012.807373046875,32.09000015258789,3.6833934783935547,2057,125892057,257283105,-802947895,-17.02199935913086,0.11100000143051147,125.31803894042969,11,2057
125992337,125955767,0.5892333984375,0.18658447265625,-0.21368408203125,0.75653076171875,0,-0.11328125,-0.015625,-0.03515625,3.674148521521097e-40,2.4795654027580843e-39,5.303600922169766e-35,2056,125956832,1012.814453125,32.09000015258789,3.625262498855591,2058,125992334,257283109,-802947894,-16.975000381469727,0.12099999934434891,125.31803894042969,11,2058
126045060,125997021,0.5892333984375,0.18658447265625,-0.21368408203125,0.75653076171875,0,-0.11328125,-0.015625,-0.03515625,nan,2.5713910898268253e-39,5.336961314092859e-35,2057,125998086,1012.81982421875,32.08000183105469,3.5829854011535645,2059,126045057,257283110,-802947897,-17.017000198364258,0.15299999713897705,125.31803894042969,11,2059
126093060,126050689,0.5892333984375,0.18658447265625,-0.21368408203125,0.75653076171875,3,0.0078125,-0.0625,0.02734375,nan,2.5713910898268253e-39,5.336961314092859e-35,2058,126051754,1012.793212890625,32.09000015258789,3.8049402236938477,2060,126093057,257283109,-802947898,-17.042999267578125,0.12999999523162842,125.31803894042969,11,2060
126140060,126104164,0.5892333984375,0.18658447265625,-0.21368408203125,0.75653076171875,0,0.0078125,-0.0625,0.02734375,2.7550788977243796e-40,2.5713574586636815e-39,5.414572639839679e-35,2059,126105230,1012.827880859375,32.09000015258789,3.514285087585449,2061,126140057,257283107,-802947896,-17.065000534057617,0.05700000002980232,125.31803894042969,11,2061
126191495,126142665,0.5888671875,0.1866455078125,-0.21478271484375,0.7564697265625,0,0.0078125,-0.0625,0.02734375,2.7550788977243796e-40,2.5713574586636815e-39,5.414572639839679e-35,2060,126143730,1012.799560546875,32.09000015258789,3.75209379196167,2062,126191492,257283105,-802947896,-17.141000747680664,0.041999999433755875,125.31803894042969,11,2062
126243066,126195141,0.58868408203125,0.18682861328125,-0.21514892578125,0.7564697265625,0,0.0078125,-0.0625,0.02734375,2.7550788977243796e-40,2.5713574586636815e-39,5.414572639839679e-35,2061,126196206,1012.82861328125,32.09000015258789,3.509000301361084,2063,126243063,257283104,-802947896,-17.159000396728516,0.06700000166893005,125.31803894042969,11,2063
126291494,126248689,0.58868408203125,0.18682861328125,-0.21514892578125,0.7564697265625,3,-0.11328125,-0.0078125,-0.125,2.7550788977243796e-40,2.5713574586636815e-39,5.414572639839679e-35,2062,126249754,1012.808349609375,32.09000015258789,3.6781086921691895,2064,126291491,257283102,-802947895,-17.191999435424805,0.07599999755620956,125.31803894042969,11,2064
126343068,126301140,0.5888671875,0.1865234375,-0.21490478515625,0.75653076171875,0,-0.11328125,-0.0078125,-0.125,2.7550788977243796e-40,2.5713574586636815e-39,5.414572639839679e-35,2063,126302206,1012.80224609375,32.09000015258789,3.725670576095581,2065,126343065,257283100,-802947894,-17.197999954223633,0.08299999684095383,125.31803894042969,11,2065
126397107,126354664,0.5888671875,0.1864013671875,-0.21600341796875,0.7562255859375,0,-0.11328125,-0.0078125,-0.125,2.7550788977243796e-40,2.5713574586636815e-39,5.414572639839679e-35,2064,126355730,1012.79638671875,32.09000015258789,3.778517007827759,2066,126397104,257283099,-802947895,-17.233999252319336,0.06300000101327896,125.31803894042969,11,2066
126443060,126407141,0.5889892578125,0.1859130859375,-0.21600341796875,0.7562255859375,0,-0.11328125,-0.0078125,-0.125,2.7550788977243796e-40,2.5713574586636815e-39,5.414572639839679e-35,2065,126408206,1012.802734375,32.09000015258789,3.725670576095581,2067,126443057,257283100,-802947897,-17.274999618530273,0.010999999940395355,125.31803894042969,11,2067
126494395,126445689,0.5889892578125,0.1859130859375,-0.21600341796875,0.7562255859375,0,-0.11328125,-0.0078125,-0.125,nan,2.4795668040565487e-39,5.632153315140149e-35,2066,126446754,1012.778076171875,32.09000015258789,3.9317715167999268,2068,126494393,257283100,-802947897,-17.30699920654297,0.03799999877810478,125.31803894042969,11,2068
126541404,126499164,0.5889892578125,0.1859130859375,-0.21600341796875,0.7562255859375,0,-0.11328125,-0.0078125,-0.125,nan,2.5713672677529318e-39,5.651193109381104e-35,2067,126500230,1012.79443359375,32.09000015258789,3.7943708896636963,2069,126541401,257283098,-802947896,-17.31800079345703,0.06400000303983688,125.31803894042969,11,2069
126594060,126551647,0.5889892578125,0.1859130859375,-0.21600341796875,0.7562255859375,0,-0.11328125,-0.0078125,-0.125,nan,2.5713798794391107e-39,5.677555636496957e-35,2068,126552712,1012.818603515625,32.08000183105469,3.5935544967651367,2070,126594057,257283099,-802947896,-17.30699920654297,0.05299999937415123,125.31803894042969,11,2070
126646760,126604141,0.5885009765625,0.18853759765625,-0.21551513671875,0.756103515625,0,-0.11328125,-0.0078125,-0.125,nan,2.5713798794391107e-39,5.677555636496957e-35,2069,126605206,1012.828125,32.09000015258789,3.514285087585449,2071,126646757,257283103,-802947898,-17.2549991607666,0.02800000086426735,125.31803894042969,11,2071
126693060,126656664,0.5885009765625,0.18853759765625,-0.21551513671875,0.756103515625,0,-0.11328125,-0.0078125,-0.125,nan,2.571385484632968e-39,5.745290628603837e-35,2070,126657730,1012.795166015625,32.09000015258789,3.789086103439331,2072,126693057,257283102,-802947899,-17.319000244140625,0.03700000047683716,125.31803894042969,11,2072
126749104,126695140,0.58837890625,0.1893310546875,-0.21533203125,0.75604248046875,0,-0.11328125,-0.0078125,-0.125,nan,2.571385484632968e-39,5.745290628603837e-35,2071,126696206,1012.8095703125,32.09000015258789,3.667539596557617,2073,126749102,257283102,-802947898,-17.305999755859375,0.03400000184774399,125.31803894042969,11,2073
126800060,126751456,0.58837890625,0.18927001953125,-0.216064453125,0.755859375,0,-0.11328125,-0.0078125,-0.125,nan,2.571385484632968e-39,5.745290628603837e-35,2072,126752521,1012.810546875,32.08000183105469,3.656970262527466,2074,126800057,257283103,-802947897,-17.291000366210938,0.08100000023841858,125.31803894042969,11,2074
126851451,126803374,0.58837890625,0.18927001953125,-0.216064453125,0.755859375,0,-0.11328125,-0.0078125,-0.125,1.3775408501606541e-39,2.4795696066534773e-39,5.818161520833352e-35,2073,126804439,1012.807373046875,32.09000015258789,3.6833934783935547,2075,126851448,257283102,-802947897,-17.31399917602539,0.06300000101327896,125.31803894042969,11,2075
126893060,126856480,0.58837890625,0.18927001953125,-0.216064453125,0.755859375,3,0.046875,-0.0625,0.01953125,1.3775408501606541e-39,2.4795696066534773e-39,5.818161520833352e-35,2074,126857545,1012.79833984375,32.09000015258789,3.7626631259918213,2076,126893057,257283103,-802947898,-17.302000045776367,0.03400000184774399,125.31803894042969,11,2076
126995060,126959272,0.58837890625,0.18927001953125,-0.216064453125,0.755859375,3,-0.0390625,0.01171875,0.140625,1.3775408501606541e-39,2.4795696066534773e-39,5.818161520833352e-35,2075,126960337,1012.824462890625,32.09000015258789,3.540708065032959,2077,126995057,257283102,-802947900,-17.336000442504883,0.023000000044703484,125.31803894042969,11,2077
127046091,126998480,0.58837890625,0.18927001953125,-0.216064453125,0.755859375,3,-0.07421875,0.12109375,-0.02734375,1.3775408501606541e-39,2.4795696066534773e-39,5.818161520833352e-35,2076,126999546,1012.82763671875,32.099998474121094,3.514285087585449,2078,127046088,257283104,-802947902,-17.363000869750977,0.05900000035762787,125.31803894042969,11,2078
127093060,127051271,0.58837890625,0.18927001953125,-0.216064453125,0.755859375,3,0.015625,0.02734375,-0.06640625,1.3775408501606541e-39,2.4795696066534773e-39,5.818161520833352e-35,2077,127052337,1012.794677734375,32.08000183105469,3.789086103439331,2079,127093057,257283105,-802947903,-17.36400032043457,0.04899999871850014,125.31803894042969,11,2079
127141662,127104558,0.58795166015625,0.1895751953125,-0.215087890625,0.75640869140625,0,0.015625,0.02734375,-0.06640625,1.3775408501606541e-39,2.4795696066534773e-39,5.818161520833352e-35,2078,127105623,1012.784912109375,32.09000015258789,3.873640537261963,2080,127141659,257283105,-802947903,-17.363000869750977,0.029999999329447746,125.31803894042969,11,2080
127192317,127144271,0.58795166015625,0.1895751953125,-0.215087890625,0.75640869140625,3,-0.08203125,0.06640625,0.05078125,1.3775408501606541e-39,2.4795696066534773e-39,5.818161520833352e-35,2079,127145337,1012.82470703125,32.08000183105469,3.540708065032959,2081,127192314,257283107,-802947903,-17.357999801635742,0.04500000178813934,125.31803894042969,11,2081
127246675,127197586,0.58795166015625,0.1895751953125,-0.215087890625,0.75640869140625,3,-0.0078125,-0.046875,0.04296875,1.3775408501606541e-39,2.4795696066534773e-39,5.818161520833352e-35,2080,127198652,1012.826416015625,32.09000015258789,3.5248541831970215,2082,127246672,257283110,-802947904,-17.336000442504883,0.07199999690055847,125.31803894042969,11,2082
127292312,127250165,0.58795166015625,0.1895751953125,-0.215087890625,0.75640869140625,0,-0.0078125,-0.046875,0.04296875,6.428260523305093e-40,2.5713784781406464e-39,6.072797818833571e-35,2081,127251230,1012.803466796875,32.09000015258789,3.720386028289795,2083,127292310,257283113,-802947904,-17.259000778198242,0.08299999684095383,125.31803894042969,11,2083
127345060,127302689,0.58795166015625,0.1895751953125,-0.215087890625,0.75640869140625,0,-0.0078125,-0.046875,0.04296875,1.1020399668805378e-39,2.479576613145799e-39,6.118873983143439e-35,2082,127303754,1012.822021484375,32.08000183105469,3.5618467330932617,2084,127345057,257283115,-802947905,-17.231000900268555,0.0729999989271164,125.31803894042969,11,2084
127391387,127355140,0.58770751953125,0.19036865234375,-0.21539306640625,0.75628662109375,0,-0.0078125,-0.046875,0.04296875,1.1020399668805378e-39,2.479576613145799e-39,6.118873983143439e-35,2083,127356206,1012.8076171875,32.09000015258789,3.6833934783935547,2085,127391384,257283117,-802947905,-17.20599937438965,0.09399999678134918,125.31803894042969,11,2085
127442060,127393689,0.58770751953125,0.19036865234375,-0.21539306640625,0.75628662109375,0,-0.0078125,-0.046875,0.04296875,1.9285510245116727e-39,2.5713448469775026e-39,6.179164560343011e-35,2084,127394754,1012.778076171875,32.09000015258789,3.9317715167999268,2086,127442057,257283117,-802947906,-17.17799949645996,0.07100000232458115,125.31803894042969,11,2086
127494385,127446141,0.5880126953125,0.190185546875,-0.215087890625,0.75616455078125,0,-0.0078125,-0.046875,0.04296875,1.9285510245116727e-39,2.5713448469775026e-39,6.179164560343011e-35,2085,127447206,1012.804931640625,32.09000015258789,3.7045319080352783,2087,127494382,257283116,-802947904,-17.16699981689453,0.029999999329447746,125.31803894042969,11,2087
127542060,127499689,0.5880126953125,0.190185546875,-0.215087890625,0.75616455078125,3,0.34765625,0.21875,-0.265625,1.9285510245116727e-39,2.5713448469775026e-39,6.179164560343011e-35,2086,127500754,1012.838134765625,32.08000183105469,3.4297306537628174,2088,127542057,257283118,-802947906,-17.14299964904785,0.06499999761581421,125.31803894042969,11,2088
127594060,127552140,0.58831787109375,0.1912841796875,-0.2138671875,0.75604248046875,0,0.34765625,0.21875,-0.265625,1.9285510245116727e-39,2.5713448469775026e-39,6.179164560343011e-35,2087,127553206,1012.809814453125,32.09000015258789,3.667539596557617,2089,127594057,257283117,-802947907,-17.200000762939453,0.07800000160932541,125.31803894042969,11,2089
127641643,127604664,0.58831787109375,0.1912841796875,-0.2138671875,0.75604248046875,0,0.34765625,0.21875,-0.265625,5.510564172003413e-40,2.479572409250406e-39,6.280306436092913e-35,2088,127605730,1012.811279296875,32.099998474121094,3.6516857147216797,2090,127641640,257283117,-802947909,-17.243999481201172,0.09099999815225601,125.31803894042969,11,2090
127693060,127645141,0.5897216796875,0.19189453125,-0.2135009765625,0.75482177734375,0,0.34765625,0.21875,-0.265625,5.510564172003413e-40,2.479572409250406e-39,6.280306436092913e-35,2089,127646206,1012.790283203125,32.09000015258789,3.8260786533355713,2091,127693057,257283117,-802947908,-17.242000579833984,0.05999999865889549,125.31803894042969,11,2091
127747074,127698586,0.5897216796875,0.19189453125,-0.2135009765625,0.75482177734375,3,0.1171875,-0.01171875,-0.02734375,5.510564172003413e-40,2.479572409250406e-39,6.280306436092913e-35,2090,127699652,1012.790771484375,32.09000015258789,3.8260786533355713,2092,127747071,257283120,-802947908,-17.219999313354492,0.09099999815225601,125.31803894042969,11,2092
127793312,127751164,0.5897216796875,0.19189453125,-0.2135009765625,0.75482177734375,0,0.1171875,-0.01171875,-0.02734375,nan,2.571385484632968e-39,6.3606596253719e-35,2091,127752230,1012.787109375,32.09000015258789,3.85250186920166,2093,127793309,257283125,-802947908,-17.139999389648438,0.10499999672174454,125.31803894042969,11,2093
127846688,127803664,0.5897216796875,0.19189453125,-0.2135009765625,0.75482177734375,3,-0.07421875,0.140625,0.05078125,nan,2.571385484632968e-39,6.3606596253719e-35,2092,127804730,1012.8349609375,32.099998474121094,3.4561538696289062,2094,127846685,257283125,-802947908,-17.115999221801758,0.0949999988079071,125.31803894042969,11,2094
127892303,127856141,0.588134765625,0.19061279296875,-0.21417236328125,0.7562255859375,0,-0.07421875,0.140625,0.05078125,nan,2.571385484632968e-39,6.3606596253719e-35,2093,127857206,1012.794189453125,32.09000015258789,3.7943708896636963,2095,127892300,257283125,-802947910,-17.094999313354492,0.10100000351667404,125.31803894042969,11,2095
127943060,127894665,0.588134765625,0.19061279296875,-0.21417236328125,0.7562255859375,3,0.1171875,0.05078125,-0.1796875,nan,2.571385484632968e-39,6.3606596253719e-35,2094,127895730,1012.7919921875,32.09000015258789,3.81550931930542,2096,127943057,257283125,-802947911,-17.156999588012695,0.10700000077486038,125.31803894042969,11,2096
128043060,128007063,0.588134765625,0.19061279296875,-0.21417236328125,0.7562255859375,3,-0.19921875,-0.140625,0.1640625,nan,2.571385484632968e-39,6.3606596253719e-35,2095,128008128,1012.843505859375,32.099998474121094,3.382169008255005,2097,128043057,257283120,-802947911,-17.270999908447266,0.03999999910593033,125.31803894042969,11,2097
128095060,128046767,0.588134765625,0.19061279296875,-0.21417236328125,0.7562255859375,0,-0.19921875,-0.140625,0.1640625,2.0204145466389504e-39,2.4795654027580843e-39,6.507264089522965e-35,2096,128047832,1012.810302734375,32.09000015258789,3.662254810333252,2098,128095057,257283119,-802947911,-17.29199981689453,0.013000000268220901,125.31803894042969,11,2098
128142060,128099956,0.588134765625,0.19061279296875,-0.21417236328125,0.7562255859375,0,-0.19921875,-0.140625,0.1640625,nan,2.4797307559768747e-39,6.561798303028984e-35,2097,128101021,1012.818115234375,32.09000015258789,3.5935544967651367,2099,128142057,257283120,-802947910,-17.2810001373291,0.05000000074505806,125.31803894042969,11,2099
128195060,128152818,0.588134765625,0.19061279296875,-0.21417236328125,0.7562255859375,0,-0.19921875,-0.140625,0.1640625,2.1122248194245838e-39,2.479576613145799e-39,6.593569940868543e-35,2098,128153884,1012.80078125,32.099998474121094,3.7415244579315186,2100,128195057,257283120,-802947910,-17.275999069213867,0.041999999433755875,125.31803894042969,11,2100
128241362,128204956,0.588134765625,0.19061279296875,-0.21417236328125,0.7562255859375,0,-0.19921875,-0.140625,0.1640625,4.316353798631911e-39,2.4795611988626914e-39,6.622118152792956e-35,2099,128206021,1012.806640625,32.09000015258789,3.693962812423706,2101,128241359,257283120,-802947911,-17.326000213623047,0.020999999716877937,125.31803894042969,11,2101
128292060,128243898,0.588134765625,0.19061279296875,-0.21417236328125,0.7562255859375,0,-0.19921875,-0.140625,0.1640625,nan,2.479585020936585e-39,6.670264633569336e-35,2100,128244963,1012.828857421875,32.099998474121094,3.509000301361084,2102,128292057,257283120,-802947912,-17.33099937438965,0.010999999940395355,125.31803894042969,11,2102
128345060,128296956,0.588134765625,0.19061279296875,-0.21417236328125,0.7562255859375,0,-0.19921875,-0.140625,0.1640625,6.428961172537255e-40,2.5713322352913236e-39,6.682478754558349e-35,2101,128298022,1012.791259765625,32.09000015258789,3.820794105529785,2103,128345057,257283123,-802947913,-17.297000885009766,0.04899999871850014,125.31803894042969,11,2103
128392297,128349898,0.588134765625,0.19061279296875,-0.21417236328125,0.7562255859375,0,-0.19921875,-0.140625,0.1640625,4.224463651833811e-39,2.4795738105488703e-39,6.708332742614227e-35,2102,128350963,1012.814453125,32.099998474121094,3.625262498855591,2104,128392294,257283128,-802947914,-17.229999542236328,0.10899999737739563,125.31803894042969,11,2104
128445060,128402956,0.588134765625,0.19061279296875,-0.21417236328125,0.7562255859375,0,-0.19921875,-0.140625,0.1640625,3.673517937212151e-40,2.4795583962657627e-39,6.738875506720822e-35,2103,128404021,1012.8017578125,32.099998474121094,3.730955123901367,2105,128445057,257283129,-802947914,-17.215999603271484,0.0989999994635582,125.31803894042969,11,2105
128492462,128455898,0.588134765625,0.19061279296875,-0.21417236328125,0.7562255859375,0,-0.19921875,-0.140625,0.1640625,2.3877649390617012e-39,2.5713658664544674e-39,6.774801552817829e-35,2104,128456963,1012.807861328125,32.09000015258789,3.6833934783935547,2106,128492460,257283129,-802947914,-17.200000762939453,0.09099999815225601,125.31803894042969,11,2106
128544060,128495956,0.588134765625,0.19061279296875,-0.21417236328125,0.7562255859375,0,-0.19921875,-0.140625,0.1640625,1.9285145907516003e-39,2.4795836196381206e-39,6.802263810000174e-35,2105,128497021,1012.800537109375,32.099998474121094,3.7415244579315186,2107,128544057,257283129,-802947914,-17.222000122070312,0.09300000220537186,125.31803894042969,11,2107
128592296,128549795,0.588134765625,0.19061279296875,-0.21417236328125,0.7562255859375,3,0.1640625,0.01953125,-0.05078125,1.9285145907516003e-39,2.4795836196381206e-39,6.802263810000174e-35,2106,128550861,1012.80078125,32.099998474121094,3.7415244579315186,2108,128592293,257283125,-802947914,-17.28499984741211,0.04500000178813934,125.31803894042969,11,2108
128645060,128602956,0.588134765625,0.19061279296875,-0.21417236328125,0.7562255859375,0,0.1640625,0.01953125,-0.05078125,4.592405392208507e-40,2.479576613145799e-39,6.84605441839941e-35,2107,128604021,1012.787841796875,32.09000015258789,3.847217321395874,2109,128645057,257283122,-802947914,-17.354999542236328,0.006000000052154064,125.31803894042969,11,2109
128693060,128656898,0.588134765625,0.19061279296875,-0.21417236328125,0.7562255859375,0,0.1640625,0.01953125,-0.05078125,1.7448730257033687e-39,2.5713826820360393e-39,6.89237566868965e-35,2108,128657963,1012.81005859375,32.099998474121094,3.662254810333252,2110,128693057,257283124,-802947915,-17.34000015258789,0.008999999612569809,125.31803894042969,11,2110
128757554,128696956,0.588134765625,0.19061279296875,-0.21417236328125,0.7562255859375,0,0.1640625,0.01953125,-0.05078125,1.928616885539496e-39,2.4795752118473346e-39,6.914633149127241e-35,2109,128698021,1012.79150390625,32.09000015258789,3.81550931930542,2111,128757552,257283124,-802947915,-17.38800048828125,0.027000000700354576,125.31803894042969,11,2111
128795060,128759349,0.588134765625,0.19061279296875,-0.21417236328125,0.7562255859375,0,0.1640625,0.01953125,-0.05078125,4.4081178285682214e-39,2.4795864222350492e-39,6.943908583386856e-35,2110,128760415,1012.794921875,32.099998474121094,3.789086103439331,2112,128795057,257283123,-802947915,-17.382999420166016,0.008999999612569809,125.31803894042969,11,2112
128851438,128797425,0.588134765625,0.19061279296875,-0.21417236328125,0.7562255859375,3,-0.08203125,-0.046875,0.015625,4.4081178285682214e-39,2.4795864222350492e-39,6.943908583386856e-35,2111,128798490,1012.797607421875,32.099998474121094,3.7679476737976074,2113,128851436,257283124,-802947915,-17.340999603271484,0.03799999877810478,125.31803894042969,11,2113
128895060,128853373,0.588134765625,0.19061279296875,-0.21417236328125,0.7562255859375,0,-0.08203125,-0.046875,0.015625,nan,2.4795626001611557e-39,7.003169455085756e-35,2112,128854439,1012.82373046875,32.099998474121094,3.5512773990631104,2114,128895057,257283125,-802947915,-17.305999755859375,0.03200000151991844,125.31803894042969,11,2114
128942060,128906373,0.588134765625,0.19061279296875,-0.21417236328125,0.7562255859375,0,-0.08203125,-0.046875,0.015625,1.469374945020181e-39,2.479576613145799e-39,7.021383303833141e-35,2113,128907439,1012.80126953125,32.09000015258789,3.7362399101257324,2115,128942057,257283127,-802947917,-17.304000854492188,0.041999999433755875,125.31803894042969,11,2115
128993060,128944480,0.588134765625,0.19061279296875,-0.21417236328125,0.7562255859375,3,0.125,-0.09375,0.046875,1.469374945020181e-39,2.479576613145799e-39,7.021383303833141e-35,2114,128945546,1012.812255859375,32.099998474121094,3.6464009284973145,2116,128993057,257283131,-802947919,-17.256000518798828,0.07699999958276749,125.31803894042969,11,2116
129096643,129060271,0.588134765625,0.19061279296875,-0.21417236328125,0.7562255859375,3,-0.02734375,-0.046875,-0.01953125,1.469374945020181e-39,2.479576613145799e-39,7.021383303833141e-35,2115,129061337,1012.79931640625,32.099998474121094,3.75209379196167,2117,129096640,257283131,-802947919,-17.25,0.050999999046325684,125.31803894042969,11,2117
129143060,129100558,0.58734130859375,0.1826171875,-0.2125244140625,0.75927734375,0,-0.02734375,-0.046875,-0.01953125,1.469374945020181e-39,2.479576613145799e-39,7.021383303833141e-35,2116,129101623,1012.77783203125,32.099998474121094,3.9317715167999268,2118,129143057,257283131,-802947919,-17.249000549316406,0.04800000041723251,125.31803894042969,11,2118
129195060,129153165,0.58734130859375,0.1826171875,-0.2125244140625,0.75927734375,0,-0.02734375,-0.046875,-0.01953125,2.802596928649634e-44,2.571381280737575e-39,7.172484263464841e-35,2117,129154230,1012.798583984375,32.099998474121094,3.757378339767456,2119,129195057,257283130,-802947919,-17.260000228881836,0.032999999821186066,125.31803894042969,11,2119
129242060,129205582,0.58734130859375,0.1826171875,-0.2125244140625,0.75927734375,0,-0.02734375,-0.046875,-0.01953125,3.9488983088243356e-39,2.4795752118473346e-39,7.199575734831448e-35,2118,129206647,1012.799072265625,32.099998474121094,3.75209379196167,2120,129242057,257283130,-802947919,-17.250999450683594,0.017999999225139618,125.31803894042969,11,2120
129293060,129245271,0.58734130859375,0.1826171875,-0.2125244140625,0.75927734375,3,-0.1015625,0.03125,0.09375,3.9488983088243356e-39,2.4795752118473346e-39,7.199575734831448e-35,2119,129246337,1012.784912109375,32.099998474121094,3.873640537261963,2121,129293057,257283130,-802947918,-17.218000411987305,0.02500000037252903,125.31803894042969,11,2121
129341344,129298586,0.58734130859375,0.1826171875,-0.2125244140625,0.75927734375,3,0.1171875,0.0078125,-0.01171875,3.9488983088243356e-39,2.4795752118473346e-39,7.199575734831448e-35,2120,129299652,1012.8203125,32.099998474121094,3.577700614929199,2122,129341341,257283132,-802947920,-17.242000579833984,0.03200000151991844,125.31803894042969,11,2122
129393060,129351165,0.58734130859375,0.1826171875,-0.2125244140625,0.75927734375,0,0.1171875,0.0078125,-0.01171875,3.6735880021353674e-40,2.4795626001611557e-39,7.274408462847638e-35,2121,129352230,1012.795654296875,32.099998474121094,3.783801555633545,2123,129393057,257283133,-802947921,-17.225000381469727,0.04899999871850014,125.31803894042969,11,2123
129446599,129403664,0.58782958984375,0.179931640625,-0.21380615234375,0.7591552734375,0,0.1171875,0.0078125,-0.01171875,3.6735880021353674e-40,2.4795626001611557e-39,7.274408462847638e-35,2122,129404730,1012.80615234375,32.099998474121094,3.693962812423706,2124,129446596,257283134,-802947920,-17.136999130249023,0.06199999898672104,125.31803894042969,11,2124
129492060,129456140,0.58782958984375,0.1800537109375,-0.2137451171875,0.7591552734375,0,0.1171875,0.0078125,-0.01171875,3.6735880021353674e-40,2.4795626001611557e-39,7.274408462847638e-35,2123,129457206,1012.79345703125,32.099998474121094,3.7996554374694824,2125,129492057,257283139,-802947922,-17.084999084472656,0.06599999964237213,125.31803894042969,11,2125
129543060,129494689,0.58782958984375,0.1800537109375,-0.2137451171875,0.7591552734375,0,0.1171875,0.0078125,-0.01171875,nan,2.5713756755437177e-39,7.385086880901696e-35,2124,129495754,1012.837890625,32.11000061035156,3.4297306537628174,2126,129543057,257283144,-802947924,-17.00200080871582,0.11100000143051147,125.31803894042969,11,2126
129595060,129547141,0.58819580078125,0.1806640625,-0.2135009765625,0.7587890625,0,0.1171875,0.0078125,-0.01171875,nan,2.5713756755437177e-39,7.385086880901696e-35,2125,129548206,1012.812255859375,32.099998474121094,3.6464009284973145,2127,129595057,257283149,-802947925,-16.917999267578125,0.1550000011920929,125.31803894042969,11,2127
129643060,129600689,0.58819580078125,0.1806640625,-0.2135009765625,0.7587890625,3,0.0546875,-0.10546875,-0.203125,nan,2.5713756755437177e-39,7.385086880901696e-35,2126,129601754,1012.791015625,32.099998474121094,3.820794105529785,2128,129643057,257283151,-802947928,-16.94700050354004,0.19699999690055847,125.31803894042969,11,2128
129695060,129653164,0.58819580078125,0.1806640625,-0.2135009765625,0.7587890625,0,0.0546875,-0.10546875,-0.203125,nan,2.4795962313242995e-39,7.452404595472908e-35,2127,129654230,1012.7880859375,32.09000015258789,3.847217321395874,2129,129695057,257283152,-802947929,-16.996000289916992,0.21400000154972076,125.31803894042969,11,2129
129748213,129705689,0.58819580078125,0.1806640625,-0.2135009765625,0.7587890625,0,0.0546875,-0.10546875,-0.203125,nan,2.4795962313242995e-39,7.486788953178162e-35,2128,129706754,1012.80322265625,32.099998474121094,3.720386028289795,2130,129748210,257283148,-802947927,-16.985000610351562,0.1080000028014183,125.31803894042969,11,2130
129793060,129757165,0.58819580078125,0.1806640625,-0.2135009765625,0.7587890625,0,0.0546875,-0.10546875,-0.203125,nan,2.5713630638575388e-39,7.513087195446704e-35,2129,129758230,1012.791259765625,32.099998474121094,3.820794105529785,2131,129793057,257283148,-802947927,-16.981000900268555,0.10700000077486038,125.31803894042969,11,2131
129850060,129795689,0.58819580078125,0.1806640625,-0.2135009765625,0.7587890625,0,0.0546875,-0.10546875,-0.203125,nan,2.5713924911252896e-39,7.547115116632495e-35,2130,129796754,1012.7666015625,32.099998474121094,4.026895046234131,2132,129850057,257283149,-802947927,-16.990999221801758,0.13199999928474426,125.31803894042969,11,2132
129894480,129852127,0.58819580078125,0.1806640625,-0.2135009765625,0.7587890625,3,-0.08984375,0.03125,0.09375,nan,2.5713924911252896e-39,7.547115116632495e-35,2131,129853193,1012.78759765625,32.099998474121094,3.85250186920166,2133,129894477,257283151,-802947928,-16.993999481201172,0.15800000727176666,125.31803894042969,11,2133
129942275,129905623,0.58758544921875,0.1854248046875,-0.21484375,0.75775146484375,0,-0.08984375,0.03125,0.09375,nan,2.5713924911252896e-39,7.547115116632495e-35,2132,129906688,1012.80126953125,32.11000061035156,3.7362399101257324,2134,129942272,257283151,-802947928,-16.975000381469727,0.12800000607967377,125.31803894042969,11,2134
129994060,129946165,0.58758544921875,0.1854248046875,-0.21484375,0.75775146484375,0,-0.08984375,0.03125,0.09375,nan,2.5713784781406464e-39,7.624980711909303e-35,2133,129947230,1012.805908203125,32.099998474121094,3.699247360229492,2135,129994057,257283153,-802947928,-16.913000106811523,0.11100000143051147,125.31803894042969,11,2135
130094353,130057665,0.58758544921875,0.1854248046875,-0.21484375,0.75775146484375,3,-0.05859375,-0.0078125,0.0703125,nan,2.5713784781406464e-39,7.624980711909303e-35,2134,130058730,1012.84619140625,32.11000061035156,3.361030340194702,2136,130094350,257283154,-802947929,-16.860000610351562,0.08900000154972076,125.31803894042969,11,2136
130145322,130097165,0.58758544921875,0.1854248046875,-0.21484375,0.75775146484375,0,-0.05859375,-0.0078125,0.0703125,nan,2.479632665084372e-39,7.681103105527004e-35,2135,130098230,1012.81005859375,32.099998474121094,3.662254810333252,2137,130145319,257283161,-802947931,-16.79599952697754,0.15000000596046448,125.31803894042969,11,2137
130192060,130149569,0.58758544921875,0.1854248046875,-0.21484375,0.75775146484375,0,-0.05859375,-0.0078125,0.0703125,nan,2.4796130469058714e-39,7.747977139857403e-35,2136,130150634,1012.805908203125,32.11000061035156,3.699247360229492,2138,130192057,257283161,-802947930,-16.791000366210938,0.125,125.31803894042969,11,2138
130244060,130202165,0.58758544921875,0.1854248046875,-0.21484375,0.75775146484375,0,-0.05859375,-0.0078125,0.0703125,nan,2.4796480793674795e-39,7.768123551827062e-35,2137,130203230,1012.786865234375,32.11000061035156,3.8577864170074463,2139,130244057,257283161,-802947931,-16.805999755859375,0.11800000071525574,125.31803894042969,11,2139
130297224,130254664,0.58758544921875,0.1854248046875,-0.21484375,0.75775146484375,0,-0.05859375,-0.0078125,0.0703125,nan,2.4795836196381206e-39,7.810366732116036e-35,2138,130255730,1012.802734375,32.11000061035156,3.725670576095581,2140,130297221,257283158,-802947930,-16.854999542236328,0.10999999940395355,125.31803894042969,11,2140
130343192,130307140,0.5860595703125,0.1865234375,-0.21234130859375,0.7593994140625,0,-0.05859375,-0.0078125,0.0703125,nan,2.4795836196381206e-39,7.810366732116036e-35,2139,130308206,1012.78564453125,32.099998474121094,3.8683557510375977,2141,130343189,257283157,-802947930,-16.875,0.10300000011920929,125.31803894042969,12,2141
130394339,130345689,0.5860595703125,0.1865234375,-0.21234130859375,0.7593994140625,0,-0.05859375,-0.0078125,0.0703125,1.4693483203493588e-39,2.5713630638575388e-39,7.873755035395387e-35,2140,130346754,1012.819091796875,32.11000061035156,3.5882699489593506,2142,130394336,257283155,-802947929,-16.899999618530273,0.07000000029802322,125.31803894042969,12,2142
130442266,130400141,0.58538818359375,0.18634033203125,-0.21209716796875,0.760009765625,0,-0.05859375,-0.0078125,0.0703125,1.4693483203493588e-39,2.5713630638575388e-39,7.873755035395387e-35,2141,130401206,1012.81103515625,32.11000061035156,3.656970262527466,2143,130442263,257283152,-802947928,-16.937000274658203,0.04399999976158142,125.31803894042969,12,2143
130490229,130453622,0.58551025390625,0.18603515625,-0.21307373046875,0.75970458984375,0,-0.05859375,-0.0078125,0.0703125,1.4693483203493588e-39,2.5713630638575388e-39,7.873755035395387e-35,2142,130454688,1012.8134765625,32.11000061035156,3.635831594467163,2144,130490226,257283153,-802947929,-16.94099998474121,0.06700000166893005,125.31803894042969,12,2144
130546636,130492164,0.58551025390625,0.18603515625,-0.21307373046875,0.75970458984375,0,-0.05859375,-0.0078125,0.0703125,nan,2.47956400145962e-39,7.948981508101355e-35,2143,130493230,1012.8115234375,32.119998931884766,3.6516857147216797,2145,130546633,257283152,-802947927,-16.922000885009766,0.052000001072883606,125.31803894042969,12,2145
130597511,130548675,0.58551025390625,0.18603515625,-0.21307373046875,0.75970458984375,3,0.0625,0.15625,0.0234375,nan,2.47956400145962e-39,7.948981508101355e-35,2144,130549741,1012.7998046875,32.119998931884766,3.7468090057373047,2146,130597508,257283152,-802947926,-16.91200065612793,0.03999999910593033,125.31803894042969,12,2146
130643242,130601165,0.58551025390625,0.18603515625,-0.21307373046875,0.75970458984375,0,0.0625,0.15625,0.0234375,nan,2.4795864222350492e-39,7.994818900121212e-35,2145,130602230,1012.75390625,32.11000061035156,4.132587909698486,2147,130643239,257283149,-802947925,-16.93899917602539,0.04600000008940697,125.31803894042969,12,2147
130702263,130653689,0.58551025390625,0.18603515625,-0.21307373046875,0.75970458984375,3,-0.06640625,-0.04296875,-0.01953125,nan,2.4795864222350492e-39,7.994818900121212e-35,2146,130654754,1012.816650390625,32.11000061035156,3.609408378601074,2148,130702260,257283149,-802947924,-16.954999923706055,0.05400000140070915,125.31803894042969,12,2148
130748257,130706164,0.58551025390625,0.18603515625,-0.21307373046875,0.75970458984375,0,-0.06640625,-0.04296875,-0.01953125,nan,2.4795626001611557e-39,8.05853666324303e-35,2147,130707230,1012.785888671875,32.119998931884766,3.8630712032318115,2149,130748254,257283151,-802947925,-16.941999435424805,0.04600000008940697,125.31803894042969,12,2149
130795201,130758689,0.58551025390625,0.18603515625,-0.21307373046875,0.75970458984375,0,-0.06640625,-0.04296875,-0.01953125,nan,2.57136026126061e-39,8.099699628508446e-35,2148,130759754,1012.787353515625,32.11000061035156,3.85250186920166,2150,130795198,257283153,-802947926,-16.93000030517578,0.07900000363588333,125.31803894042969,12,2150
130847453,130799140,0.58563232421875,0.1865234375,-0.2127685546875,0.75958251953125,0,-0.06640625,-0.04296875,-0.01953125,nan,2.57136026126061e-39,8.099699628508446e-35,2149,130800206,1012.810546875,32.11000061035156,3.656970262527466,2151,130847450,257283153,-802947926,-16.913000106811523,0.04800000041723251,125.31803894042969,12,2151
130895198,130852480,0.58563232421875,0.1865234375,-0.2127685546875,0.75958251953125,0,-0.06640625,-0.04296875,-0.01953125,nan,2.4795626001611557e-39,8.150426686726865e-35,2150,130853545,1012.798583984375,32.099998474121094,3.757378339767456,2152,130895195,257283149,-802947924,-16.951000213623047,0.01600000075995922,125.31803894042969,12,2152
130941321,130905373,0.58563232421875,0.1865234375,-0.2127685546875,0.75958251953125,0,-0.06640625,-0.04296875,-0.01953125,nan,2.479576613145799e-39,8.17360424404159e-35,2151,130906439,1012.813720703125,32.11000061035156,3.630547046661377,2153,130941318,257283146,-802947924,-17.0,0.035999998450279236,125.31803894042969,11,2153
130992198,130943480,0.58563232421875,0.1865234375,-0.2127685546875,0.75958251953125,0,-0.06640625,-0.04296875,-0.01953125,9.18635221272777e-41,2.5713826820360393e-39,8.204972379669904e-35,2152,130944546,1012.82080078125,32.11000061035156,3.572416067123413,2154,130992195,257283144,-802947923,-17.035999298095703,0.061000000685453415,125.31803894042969,11,2154
131044295,130996271,0.58563232421875,0.1865234375,-0.2127685546875,0.75958251953125,3,-0.08984375,-0.07421875,0.0,9.18635221272777e-41,2.5713826820360393e-39,8.204972379669904e-35,2153,130997337,1012.820068359375,32.11000061035156,3.577700614929199,2155,131044292,257283143,-802947922,-17.054000854492188,0.0689999982714653,125.31803894042969,12,2155
131144249,131107582,0.58563232421875,0.1865234375,-0.2127685546875,0.75958251953125,0,-0.08984375,-0.07421875,0.0,2.5714177144976474e-39,2.4795583962657627e-39,8.259430828891593e-35,2154,131108648,1012.78466796875,32.099998474121094,3.873640537261963,2156,131144246,257283138,-802947919,-17.091999053955078,0.11599999666213989,125.31803894042969,12,2156
131195279,131147272,0.58563232421875,0.1865234375,-0.2127685546875,0.75958251953125,3,-0.02734375,-0.01953125,-0.04296875,2.5714177144976474e-39,2.4795583962657627e-39,8.259430828891593e-35,2155,131148337,1012.831298828125,32.11000061035156,3.4878618717193604,2157,131195276,257283138,-802947920,-17.131999969482422,0.06599999964237213,125.31803894042969,12,2157
131243261,131200504,0.58563232421875,0.1865234375,-0.2127685546875,0.75958251953125,3,0.09765625,0.03515625,-0.05078125,2.5714177144976474e-39,2.4795583962657627e-39,8.259430828891593e-35,2156,131201570,1012.803955078125,32.099998474121094,3.7151012420654297,2158,131243258,257283137,-802947918,-17.141000747680664,0.08299999684095383,125.31803894042969,12,2158
131295196,131253349,0.5877685546875,0.18328857421875,-0.21240234375,0.75885009765625,0,0.09765625,0.03515625,-0.05078125,2.5714177144976474e-39,2.4795583962657627e-39,8.259430828891593e-35,2157,131254415,1012.815673828125,32.11000061035156,3.6146931648254395,2159,131295193,257283136,-802947917,-17.158000946044922,0.09799999743700027,125.31803894042969,12,2159
131342326,131305480,0.5877685546875,0.18328857421875,-0.21240234375,0.75885009765625,0,0.09765625,0.03515625,-0.05078125,4.591802833868847e-40,2.479568205355013e-39,8.413958400473688e-35,2158,131306545,1012.794921875,32.099998474121094,3.789086103439331,2160,131342323,257283133,-802947917,-17.204999923706055,0.07000000029802322,125.31803894042969,12,2160
131392326,131344271,0.5877685546875,0.1826171875,-0.2127685546875,0.7589111328125,0,0.09765625,0.03515625,-0.05078125,4.591802833868847e-40,2.479568205355013e-39,8.413958400473688e-35,2159,131345337,1012.801513671875,32.09000015258789,3.7362399101257324,2161,131392323,257283132,-802947917,-17.214000701904297,0.07400000095367432,125.31803894042969,12,2161
131445482,131397271,0.5877685546875,0.1826171875,-0.2127685546875,0.7589111328125,3,0.03515625,-0.0703125,-0.12890625,4.591802833868847e-40,2.479568205355013e-39,8.413958400473688e-35,2160,131398337,1012.8232421875,32.099998474121094,3.5512773990631104,2162,131445479,257283133,-802947918,-17.20199966430664,0.04800000041723251,125.31803894042969,12,2162
131492190,131449582,0.5877685546875,0.1826171875,-0.2127685546875,0.7589111328125,0,0.03515625,-0.0703125,-0.12890625,4.4999393117415694e-39,2.4795710079519416e-39,8.489559102826499e-35,2161,131450648,1012.819580078125,32.099998474121094,3.5829854011535645,2163,131492187,257283131,-802947917,-17.240999221801758,0.06300000101327896,125.31803894042969,12,2163
131544244,131502164,0.5877685546875,0.1826171875,-0.2127685546875,0.7589111328125,0,0.03515625,-0.0703125,-0.12890625,7.346839692639297e-40,2.479568205355013e-39,8.515236881524125e-35,2162,131503230,1012.78662109375,32.09000015258789,3.8577864170074463,2164,131544241,257283131,-802947917,-17.28499984741211,0.04500000178813934,125.31803894042969,12,2164
131597251,131554689,0.5877685546875,0.1826171875,-0.2127685546875,0.7589111328125,0,0.03515625,-0.0703125,-0.12890625,1.2856549072579472e-39,2.4795878235335135e-39,8.546871340091298e-35,2163,131555754,1012.807373046875,32.09000015258789,3.6833934783935547,2165,131597249,257283131,-802947917,-17.275999069213867,0.05299999937415123,125.31803894042969,12,2165
131643184,131607164,0.5877685546875,0.1826171875,-0.2127685546875,0.7589111328125,0,0.03515625,-0.0703125,-0.12890625,2.4795415806841908e-39,2.4795794157427276e-39,8.575633069544279e-35,2164,131608230,1012.810546875,32.09000015258789,3.656970262527466,2166,131643181,257283135,-802947917,-17.20800018310547,0.06199999898672104,125.31803894042969,12,2166
131696578,131647689,0.5877685546875,0.1826171875,-0.2127685546875,0.7589111328125,0,0.03515625,-0.0703125,-0.12890625,1.469379148915574e-39,2.479576613145799e-39,8.616901071658425e-35,2165,131648754,1012.7861328125,32.09000015258789,3.8630712032318115,2167,131696575,257283135,-802947917,-17.16900062561035,0.017000000923871994,125.31803894042969,11,2167
131748179,131700164,0.5877685546875,0.1826171875,-0.2127685546875,0.7589111328125,0,0.03515625,-0.0703125,-0.12890625,3.765239928194532e-39,2.479568205355013e-39,8.635888634460941e-35,2166,131701230,1012.824462890625,32.09000015258789,3.540708065032959,2168,131748176,257283136,-802947918,-17.170000076293945,0.03200000151991844,125.31803894042969,12,2168
131796631,131753622,0.5877685546875,0.1826171875,-0.2127685546875,0.7589111328125,0,0.03515625,-0.0703125,-0.12890625,6.428708938813677e-40,2.5713840833345036e-39,8.660222171083553e-35,2167,131754688,1012.806640625,32.09000015258789,3.693962812423706,2169,131796628,257283136,-802947918,-17.17300033569336,0.03099999949336052,125.31803894042969,12,2169
131848177,131806193,0.5877685546875,0.1826171875,-0.2127685546875,0.7589111328125,3,-0.01171875,-0.03125,-0.01171875,6.428708938813677e-40,2.5713840833345036e-39,8.660222171083553e-35,2168,131807259,1012.79931640625,32.09000015258789,3.75209379196167,2170,131848174,257283137,-802947918,-17.159000396728516,0.050999999046325684,125.31803894042969,11,2170
131895188,131858665,0.5887451171875,0.17803955078125,-0.21368408203125,0.75897216796875,0,-0.01171875,-0.03125,-0.01171875,6.428708938813677e-40,2.5713840833345036e-39,8.660222171083553e-35,2169,131859730,1012.78564453125,32.08000183105469,3.8683557510375977,2171,131895185,257283138,-802947919,-17.145000457763672,0.05999999865889549,125.31803894042969,11,2171
131945434,131897140,0.58868408203125,0.177978515625,-0.2138671875,0.75897216796875,0,-0.01171875,-0.03125,-0.01171875,6.428708938813677e-40,2.5713840833345036e-39,8.660222171083553e-35,2170,131898206,1012.82421875,32.09000015258789,3.545992851257324,2172,131945431,257283138,-802947918,-17.13599967956543,0.05000000074505806,125.31803894042969,12,2172
131992192,131950480,0.58868408203125,0.177978515625,-0.2138671875,0.75897216796875,0,-0.01171875,-0.03125,-0.01171875,nan,2.571385484632968e-39,8.782429961708396e-35,2171,131951546,1012.794677734375,32.09000015258789,3.789086103439331,2173,131992189,257283140,-802947918,-17.106000900268555,0.04500000178813934,125.31803894042969,12,2173
132046691,132003373,0.58868408203125,0.177978515625,-0.2138671875,0.75897216796875,0,-0.01171875,-0.03125,-0.01171875,nan,2.571389688528361e-39,8.804030818348458e-35,2172,132004439,1012.799560546875,32.09000015258789,3.75209379196167,2174,132046688,257283140,-802947917,-17.0939998626709,0.03799999877810478,125.31803894042969,12,2174
132146560,132110360,0.58868408203125,0.177978515625,-0.2138671875,0.75897216796875,0,-0.01171875,-0.03125,-0.01171875,5.510017665602327e-40,2.5713868859314323e-39,8.838858856294525e-35,2173,132111426,1012.8017578125,32.09000015258789,3.730955123901367,2175,132146557,257283139,-802947919,-17.179000854492188,0.1080000028014183,125.31803894042969,11,2175
132191281,132148456,0.5889892578125,0.17822265625,-0.21441650390625,0.75848388671875,0,-0.01171875,-0.03125,-0.01171875,5.510017665602327e-40,2.5713868859314323e-39,8.838858856294525e-35,2174,132149521,1012.803466796875,32.08000183105469,3.720386028289795,2176,132191278,257283138,-802947918,-17.17799949645996,0.08399999886751175,125.31803894042969,12,2176
132245416,132202373,0.5889892578125,0.17822265625,-0.21441650390625,0.75848388671875,0,-0.01171875,-0.03125,-0.01171875,nan,2.5713826820360393e-39,8.923158676020902e-35,2175,132203439,1012.792724609375,32.09000015258789,3.8049402236938477,2177,132245413,257283132,-802947915,-17.240999221801758,0.026000000536441803,125.31803894042969,11,2177
132292426,132255373,0.5889892578125,0.17822265625,-0.21441650390625,0.75848388671875,0,-0.01171875,-0.03125,-0.01171875,4.591396457314193e-40,2.571372872946789e-39,8.948381869012545e-35,2176,132256439,1012.794677734375,32.09000015258789,3.789086103439331,2178,132292423,257283128,-802947914,-17.290000915527344,0.04800000041723251,125.31803894042969,11,2178
132345372,132296480,0.5889892578125,0.17822265625,-0.21441650390625,0.75848388671875,0,-0.01171875,-0.03125,-0.01171875,nan,2.571372872946789e-39,8.98887615707156e-35,2177,132297546,1012.81494140625,32.09000015258789,3.625262498855591,2179,132345369,257283122,-802947912,-17.384000778198242,0.09799999743700027,125.31803894042969,11,2179
132397242,132349063,0.5889892578125,0.17822265625,-0.21441650390625,0.75848388671875,3,0.02734375,0.20703125,0.00390625,nan,2.571372872946789e-39,8.98887615707156e-35,2178,132350128,1012.811279296875,32.099998474121094,3.6516857147216797,2180,132397239,257283123,-802947911,-17.384000778198242,0.09700000286102295,125.31803894042969,11,2180
132444178,132401767,0.5885009765625,0.18109130859375,-0.2135009765625,0.75848388671875,0,0.02734375,0.20703125,0.00390625,nan,2.571372872946789e-39,8.98887615707156e-35,2179,132402832,1012.80859375,32.099998474121094,3.6728241443634033,2181,132444175,257283124,-802947911,-17.39299964904785,0.08299999684095383,125.31803894042969,11,2181
132496492,132454087,0.5885009765625,0.18109130859375,-0.2135009765625,0.75848388671875,3,-0.01171875,-0.13671875,-0.1484375,nan,2.571372872946789e-39,8.98887615707156e-35,2180,132455152,1012.80615234375,32.09000015258789,3.693962812423706,2182,132496489,257283124,-802947911,-17.389999389648438,0.06400000303983688,125.31803894042969,12,2182
132543165,132506689,0.5885009765625,0.18109130859375,-0.2135009765625,0.75848388671875,0,-0.01171875,-0.13671875,-0.1484375,nan,2.4795654027580843e-39,9.106214370512626e-35,2181,132507755,1012.810791015625,32.099998474121094,3.656970262527466,2183,132543162,257283124,-802947911,-17.3700008392334,0.06599999964237213,125.31803894042969,11,2183
132593238,132545087,0.5885009765625,0.18109130859375,-0.2135009765625,0.75848388671875,3,-0.01953125,0.0390625,-0.03515625,nan,2.4795654027580843e-39,9.106214370512626e-35,2182,132546152,1012.785888671875,32.099998474121094,3.8630712032318115,2184,132593235,257283127,-802947912,-17.323999404907227,0.029999999329447746,125.31803894042969,11,2184
132646552,132598336,0.5885009765625,0.18109130859375,-0.2135009765625,0.75848388671875,3,-0.04296875,0.0625,0.171875,nan,2.4795654027580843e-39,9.106214370512626e-35,2183,132599401,1012.79052734375,32.099998474121094,3.8260786533355713,2185,132646549,257283127,-802947911,-17.30500030517578,0.019999999552965164,125.31803894042969,11,2185
132694342,132651504,0.5885009765625,0.18109130859375,-0.2135009765625,0.75848388671875,3,-0.10546875,-0.0234375,0.0859375,nan,2.4795654027580843e-39,9.106214370512626e-35,2184,132652570,1012.817626953125,32.099998474121094,3.598839282989502,2186,132694339,257283127,-802947910,-17.246999740600586,0.07100000232458115,125.31803894042969,11,2186
132751352,132703349,0.5882568359375,0.18206787109375,-0.21295166015625,0.75860595703125,0,-0.10546875,-0.0234375,0.0859375,nan,2.4795654027580843e-39,9.106214370512626e-35,2185,132704415,1012.797607421875,32.099998474121094,3.7679476737976074,2187,132751349,257283126,-802947910,-17.267000198364258,0.05999999865889549,125.31803894042969,11,2187
132793212,132756480,0.5882568359375,0.18206787109375,-0.21295166015625,0.75860595703125,0,-0.10546875,-0.0234375,0.0859375,nan,2.5713868859314323e-39,9.246364521199336e-35,2186,132757545,1012.80908203125,32.11000061035156,3.6728241443634033,2188,132793209,257283127,-802947912,-17.297000885009766,0.04800000041723251,125.31803894042969,11,2188
132849581,132795349,0.58819580078125,0.182373046875,-0.21258544921875,0.7586669921875,0,-0.10546875,-0.0234375,0.0859375,nan,2.5713868859314323e-39,9.246364521199336e-35,2187,132796415,1012.801513671875,32.11000061035156,3.7362399101257324,2189,132849578,257283126,-802947911,-17.2810001373291,0.03500000014901161,125.31803894042969,11,2189
132894333,132852271,0.58819580078125,0.182373046875,-0.21258544921875,0.7586669921875,3,-0.12890625,0.0234375,0.09375,nan,2.5713868859314323e-39,9.246364521199336e-35,2188,132853337,1012.8310546875,32.11000061035156,3.4878618717193604,2190,132894330,257283126,-802947910,-17.28499984741211,0.032999999821186066,125.31803894042969,11,2190
132942325,132905582,0.58819580078125,0.182373046875,-0.21258544921875,0.7586669921875,0,-0.12890625,0.0234375,0.09375,6.428905120598682e-40,2.571372872946789e-39,9.322385944918921e-35,2189,132906648,1012.816162109375,32.11000061035156,3.6146931648254395,2191,132942322,257283129,-802947911,-17.222999572753906,0.04100000113248825,125.31803894042969,11,2191
132992339,132944164,0.58819580078125,0.182373046875,-0.21258544921875,0.7586669921875,0,-0.12890625,0.0234375,0.09375,nan,2.571385484632968e-39,9.356428215400987e-35,2190,132945230,1012.7939453125,32.11000061035156,3.7996554374694824,2192,132992336,257283131,-802947911,-17.170000076293945,0.03700000047683716,125.31803894042969,11,2192
133046549,132997664,0.58819580078125,0.182373046875,-0.21258544921875,0.7586669921875,0,-0.12890625,0.0234375,0.09375,nan,2.5713924911252896e-39,9.382798778122754e-35,2191,132998730,1012.803955078125,32.11000061035156,3.7151012420654297,2193,133046546,257283129,-802947911,-17.18600082397461,0.05299999937415123,125.31803894042969,11,2193
133092307,133050164,0.58819580078125,0.182373046875,-0.21258544921875,0.7586669921875,0,-0.12890625,0.0234375,0.09375,2.1019476964872256e-44,2.571389688528361e-39,9.402265607420844e-35,2192,133051230,1012.78515625,32.11000061035156,3.8683557510375977,2194,133092304,257283130,-802947910,-17.18899917602539,0.009999999776482582,125.31803894042969,12,2194
133193218,133156665,0.58819580078125,0.182373046875,-0.21258544921875,0.7586669921875,0,-0.12890625,0.0234375,0.09375,nan,2.5713924911252896e-39,9.445086203391911e-35,2193,133157730,1012.83544921875,32.119998931884766,3.45086932182312,2195,133193215,257283129,-802947908,-17.22800064086914,0.052000001072883606,125.31803894042969,12,2195
133243221,133195140,0.58636474609375,0.1842041015625,-0.215087890625,0.7589111328125,0,-0.12890625,0.0234375,0.09375,nan,2.5713924911252896e-39,9.445086203391911e-35,2194,133196206,1012.814453125,32.119998931884766,3.625262498855591,2196,133243218,257283127,-802947908,-17.275999069213867,0.06300000101327896,125.31803894042969,12,2196
133297385,133248480,0.58660888671875,0.18511962890625,-0.21417236328125,0.7587890625,0,-0.12890625,0.0234375,0.09375,nan,2.5713924911252896e-39,9.445086203391911e-35,2195,133249545,1012.802978515625,32.11000061035156,3.720386028289795,2197,133297382,257283127,-802947909,-17.285999298095703,0.08399999886751175,125.31803894042969,12,2197
133344356,133301373,0.58660888671875,0.18511962890625,-0.21417236328125,0.7587890625,0,-0.12890625,0.0234375,0.09375,nan,2.4795794157427276e-39,9.549065795973095e-35,2196,133302439,1012.782958984375,32.119998931884766,3.8894944190979004,2198,133344353,257283128,-802947908,-17.285999298095703,0.10100000351667404,125.31803894042969,12,2198
133397326,133354480,0.58660888671875,0.18511962890625,-0.21417236328125,0.7587890625,0,-0.12890625,0.0234375,0.09375,4.203895392974451e-44,2.5713588599621458e-39,9.583916792793202e-35,2197,133355546,1012.81298828125,32.119998931884766,3.6411163806915283,2199,133397323,257283128,-802947908,-17.23200035095215,0.04699999839067459,125.31803894042969,12,2199
133443338,133407295,0.58660888671875,0.18511962890625,-0.21417236328125,0.7587890625,3,0.01953125,-0.03125,-0.08203125,4.203895392974451e-44,2.5713588599621458e-39,9.583916792793202e-35,2198,133408361,1012.767333984375,32.119998931884766,4.021610260009766,2200,133443335,257283130,-802947908,-17.207000732421875,0.07100000232458115,125.31803894042969,12,2200
133494323,133445480,0.58660888671875,0.18511962890625,-0.21417236328125,0.7587890625,3,0.06640625,0.05078125,0.0,4.203895392974451e-44,2.5713588599621458e-39,9.583916792793202e-35,2199,133446546,1012.818359375,32.119998931884766,3.5935544967651367,2201,133494320,257283134,-802947910,-17.152000427246094,0.10700000077486038,125.31803894042969,11,2201
133542426,133499349,0.58709716796875,0.18194580078125,-0.21551513671875,0.7587890625,0,0.06640625,0.05078125,0.0,4.203895392974451e-44,2.5713588599621458e-39,9.583916792793202e-35,2200,133500415,1012.7880859375,32.119998931884766,3.847217321395874,2202,133542423,257283135,-802947910,-17.158000946044922,0.13500000536441803,125.31803894042969,11,2202
133595329,133552504,0.58709716796875,0.18194580078125,-0.21551513671875,0.7587890625,3,-0.01171875,-0.0703125,0.1171875,4.203895392974451e-44,2.5713588599621458e-39,9.583916792793202e-35,2201,133553570,1012.773193359375,32.119998931884766,3.968763828277588,2203,133595326,257283136,-802947912,-17.172000885009766,0.1679999977350235,125.31803894042969,11,2203
133641371,133604349,0.58697509765625,0.18170166015625,-0.21649169921875,0.7586669921875,0,-0.01171875,-0.0703125,0.1171875,4.203895392974451e-44,2.5713588599621458e-39,9.583916792793202e-35,2202,133605414,1012.813720703125,32.119998931884766,3.630547046661377,2204,133641368,257283138,-802947912,-17.135000228881836,0.17800000309944153,125.31803894042969,11,2204
133692299,133643480,0.58697509765625,0.18170166015625,-0.21649169921875,0.7586669921875,3,0.02734375,0.0234375,0.0859375,4.203895392974451e-44,2.5713588599621458e-39,9.583916792793202e-35,2203,133644545,1012.783447265625,32.11000061035156,3.884209632873535,2205,133692296,257283140,-802947913,-17.104999542236328,0.1889999955892563,125.31803894042969,11,2205
133751390,133697336,0.58697509765625,0.18170166015625,-0.21649169921875,0.7586669921875,3,0.01953125,-0.0859375,-0.06640625,4.203895392974451e-44,2.5713588599621458e-39,9.583916792793202e-35,2204,133698401,1012.802978515625,32.11000061035156,3.720386028289795,2206,133751387,257283138,-802947911,-17.107999801635742,0.1420000046491623,125.31803894042969,11,2206
133792310,133755504,0.58697509765625,0.18170166015625,-0.21649169921875,0.7586669921875,3,0.140625,0.0,-0.06640625,4.203895392974451e-44,2.5713588599621458e-39,9.583916792793202e-35,2205,133756570,1012.81591796875,32.119998931884766,3.6146931648254395,2207,133792307,257283134,-802947910,-17.158000946044922,0.07900000363588333,125.31803894042969,11,2207
133848739,133794271,0.58697509765625,0.18170166015625,-0.21649169921875,0.7586669921875,3,0.02734375,-0.0390625,-0.02734375,4.203895392974451e-44,2.5713588599621458e-39,9.583916792793202e-35,2206,133795337,1012.80419921875,32.119998931884766,3.7098166942596436,2208,133848736,257283127,-802947907,-17.28700065612793,0.026000000536441803,125.31803894042969,11,2208
133894227,133851558,0.5872802734375,0.18023681640625,-0.21661376953125,0.75872802734375,0,0.02734375,-0.0390625,-0.02734375,4.203895392974451e-44,2.5713588599621458e-39,9.583916792793202e-35,2207,133852623,1012.8017578125,32.119998931884766,3.730955123901367,2209,133894224,257283130,-802947907,-17.257999420166016,0.061000000685453415,125.31803894042969,11,2209
133941536,133905295,0.5872802734375,0.18023681640625,-0.21661376953125,0.75872802734375,3,0.01171875,-0.046875,-0.04296875,4.203895392974451e-44,2.5713588599621458e-39,9.583916792793202e-35,2208,133906361,1012.784912109375,32.11000061035156,3.873640537261963,2210,133941533,257283131,-802947908,-17.26300048828125,0.07599999755620956,125.31803894042969,11,2210
133994296,133945558,0.5880126953125,0.17938232421875,-0.21539306640625,0.75872802734375,0,0.01171875,-0.046875,-0.04296875,4.203895392974451e-44,2.5713588599621458e-39,9.583916792793202e-35,2209,133946624,1012.798583984375,32.11000061035156,3.757378339767456,2211,133994293,257283133,-802947909,-17.253000259399414,0.0949999988079071,125.31803894042969,11,2211
134046534,133998295,0.5880126953125,0.17938232421875,-0.21539306640625,0.75872802734375,3,0.00390625,0.0078125,0.00390625,4.203895392974451e-44,2.5713588599621458e-39,9.583916792793202e-35,2210,133999361,1012.799072265625,32.119998931884766,3.75209379196167,2212,134046531,257283132,-802947908,-17.281999588012695,0.0860000029206276,125.31803894042969,11,2212
134094300,134051558,0.58831787109375,0.1790771484375,-0.2161865234375,0.75830078125,0,0.00390625,0.0078125,0.00390625,4.203895392974451e-44,2.5713588599621458e-39,9.583916792793202e-35,2211,134052623,1012.81005859375,32.119998931884766,3.662254810333252,2213,134094297,257283130,-802947907,-17.29199981689453,0.03999999910593033,125.31803894042969,11,2213
134194296,134158271,0.58831787109375,0.1790771484375,-0.2161865234375,0.75830078125,3,0.00390625,-0.08984375,0.046875,4.203895392974451e-44,2.5713588599621458e-39,9.583916792793202e-35,2212,134159337,1012.81787109375,32.119998931884766,3.598839282989502,2214,134194293,257283130,-802947907,-17.280000686645508,0.02800000086426735,125.31803894042969,11,2214
134242446,134199480,0.58831787109375,0.1790771484375,-0.2161865234375,0.75830078125,0,0.00390625,-0.08984375,0.046875,7.346797653685367e-40,2.5713924911252896e-39,1.0451696798695206e-34,2213,134200546,1012.778564453125,32.119998931884766,3.9264867305755615,2215,134242443,257283128,-802947905,-17.301000595092773,0.02800000086426735,125.31803894042969,11,2215
134296658,134253349,0.5882568359375,0.1788330078125,-0.21734619140625,0.75811767578125,0,0.00390625,-0.08984375,0.046875,7.346797653685367e-40,2.5713924911252896e-39,1.0451696798695206e-34,2214,134254414,1012.806396484375,32.119998931884766,3.693962812423706,2216,134296655,257283126,-802947904,-17.340999603271484,0.0430000014603138,125.31803894042969,11,2216
134343226,134306504,0.5882568359375,0.1788330078125,-0.21734619140625,0.75811767578125,3,0.07421875,0.0859375,0.0546875,7.346797653685367e-40,2.5713924911252896e-39,1.0451696798695206e-34,2215,134307570,1012.826904296875,32.119998931884766,3.5248541831970215,2217,134343223,257283122,-802947903,-17.409000396728516,0.07999999821186066,125.31803894042969,11,2217
134393289,134345349,0.5885009765625,0.17816162109375,-0.2161865234375,0.7584228515625,0,0.07421875,0.0859375,0.0546875,7.346797653685367e-40,2.5713924911252896e-39,1.0451696798695206e-34,2216,134346415,1012.814453125,32.119998931884766,3.625262498855591,2218,134393286,257283121,-802947903,-17.465999603271484,0.0560000017285347,125.31803894042969,11,2218
134441391,134398480,0.5885009765625,0.17816162109375,-0.2161865234375,0.7584228515625,0,0.07421875,0.0859375,0.0546875,nan,2.571389688528361e-39,1.0744638256114774e-34,2217,134399546,1012.772705078125,32.119998931884766,3.974048614501953,2219,134441388,257283120,-802947902,-17.4950008392334,0.06499999761581421,125.31803894042969,11,2219
134493251,134451373,0.5885009765625,0.17816162109375,-0.2161865234375,0.7584228515625,0,0.07421875,0.0859375,0.0546875,9.183451524906618e-40,2.5713840833345036e-39,1.0788680264184743e-34,2218,134452439,1012.74267578125,32.119998931884766,4.222426414489746,2220,134493248,257283121,-802947903,-17.472000122070312,0.04800000041723251,125.31803894042969,11,2220
134546539,134503456,0.58837890625,0.1783447265625,-0.216552734375,0.75836181640625,0,0.07421875,0.0859375,0.0546875,9.183451524906618e-40,2.5713840833345036e-39,1.0788680264184743e-34,2219,134504521,1012.794189453125,32.119998931884766,3.7943708896636963,2221,134546536,257283122,-802947903,-17.452999114990234,0.032999999821186066,125.31803894042969,11,2221
134598662,134555402,0.58837890625,0.1783447265625,-0.216552734375,0.75836181640625,3,-0.05078125,0.109375,0.01953125,9.183451524906618e-40,2.5713840833345036e-39,1.0788680264184743e-34,2220,134556467,1012.81982421875,32.130001068115234,3.5829854011535645,2222,134598659,257283122,-802947903,-17.434999465942383,0.03700000047683716,125.31803894042969,11,2222
134645253,134608456,0.58831787109375,0.1796875,-0.215576171875,0.75836181640625,0,-0.05078125,0.109375,0.01953125,9.183451524906618e-40,2.5713840833345036e-39,1.0788680264184743e-34,2221,134609521,1012.77294921875,32.119998931884766,3.974048614501953,2223,134645251,257283120,-802947902,-17.45400047302246,0.07199999690055847,125.31803894042969,11,2223
134695282,134647402,0.58831787109375,0.1796875,-0.215576171875,0.75836181640625,3,0.04296875,0.0703125,-0.05859375,9.183451524906618e-40,2.5713840833345036e-39,1.0788680264184743e-34,2222,134648467,1012.821044921875,32.130001068115234,3.572416067123413,2224,134695279,257283118,-802947901,-17.461000442504883,0.08299999684095383,125.31803894042969,11,2224
134748798,134700349,0.58831787109375,0.1796875,-0.215576171875,0.75836181640625,0,0.04296875,0.0703125,-0.05859375,nan,2.571372872946789e-39,1.108949776334356e-34,2223,134701415,1012.788818359375,32.130001068115234,3.841932535171509,2225,134748796,257283122,-802947901,-17.44300079345703,0.04100000113248825,125.31803894042969,11,2225
134796543,134753438,0.58831787109375,0.1796875,-0.215576171875,0.75836181640625,0,0.04296875,0.0703125,-0.05859375,nan,2.5713924911252896e-39,1.1135431582634384e-34,2224,134754503,1012.791015625,32.119998931884766,3.820794105529785,2226,134796541,257283121,-802947900,-17.426000595092773,0.07000000029802322,125.31803894042969,11,2226
134849686,134806349,0.58795166015625,0.1820068359375,-0.2152099609375,0.75823974609375,0,0.04296875,0.0703125,-0.05859375,nan,2.5713924911252896e-39,1.1135431582634384e-34,2225,134807415,1012.807373046875,32.130001068115234,3.6833934783935547,2227,134849683,257283121,-802947901,-17.434999465942383,0.07000000029802322,125.31803894042969,11,2227
134890297,134859480,0.58795166015625,0.1820068359375,-0.2152099609375,0.75823974609375,3,0.01171875,0.0234375,0.01953125,nan,2.5713924911252896e-39,1.1135431582634384e-34,2226,134860545,1012.8017578125,32.130001068115234,3.730955123901367,2228,134890294,257283121,-802947903,-17.452999114990234,0.06400000303983688,125.31803894042969,11,2228
134946375,134892349,0.58770751953125,0.1829833984375,-0.21527099609375,0.75811767578125,0,0.01171875,0.0234375,0.01953125,nan,2.5713924911252896e-39,1.1135431582634384e-34,2227,134893415,1012.80859375,32.130001068115234,3.6728241443634033,2229,134946373,257283121,-802947902,-17.44300079345703,0.04399999976158142,125.31803894042969,11,2229
134991770,134948480,0.58770751953125,0.1829833984375,-0.21527099609375,0.75811767578125,3,-0.15234375,-0.046875,0.0859375,nan,2.5713924911252896e-39,1.1135431582634384e-34,2228,134949546,1012.79736328125,32.130001068115234,3.7679476737976074,2230,134991767,257283121,-802947901,-17.437999725341797,0.04399999976158142,125.31803894042969,11,2230
135044381,135002373,0.58770751953125,0.1829833984375,-0.21527099609375,0.75811767578125,0,-0.15234375,-0.046875,0.0859375,nan,2.479559797564227e-39,1.141123538852717e-34,2229,135003439,1012.837890625,32.130001068115234,3.4297306537628174,2231,135044378,257283121,-802947901,-17.437999725341797,0.05900000035762787,125.31803894042969,11,2231
135092622,135055480,0.58770751953125,0.1829833984375,-0.21527099609375,0.75811767578125,3,-0.07421875,0.00390625,0.03125,nan,2.479559797564227e-39,1.141123538852717e-34,2230,135056545,1012.806640625,32.130001068115234,3.693962812423706,2232,135092619,257283122,-802947900,-17.41900062561035,0.07800000160932541,125.31803894042969,11,2232
135143335,135095271,0.58770751953125,0.1829833984375,-0.21527099609375,0.75811767578125,3,0.0390625,0.06640625,-0.00390625,nan,2.479559797564227e-39,1.141123538852717e-34,2231,135096337,1012.832763671875,32.130001068115234,3.472007989883423,2233,135143332,257283124,-802947899,-17.368999481201172,0.07599999755620956,125.31803894042969,11,2233
135242682,135206272,0.58770751953125,0.1829833984375,-0.21527099609375,0.75811767578125,3,-0.12890625,0.05078125,0.1171875,nan,2.479559797564227e-39,1.141123538852717e-34,2232,135207337,1012.82421875,32.130001068115234,3.545992851257324,2234,135242679,257283127,-802947902,-17.340999603271484,0.02800000086426735,125.31803894042969,11,2234
135296575,135247582,0.58770751953125,0.1829833984375,-0.21527099609375,0.75811767578125,0,-0.12890625,0.05078125,0.1171875,nan,2.571381280737575e-39,1.1654783124338162e-34,2233,135248648,1012.8076171875,32.130001068115234,3.6833934783935547,2235,135296572,257283122,-802947899,-17.423999786376953,0.028999999165534973,125.31803894042969,11,2235
135343464,135301164,0.58770751953125,0.1829833984375,-0.21527099609375,0.75811767578125,0,-0.12890625,0.05078125,0.1171875,nan,2.5713490508728955e-39,1.1771732184864258e-34,2234,135302230,1012.861083984375,32.130001068115234,3.2394838333129883,2236,135343461,257283121,-802947899,-17.45199966430664,0.03099999949336052,125.31803894042969,11,2236
135396411,135353582,0.58770751953125,0.1829833984375,-0.21527099609375,0.75811767578125,0,-0.12890625,0.05078125,0.1171875,nan,2.4795696066534773e-39,1.1829874385425584e-34,2235,135354647,1012.7783203125,32.130001068115234,3.9264867305755615,2237,135396409,257283116,-802947896,-17.490999221801758,0.1120000034570694,125.31803894042969,11,2237
135442533,135406164,0.58770751953125,0.1829833984375,-0.21527099609375,0.75811767578125,0,-0.12890625,0.05078125,0.1171875,nan,2.47956400145962e-39,1.1882387070072425e-34,2236,135407230,1012.793701171875,32.130001068115234,3.7996554374694824,2238,135442530,257283116,-802947895,-17.4950008392334,0.12999999523162842,125.31803894042969,11,2238
135495478,135446665,0.5887451171875,0.18798828125,-0.21539306640625,0.75604248046875,0,-0.12890625,0.05078125,0.1171875,nan,2.47956400145962e-39,1.1882387070072425e-34,2237,135447730,1012.798095703125,32.130001068115234,3.7626631259918213,2239,135495476,257283117,-802947896,-17.530000686645508,0.07500000298023224,125.31803894042969,11,2239
135547496,135499164,0.5887451171875,0.18798828125,-0.21539306640625,0.75604248046875,0,-0.12890625,0.05078125,0.1171875,nan,2.5713588599621458e-39,1.200286376159469e-34,2238,135500230,1012.83349609375,32.130001068115234,3.4667232036590576,2240,135547493,257283116,-802947897,-17.54599952697754,0.05299999937415123,125.31803894042969,11,2240
135594269,135551582,0.5887451171875,0.18798828125,-0.21539306640625,0.75604248046875,0,-0.12890625,0.05078125,0.1171875,nan,2.571385484632968e-39,1.20583220697808e-34,2239,135552647,1012.799560546875,32.13999938964844,3.75209379196167,2241,135594266,257283117,-802947897,-17.54400062561035,0.026000000536441803,125.31803894042969,11,2241
135646552,135604271,0.5887451171875,0.18798828125,-0.21539306640625,0.75604248046875,3,0.27734375,0.05078125,0.09375,nan,2.571385484632968e-39,1.20583220697808e-34,2240,135605337,1012.825439453125,32.130001068115234,3.535423517227173,2242,135646549,257283118,-802947897,-17.511999130249023,0.012000000104308128,125.31803894042969,11,2242
135694275,135657534,0.58880615234375,0.18902587890625,-0.21514892578125,0.755859375,0,0.27734375,0.05078125,0.09375,nan,2.571385484632968e-39,1.20583220697808e-34,2241,135658599,1012.81787109375,32.13999938964844,3.598839282989502,2243,135694272,257283120,-802947898,-17.489999771118164,0.03200000151991844,125.31803894042969,11,2243
135750424,135696295,0.58880615234375,0.18902587890625,-0.21514892578125,0.755859375,3,0.09375,0.00390625,-0.05859375,nan,2.571385484632968e-39,1.20583220697808e-34,2242,135697361,1012.817626953125,32.130001068115234,3.598839282989502,2244,135750421,257283121,-802947898,-17.486000061035156,0.020999999716877937,125.31803894042969,11,2244
135795417,135752456,0.59075927734375,0.1890869140625,-0.21295166015625,0.7548828125,0,0.09375,0.00390625,-0.05859375,nan,2.571385484632968e-39,1.20583220697808e-34,2243,135753521,1012.802734375,32.130001068115234,3.725670576095581,2245,135795414,257283121,-802947897,-17.461999893188477,0.03400000184774399,125.31803894042969,11,2245
135848782,135806373,0.59075927734375,0.1890869140625,-0.21295166015625,0.7548828125,0,0.09375,0.00390625,-0.05859375,6.428708938813677e-40,2.4795654027580843e-39,1.2339602715075706e-34,2244,135807439,1012.79736328125,32.130001068115234,3.7679476737976074,2246,135848779,257283119,-802947895,-17.46299934387207,0.07500000298023224,125.31803894042969,11,2246
135894344,135858373,0.59075927734375,0.1890869140625,-0.21295166015625,0.7548828125,0,0.09375,0.00390625,-0.05859375,4.8673219340289996e-39,2.5713714716483247e-39,1.2399361220369413e-34,2245,135859439,1012.83642578125,32.130001068115234,3.445584774017334,2247,135894341,257283116,-802947893,-17.485000610351562,0.125,125.31803894042969,11,2247
135945409,135896480,0.59075927734375,0.1890869140625,-0.21295166015625,0.7548828125,3,-0.08984375,-0.06640625,-0.02734375,4.8673219340289996e-39,2.5713714716483247e-39,1.2399361220369413e-34,2246,135897546,1012.812255859375,32.130001068115234,3.6464009284973145,2248,135945406,257283113,-802947893,-17.527999877929688,0.13199999928474426,125.31803894042969,11,2248
135992669,135950349,0.59075927734375,0.1890869140625,-0.21295166015625,0.7548828125,0,-0.08984375,-0.06640625,-0.02734375,3.122454513519488e-39,2.4795780144442633e-39,1.2525723419251703e-34,2247,135951415,1012.829833984375,32.130001068115234,3.4984309673309326,2249,135992666,257283110,-802947891,-17.590999603271484,0.12800000607967377,125.31803894042969,11,2249
136046621,136003504,0.59075927734375,0.1890869140625,-0.21295166015625,0.7548828125,3,-0.05078125,-0.01171875,-0.05078125,3.122454513519488e-39,2.4795780144442633e-39,1.2525723419251703e-34,2248,136004570,1012.8046875,32.130001068115234,3.7098166942596436,2250,136046618,257283111,-802947892,-17.584999084472656,0.10999999940395355,125.31803894042969,11,2250
136091678,136055349,0.59161376953125,0.18328857421875,-0.2139892578125,0.75537109375,0,-0.05078125,-0.01171875,-0.05078125,3.122454513519488e-39,2.4795780144442633e-39,1.2525723419251703e-34,2249,136056415,1012.791259765625,32.130001068115234,3.820794105529785,2251,136091675,257283112,-802947892,-17.55699920654297,0.08699999749660492,125.31803894042969,11,2251
136143356,136094456,0.59197998046875,0.18255615234375,-0.21405029296875,0.7552490234375,0,-0.05078125,-0.01171875,-0.05078125,3.122454513519488e-39,2.4795780144442633e-39,1.2525723419251703e-34,2250,136095521,1012.81005859375,32.130001068115234,3.662254810333252,2252,136143353,257283114,-802947891,-17.5310001373291,0.08900000154972076,125.31803894042969,11,2252
136243451,136207271,0.59197998046875,0.18255615234375,-0.21405029296875,0.7552490234375,3,0.1328125,-0.24609375,-0.17578125,3.122454513519488e-39,2.4795780144442633e-39,1.2525723419251703e-34,2251,136208337,1012.806396484375,32.130001068115234,3.693962812423706,2253,136243448,257283116,-802947894,-17.493000030517578,0.03999999910593033,125.31803894042969,11,2253
136294343,136246582,0.59197998046875,0.18255615234375,-0.21405029296875,0.7552490234375,0,0.1328125,-0.24609375,-0.17578125,3.8571062529187385e-39,2.4795794157427276e-39,1.2801640871570984e-34,2252,136247648,1012.7861328125,32.130001068115234,3.8630712032318115,2254,136294340,257283117,-802947894,-17.461999893188477,0.052000001072883606,125.31803894042969,11,2254
136342635,136300165,0.59197998046875,0.18255615234375,-0.21405029296875,0.7552490234375,0,0.1328125,-0.24609375,-0.17578125,-1.7280004510023114e+38,2.4797615845430898e-39,1.2920131620488832e-34,2253,136301230,1012.785888671875,32.130001068115234,3.8630712032318115,2255,136342632,257283117,-802947893,-17.459999084472656,0.029999999329447746,125.31803894042969,11,2255
136390273,136353689,0.59197998046875,0.18255615234375,-0.21405029296875,0.7552490234375,3,-0.15625,-0.1484375,-0.0234375,-1.7280004510023114e+38,2.4797615845430898e-39,1.2920131620488832e-34,2254,136354754,1012.798583984375,32.130001068115234,3.757378339767456,2256,136390270,257283117,-802947893,-17.46299934387207,0.03799999877810478,125.31803894042969,11,2256
136446527,136392164,0.59197998046875,0.18255615234375,-0.21405029296875,0.7552490234375,0,-0.15625,-0.1484375,-0.0234375,1.212243122789513e-38,2.479576613145799e-39,1.304127871113305e-34,2255,136393230,1012.771728515625,32.130001068115234,3.9846179485321045,2257,136446525,257283119,-802947892,-17.420000076293945,0.05000000074505806,125.31803894042969,11,2257
136491838,136448665,0.59197998046875,0.18255615234375,-0.21405029296875,0.7552490234375,0,-0.15625,-0.1484375,-0.0234375,3.76532680869932e-39,2.4796873157244806e-39,1.309461561935791e-34,2256,136449730,1012.796875,32.130001068115234,3.7732322216033936,2258,136491835,257283119,-802947891,-17.384000778198242,0.09000000357627869,125.31803894042969,11,2258
136549592,136501165,0.59197998046875,0.18255615234375,-0.21405029296875,0.7552490234375,0,-0.15625,-0.1484375,-0.0234375,3.4897124202435936e-39,2.57130841321743e-39,1.3132919056861706e-34,2257,136502230,1012.809326171875,32.130001068115234,3.667539596557617,2259,136549589,257283121,-802947891,-17.354999542236328,0.07500000298023224,125.31803894042969,11,2259
136597431,136554689,0.59197998046875,0.18255615234375,-0.21405029296875,0.7552490234375,3,0.02734375,-0.32421875,-0.28125,3.4897124202435936e-39,2.57130841321743e-39,1.3132919056861706e-34,2258,136555754,1012.7724609375,32.130001068115234,3.974048614501953,2260,136597428,257283125,-802947891,-17.290000915527344,0.04800000041723251,125.31803894042969,11,2260
136643236,136607140,0.59246826171875,0.18402099609375,-0.20928955078125,0.755859375,0,0.02734375,-0.32421875,-0.28125,3.4897124202435936e-39,2.57130841321743e-39,1.3132919056861706e-34,2259,136608206,1012.808349609375,32.130001068115234,3.6781086921691895,2261,136643233,257283125,-802947890,-17.30299949645996,0.0689999982714653,125.31803894042969,11,2261
136694253,136645689,0.59246826171875,0.18402099609375,-0.20928955078125,0.755859375,0,0.02734375,-0.32421875,-0.28125,nan,2.4795976326227638e-39,1.334373088212348e-34,2260,136646754,1012.79736328125,32.130001068115234,3.7679476737976074,2262,136694250,257283121,-802947890,-17.34600067138672,0.06400000303983688,125.31803894042969,12,2262
136752657,136698165,0.59246826171875,0.18402099609375,-0.20928955078125,0.755859375,0,0.02734375,-0.32421875,-0.28125,1.744887038688012e-39,2.5713364391867166e-39,1.3381916081425973e-34,2261,136699230,1012.81787109375,32.130001068115234,3.598839282989502,2263,136752654,257283115,-802947887,-17.42300033569336,0.12200000137090683,125.31803894042969,12,2263
136797426,136754623,0.59246826171875,0.18402099609375,-0.20928955078125,0.755859375,0,0.02734375,-0.32421875,-0.28125,nan,2.4795583962657627e-39,1.3429112638788969e-34,2262,136755688,1012.81298828125,32.13999938964844,3.6411163806915283,2264,136797423,257283115,-802947883,-17.42300033569336,0.2150000035762787,125.31803894042969,12,2264
136850397,136808140,0.59332275390625,0.18682861328125,-0.2093505859375,0.75445556640625,0,0.02734375,-0.32421875,-0.28125,nan,2.4795583962657627e-39,1.3429112638788969e-34,2263,136809206,1012.7783203125,32.130001068115234,3.9264867305755615,2265,136850394,257283111,-802947879,-17.433000564575195,0.27000001072883606,125.31803894042969,12,2265
136892471,136861689,0.59332275390625,0.18682861328125,-0.2093505859375,0.75445556640625,0,0.02734375,-0.32421875,-0.28125,nan,2.5713826820360393e-39,1.3579774509954663e-34,2264,136862754,1012.802734375,32.130001068115234,3.725670576095581,2266,136892468,257283108,-802947878,-17.472999572753906,0.24300000071525574,125.31803894042969,12,2266
136944338,136896165,0.59332275390625,0.18682861328125,-0.2093505859375,0.75445556640625,0,0.02734375,-0.32421875,-0.28125,nan,2.5713266300974663e-39,1.3611589769654897e-34,2265,136897230,1012.839111328125,32.150001525878906,3.419161558151245,2267,136944335,257283108,-802947879,-17.476999282836914,0.1850000023841858,125.31803894042969,12,2267
136997450,136948664,0.5924072265625,0.187255859375,-0.207763671875,0.75555419921875,0,0.02734375,-0.32421875,-0.28125,nan,2.5713266300974663e-39,1.3611589769654897e-34,2266,136949730,1012.77734375,32.130001068115234,3.937056064605713,2268,136997447,257283109,-802947879,-17.472000122070312,0.1469999998807907,125.31803894042969,12,2268
137043353,137001164,0.5924072265625,0.187255859375,-0.207763671875,0.75555419921875,0,0.02734375,-0.32421875,-0.28125,nan,2.4795738105488703e-39,1.37109890668652e-34,2267,137002230,1012.78662109375,32.13999938964844,3.8577864170074463,2269,137043350,257283111,-802947880,-17.47800064086914,0.11100000143051147,125.31803894042969,12,2269
137097473,137054664,0.5924072265625,0.187255859375,-0.207763671875,0.75555419921875,0,0.02734375,-0.32421875,-0.28125,nan,2.5713840833345036e-39,1.3778239052757996e-34,2268,137055730,1012.81298828125,32.130001068115234,3.6411163806915283,2270,137097470,257283109,-802947879,-17.490999221801758,0.11599999666213989,125.31803894042969,12,2270
137143389,137107141,0.5926513671875,0.1876220703125,-0.20751953125,0.75531005859375,0,0.02734375,-0.32421875,-0.28125,nan,2.5713840833345036e-39,1.3778239052757996e-34,2269,137108206,1012.793212890625,32.130001068115234,3.8049402236938477,2271,137143386,257283105,-802947878,-17.52199935913086,0.12800000607967377,125.31803894042969,12,2271
137245783,137208665,0.591552734375,0.18902587890625,-0.208251953125,0.755615234375,0,0.02734375,-0.32421875,-0.28125,nan,2.5713840833345036e-39,1.3778239052757996e-34,2270,137209730,1012.809326171875,32.13999938964844,3.667539596557617,2272,137245780,257283099,-802947876,-17.573999404907227,0.13699999451637268,125.31803894042969,12,2272
137297421,137249140,0.5914306640625,0.1895751953125,-0.20843505859375,0.7554931640625,0,0.02734375,-0.32421875,-0.28125,nan,2.5713840833345036e-39,1.3778239052757996e-34,2271,137250206,1012.800537109375,32.150001525878906,3.7415244579315186,2273,137297419,257283098,-802947876,-17.597999572753906,0.12200000137090683,125.31803894042969,12,2273
137345525,137302586,0.5914306640625,0.1895751953125,-0.20843505859375,0.7554931640625,3,0.1484375,-0.01953125,-0.11328125,nan,2.5713840833345036e-39,1.3778239052757996e-34,2272,137303652,1012.796142578125,32.130001068115234,3.778517007827759,2274,137345522,257283100,-802947876,-17.61199951171875,0.0860000029206276,125.31803894042969,12,2274
137396373,137354165,0.5914306640625,0.1895751953125,-0.20843505859375,0.7554931640625,0,0.1484375,-0.01953125,-0.11328125,nan,2.5713616625590745e-39,1.4106360392868287e-34,2273,137355230,1012.80078125,32.13999938964844,3.7415244579315186,2275,137396370,257283100,-802947876,-17.611000061035156,0.10100000351667404,125.31803894042969,12,2275
137443369,137406689,0.5914306640625,0.1895751953125,-0.20843505859375,0.7554931640625,0,0.1484375,-0.01953125,-0.11328125,nan,2.479572409250406e-39,1.4208186443064565e-34,2274,137407754,1012.832275390625,32.13999938964844,3.477292537689209,2276,137443366,257283100,-802947876,-17.56100082397461,0.11900000274181366,125.31803894042969,12,2276
137493450,137445140,0.59246826171875,0.190185546875,-0.2080078125,0.75469970703125,0,0.1484375,-0.01953125,-0.11328125,nan,2.479572409250406e-39,1.4208186443064565e-34,2275,137446206,1012.785400390625,32.130001068115234,3.8683557510375977,2277,137493447,257283101,-802947876,-17.549999237060547,0.07999999821186066,125.31803894042969,12,2277
137546482,137498271,0.59246826171875,0.190185546875,-0.2080078125,0.75469970703125,3,0.0859375,0.109375,-0.02734375,nan,2.479572409250406e-39,1.4208186443064565e-34,2276,137499337,1012.8310546875,32.13999938964844,3.4878618717193604,2278,137546479,257283100,-802947875,-17.545000076293945,0.09200000017881393,125.31803894042969,12,2278
137593497,137550582,0.59246826171875,0.190185546875,-0.2080078125,0.75469970703125,0,0.0859375,0.109375,-0.02734375,nan,2.4795710079519416e-39,1.4353333592685972e-34,2277,137551648,1012.788330078125,32.13999938964844,3.841932535171509,2279,137593494,257283100,-802947875,-17.52899932861328,0.10199999809265137,125.31803894042969,12,2279
137646420,137603164,0.59246826171875,0.190185546875,-0.2080078125,0.75469970703125,0,0.0859375,0.109375,-0.02734375,2.6632700262372106e-39,2.5713798794391107e-39,1.4404584687204343e-34,2278,137604230,1012.78857421875,32.130001068115234,3.841932535171509,2280,137646417,257283100,-802947875,-17.520000457763672,0.08699999749660492,125.31803894042969,12,2280
137692702,137655664,0.59222412109375,0.1915283203125,-0.20794677734375,0.75457763671875,0,0.0859375,0.109375,-0.02734375,2.6632700262372106e-39,2.5713798794391107e-39,1.4404584687204343e-34,2279,137656730,1012.786865234375,32.130001068115234,3.8577864170074463,2281,137692699,257283099,-802947875,-17.555999755859375,0.0860000029206276,125.31803894042969,12,2281
137749677,137695164,0.59222412109375,0.1915283203125,-0.20794677734375,0.75457763671875,0,0.0859375,0.109375,-0.02734375,2.1122458389015487e-39,2.5713546560667528e-39,1.4525165841603488e-34,2280,137696230,1012.809326171875,32.150001525878906,3.667539596557617,2282,137749674,257283095,-802947874,-17.565000534057617,0.13099999725818634,125.31803894042969,12,2282
137796501,137753480,0.59222412109375,0.1915283203125,-0.20794677734375,0.75457763671875,3,0.15625,0.1328125,0.01953125,2.1122458389015487e-39,2.5713546560667528e-39,1.4525165841603488e-34,2281,137754546,1012.78564453125,32.130001068115234,3.8683557510375977,2283,137796498,257283094,-802947872,-17.573999404907227,0.14399999380111694,125.31803894042969,12,2283
137849313,137807373,0.59222412109375,0.1915283203125,-0.20794677734375,0.75457763671875,0,0.15625,0.1328125,0.01953125,5.877496977483795e-39,2.5713392417836453e-39,1.4633878406067914e-34,2282,137808439,1012.80224609375,32.13999938964844,3.725670576095581,2284,137849310,257283094,-802947871,-17.618999481201172,0.14300000667572021,125.31803894042969,12,2284
137896590,137860373,0.59222412109375,0.1915283203125,-0.20794677734375,0.75457763671875,0,0.15625,0.1328125,0.01953125,2.387651433886091e-39,2.4796522832628725e-39,1.4697596169189732e-34,2283,137861439,1012.831787109375,32.13999938964844,3.482577085494995,2285,137896587,257283092,-802947871,-17.666000366210938,0.12099999934434891,125.31803894042969,12,2285
137946434,137898480,0.59222412109375,0.1915283203125,-0.20794677734375,0.75457763671875,3,0.15234375,-0.06640625,0.00390625,2.387651433886091e-39,2.4796522832628725e-39,1.4697596169189732e-34,2284,137899546,1012.819580078125,32.150001525878906,3.5829854011535645,2286,137946431,257283090,-802947872,-17.697999954223633,0.11400000005960464,125.31803894042969,12,2286
137994346,137952272,0.5931396484375,0.1927490234375,-0.20928955078125,0.753173828125,0,0.15234375,-0.06640625,0.00390625,2.387651433886091e-39,2.4796522832628725e-39,1.4697596169189732e-34,2285,137953337,1012.797607421875,32.13999938964844,3.7679476737976074,2287,137994343,257283090,-802947872,-17.70599937438965,0.07900000363588333,125.31803894042969,12,2287
138042756,138005558,0.59381103515625,0.1898193359375,-0.209228515625,0.75341796875,0,0.15234375,-0.06640625,0.00390625,2.387651433886091e-39,2.4796522832628725e-39,1.4697596169189732e-34,2286,138006623,1012.795654296875,32.130001068115234,3.783801555633545,2288,138042753,257283090,-802947871,-17.716999053955078,0.06199999898672104,125.31803894042969,12,2288
138093415,138045295,0.59381103515625,0.1898193359375,-0.209228515625,0.75341796875,3,0.0390625,0.1484375,-0.04296875,2.387651433886091e-39,2.4796522832628725e-39,1.4697596169189732e-34,2287,138046361,1012.78955078125,32.13999938964844,3.8313634395599365,2289,138093412,257283089,-802947871,-17.73200035095215,0.0560000017285347,125.31803894042969,12,2289
138147440,138098456,0.59454345703125,0.1854248046875,-0.2083740234375,0.754150390625,0,0.0390625,0.1484375,-0.04296875,2.387651433886091e-39,2.4796522832628725e-39,1.4697596169189732e-34,2288,138099521,1012.8017578125,32.13999938964844,3.730955123901367,2290,138147438,257283090,-802947871,-17.75200080871582,0.05400000140070915,125.31803894042969,12,2290
138247477,138211373,0.59454345703125,0.1854248046875,-0.2083740234375,0.754150390625,0,0.0390625,0.1484375,-0.04296875,9.183899940415202e-40,2.5713924911252896e-39,1.5035735613987158e-34,2289,138212439,1012.785400390625,32.150001525878906,3.8683557510375977,2291,138247474,257283090,-802947871,-17.777000427246094,0.04699999839067459,125.31803894042969,12,2291
138292461,138249480,0.59454345703125,0.1854248046875,-0.2083740234375,0.754150390625,0,0.0390625,0.1484375,-0.04296875,3.948986590627588e-39,2.5713490508728955e-39,1.5105437607627371e-34,2290,138250546,1012.812744140625,32.150001525878906,3.6411163806915283,2292,138292458,257283089,-802947870,-17.757999420166016,0.06499999761581421,125.31803894042969,12,2292
138345465,138302373,0.59454345703125,0.1854248046875,-0.2083740234375,0.754150390625,0,0.0390625,0.1484375,-0.04296875,nan,2.571364465156003e-39,1.522603253735094e-34,2291,138303439,1012.794677734375,32.150001525878906,3.789086103439331,2293,138345462,257283089,-802947871,-17.75,0.06700000166893005,125.31803894042969,12,2293
138396513,138354373,0.59454345703125,0.1854248046875,-0.2083740234375,0.754150390625,0,0.0390625,0.1484375,-0.04296875,1.1939118967986014e-39,2.479559797564227e-39,1.52705934159742e-34,2292,138355439,1012.782958984375,32.13999938964844,3.8894944190979004,2294,138396510,257283091,-802947873,-17.74799919128418,0.023000000044703484,125.31803894042969,12,2294
138443401,138407480,0.59454345703125,0.1854248046875,-0.2083740234375,0.754150390625,0,0.0390625,0.1484375,-0.04296875,2.5713574586636815e-39,2.5713266300974663e-39,1.535021593908688e-34,2293,138408546,1012.809326171875,32.150001525878906,3.667539596557617,2295,138443398,257283093,-802947874,-17.749000549316406,0.050999999046325684,125.31803894042969,12,2295
138499564,138445271,0.5960693359375,0.1810302734375,-0.2110595703125,0.75323486328125,0,0.0390625,0.1484375,-0.04296875,2.5713574586636815e-39,2.5713266300974663e-39,1.535021593908688e-34,2294,138446337,1012.797119140625,32.150001525878906,3.7732322216033936,2296,138499561,257283094,-802947874,-17.742000579833984,0.023000000044703484,125.31803894042969,12,2296
138543397,138501271,0.5960693359375,0.1810302734375,-0.2110595703125,0.75323486328125,3,0.08203125,-0.1875,-0.19921875,2.5713574586636815e-39,2.5713266300974663e-39,1.535021593908688e-34,2295,138502337,1012.828125,32.13999938964844,3.514285087585449,2297,138543394,257283093,-802947873,-17.7450008392334,0.01600000075995922,125.31803894042969,12,2297
138591313,138554582,0.5960693359375,0.1810302734375,-0.2110595703125,0.75323486328125,0,0.08203125,-0.1875,-0.19921875,5.050984518554196e-39,2.4795583962657627e-39,1.5501241708406101e-34,2296,138555647,1012.796142578125,32.150001525878906,3.778517007827759,2298,138591311,257283090,-802947872,-17.777999877929688,0.04800000041723251,125.31803894042969,12,2298
138643320,138595165,0.5960693359375,0.1810302734375,-0.2110595703125,0.75323486328125,0,0.08203125,-0.1875,-0.19921875,nan,2.479568205355013e-39,1.5553648782232361e-34,2297,138596230,1012.8056640625,32.150001525878906,3.699247360229492,2299,138643317,257283086,-802947870,-17.822999954223633,0.08900000154972076,125.31803894042969,12,2299
138697395,138648664,0.596435546875,0.18438720703125,-0.2088623046875,0.75274658203125,0,0.08203125,-0.1875,-0.19921875,nan,2.479568205355013e-39,1.5553648782232361e-34,2298,138649730,1012.81396484375,32.150001525878906,3.630547046661377,2300,138697393,257283084,-802947870,-17.822999954223633,0.12700000405311584,125.31803894042969,12,2300
138749435,138701164,0.596435546875,0.18438720703125,-0.2088623046875,0.75274658203125,0,0.08203125,-0.1875,-0.19921875,nan,2.4795822183396562e-39,1.566124669336217e-34,2299,138702230,1012.788330078125,32.150001525878906,3.841932535171509,2301,138749433,257283084,-802947870,-17.82699966430664,0.11100000143051147,125.31803894042969,12,2301
138796386,138753664,0.596435546875,0.18438720703125,-0.2088623046875,0.75274658203125,0,0.08203125,-0.1875,-0.19921875,nan,2.5713798794391107e-39,1.5747799352603672e-34,2300,138754730,1012.815673828125,32.150001525878906,3.6146931648254395,2302,138796383,257283086,-802947870,-17.815000534057617,0.0949999988079071,125.31803894042969,12,2302
138848578,138806141,0.59619140625,0.18609619140625,-0.20867919921875,0.7525634765625,0,0.08203125,-0.1875,-0.19921875,nan,2.5713798794391107e-39,1.5747799352603672e-34,2301,138807206,1012.81494140625,32.150001525878906,3.625262498855591,2303,138848575,257283086,-802947870,-17.819000244140625,0.0860000029206276,125.31803894042969,12,2303
138895483,138858664,0.59619140625,0.18609619140625,-0.20867919921875,0.7525634765625,0,0.08203125,-0.1875,-0.19921875,nan,2.5713714716483247e-39,1.5868346068691757e-34,2302,138859730,1012.802001953125,32.150001525878906,3.730955123901367,2304,138895480,257283085,-802947870,-17.81100082397461,0.11100000143051147,125.31803894042969,12,2304
138945496,138897140,0.59600830078125,0.1868896484375,-0.2080078125,0.75274658203125,0,0.08203125,-0.1875,-0.19921875,nan,2.5713714716483247e-39,1.5868346068691757e-34,2303,138898206,1012.794189453125,32.13999938964844,3.7943708896636963,2305,138945493,257283083,-802947869,-17.865999221801758,0.12200000137090683,125.31803894042969,12,2305
138993471,138950456,0.5947265625,0.18829345703125,-0.20843505859375,0.7532958984375,0,0.08203125,-0.1875,-0.19921875,nan,2.5713714716483247e-39,1.5868346068691757e-34,2304,138951521,1012.80029296875,32.13999938964844,3.7468090057373047,2306,138993468,257283077,-802947867,-17.933000564575195,0.1720000058412552,125.31803894042969,12,2306
139046454,139003374,0.5947265625,0.18829345703125,-0.20843505859375,0.7532958984375,0,0.08203125,-0.1875,-0.19921875,nan,2.479559797564227e-39,1.6014543586800472e-34,2305,139004439,1012.80029296875,32.150001525878906,3.7468090057373047,2307,139046451,257283078,-802947868,-17.933000564575195,0.14900000393390656,125.31803894042969,12,2307
139092451,139055456,0.59442138671875,0.18896484375,-0.207763671875,0.7535400390625,0,0.08203125,-0.1875,-0.19921875,nan,2.479559797564227e-39,1.6014543586800472e-34,2306,139056521,1012.800537109375,32.150001525878906,3.7415244579315186,2308,139092448,257283079,-802947869,-17.961000442504883,0.08399999886751175,125.31803894042969,12,2308
139143428,139094402,0.59442138671875,0.18896484375,-0.207763671875,0.7535400390625,3,-0.19140625,-0.03515625,0.0546875,nan,2.479559797564227e-39,1.6014543586800472e-34,2307,139095468,1012.810302734375,32.150001525878906,3.662254810333252,2309,139143425,257283082,-802947868,-17.934999465942383,0.09399999678134918,125.31803894042969,11,2309
139196800,139147456,0.59368896484375,0.1895751953125,-0.207275390625,0.75408935546875,0,-0.19140625,-0.03515625,0.0546875,nan,2.479559797564227e-39,1.6014543586800472e-34,2308,139148521,1012.790283203125,32.150001525878906,3.8260786533355713,2310,139196797,257283083,-802947871,-17.950000762939453,0.03099999949336052,125.31803894042969,11,2310
139296429,139260374,0.59368896484375,0.1895751953125,-0.207275390625,0.75408935546875,0,-0.19140625,-0.03515625,0.0546875,nan,2.4795752118473346e-39,1.6240748189162028e-34,2309,139261439,1012.82470703125,32.150001525878906,3.540708065032959,2311,139296426,257283077,-802947867,-18.040000915527344,0.13699999451637268,125.31803894042969,11,2311
139340262,139298480,0.59368896484375,0.1895751953125,-0.207275390625,0.75408935546875,3,-0.2890625,-0.14453125,-0.08984375,nan,2.4795752118473346e-39,1.6240748189162028e-34,2310,139299546,1012.795166015625,32.150001525878906,3.789086103439331,2312,139340260,257283078,-802947867,-18.038999557495117,0.11400000005960464,125.31803894042969,11,2312
139393515,139351373,0.59368896484375,0.1895751953125,-0.207275390625,0.75408935546875,0,-0.2890625,-0.14453125,-0.08984375,nan,2.4795583962657627e-39,1.643121959996851e-34,2311,139352439,1012.80126953125,32.150001525878906,3.7362399101257324,2313,139393512,257283076,-802947868,-18.041000366210938,0.10000000149011612,125.31803894042969,11,2313
139441780,139404373,0.59368896484375,0.1895751953125,-0.207275390625,0.75408935546875,0,-0.2890625,-0.14453125,-0.08984375,4.683657948205339e-39,2.5713826820360393e-39,1.6474728962160762e-34,2312,139405439,1012.795166015625,32.13999938964844,3.789086103439331,2314,139441777,257283076,-802947868,-18.062000274658203,0.08399999886751175,125.31803894042969,11,2314
139494302,139445480,0.59368896484375,0.1895751953125,-0.207275390625,0.75408935546875,0,-0.2890625,-0.14453125,-0.08984375,nan,2.4795626001611557e-39,1.6535994717535161e-34,2313,139446546,1012.78125,32.150001525878906,3.905348300933838,2315,139494299,257283075,-802947868,-18.06599998474121,0.10999999940395355,125.31803894042969,11,2315
139546422,139498271,0.59368896484375,0.1895751953125,-0.207275390625,0.75408935546875,3,-0.12109375,0.0703125,0.03515625,nan,2.4795626001611557e-39,1.6535994717535161e-34,2314,139499337,1012.79638671875,32.13999938964844,3.778517007827759,2316,139546419,257283076,-802947868,-18.082000732421875,0.08299999684095383,125.31803894042969,11,2316
139594368,139551582,0.59368896484375,0.1895751953125,-0.207275390625,0.75408935546875,0,-0.12109375,0.0703125,0.03515625,nan,2.5713910898268253e-39,1.6649361045767394e-34,2315,139552647,1012.796875,32.13999938964844,3.7732322216033936,2317,139594365,257283079,-802947870,-18.12700080871582,0.02800000086426735,125.31803894042969,11,2317
139646426,139604164,0.59368896484375,0.1895751953125,-0.207275390625,0.75408935546875,0,-0.12109375,0.0703125,0.03515625,nan,2.47956400145962e-39,1.6712541571236688e-34,2316,139605230,1012.8173828125,32.13999938964844,3.604123830795288,2318,139646423,257283077,-802947870,-18.150999069213867,0.00800000037997961,125.31803894042969,11,2318
139693458,139656587,0.59368896484375,0.1895751953125,-0.207275390625,0.75408935546875,3,0.0234375,0.0390625,0.15625,nan,2.47956400145962e-39,1.6712541571236688e-34,2317,139657652,1012.83203125,32.13999938964844,3.482577085494995,2319,139693455,257283076,-802947871,-18.17300033569336,0.03799999877810478,125.31803894042969,11,2319
139749496,139695271,0.59368896484375,0.1895751953125,-0.207275390625,0.75408935546875,3,-0.0625,0.0,0.078125,nan,2.47956400145962e-39,1.6712541571236688e-34,2318,139696337,1012.825927734375,32.150001525878906,3.5301389694213867,2320,139749494,257283075,-802947870,-18.194000244140625,0.03500000014901161,125.31803894042969,11,2320
139794337,139751586,0.59368896484375,0.1895751953125,-0.207275390625,0.75408935546875,3,0.0078125,-0.0078125,0.01171875,nan,2.47956400145962e-39,1.6712541571236688e-34,2319,139752652,1012.78173828125,32.150001525878906,3.9000637531280518,2321,139794334,257283070,-802947870,-18.2450008392334,0.10100000351667404,125.31803894042969,11,2321
139847377,139805164,0.59368896484375,0.1895751953125,-0.207275390625,0.75408935546875,0,0.0078125,-0.0078125,0.01171875,nan,2.479585020936585e-39,1.6924761923420786e-34,2320,139806230,1012.800048828125,32.13999938964844,3.7468090057373047,2322,139847374,257283069,-802947869,-18.23900032043457,0.10999999940395355,125.31803894042969,11,2322
139894377,139857689,0.59368896484375,0.1895751953125,-0.207275390625,0.75408935546875,3,0.0,0.17578125,0.0859375,nan,2.479585020936585e-39,1.6924761923420786e-34,2321,139858755,1012.828125,32.130001068115234,3.514285087585449,2323,139894374,257283068,-802947869,-18.2189998626709,0.11900000274181366,125.31803894042969,11,2323
139944652,139896140,0.59283447265625,0.1949462890625,-0.20672607421875,0.7535400390625,0,0.0,0.17578125,0.0859375,nan,2.479585020936585e-39,1.6924761923420786e-34,2322,139897206,1012.796875,32.13999938964844,3.7732322216033936,2324,139944649,257283068,-802947870,-18.28499984741211,0.0560000017285347,125.31803894042969,11,2324
139992567,139949480,0.59283447265625,0.1949462890625,-0.20672607421875,0.7535400390625,0,0.0,0.17578125,0.0859375,1.8367757841876475e-39,2.571389688528361e-39,1.711697246893576e-34,2323,139950545,1012.81591796875,32.13999938964844,3.6146931648254395,2325,139992564,257283066,-802947869,-18.31599998474121,0.0689999982714653,125.31803894042969,11,2325
140045574,140002373,0.59283447265625,0.1949462890625,-0.20672607421875,0.7535400390625,0,0.0,0.17578125,0.0859375,nan,2.4795906261304422e-39,1.7161225698646891e-34,2324,140003439,1012.80322265625,32.13999938964844,3.720386028289795,2326,140045571,257283061,-802947866,-18.382999420166016,0.14300000667572021,125.31803894042969,11,2326
140092446,140055480,0.59283447265625,0.1949462890625,-0.20672607421875,0.7535400390625,0,0.0,0.17578125,0.0859375,1.4693497216478232e-39,2.5713532547682885e-39,1.7241582905728836e-34,2325,140056546,1012.782470703125,32.150001525878906,3.8947789669036865,2327,140092443,257283059,-802947865,-18.42300033569336,0.164000004529953,125.31803894042969,11,2327
140142459,140094325,0.59234619140625,0.19525146484375,-0.2076416015625,0.75360107421875,0,0.0,0.17578125,0.0859375,1.4693497216478232e-39,2.5713532547682885e-39,1.7241582905728836e-34,2326,140095390,1012.80322265625,32.150001525878906,3.720386028289795,2328,140142456,257283056,-802947865,-18.503999710083008,0.125,125.31803894042969,11,2328
140195522,140147534,0.5921630859375,0.19549560546875,-0.2080078125,0.7535400390625,0,0.0,0.17578125,0.0859375,1.4693497216478232e-39,2.5713532547682885e-39,1.7241582905728836e-34,2327,140148599,1012.802001953125,32.13999938964844,3.730955123901367,2329,140195519,257283057,-802947866,-18.500999450683594,0.09300000220537186,125.31803894042969,11,2329
140242443,140200295,0.5921630859375,0.19549560546875,-0.2080078125,0.7535400390625,3,-0.03125,0.1328125,0.1171875,1.4693497216478232e-39,2.5713532547682885e-39,1.7241582905728836e-34,2328,140201361,1012.806396484375,32.150001525878906,3.693962812423706,2330,140242440,257283058,-802947866,-18.488000869750977,0.08900000154972076,125.31803894042969,11,2330
140343420,140306480,0.5921630859375,0.19549560546875,-0.2080078125,0.7535400390625,0,-0.03125,0.1328125,0.1171875,2.754938767877947e-40,2.479559797564227e-39,1.7449606375738513e-34,2329,140307546,1012.7841796875,32.150001525878906,3.878925085067749,2331,140343417,257283058,-802947870,-18.527000427246094,0.09399999678134918,125.31803894042969,11,2331
140393420,140345271,0.5921630859375,0.19549560546875,-0.2080078125,0.7535400390625,3,0.0859375,0.0546875,0.04296875,2.754938767877947e-40,2.479559797564227e-39,1.7449606375738513e-34,2330,140346337,1012.779052734375,32.150001525878906,3.9212021827697754,2332,140393417,257283057,-802947869,-18.518999099731445,0.07400000095367432,125.31803894042969,11,2332
140447466,140398558,0.593017578125,0.19293212890625,-0.208984375,0.7532958984375,0,0.0859375,0.0546875,0.04296875,2.754938767877947e-40,2.479559797564227e-39,1.7449606375738513e-34,2331,140399623,1012.80126953125,32.150001525878906,3.7362399101257324,2333,140447463,257283056,-802947868,-18.52199935913086,0.09399999678134918,125.31803894042969,11,2333
140493451,140451295,0.593017578125,0.19293212890625,-0.208984375,0.7532958984375,3,-0.08203125,0.125,-0.08203125,2.754938767877947e-40,2.479559797564227e-39,1.7449606375738513e-34,2332,140452361,1012.78857421875,32.150001525878906,3.841932535171509,2334,140493448,257283058,-802947868,-18.520999908447266,0.0689999982714653,125.31803894042969,11,2334
140546349,140503480,0.593017578125,0.19293212890625,-0.208984375,0.7532958984375,0,-0.08203125,0.125,-0.08203125,1.2856955449134126e-39,2.5713266300974663e-39,1.7763105208973048e-34,2333,140504546,1012.808349609375,32.150001525878906,3.6781086921691895,2335,140546346,257283057,-802947867,-18.509000778198242,0.09200000017881393,125.31803894042969,11,2335
140592354,140556325,0.59326171875,0.1917724609375,-0.20941162109375,0.75323486328125,0,-0.08203125,0.125,-0.08203125,1.2856955449134126e-39,2.5713266300974663e-39,1.7763105208973048e-34,2334,140557390,1012.793212890625,32.150001525878906,3.8049402236938477,2336,140592351,257283059,-802947868,-18.5049991607666,0.0729999989271164,125.31803894042969,11,2336
140643386,140594480,0.59326171875,0.1917724609375,-0.20941162109375,0.75323486328125,3,0.0390625,-0.01171875,-0.05078125,1.2856955449134126e-39,2.5713266300974663e-39,1.7763105208973048e-34,2335,140595546,1012.783203125,32.150001525878906,3.884209632873535,2337,140643383,257283060,-802947869,-18.533000946044922,0.050999999046325684,125.31803894042969,11,2337
140695384,140647349,0.59381103515625,0.19140625,-0.209716796875,0.75286865234375,0,0.0390625,-0.01171875,-0.05078125,1.2856955449134126e-39,2.5713266300974663e-39,1.7763105208973048e-34,2336,140648415,1012.781982421875,32.15999984741211,3.8947789669036865,2338,140695381,257283061,-802947869,-18.518999099731445,0.04800000041723251,125.31803894042969,11,2338
140747318,140699504,0.59381103515625,0.19140625,-0.209716796875,0.75286865234375,3,-0.0234375,0.00390625,0.01953125,1.2856955449134126e-39,2.5713266300974663e-39,1.7763105208973048e-34,2337,140700570,1012.755859375,32.150001525878906,4.116734027862549,2339,140747315,257283057,-802947867,-18.55299949645996,0.08900000154972076,125.31803894042969,11,2339
140794329,140752325,0.59423828125,0.1904296875,-0.20977783203125,0.75274658203125,0,-0.0234375,0.00390625,0.01953125,1.2856955449134126e-39,2.5713266300974663e-39,1.7763105208973048e-34,2338,140753390,1012.816650390625,32.15999984741211,3.609408378601074,2340,140794326,257283052,-802947865,-18.589000701904297,0.15199999511241913,125.31803894042969,11,2340
140848389,140805480,0.59423828125,0.1904296875,-0.20977783203125,0.75274658203125,0,-0.0234375,0.00390625,0.01953125,2.3877481234801293e-39,2.4795710079519416e-39,1.8102366194767303e-34,2339,140806545,1012.796630859375,32.15999984741211,3.7732322216033936,2341,140848386,257283053,-802947865,-18.5939998626709,0.11100000143051147,125.31803894042969,11,2341
140894373,140858325,0.59442138671875,0.1893310546875,-0.21038818359375,0.752685546875,0,-0.0234375,0.00390625,0.01953125,2.3877481234801293e-39,2.4795710079519416e-39,1.8102366194767303e-34,2340,140859390,1012.828125,32.15999984741211,3.514285087585449,2342,140894370,257283052,-802947865,-18.597000122070312,0.10300000011920929,125.31803894042969,11,2342
140941835,140898521,0.59442138671875,0.1893310546875,-0.21038818359375,0.752685546875,3,-0.0078125,-0.07421875,-0.02734375,2.3877481234801293e-39,2.4795710079519416e-39,1.8102366194767303e-34,2341,140899586,1012.801513671875,32.15999984741211,3.7362399101257324,2343,140941832,257283051,-802947866,-18.608999252319336,0.0989999994635582,125.31803894042969,11,2343
140995454,140952271,0.59442138671875,0.1893310546875,-0.21038818359375,0.752685546875,3,0.0703125,-0.11328125,-0.10546875,2.3877481234801293e-39,2.4795710079519416e-39,1.8102366194767303e-34,2342,140953337,1012.83349609375,32.15999984741211,3.4667232036590576,2344,140995451,257283051,-802947866,-18.643999099731445,0.05900000035762787,125.31803894042969,11,2344
141042433,141005545,0.59442138671875,0.1893310546875,-0.21038818359375,0.752685546875,3,0.078125,-0.01953125,0.00390625,2.3877481234801293e-39,2.4795710079519416e-39,1.8102366194767303e-34,2343,141006610,1012.820068359375,32.16999816894531,3.577700614929199,2345,141042431,257283049,-802947865,-18.673999786376953,0.06700000166893005,125.31803894042969,11,2345
141093441,141044295,0.59442138671875,0.1893310546875,-0.21038818359375,0.752685546875,3,0.0390625,-0.05859375,-0.02734375,2.3877481234801293e-39,2.4795710079519416e-39,1.8102366194767303e-34,2344,141045361,1012.79248046875,32.15999984741211,3.810224771499634,2346,141093438,257283049,-802947864,-18.65399932861328,0.08100000023841858,125.31803894042969,11,2346
141145463,141097336,0.59442138671875,0.1893310546875,-0.21038818359375,0.752685546875,3,0.0390625,-0.01171875,-0.06640625,2.3877481234801293e-39,2.4795710079519416e-39,1.8102366194767303e-34,2345,141098402,1012.78662109375,32.15999984741211,3.8577864170074463,2347,141145460,257283047,-802947862,-18.628000259399414,0.12700000405311584,125.31803894042969,11,2347
141193355,141150504,0.59442138671875,0.1893310546875,-0.21038818359375,0.752685546875,3,0.0,-0.05078125,0.01171875,2.3877481234801293e-39,2.4795710079519416e-39,1.8102366194767303e-34,2346,141151570,1012.77783203125,32.15999984741211,3.9317715167999268,2348,141193352,257283050,-802947864,-18.613000869750977,0.0860000029206276,125.31803894042969,11,2348
141246275,141203325,0.59405517578125,0.18798828125,-0.2122802734375,0.7528076171875,0,0.0,-0.05078125,0.01171875,2.3877481234801293e-39,2.4795710079519416e-39,1.8102366194767303e-34,2347,141204390,1012.76806640625,32.15999984741211,4.011041164398193,2349,141246273,257283050,-802947865,-18.604000091552734,0.12099999934434891,125.31803894042969,11,2349
141345543,141309456,0.59393310546875,0.18804931640625,-0.21240234375,0.75286865234375,0,0.0,-0.05078125,0.01171875,2.3877481234801293e-39,2.4795710079519416e-39,1.8102366194767303e-34,2348,141310521,1012.82470703125,32.15999984741211,3.540708065032959,2350,141345540,257283057,-802947870,-18.56800079345703,0.10700000077486038,125.31803894042969,11,2350
141393358,141350402,0.59393310546875,0.18804931640625,-0.21240234375,0.75286865234375,3,0.0,-0.12890625,-0.05078125,2.3877481234801293e-39,2.4795710079519416e-39,1.8102366194767303e-34,2349,141351468,1012.75244140625,32.15999984741211,4.143157005310059,2351,141393355,257283062,-802947872,-18.511999130249023,0.11299999803304672,125.31803894042969,11,2351
141446443,141403349,0.5947265625,0.18829345703125,-0.2113037109375,0.75250244140625,0,0.0,-0.12890625,-0.05078125,2.3877481234801293e-39,2.4795710079519416e-39,1.8102366194767303e-34,2350,141404415,1012.806396484375,32.15999984741211,3.693962812423706,2352,141446440,257283061,-802947870,-18.47800064086914,0.061000000685453415,125.31803894042969,11,2352
141492551,141455504,0.5947265625,0.18829345703125,-0.2113037109375,0.75250244140625,3,0.015625,-0.02734375,0.00390625,2.3877481234801293e-39,2.4795710079519416e-39,1.8102366194767303e-34,2351,141456570,1012.816162109375,32.16999816894531,3.6146931648254395,2353,141492548,257283060,-802947870,-18.5,0.06800000369548798,125.31803894042969,11,2353
141542769,141494271,0.5947265625,0.18829345703125,-0.2113037109375,0.75250244140625,3,0.015625,-0.06640625,-0.03515625,2.3877481234801293e-39,2.4795710079519416e-39,1.8102366194767303e-34,2352,141495337,1012.786865234375,32.15999984741211,3.8577864170074463,2354,141542766,257283057,-802947870,-18.538000106811523,0.05400000140070915,125.31803894042969,11,2354
141594489,141546271,0.5947265625,0.18829345703125,-0.2113037109375,0.75250244140625,3,-0.03125,0.046875,0.05078125,2.3877481234801293e-39,2.4795710079519416e-39,1.8102366194767303e-34,2353,141547337,1012.8037109375,32.16999816894531,3.7151012420654297,2355,141594486,257283055,-802947869,-18.600000381469727,0.020999999716877937,125.31803894042969,11,2355
141642722,141599582,0.5947265625,0.18829345703125,-0.2113037109375,0.75250244140625,0,-0.03125,0.046875,0.05078125,nan,2.571364465156003e-39,1.9001510318494665e-34,2354,141600647,1012.80322265625,32.16999816894531,3.720386028289795,2356,141642719,257283054,-802947868,-18.611000061035156,0.013000000268220901,125.31803894042969,11,2356
141694486,141652271,0.5947265625,0.18829345703125,-0.2113037109375,0.75250244140625,3,0.0390625,-0.02734375,0.05078125,nan,2.571364465156003e-39,1.9001510318494665e-34,2355,141653337,1012.82080078125,32.16999816894531,3.572416067123413,2357,141694483,257283053,-802947867,-18.62299919128418,0.01600000075995922,125.31803894042969,11,2357
141747386,141704586,0.5947265625,0.18829345703125,-0.2113037109375,0.75250244140625,3,-0.0859375,0.00390625,0.125,nan,2.571364465156003e-39,1.9001510318494665e-34,2356,141705652,1012.805419921875,32.16999816894531,3.699247360229492,2358,141747383,257283052,-802947867,-18.636999130249023,0.023000000044703484,125.31803894042969,11,2358
141793221,141757165,0.5947265625,0.18829345703125,-0.2113037109375,0.75250244140625,0,-0.0859375,0.00390625,0.125,nan,2.479568205355013e-39,1.9173308129101121e-34,2357,141758230,1012.787353515625,32.15999984741211,3.85250186920166,2359,141793218,257283052,-802947868,-18.63599967956543,0.04699999839067459,125.31803894042969,11,2359
141850636,141795689,0.5947265625,0.18829345703125,-0.2113037109375,0.75250244140625,0,-0.0859375,0.00390625,0.125,6.4284146661361686e-40,2.5713672677529318e-39,1.9237207267327852e-34,2358,141796754,1012.821044921875,32.16999816894531,3.572416067123413,2360,141850633,257283053,-802947869,-18.649999618530273,0.03500000014901161,125.31803894042969,11,2360
141894394,141852164,0.5947265625,0.18829345703125,-0.2113037109375,0.75250244140625,0,-0.0859375,0.00390625,0.125,nan,2.5713574586636815e-39,1.9328479123128173e-34,2359,141853230,1012.8203125,32.16999816894531,3.577700614929199,2361,141894391,257283055,-802947869,-18.6299991607666,0.03400000184774399,125.31803894042969,11,2361
141941799,141904582,0.5947265625,0.18829345703125,-0.2113037109375,0.75250244140625,0,-0.0859375,0.00390625,0.125,nan,2.5713826820360393e-39,1.9434351674873913e-34,2360,141905647,1012.78076171875,32.15999984741211,3.905348300933838,2362,141941796,257283054,-802947869,-18.639999389648438,0.024000000208616257,125.31803894042969,11,2362
141993357,141945165,0.5947265625,0.18829345703125,-0.2113037109375,0.75250244140625,0,-0.0859375,0.00390625,0.125,4.591550600145269e-40,2.5713448469775026e-39,1.9543254797992867e-34,2361,141946230,1012.794189453125,32.15999984741211,3.7943708896636963,2363,141993354,257283054,-802947869,-18.659000396728516,0.02199999988079071,125.31803894042969,11,2363
142041768,141998664,0.59234619140625,0.1947021484375,-0.21099853515625,0.75274658203125,0,-0.0859375,0.00390625,0.125,4.591550600145269e-40,2.5713448469775026e-39,1.9543254797992867e-34,2362,141999730,1012.7744140625,32.15999984741211,3.9581947326660156,2364,142041765,257283051,-802947867,-18.691999435424805,0.029999999329447746,125.31803894042969,11,2364
142093351,142051164,0.59234619140625,0.1947021484375,-0.21099853515625,0.75274658203125,0,-0.0859375,0.00390625,0.125,1.5612370658489944e-39,2.4795752118473346e-39,1.9755690963592937e-34,2363,142052230,1012.80029296875,32.15999984741211,3.7468090057373047,2365,142093348,257283048,-802947865,-18.735000610351562,0.07199999690055847,125.31803894042969,11,2365
142146442,142103586,0.59234619140625,0.1947021484375,-0.21099853515625,0.75274658203125,3,0.12890625,0.16796875,0.0546875,1.5612370658489944e-39,2.4795752118473346e-39,1.9755690963592937e-34,2364,142104652,1012.780029296875,32.16999816894531,3.9159176349639893,2366,142146439,257283041,-802947861,-18.833999633789062,0.14100000262260437,125.31803894042969,11,2366
142193370,142156272,0.59234619140625,0.1947021484375,-0.21099853515625,0.75274658203125,3,-0.08984375,0.0,0.01953125,1.5612370658489944e-39,2.4795752118473346e-39,1.9755690963592937e-34,2365,142157337,1012.781982421875,32.16999816894531,3.8947789669036865,2367,142193367,257283038,-802947861,-18.881999969482422,0.13500000536441803,125.31803894042969,11,2367
142244639,142195587,0.59234619140625,0.1947021484375,-0.21099853515625,0.75274658203125,3,-0.015625,0.0703125,0.01171875,1.5612370658489944e-39,2.4795752118473346e-39,1.9755690963592937e-34,2366,142196652,1012.811767578125,32.15999984741211,3.6464009284973145,2368,142244637,257283034,-802947860,-18.945999145507812,0.14900000393390656,125.31803894042969,11,2368
142291191,142249164,0.59234619140625,0.1947021484375,-0.21099853515625,0.75274658203125,0,-0.015625,0.0703125,0.01171875,nan,2.5713924911252896e-39,2.026829833604761e-34,2367,142250230,1012.78564453125,32.16999816894531,3.8683557510375977,2369,142291188,257283032,-802947861,-18.97100067138672,0.14000000059604645,125.31803894042969,11,2369
142401814,142358582,0.59234619140625,0.1947021484375,-0.21099853515625,0.75274658203125,0,-0.015625,0.0703125,0.01171875,2.382207389352189e-44,2.5713868859314323e-39,2.035276173775152e-34,2368,142359648,1012.781005859375,32.16999816894531,3.905348300933838,2370,142401811,257283033,-802947859,-18.93199920654297,0.1289999932050705,125.31803894042969,11,2370
142441805,142411272,0.59234619140625,0.1947021484375,-0.21099853515625,0.75274658203125,3,0.0703125,0.046875,-0.03515625,2.382207389352189e-44,2.5713868859314323e-39,2.035276173775152e-34,2369,142412337,1012.763671875,32.16999816894531,4.048033714294434,2371,142441802,257283035,-802947860,-18.90999984741211,0.09300000220537186,125.31803894042969,11,2371
142493366,142444558,0.59228515625,0.19482421875,-0.21026611328125,0.75299072265625,0,0.0703125,0.046875,-0.03515625,2.382207389352189e-44,2.5713868859314323e-39,2.035276173775152e-34,2370,142445623,1012.802978515625,32.16999816894531,3.720386028289795,2372,142493363,257283033,-802947860,-18.952999114990234,0.09399999678134918,125.31803894042969,11,2372
142545769,142497295,0.59228515625,0.19482421875,-0.21026611328125,0.75299072265625,3,0.03125,0.0078125,0.00390625,2.382207389352189e-44,2.5713868859314323e-39,2.035276173775152e-34,2371,142498361,1012.8291015625,32.18000030517578,3.503715753555298,2373,142545766,257283029,-802947858,-18.999000549316406,0.13699999451637268,125.31803894042969,11,2373
142593342,142550558,0.59210205078125,0.19464111328125,-0.21063232421875,0.7530517578125,0,0.03125,0.0078125,0.00390625,2.382207389352189e-44,2.5713868859314323e-39,2.035276173775152e-34,2372,142551623,1012.809814453125,32.16999816894531,3.667539596557617,2374,142593339,257283025,-802947856,-19.051000595092773,0.16699999570846558,125.31803894042969,11,2374
142646411,142603272,0.59210205078125,0.19464111328125,-0.21063232421875,0.7530517578125,3,-0.08203125,0.03125,0.00390625,2.382207389352189e-44,2.5713868859314323e-39,2.035276173775152e-34,2373,142604337,1012.786865234375,32.16999816894531,3.8577864170074463,2375,142646408,257283022,-802947855,-19.09600067138672,0.1809999942779541,125.31803894042969,11,2375
142692801,142655480,0.59210205078125,0.19464111328125,-0.21063232421875,0.7530517578125,0,-0.08203125,0.03125,0.00390625,1.1020343616866805e-39,2.571368669051396e-39,2.1207398936209614e-34,2374,142656545,1012.782958984375,32.16999816894531,3.8894944190979004,2376,142692798,257283019,-802947854,-19.136999130249023,0.19099999964237213,125.31803894042969,11,2376
142750378,142695349,0.59246826171875,0.19525146484375,-0.21014404296875,0.7528076171875,0,-0.08203125,0.03125,0.00390625,1.1020343616866805e-39,2.571368669051396e-39,2.1207398936209614e-34,2375,142696414,1012.76708984375,32.15999984741211,4.021610260009766,2377,142750375,257283016,-802947852,-19.156999588012695,0.23399999737739563,125.31803894042969,11,2377
142794387,142752480,0.59246826171875,0.19525146484375,-0.21014404296875,0.7528076171875,3,-0.07421875,0.0234375,-0.00390625,1.1020343616866805e-39,2.571368669051396e-39,2.1207398936209614e-34,2376,142753546,1012.809814453125,32.18000030517578,3.667539596557617,2378,142794384,257283012,-802947850,-19.184999465942383,0.2809999883174896,125.31803894042969,11,2378
142848431,142805373,0.59246826171875,0.19525146484375,-0.21014404296875,0.7528076171875,0,-0.07421875,0.0234375,-0.00390625,2.2959490610822106e-39,2.5713616625590745e-39,2.1488314535407294e-34,2377,142806439,1012.801513671875,32.16999816894531,3.7362399101257324,2379,142848428,257283013,-802947850,-19.198999404907227,0.25999999046325684,125.31803894042969,11,2379
142894506,142858373,0.59246826171875,0.19525146484375,-0.21014404296875,0.7528076171875,0,-0.07421875,0.0234375,-0.00390625,3.765221711314496e-39,2.479589224831978e-39,2.1615118692614844e-34,2378,142859439,1012.798828125,32.16999816894531,3.757378339767456,2380,142894503,257283015,-802947852,-19.222999572753906,0.1850000023841858,125.31803894042969,11,2380
142946407,142897480,0.59246826171875,0.19525146484375,-0.21014404296875,0.7528076171875,0,-0.07421875,0.0234375,-0.00390625,1.9285286037362435e-39,2.4795836196381206e-39,2.1741796576015177e-34,2379,142898545,1012.818359375,32.18000030517578,3.5935544967651367,2381,142946404,257283014,-802947851,-19.218000411987305,0.20000000298023224,125.31803894042969,11,2381
142993340,142950349,0.59356689453125,0.19244384765625,-0.211181640625,0.75238037109375,0,-0.07421875,0.0234375,-0.00390625,1.9285286037362435e-39,2.4795836196381206e-39,2.1741796576015177e-34,2380,142951414,1012.801025390625,32.16999816894531,3.7362399101257324,2382,142993337,257283015,-802947853,-19.20199966430664,0.1679999977350235,125.31803894042969,11,2382
143046435,143003504,0.59356689453125,0.19244384765625,-0.211181640625,0.75238037109375,3,0.03125,0.0078125,-0.05078125,1.9285286037362435e-39,2.4795836196381206e-39,2.1741796576015177e-34,2381,143004570,1012.84423828125,32.16999816894531,3.3768844604492188,2383,143046432,257283014,-802947853,-19.215999603271484,0.16099999845027924,125.31803894042969,11,2383
143091747,143055271,0.59478759765625,0.19097900390625,-0.2109375,0.7518310546875,0,0.03125,0.0078125,-0.05078125,1.9285286037362435e-39,2.4795836196381206e-39,2.1741796576015177e-34,2382,143056337,1012.816162109375,32.15999984741211,3.6146931648254395,2384,143091744,257283016,-802947854,-19.191999435424805,0.14900000393390656,125.31803894042969,11,2384
143143256,143094480,0.59478759765625,0.19097900390625,-0.2109375,0.7518310546875,3,0.1015625,-0.04296875,-0.04296875,1.9285286037362435e-39,2.4795836196381206e-39,2.1741796576015177e-34,2383,143095545,1012.7705078125,32.15999984741211,3.9899024963378906,2385,143143253,257283014,-802947852,-19.211000442504883,0.1340000033378601,125.31803894042969,11,2385
143195551,143147271,0.59539794921875,0.1898193359375,-0.21142578125,0.75152587890625,0,0.1015625,-0.04296875,-0.04296875,1.9285286037362435e-39,2.4795836196381206e-39,2.1741796576015177e-34,2384,143148337,1012.79833984375,32.15999984741211,3.7626631259918213,2386,143195548,257283012,-802947850,-19.2549991607666,0.1459999978542328,125.31803894042969,11,2386
143243346,143200569,0.59539794921875,0.1898193359375,-0.21142578125,0.75152587890625,3,-0.05859375,-0.03515625,0.01171875,1.9285286037362435e-39,2.4795836196381206e-39,2.1741796576015177e-34,2385,143201635,1012.79052734375,32.15999984741211,3.8260786533355713,2387,143243343,257283012,-802947849,-19.259000778198242,0.15700000524520874,125.31803894042969,11,2387
143290647,143253271,0.59539794921875,0.1898193359375,-0.21142578125,0.75152587890625,3,0.140625,-0.10546875,-0.11328125,1.9285286037362435e-39,2.4795836196381206e-39,2.1741796576015177e-34,2386,143254337,1012.78955078125,32.15999984741211,3.8313634395599365,2388,143290645,257283014,-802947849,-19.225000381469727,0.13500000536441803,125.31803894042969,11,2388
143342830,143293586,0.59539794921875,0.1898193359375,-0.21142578125,0.75152587890625,3,0.0234375,-0.1640625,-0.06640625,1.9285286037362435e-39,2.4795836196381206e-39,2.1741796576015177e-34,2387,143294652,1012.79833984375,32.150001525878906,3.7626631259918213,2389,143342827,257283017,-802947852,-19.172000885009766,0.08399999886751175,125.31803894042969,11,2389
143442735,143406272,0.59539794921875,0.1898193359375,-0.21142578125,0.75152587890625,3,0.0625,0.00390625,-0.02734375,1.9285286037362435e-39,2.4795836196381206e-39,2.1741796576015177e-34,2388,143407337,1012.78173828125,32.15999984741211,3.9000637531280518,2390,143442732,257283015,-802947852,-19.204999923706055,0.09200000017881393,125.31803894042969,11,2390
143495547,143447582,0.59539794921875,0.1898193359375,-0.21142578125,0.75152587890625,0,0.0625,0.00390625,-0.02734375,8.26562905674315e-40,2.4795780144442633e-39,2.287236729800438e-34,2389,143448648,1012.779541015625,32.150001525878906,3.9159176349639893,2391,143495544,257283015,-802947851,-19.218000411987305,0.09799999743700027,125.31803894042969,11,2391
143543406,143501164,0.59539794921875,0.1898193359375,-0.21142578125,0.75152587890625,0,0.0625,0.00390625,-0.02734375,3.2143082265575157e-39,2.5713630638575388e-39,2.311018909062992e-34,2390,143502230,1012.815673828125,32.15999984741211,3.6146931648254395,2392,143543403,257283014,-802947852,-19.246999740600586,0.07599999755620956,125.31803894042969,11,2392
143591251,143554582,0.59539794921875,0.1898193359375,-0.21142578125,0.75152587890625,0,0.0625,0.00390625,-0.02734375,4.3162627142317296e-39,2.4795668040565487e-39,2.32268959350349e-34,2391,143555647,1012.800048828125,32.15999984741211,3.7468090057373047,2393,143591248,257283015,-802947853,-19.263999938964844,0.03400000184774399,125.31803894042969,11,2393
143642825,143593271,0.59539794921875,0.1898193359375,-0.21142578125,0.75152587890625,0,0.0625,0.00390625,-0.02734375,1.928586056973281e-39,2.5713882872298966e-39,2.337760257600497e-34,2392,143594337,1012.770263671875,32.150001525878906,3.9951870441436768,2394,143642822,257283013,-802947851,-19.229999542236328,0.0860000029206276,125.31803894042969,11,2394
143695491,143646480,0.59539794921875,0.1898193359375,-0.21142578125,0.75152587890625,3,-0.09765625,-0.125,0.00390625,1.928586056973281e-39,2.5713882872298966e-39,2.337760257600497e-34,2393,143647546,1012.817626953125,32.15999984741211,3.598839282989502,2395,143695488,257283013,-802947851,-19.26099967956543,0.0560000017285347,125.31803894042969,11,2395
143747271,143699373,0.59539794921875,0.1898193359375,-0.21142578125,0.75152587890625,0,-0.09765625,-0.125,0.00390625,2.9387204627726112e-39,2.4795864222350492e-39,2.355067575206432e-34,2394,143700439,1012.7939453125,32.15999984741211,3.7996554374694824,2396,143747268,257283010,-802947850,-19.25200080871582,0.12200000137090683,125.31803894042969,11,2396
143795545,143752480,0.59539794921875,0.1898193359375,-0.21142578125,0.75152587890625,3,-0.07421875,-0.0390625,-0.04296875,2.9387204627726112e-39,2.4795864222350492e-39,2.355067575206432e-34,2395,143753545,1012.798828125,32.15999984741211,3.757378339767456,2397,143795543,257283012,-802947850,-19.267000198364258,0.09000000357627869,125.31803894042969,11,2397
143848348,143805349,0.5987548828125,0.18182373046875,-0.2135009765625,0.750244140625,0,-0.07421875,-0.0390625,-0.04296875,2.9387204627726112e-39,2.4795864222350492e-39,2.355067575206432e-34,2396,143806414,1012.797607421875,32.15999984741211,3.7679476737976074,2398,143848345,257283011,-802947849,-19.2810001373291,0.10000000149011612,125.31803894042969,11,2398
143894358,143857480,0.5987548828125,0.18182373046875,-0.2135009765625,0.750244140625,3,-0.0390625,0.08984375,0.01953125,2.9387204627726112e-39,2.4795864222350492e-39,2.355067575206432e-34,2397,143858546,1012.76611328125,32.15999984741211,4.026895046234131,2399,143894356,257283011,-802947849,-19.268999099731445,0.10300000011920929,125.31803894042969,11,2399
143944592,143896271,0.59857177734375,0.18280029296875,-0.2142333984375,0.74993896484375,0,-0.0390625,0.08984375,0.01953125,2.9387204627726112e-39,2.4795864222350492e-39,2.355067575206432e-34,2398,143897337,1012.76513671875,32.15999984741211,4.037464141845703,2400,143944589,257283009,-802947850,-19.301000595092773,0.08299999684095383,125.31803894042969,11,2400
143992604,143949336,0.59857177734375,0.18280029296875,-0.2142333984375,0.74993896484375,3,0.14453125,0.03125,-0.125,2.9387204627726112e-39,2.4795864222350492e-39,2.355067575206432e-34,2399,143950401,1012.796142578125,32.16999816894531,3.778517007827759,2401,143992601,257283007,-802947851,-19.364999771118164,0.0860000029206276,125.31803894042969,11,2401
144045747,144002504,0.59857177734375,0.18280029296875,-0.2142333984375,0.74993896484375,3,0.3125,0.05078125,0.11328125,2.9387204627726112e-39,2.4795864222350492e-39,2.355067575206432e-34,2400,144003570,1012.77587890625,32.15999984741211,3.9476253986358643,2402,144045744,257283004,-802947851,-19.38800048828125,0.13199999928474426,125.31803894042969,11,2402
144092740,144055349,0.59893798828125,0.18402099609375,-0.21331787109375,0.74957275390625,0,0.3125,0.05078125,0.11328125,2.9387204627726112e-39,2.4795864222350492e-39,2.355067575206432e-34,2401,144056415,1012.8056640625,32.16999816894531,3.699247360229492,2403,144092737,257283004,-802947851,-19.40399932861328,0.10599999874830246,125.31803894042969,11,2403
144144620,144095480,0.59893798828125,0.18402099609375,-0.21331787109375,0.74957275390625,0,0.3125,0.05078125,0.11328125,nan,2.479580817041192e-39,2.452834726061268e-34,2402,144096545,1012.78125,32.16999816894531,3.905348300933838,2404,144144617,257283002,-802947850,-19.41900062561035,0.11100000143051147,125.31803894042969,11,2404
144196404,144148349,0.59893798828125,0.1849365234375,-0.21246337890625,0.7496337890625,0,0.3125,0.05078125,0.11328125,nan,2.479580817041192e-39,2.452834726061268e-34,2403,144149414,1012.788818359375,32.16999816894531,3.841932535171509,2405,144196401,257283001,-802947850,-19.44499969482422,0.09600000083446503,125.31803894042969,11,2405
144243159,144201438,0.59893798828125,0.1849365234375,-0.21246337890625,0.7496337890625,0,0.3125,0.05078125,0.11328125,nan,2.479568205355013e-39,2.470226302734928e-34,2404,144202503,1012.807861328125,32.16999816894531,3.6833934783935547,2406,144243156,257283000,-802947849,-19.46500015258789,0.10700000077486038,125.31803894042969,11,2406
144291816,144254402,0.59893798828125,0.1849365234375,-0.21246337890625,0.7496337890625,3,0.0546875,0.12890625,0.10546875,nan,2.479568205355013e-39,2.470226302734928e-34,2405,144255468,1012.77978515625,32.16999816894531,3.9159176349639893,2407,144291813,257283000,-802947849,-19.481000900268555,0.09600000083446503,125.31803894042969,11,2407
144349475,144294349,0.59893798828125,0.1849365234375,-0.21246337890625,0.7496337890625,0,0.0546875,0.12890625,0.10546875,nan,2.5713630638575388e-39,2.49473375282839e-34,2406,144295415,1012.79150390625,32.16999816894531,3.81550931930542,2408,144349472,257283000,-802947849,-19.493000030517578,0.11800000071525574,125.31803894042969,11,2408
144446340,144422271,0.59893798828125,0.1849365234375,-0.21246337890625,0.7496337890625,3,-0.0625,0.14453125,0.09765625,nan,2.5713630638575388e-39,2.49473375282839e-34,2407,144423337,1012.806884765625,32.16999816894531,3.688678026199341,2409,144446337,257282998,-802947852,-19.54400062561035,0.11299999803304672,125.31803894042969,11,2409
144492708,144449582,0.59893798828125,0.1849365234375,-0.21246337890625,0.7496337890625,0,-0.0625,0.14453125,0.09765625,nan,2.5713840833345036e-39,2.5170706709701578e-34,2408,144450648,1012.810546875,32.16999816894531,3.656970262527466,2410,144492705,257282998,-802947851,-19.525999069213867,0.09600000083446503,125.31803894042969,11,2410
144545459,144502271,0.59893798828125,0.1849365234375,-0.21246337890625,0.7496337890625,3,-0.078125,0.09765625,0.05859375,nan,2.5713840833345036e-39,2.5170706709701578e-34,2409,144503337,1012.787109375,32.16999816894531,3.85250186920166,2411,144545456,257283001,-802947851,-19.54400062561035,0.0430000014603138,125.31803894042969,11,2411
144592571,144555545,0.59893798828125,0.1849365234375,-0.21246337890625,0.7496337890625,3,-0.0390625,0.1171875,0.01171875,nan,2.5713840833345036e-39,2.5170706709701578e-34,2410,144556610,1012.780029296875,32.15999984741211,3.9159176349639893,2412,144592568,257283001,-802947852,-19.565000534057617,0.02199999988079071,125.31803894042969,11,2412
144643251,144595271,0.59893798828125,0.1849365234375,-0.21246337890625,0.7496337890625,3,-0.0703125,0.140625,0.05078125,nan,2.5713840833345036e-39,2.5170706709701578e-34,2411,144596337,1012.792724609375,32.16999816894531,3.8049402236938477,2413,144643249,257283001,-802947852,-19.566999435424805,0.019999999552965164,125.31803894042969,11,2413
144691251,144648533,0.593505859375,0.19256591796875,-0.21612548828125,0.75091552734375,0,-0.0703125,0.140625,0.05078125,nan,2.5713840833345036e-39,2.5170706709701578e-34,2412,144649599,1012.799072265625,32.16999816894531,3.75209379196167,2414,144691248,257283000,-802947852,-19.58300018310547,0.02800000086426735,125.31803894042969,11,2414
144749558,144701296,0.593505859375,0.19256591796875,-0.21612548828125,0.75091552734375,3,-0.0078125,0.01953125,0.05859375,nan,2.5713840833345036e-39,2.5170706709701578e-34,2413,144702361,1012.810546875,32.15999984741211,3.656970262527466,2415,144749555,257283000,-802947852,-19.58799934387207,0.03200000151991844,125.31803894042969,11,2415
144796413,144753456,0.593017578125,0.19287109375,-0.21624755859375,0.751220703125,0,-0.0078125,0.01953125,0.05859375,nan,2.5713840833345036e-39,2.5170706709701578e-34,2414,144754521,1012.753662109375,32.150001525878906,4.132587909698486,2416,144796410,257283001,-802947853,-19.6200008392334,0.02500000037252903,125.31803894042969,11,2416
144849488,144806402,0.593017578125,0.19287109375,-0.21624755859375,0.751220703125,3,-0.03125,0.0234375,0.01171875,nan,2.5713840833345036e-39,2.5170706709701578e-34,2415,144807467,1012.806884765625,32.15999984741211,3.688678026199341,2417,144849485,257283001,-802947854,-19.632999420166016,0.029999999329447746,125.31803894042969,11,2417
144894305,144858456,0.5928955078125,0.19317626953125,-0.21527099609375,0.75152587890625,0,-0.03125,0.0234375,0.01171875,nan,2.5713840833345036e-39,2.5170706709701578e-34,2416,144859521,1012.76904296875,32.15999984741211,4.005756378173828,2418,144894302,257283001,-802947854,-19.652000427246094,0.04399999976158142,125.31803894042969,11,2418
144946432,144898402,0.5928955078125,0.19317626953125,-0.21527099609375,0.75152587890625,3,-0.03125,0.0859375,-0.04296875,nan,2.5713840833345036e-39,2.5170706709701578e-34,2417,144899468,1012.818115234375,32.15999984741211,3.5935544967651367,2419,144946429,257282999,-802947855,-19.658000946044922,0.05299999937415123,125.31803894042969,11,2419
144993328,144951271,0.5928955078125,0.19317626953125,-0.21527099609375,0.75152587890625,3,0.0078125,-0.02734375,0.01171875,nan,2.5713840833345036e-39,2.5170706709701578e-34,2418,144952337,1012.821533203125,32.15999984741211,3.567131280899048,2420,144993325,257282999,-802947854,-19.679000854492188,0.027000000700354576,125.31803894042969,11,2420
145041480,145004582,0.5928955078125,0.19317626953125,-0.21527099609375,0.75152587890625,0,0.0078125,-0.02734375,0.01171875,nan,2.4795611988626914e-39,2.6558132130895066e-34,2419,145005647,1012.811767578125,32.150001525878906,3.6464009284973145,2421,145041477,257282999,-802947854,-19.70400047302246,0.010999999940395355,125.31803894042969,11,2421
145092428,145043271,0.59100341796875,0.19677734375,-0.2152099609375,0.7520751953125,0,0.0078125,-0.02734375,0.01171875,nan,2.4795611988626914e-39,2.6558132130895066e-34,2420,145044337,1012.805419921875,32.150001525878906,3.699247360229492,2422,145092425,257282998,-802947855,-19.729999542236328,0.04100000113248825,125.31803894042969,11,2422
145145781,145096336,0.59100341796875,0.19677734375,-0.2152099609375,0.7520751953125,3,-0.15234375,0.078125,0.09375,nan,2.4795611988626914e-39,2.6558132130895066e-34,2421,145097401,1012.812744140625,32.15999984741211,3.6411163806915283,2423,145145778,257282998,-802947854,-19.733999252319336,0.03700000047683716,125.31803894042969,11,2423
145191245,145148504,0.59100341796875,0.19677734375,-0.2152099609375,0.7520751953125,3,-0.1328125,0.23046875,0.1875,nan,2.4795611988626914e-39,2.6558132130895066e-34,2422,145149570,1012.79150390625,32.150001525878906,3.81550931930542,2424,145191242,257282994,-802947854,-19.77199935913086,0.09600000083446503,125.31803894042969,11,2424
145243332,145201349,0.589599609375,0.20013427734375,-0.21600341796875,0.75213623046875,0,-0.1328125,0.23046875,0.1875,nan,2.4795611988626914e-39,2.6558132130895066e-34,2423,145202414,1012.791015625,32.150001525878906,3.820794105529785,2425,145243329,257282991,-802947854,-19.798999786376953,0.14100000262260437,125.31803894042969,11,2425
145291713,145254480,0.589599609375,0.20013427734375,-0.21600341796875,0.75213623046875,0,-0.1328125,0.23046875,0.1875,nan,2.479559797564227e-39,2.716033650928888e-34,2424,145255545,1012.8017578125,32.150001525878906,3.730955123901367,2426,145291710,257282992,-802947854,-19.79800033569336,0.10599999874830246,125.31803894042969,11,2426
145343361,145295272,0.5902099609375,0.20098876953125,-0.21435546875,0.75189208984375,0,-0.1328125,0.23046875,0.1875,nan,2.479559797564227e-39,2.716033650928888e-34,2425,145296337,1012.7841796875,32.150001525878906,3.878925085067749,2427,145343358,257282993,-802947853,-19.809999465942383,0.07900000363588333,125.31803894042969,11,2427
145396377,145348271,0.5902099609375,0.20098876953125,-0.21435546875,0.75189208984375,3,-0.15234375,0.046875,0.09375,nan,2.479559797564227e-39,2.716033650928888e-34,2426,145349337,1012.776611328125,32.150001525878906,3.942340850830078,2428,145396374,257282990,-802947853,-19.843000411987305,0.11299999803304672,125.31803894042969,11,2428
145496428,145460582,0.5902099609375,0.20098876953125,-0.21435546875,0.75189208984375,0,-0.15234375,0.046875,0.09375,1.1938810682323863e-39,2.4795583962657627e-39,2.746960631792534e-34,2427,145461648,1012.784912109375,32.150001525878906,3.873640537261963,2429,145496425,257282991,-802947852,-19.858999252319336,0.0949999988079071,125.31803894042969,11,2429
145542367,145500165,0.5902099609375,0.20098876953125,-0.21435546875,0.75189208984375,0,-0.15234375,0.046875,0.09375,7.346881731593227e-40,2.47956400145962e-39,2.756762463886217e-34,2428,145501230,1012.774169921875,32.150001525878906,3.9634792804718018,2430,145542364,257282991,-802947852,-19.871999740600586,0.09600000083446503,125.31803894042969,11,2430
145596332,145553558,0.59033203125,0.19873046875,-0.21453857421875,0.7523193359375,0,-0.15234375,0.046875,0.09375,7.346881731593227e-40,2.47956400145962e-39,2.756762463886217e-34,2429,145554624,1012.8134765625,32.150001525878906,3.635831594467163,2431,145596329,257282991,-802947852,-19.875999450683594,0.0860000029206276,125.31803894042969,11,2431
145643238,145606295,0.59033203125,0.19873046875,-0.21453857421875,0.7523193359375,3,-0.0703125,0.0625,-0.01171875,7.346881731593227e-40,2.47956400145962e-39,2.756762463886217e-34,2430,145607361,1012.802490234375,32.150001525878906,3.725670576095581,2432,145643235,257282991,-802947851,-19.878000259399414,0.10100000351667404,125.31803894042969,11,2432
145693231,145645480,0.59033203125,0.19873046875,-0.21453857421875,0.7523193359375,0,-0.0703125,0.0625,-0.01171875,2.0204439739067013e-39,2.571372872946789e-39,2.8101507999889246e-34,2431,145646546,1012.78271484375,32.150001525878906,3.8894944190979004,2433,145693228,257282990,-802947851,-19.886999130249023,0.08100000023841858,125.31803894042969,11,2433
145752449,145698349,0.5908203125,0.1966552734375,-0.21563720703125,0.75213623046875,0,-0.0703125,0.0625,-0.01171875,2.0204439739067013e-39,2.571372872946789e-39,2.8101507999889246e-34,2432,145699414,1012.783935546875,32.150001525878906,3.878925085067749,2434,145752446,257282990,-802947852,-19.920000076293945,0.057999998331069946,125.31803894042969,11,2434
145793308,145756504,0.5908203125,0.1966552734375,-0.21563720703125,0.75213623046875,3,-0.0390625,0.015625,0.0859375,2.0204439739067013e-39,2.571372872946789e-39,2.8101507999889246e-34,2433,145757570,1012.777099609375,32.15999984741211,3.937056064605713,2435,145793305,257282989,-802947853,-19.9689998626709,0.03099999949336052,125.31803894042969,11,2435
145850261,145795349,0.5908203125,0.1966552734375,-0.21563720703125,0.75213623046875,0,-0.0390625,0.015625,0.0859375,2.3877257027047e-39,2.4795864222350492e-39,2.838332129106187e-34,2434,145796415,1012.795166015625,32.150001525878906,3.789086103439331,2436,145850258,257282990,-802947855,-19.98200035095215,0.0020000000949949026,125.31803894042969,11,2436
145895428,145852373,0.5908203125,0.1966552734375,-0.21563720703125,0.75213623046875,0,-0.0390625,0.015625,0.0859375,3.6734072346334695e-39,2.4795738105488703e-39,2.8509507854557758e-34,2435,145853439,1012.778564453125,32.150001525878906,3.9264867305755615,2437,145895425,257282989,-802947855,-20.011999130249023,0.006000000052154064,125.31803894042969,11,2437
145941743,145904373,0.5908203125,0.1966552734375,-0.21563720703125,0.75213623046875,0,-0.0390625,0.015625,0.0859375,2.755106923693666e-39,2.5713518534698242e-39,2.8578676054376553e-34,2436,145905439,1012.780029296875,32.150001525878906,3.9159176349639893,2438,145941740,257282989,-802947855,-20.031999588012695,0.017000000923871994,125.31803894042969,11,2438
145994347,145945480,0.5908203125,0.1966552734375,-0.21563720703125,0.75213623046875,3,0.0,0.015625,-0.01953125,2.755106923693666e-39,2.5713518534698242e-39,2.8578676054376553e-34,2437,145946546,1012.78955078125,32.150001525878906,3.8313634395599365,2439,145994344,257282988,-802947855,-20.05299949645996,0.01899999938905239,125.31803894042969,11,2439
146045745,145997349,0.59130859375,0.192138671875,-0.2174072265625,0.75244140625,0,0.0,0.015625,-0.01953125,2.755106923693666e-39,2.5713518534698242e-39,2.8578676054376553e-34,2438,145998414,1012.81494140625,32.13999938964844,3.625262498855591,2440,146045743,257282988,-802947855,-20.062000274658203,0.02500000037252903,125.31803894042969,11,2440
146093282,146050504,0.59130859375,0.192138671875,-0.2174072265625,0.75244140625,3,0.015625,-0.0078125,-0.02734375,2.755106923693666e-39,2.5713518534698242e-39,2.8578676054376553e-34,2439,146051570,1012.78662109375,32.150001525878906,3.8577864170074463,2441,146093279,257282989,-802947856,-20.079999923706055,0.0,125.31803894042969,11,2441
146146297,146103271,0.59130859375,0.192138671875,-0.2174072265625,0.75244140625,3,-0.01171875,-0.12109375,0.0078125,2.755106923693666e-39,2.5713518534698242e-39,2.8578676054376553e-34,2440,146104337,1012.800537109375,32.150001525878906,3.7415244579315186,2442,146146294,257282991,-802947858,-20.0939998626709,0.05000000074505806,125.31803894042969,11,2442
146193165,146156480,0.59130859375,0.192138671875,-0.2174072265625,0.75244140625,3,0.1171875,-0.10546875,-0.07421875,2.755106923693666e-39,2.5713518534698242e-39,2.8578676054376553e-34,2441,146157546,1012.763427734375,32.15999984741211,4.053318023681641,2443,146193162,257282990,-802947857,-20.110000610351562,0.03400000184774399,125.31803894042969,11,2443
146243320,146195325,0.59478759765625,0.1893310546875,-0.21484375,0.75115966796875,0,0.1171875,-0.10546875,-0.07421875,2.755106923693666e-39,2.5713518534698242e-39,2.8578676054376553e-34,2442,146196390,1012.80615234375,32.150001525878906,3.693962812423706,2444,146243317,257282989,-802947857,-20.1299991607666,0.017000000923871994,125.31803894042969,11,2444
146297375,146248480,0.59478759765625,0.1893310546875,-0.21484375,0.75115966796875,3,0.125,0.0234375,0.078125,2.755106923693666e-39,2.5713518534698242e-39,2.8578676054376553e-34,2443,146249545,1012.793701171875,32.15999984741211,3.7996554374694824,2445,146297372,257282987,-802947858,-20.135000228881836,0.03400000184774399,125.31803894042969,11,2445
146344391,146301373,0.59478759765625,0.1893310546875,-0.21484375,0.75115966796875,0,0.125,0.0234375,0.078125,nan,2.479636868979765e-39,2.9524831916530893e-34,2444,146302439,1012.80126953125,32.15999984741211,3.7362399101257324,2446,146344388,257282987,-802947858,-20.148000717163086,0.0430000014603138,125.31803894042969,11,2446
146396650,146353480,0.59478759765625,0.1893310546875,-0.21484375,0.75115966796875,0,0.125,0.0234375,0.078125,2.0204607894882732e-39,2.5713700703498604e-39,2.964743230390181e-34,2445,146354546,1012.783203125,32.150001525878906,3.884209632873535,2447,146396647,257282988,-802947858,-20.15999984741211,0.029999999329447746,125.31803894042969,11,2447
146496368,146460271,0.59478759765625,0.1893310546875,-0.21484375,0.75115966796875,3,0.0859375,-0.15234375,-0.08984375,2.0204607894882732e-39,2.5713700703498604e-39,2.964743230390181e-34,2446,146461337,1012.807373046875,32.150001525878906,3.6833934783935547,2448,146496365,257282993,-802947863,-20.124000549316406,0.07900000363588333,125.31803894042969,11,2448
146542416,146499480,0.59478759765625,0.1893310546875,-0.21484375,0.75115966796875,0,0.0859375,-0.15234375,-0.08984375,nan,2.571385484632968e-39,2.9888805834341263e-34,2447,146500546,1012.76513671875,32.15999984741211,4.037464141845703,2449,146542413,257282993,-802947863,-20.142000198364258,0.06599999964237213,125.31803894042969,11,2449
146593296,146551349,0.59442138671875,0.18798828125,-0.21368408203125,0.75213623046875,0,0.0859375,-0.15234375,-0.08984375,nan,2.571385484632968e-39,2.9888805834341263e-34,2448,146552414,1012.80078125,32.15999984741211,3.7415244579315186,2450,146593293,257282992,-802947863,-20.159000396728516,0.050999999046325684,125.31803894042969,11,2450
146641382,146604504,0.59442138671875,0.18798828125,-0.21368408203125,0.75213623046875,3,0.0703125,0.1015625,-0.0078125,nan,2.571385484632968e-39,2.9888805834341263e-34,2449,146605570,1012.800537109375,32.15999984741211,3.7415244579315186,2451,146641379,257282991,-802947863,-20.170000076293945,0.05900000035762787,125.31803894042969,11,2451
146692338,146643271,0.59442138671875,0.18798828125,-0.21368408203125,0.75213623046875,3,-0.04296875,-0.01171875,-0.05078125,nan,2.571385484632968e-39,2.9888805834341263e-34,2450,146644337,1012.821533203125,32.15999984741211,3.567131280899048,2452,146692335,257282990,-802947863,-20.172000885009766,0.06599999964237213,125.31803894042969,11,2452
146751734,146696480,0.59442138671875,0.18798828125,-0.21368408203125,0.75213623046875,0,-0.04296875,-0.01171875,-0.05078125,2.1122948843478e-39,2.5713308339928593e-39,3.0464809545681204e-34,2451,146697546,1012.78955078125,32.15999984741211,3.8313634395599365,2453,146751731,257282990,-802947863,-20.18000030517578,0.052000001072883606,125.31803894042969,11,2453
146796357,146753336,0.59442138671875,0.18798828125,-0.21368408203125,0.75213623046875,3,0.078125,0.0546875,-0.05078125,2.1122948843478e-39,2.5713308339928593e-39,3.0464809545681204e-34,2452,146754401,1012.800537109375,32.15999984741211,3.7415244579315186,2454,146796354,257282993,-802947863,-20.187000274658203,0.017999999225139618,125.31803894042969,11,2454
146848655,146805480,0.59442138671875,0.18798828125,-0.21368408203125,0.75213623046875,0,0.078125,0.0546875,-0.05078125,nan,2.5713826820360393e-39,3.071353909936291e-34,2453,146806546,1012.7587890625,32.15999984741211,4.090310573577881,2455,146848652,257282992,-802947865,-20.222999572753906,0.03999999910593033,125.31803894042969,11,2455
146894316,146858373,0.59442138671875,0.18798828125,-0.21368408203125,0.75213623046875,0,0.078125,0.0546875,-0.05078125,1.3775870930099768e-39,2.4795626001611557e-39,3.079649639892983e-34,2454,146859439,1012.799072265625,32.16999816894531,3.75209379196167,2456,146894313,257282993,-802947868,-20.26300048828125,0.08900000154972076,125.31803894042969,11,2456
146945732,146896456,0.59375,0.18878173828125,-0.21112060546875,0.753173828125,0,0.078125,0.0546875,-0.05078125,1.3775870930099768e-39,2.4795626001611557e-39,3.079649639892983e-34,2455,146897521,1012.83056640625,32.16999816894531,3.4931464195251465,2457,146945729,257282994,-802947869,-20.291000366210938,0.08900000154972076,125.31803894042969,11,2457
146992488,146949349,0.59423828125,0.1890869140625,-0.21148681640625,0.75262451171875,0,0.078125,0.0546875,-0.05078125,1.3775870930099768e-39,2.4795626001611557e-39,3.079649639892983e-34,2456,146950415,1012.806640625,32.16999816894531,3.693962812423706,2458,146992486,257282993,-802947869,-20.29599952697754,0.07500000298023224,125.31803894042969,11,2458
147045716,147002438,0.59423828125,0.1890869140625,-0.21148681640625,0.75262451171875,0,0.078125,0.0546875,-0.05078125,nan,2.5713658664544674e-39,3.1134503830201527e-34,2457,147003504,1012.788330078125,32.16999816894531,3.841932535171509,2459,147045713,257282994,-802947870,-20.30299949645996,0.07699999958276749,125.31803894042969,11,2459
147092677,147055325,0.59466552734375,0.19085693359375,-0.21185302734375,0.751708984375,0,0.078125,0.0546875,-0.05078125,nan,2.5713658664544674e-39,3.1134503830201527e-34,2458,147056390,1012.789794921875,32.15999984741211,3.8313634395599365,2460,147092674,257282995,-802947871,-20.315000534057617,0.09200000017881393,125.31803894042969,11,2460
147144156,147095480,0.59466552734375,0.19085693359375,-0.21185302734375,0.751708984375,3,0.0,0.27734375,0.1875,nan,2.5713658664544674e-39,3.1134503830201527e-34,2459,147096545,1012.811767578125,32.16999816894531,3.6464009284973145,2461,147144154,257282997,-802947871,-20.326000213623047,0.08500000089406967,125.31803894042969,11,2461
147190091,147148349,0.59466552734375,0.19085693359375,-0.21185302734375,0.751708984375,0,0.0,0.27734375,0.1875,nan,2.57136026126061e-39,3.149742623158089e-34,2460,147149415,1012.800048828125,32.16999816894531,3.7468090057373047,2462,147190088,257282997,-802947871,-20.329999923706055,0.07599999755620956,125.31803894042969,11,2462
147242672,147200438,0.59466552734375,0.19085693359375,-0.21185302734375,0.751708984375,0,0.0,0.27734375,0.1875,nan,2.479676105336766e-39,3.158971631344486e-34,2461,147201504,1012.804443359375,32.15999984741211,3.7098166942596436,2463,147242670,257282997,-802947871,-20.336999893188477,0.06199999898672104,125.31803894042969,11,2463
147296351,147253402,0.59466552734375,0.19085693359375,-0.21185302734375,0.751708984375,3,-0.02734375,0.0546875,0.0625,nan,2.479676105336766e-39,3.158971631344486e-34,2462,147254467,1012.8076171875,32.15999984741211,3.6833934783935547,2464,147296348,257282996,-802947871,-20.334999084472656,0.052000001072883606,125.31803894042969,11,2464
147343235,147306456,0.5933837890625,0.1934814453125,-0.20941162109375,0.75274658203125,0,-0.02734375,0.0546875,0.0625,nan,2.479676105336766e-39,3.158971631344486e-34,2463,147307521,1012.79833984375,32.16999816894531,3.7626631259918213,2465,147343232,257282996,-802947871,-20.33300018310547,0.03999999910593033,125.31803894042969,11,2465
147394364,147345325,0.5933837890625,0.19384765625,-0.209228515625,0.752685546875,0,-0.02734375,0.0546875,0.0625,nan,2.479676105336766e-39,3.158971631344486e-34,2464,147346390,1012.831787109375,32.15999984741211,3.482577085494995,2466,147394361,257282997,-802947871,-20.336999893188477,0.03099999949336052,125.31803894042969,11,2466
147494342,147458456,0.59344482421875,0.19403076171875,-0.208984375,0.75262451171875,0,-0.02734375,0.0546875,0.0625,nan,2.479676105336766e-39,3.158971631344486e-34,2465,147459522,1012.830810546875,32.16999816894531,3.4878618717193604,2467,147494340,257282997,-802947872,-20.361000061035156,0.02500000037252903,125.31803894042969,11,2467
147545676,147496373,0.59344482421875,0.19403076171875,-0.208984375,0.75262451171875,0,-0.02734375,0.0546875,0.0625,1.469366537229395e-39,2.47956400145962e-39,3.216515982825824e-34,2466,147497439,1012.822998046875,32.16999816894531,3.5565621852874756,2468,147545674,257283000,-802947875,-20.33799934387207,0.08699999749660492,125.31803894042969,11,2468
147592662,147549373,0.59344482421875,0.19403076171875,-0.208984375,0.75262451171875,0,-0.02734375,0.0546875,0.0625,nan,2.5713924911252896e-39,3.2424119856211946e-34,2467,147550439,1012.84375,32.16999816894531,3.382169008255005,2469,147592659,257283002,-802947877,-20.32900047302246,0.10700000077486038,125.31803894042969,11,2469
147645312,147602373,0.59344482421875,0.19403076171875,-0.208984375,0.75262451171875,0,-0.02734375,0.0546875,0.0625,2.755148962647596e-40,2.571385484632968e-39,3.25119811712737e-34,2468,147603439,1012.7890625,32.16999816894531,3.8366479873657227,2470,147645309,257283002,-802947877,-20.336000442504883,0.10100000351667404,125.31803894042969,11,2470
147692670,147655480,0.59344482421875,0.19403076171875,-0.208984375,0.75262451171875,0,-0.02734375,0.0546875,0.0625,nan,2.4795710079519416e-39,3.2634859361020497e-34,2469,147656546,1012.792236328125,32.16999816894531,3.810224771499634,2471,147692667,257283002,-802947877,-20.343000411987305,0.08299999684095383,125.31803894042969,11,2471
147750226,147695271,0.59344482421875,0.19403076171875,-0.208984375,0.75262451171875,3,0.0,0.27734375,0.1796875,nan,2.4795710079519416e-39,3.2634859361020497e-34,2470,147696337,1012.775634765625,32.16999816894531,3.9476253986358643,2472,147750224,257283002,-802947876,-20.365999221801758,0.05299999937415123,125.31803894042969,11,2472
147795548,147752480,0.59344482421875,0.19403076171875,-0.208984375,0.75262451171875,0,0.0,0.27734375,0.1796875,nan,2.571385484632968e-39,3.2876444113101112e-34,2471,147753546,1012.803955078125,32.18000030517578,3.7151012420654297,2473,147795545,257283004,-802947876,-20.365999221801758,0.05900000035762787,125.31803894042969,11,2473
147848279,147805336,0.59344482421875,0.19403076171875,-0.208984375,0.75262451171875,3,-0.03515625,0.26953125,0.0625,nan,2.571385484632968e-39,3.2876444113101112e-34,2472,147806401,1012.79248046875,32.18000030517578,3.810224771499634,2474,147848276,257283004,-802947877,-20.381999969482422,0.050999999046325684,125.31803894042969,11,2474
147895429,147858504,0.59344482421875,0.19403076171875,-0.208984375,0.75262451171875,3,-0.10546875,-0.12109375,-0.13671875,nan,2.571385484632968e-39,3.2876444113101112e-34,2473,147859570,1012.797607421875,32.18000030517578,3.7679476737976074,2475,147895426,257283003,-802947877,-20.4060001373291,0.03500000014901161,125.31803894042969,12,2475
147946296,147898271,0.59344482421875,0.19403076171875,-0.208984375,0.75262451171875,3,0.125,-0.0625,0.015625,nan,2.571385484632968e-39,3.2876444113101112e-34,2474,147899337,1012.79541015625,32.18000030517578,3.783801555633545,2476,147946293,257283001,-802947878,-20.413000106811523,0.05000000074505806,125.31803894042969,12,2476
147994580,147951480,0.59344482421875,0.19403076171875,-0.208984375,0.75262451171875,3,-0.13671875,-0.0078125,-0.09765625,nan,2.571385484632968e-39,3.2876444113101112e-34,2475,147952545,1012.788330078125,32.18000030517578,3.841932535171509,2477,147994577,257283000,-802947878,-20.430999755859375,0.052000001072883606,125.31803894042969,12,2477
148041649,148004373,0.59344482421875,0.19403076171875,-0.208984375,0.75262451171875,0,-0.13671875,-0.0078125,-0.09765625,nan,2.4795836196381206e-39,3.3416085559737296e-34,2476,148005439,1012.77978515625,32.18000030517578,3.9159176349639893,2478,148041646,257283000,-802947878,-20.43000030517578,0.057999998331069946,125.31803894042969,12,2478
148094535,148045480,0.59344482421875,0.19403076171875,-0.208984375,0.75262451171875,0,-0.13671875,-0.0078125,-0.09765625,1.1020245525974302e-39,2.571337840485181e-39,3.359544946728347e-34,2477,148046546,1012.76806640625,32.18000030517578,4.011041164398193,2479,148094532,257283000,-802947877,-20.43000030517578,0.03700000047683716,125.31803894042969,12,2479
148140097,148098271,0.59344482421875,0.19403076171875,-0.208984375,0.75262451171875,3,-0.03515625,0.22265625,-0.15234375,1.1020245525974302e-39,2.571337840485181e-39,3.359544946728347e-34,2478,148099337,1012.78515625,32.189998626708984,3.8683557510375977,2480,148140094,257283002,-802947877,-20.427000045776367,0.03700000047683716,125.31803894042969,12,2480
148192314,148150582,0.59344482421875,0.19403076171875,-0.208984375,0.75262451171875,0,-0.03515625,0.22265625,-0.15234375,4.316259911634801e-39,2.571364465156003e-39,3.378399692444544e-34,2479,148151647,1012.82421875,32.20000076293945,3.545992851257324,2481,148192311,257283003,-802947875,-20.424999237060547,0.07800000160932541,125.31803894042969,12,2481
148251636,148203164,0.59344482421875,0.19403076171875,-0.208984375,0.75262451171875,0,-0.03515625,0.22265625,-0.15234375,5.234691944630251e-39,2.4795668040565487e-39,3.388734170415943e-34,2480,148204230,1012.8056640625,32.189998626708984,3.699247360229492,2482,148251633,257283001,-802947874,-20.422000885009766,0.06700000166893005,125.31803894042969,12,2482
148292451,148255665,0.59344482421875,0.19403076171875,-0.208984375,0.75262451171875,3,-0.13671875,0.13671875,-0.04296875,5.234691944630251e-39,2.4795668040565487e-39,3.388734170415943e-34,2481,148256730,1012.78173828125,32.189998626708984,3.9000637531280518,2483,148292449,257282998,-802947874,-20.437000274658203,0.09600000083446503,125.31803894042969,12,2483
148342323,148294140,0.59454345703125,0.1910400390625,-0.20672607421875,0.75323486328125,0,-0.13671875,0.13671875,-0.04296875,5.234691944630251e-39,2.4795668040565487e-39,3.388734170415943e-34,2482,148295206,1012.82080078125,32.189998626708984,3.572416067123413,2484,148342320,257282999,-802947873,-20.433000564575195,0.09099999815225601,125.31803894042969,12,2484
148396302,148347664,0.59454345703125,0.1910400390625,-0.20672607421875,0.75323486328125,3,-0.01953125,0.09765625,-0.0078125,5.234691944630251e-39,2.4795668040565487e-39,3.388734170415943e-34,2483,148348730,1012.75830078125,32.189998626708984,4.095595359802246,2485,148396299,257282997,-802947873,-20.429000854492188,0.10999999940395355,125.31803894042969,12,2485
148496338,148460165,0.59454345703125,0.1910400390625,-0.20672607421875,0.75323486328125,0,-0.01953125,0.09765625,-0.0078125,1.7448982490757265e-39,2.5713490508728955e-39,3.433283799190925e-34,2484,148461230,1012.846923828125,32.189998626708984,3.355745792388916,2486,148496335,257282997,-802947872,-20.44099998474121,0.11699999868869781,125.31803894042969,12,2486
148544576,148501689,0.59454345703125,0.1910400390625,-0.20672607421875,0.75323486328125,0,-0.01953125,0.09765625,-0.0078125,nan,2.5713868859314323e-39,3.451658245262216e-34,2485,148502755,1012.802978515625,32.20000076293945,3.720386028289795,2487,148544573,257282996,-802947871,-20.44700050354004,0.125,125.31803894042969,12,2487
148596194,148554164,0.59454345703125,0.1910400390625,-0.20672607421875,0.75323486328125,0,-0.01953125,0.09765625,-0.0078125,1.2857277747780921e-39,2.4795583962657627e-39,3.4712520371337446e-34,2486,148555230,1012.8046875,32.20000076293945,3.7098166942596436,2488,148596191,257282995,-802947871,-20.4689998626709,0.1420000046491623,125.31803894042969,12,2488
148644125,148607647,0.59454345703125,0.1910400390625,-0.20672607421875,0.75323486328125,0,-0.01953125,0.09765625,-0.0078125,1.0102170824087255e-39,2.4795780144442633e-39,3.483006751053227e-34,2487,148608712,1012.838623046875,32.20000076293945,3.4244461059570312,2489,148644122,257282994,-802947869,-20.485000610351562,0.16899999976158142,125.31803894042969,12,2489
148694369,148646087,0.59454345703125,0.1910400390625,-0.20672607421875,0.75323486328125,3,-0.08984375,-0.17578125,-0.09765625,1.0102170824087255e-39,2.4795780144442633e-39,3.483006751053227e-34,2488,148647152,1012.79736328125,32.20000076293945,3.7679476737976074,2490,148694366,257282992,-802947868,-20.476999282836914,0.1850000023841858,125.31803894042969,12,2490
148747310,148699272,0.59454345703125,0.1910400390625,-0.20672607421875,0.75323486328125,3,0.203125,0.0234375,0.0234375,1.0102170824087255e-39,2.4795780144442633e-39,3.483006751053227e-34,2489,148700337,1012.792236328125,32.189998626708984,3.810224771499634,2491,148747308,257282990,-802947868,-20.46299934387207,0.1979999989271164,125.31803894042969,12,2491
148793265,148751582,0.59454345703125,0.1910400390625,-0.20672607421875,0.75323486328125,0,0.203125,0.0234375,0.0234375,nan,2.4795976326227638e-39,3.5163226027606828e-34,2490,148752647,1012.82177734375,32.20000076293945,3.567131280899048,2492,148793262,257282987,-802947868,-20.47599983215332,0.23499999940395355,125.31803894042969,12,2492
148846288,148804164,0.59454345703125,0.1910400390625,-0.20672607421875,0.75323486328125,0,0.203125,0.0234375,0.0234375,3.949030030879982e-39,2.47956400145962e-39,3.5266148364038492e-34,2491,148805230,1012.765625,32.20000076293945,4.032179832458496,2493,148846286,257282986,-802947868,-20.48200035095215,0.24400000274181366,125.31803894042969,12,2493
148894375,148857689,0.59454345703125,0.1910400390625,-0.20672607421875,0.75323486328125,0,0.203125,0.0234375,0.0234375,1.4694127800787178e-39,2.571389688528361e-39,3.543150047075836e-34,2492,148858754,1012.794189453125,32.20000076293945,3.7943708896636963,2494,148894372,257282985,-802947868,-20.4950008392334,0.2290000021457672,125.31803894042969,12,2494
148946244,148898165,0.59454345703125,0.1910400390625,-0.20672607421875,0.75323486328125,0,0.203125,0.0234375,0.0234375,nan,2.4795626001611557e-39,3.5507661943609586e-34,2493,148899230,1012.806396484375,32.20000076293945,3.693962812423706,2495,148946241,257282985,-802947865,-20.479999542236328,0.24300000071525574,125.31803894042969,12,2495
148993289,148951271,0.59454345703125,0.1910400390625,-0.20672607421875,0.75323486328125,3,-0.01953125,-0.14453125,0.1171875,nan,2.4795626001611557e-39,3.5507661943609586e-34,2494,148952337,1012.772705078125,32.20000076293945,3.974048614501953,2496,148993286,257282985,-802947864,-20.476999282836914,0.24500000476837158,125.31803894042969,12,2496
149046295,149003582,0.59454345703125,0.1910400390625,-0.20672607421875,0.75323486328125,0,-0.01953125,-0.14453125,0.1171875,4.2244580466399536e-39,2.5713574586636815e-39,3.5741610574184664e-34,2495,149004647,1012.812255859375,32.20000076293945,3.6464009284973145,2497,149046292,257282986,-802947863,-20.47599983215332,0.24899999797344208,125.31803894042969,12,2497
149092590,149055271,0.59454345703125,0.1910400390625,-0.20672607421875,0.75323486328125,3,-0.06640625,-0.14453125,-0.15234375,4.2244580466399536e-39,2.5713574586636815e-39,3.5741610574184664e-34,2496,149056337,1012.80126953125,32.189998626708984,3.7362399101257324,2498,149092587,257282986,-802947864,-20.482999801635742,0.22200000286102295,125.31803894042969,12,2498
149145263,149096480,0.59454345703125,0.1910400390625,-0.20672607421875,0.75323486328125,0,-0.06640625,-0.14453125,-0.15234375,1.1938502396661712e-39,2.4795668040565487e-39,3.60098873132236e-34,2497,149097546,1012.806884765625,32.20000076293945,3.688678026199341,2499,149145260,257282985,-802947864,-20.48200035095215,0.23399999737739563,125.31803894042969,12,2499
149191670,149149271,0.59454345703125,0.1910400390625,-0.20672607421875,0.75323486328125,3,-0.01171875,-0.07421875,-0.015625,1.1938502396661712e-39,2.4795668040565487e-39,3.60098873132236e-34,2498,149150337,1012.768798828125,32.20000076293945,4.005756378173828,2500,149191667,257282982,-802947864,-20.483999252319336,0.24899999797344208,125.31803894042969,11,2500
149245344,149202582,0.59454345703125,0.1910400390625,-0.20672607421875,0.75323486328125,0,-0.01171875,-0.07421875,-0.015625,nan,2.571381280737575e-39,3.619689422993752e-34,2499,149203647,1012.78466796875,32.20000076293945,3.873640537261963,2501,149245341,257282981,-802947863,-20.490999221801758,0.2669999897480011,125.31803894042969,11,2501
149292304,149255271,0.59454345703125,0.1910400390625,-0.20672607421875,0.75323486328125,3,0.1640625,0.0234375,0.0703125,nan,2.571381280737575e-39,3.619689422993752e-34,2500,149256337,1012.80908203125,32.20000076293945,3.6728241443634033,2502,149292301,257282979,-802947862,-20.486000061035156,0.2919999957084656,125.31803894042969,11,2502
149345387,149296534,0.59619140625,0.1875,-0.20538330078125,0.75311279296875,0,0.1640625,0.0234375,0.0703125,nan,2.571381280737575e-39,3.619689422993752e-34,2501,149297599,1012.797607421875,32.189998626708984,3.7679476737976074,2503,149345384,257282977,-802947860,-20.47800064086914,0.3149999976158142,125.31803894042969,11,2503
149392302,149350271,0.59619140625,0.1875,-0.20538330078125,0.75311279296875,3,0.05859375,0.09375,0.0234375,nan,2.571381280737575e-39,3.619689422993752e-34,2502,149351337,1012.777099609375,32.20000076293945,3.937056064605713,2504,149392299,257282976,-802947859,-20.475000381469727,0.3160000145435333,125.31803894042969,11,2504
149445341,149402582,0.59619140625,0.1875,-0.20538330078125,0.75311279296875,0,0.05859375,0.09375,0.0234375,nan,2.5713546560667528e-39,3.663352609642069e-34,2503,149403647,1012.806396484375,32.20000076293945,3.693962812423706,2505,149445338,257282976,-802947858,-20.48200035095215,0.3070000112056732,125.31803894042969,11,2505
149544600,149508165,0.59619140625,0.1875,-0.20538330078125,0.75311279296875,0,0.05859375,0.09375,0.0234375,nan,2.4795920274289065e-39,3.6760073114239e-34,2504,149509230,1012.808837890625,32.20000076293945,3.6728241443634033,2506,149544598,257282977,-802947859,-20.511999130249023,0.2630000114440918,125.31803894042969,11,2506
149592178,149549689,0.59619140625,0.1875,-0.20538330078125,0.75311279296875,0,0.05859375,0.09375,0.0234375,nan,2.4795906261304422e-39,3.6928719819383534e-34,2505,149550755,1012.80224609375,32.20000076293945,3.725670576095581,2507,149592175,257282977,-802947859,-20.520000457763672,0.2529999911785126,125.31803894042969,11,2507
149644120,149602164,0.59619140625,0.1875,-0.20538330078125,0.75311279296875,0,0.05859375,0.09375,0.0234375,nan,2.4795710079519416e-39,3.712044248882517e-34,2506,149603230,1012.777587890625,32.20000076293945,3.9317715167999268,2508,149644117,257282977,-802947858,-20.52199935913086,0.25600001215934753,125.31803894042969,11,2508
149691576,149654647,0.59619140625,0.1875,-0.20538330078125,0.75311279296875,0,0.05859375,0.09375,0.0234375,nan,2.479559797564227e-39,3.723672688994782e-34,2507,149655712,1012.80810546875,32.20000076293945,3.6781086921691895,2509,149691573,257282977,-802947856,-20.517000198364258,0.27399998903274536,125.31803894042969,11,2509
149748005,149693164,0.59619140625,0.1875,-0.20538330078125,0.75311279296875,0,0.05859375,0.09375,0.0234375,nan,2.571385484632968e-39,3.733474521088465e-34,2508,149694230,1012.80615234375,32.20000076293945,3.693962812423706,2510,149748002,257282978,-802947858,-20.52199935913086,0.23000000417232513,125.31803894042969,11,2510
149795493,149752271,0.59619140625,0.1875,-0.20538330078125,0.75311279296875,3,-0.08984375,-0.0859375,-0.03515625,nan,2.571385484632968e-39,3.733474521088465e-34,2509,149753337,1012.795166015625,32.20000076293945,3.789086103439331,2511,149795490,257282977,-802947861,-20.549999237060547,0.19499999284744263,125.31803894042969,11,2511
149849490,149806582,0.59619140625,0.1875,-0.20538330078125,0.75311279296875,0,-0.08984375,-0.0859375,-0.03515625,nan,2.4795710079519416e-39,3.7568064768311045e-34,2510,149807647,1012.802734375,32.20000076293945,3.725670576095581,2512,149849487,257282979,-802947863,-20.57200050354004,0.1599999964237213,125.31803894042969,11,2512
149894341,149858164,0.59619140625,0.1875,-0.20538330078125,0.75311279296875,0,-0.08984375,-0.0859375,-0.03515625,5.50998963963304e-40,2.5713714716483247e-39,3.7678859702650853e-34,2511,149859230,1012.81689453125,32.20000076293945,3.604123830795288,2513,149894338,257282980,-802947865,-20.5939998626709,0.12800000607967377,125.31803894042969,11,2513
149945681,149896664,0.59619140625,0.1875,-0.20538330078125,0.75311279296875,3,0.0546875,0.13671875,0.0546875,5.50998963963304e-40,2.5713714716483247e-39,3.7678859702650853e-34,2512,149897730,1012.786865234375,32.209999084472656,3.8577864170074463,2514,149945678,257282979,-802947864,-20.593000411987305,0.1340000033378601,125.31803894042969,11,2514
149991573,149949063,0.59619140625,0.1875,-0.20538330078125,0.75311279296875,3,0.01171875,0.03125,-0.05078125,5.50998963963304e-40,2.5713714716483247e-39,3.7678859702650853e-34,2513,149950128,1012.780517578125,32.209999084472656,3.910632848739624,2515,149991570,257282978,-802947865,-20.590999603271484,0.12999999523162842,125.31803894042969,11,2515
150044473,150001791,0.59619140625,0.1875,-0.20538330078125,0.75311279296875,0,0.01171875,0.03125,-0.05078125,nan,2.4795794157427276e-39,3.8060546391782696e-34,2514,150002856,1012.7880859375,32.209999084472656,3.847217321395874,2516,150044470,257282977,-802947865,-20.582000732421875,0.14499999582767487,125.31803894042969,11,2516
150090223,150053956,0.59619140625,0.1875,-0.20538330078125,0.75311279296875,0,0.01171875,0.03125,-0.05078125,nan,2.5713672677529318e-39,3.8159095062709837e-34,2515,150055021,1012.79833984375,32.20000076293945,3.7626631259918213,2517,150090220,257282979,-802947866,-20.58300018310547,0.09000000357627869,125.31803894042969,11,2517
150141418,150092873,0.59619140625,0.1875,-0.20538330078125,0.75311279296875,0,0.01171875,0.03125,-0.05078125,2.387711689720057e-39,2.5713224262020734e-39,3.830213114386331e-34,2516,150093939,1012.794921875,32.209999084472656,3.789086103439331,2518,150141416,257282981,-802947866,-20.594999313354492,0.0820000022649765,125.31803894042969,11,2518
150199368,150144956,0.59619140625,0.1875,-0.20538330078125,0.75311279296875,0,0.01171875,0.03125,-0.05078125,6.795808498811313e-39,2.4796466780690152e-39,3.8399837224113203e-34,2517,150146022,1012.779052734375,32.209999084472656,3.9212021827697754,2519,150199365,257282981,-802947867,-20.625,0.0820000022649765,125.31803894042969,11,2519
150244437,150201898,0.59466552734375,0.1925048828125,-0.20574951171875,0.75299072265625,0,0.01171875,0.03125,-0.05078125,6.795808498811313e-39,2.4796466780690152e-39,3.8399837224113203e-34,2518,150202963,1012.79638671875,32.209999084472656,3.778517007827759,2520,150244434,257282980,-802947866,-20.624000549316406,0.10000000149011612,125.31803894042969,11,2520
150296645,150253956,0.59466552734375,0.1925048828125,-0.20574951171875,0.75299072265625,0,0.01171875,0.03125,-0.05078125,3.948999202313767e-39,2.4795710079519416e-39,3.869782504204665e-34,2519,150255021,1012.796142578125,32.209999084472656,3.778517007827759,2521,150296643,257282982,-802947866,-20.613000869750977,0.09300000220537186,125.31803894042969,11,2521
150343349,150306898,0.59466552734375,0.1925048828125,-0.20574951171875,0.75299072265625,3,-0.02734375,0.046875,-0.16015625,3.948999202313767e-39,2.4795710079519416e-39,3.869782504204665e-34,2520,150307963,1012.79736328125,32.209999084472656,3.7679476737976074,2522,150343346,257282983,-802947868,-20.628999710083008,0.057999998331069946,125.31803894042969,11,2522
150395376,150346956,0.59466552734375,0.1925048828125,-0.20574951171875,0.75299072265625,0,-0.02734375,0.046875,-0.16015625,5.41829707591841e-39,2.47956400145962e-39,3.919906777185178e-34,2521,150348021,1012.802734375,32.209999084472656,3.725670576095581,2523,150395374,257282981,-802947871,-20.656999588012695,0.07500000298023224,125.31803894042969,11,2523
150443272,150400795,0.59466552734375,0.1925048828125,-0.20574951171875,0.75299072265625,0,-0.02734375,0.046875,-0.16015625,1.9285510245116727e-39,2.571389688528361e-39,3.9414095994330905e-34,2522,150401861,1012.791015625,32.209999084472656,3.820794105529785,2524,150443269,257282981,-802947871,-20.672000885009766,0.0689999982714653,125.31803894042969,11,2524
150495370,150452956,0.59466552734375,0.1925048828125,-0.20574951171875,0.75299072265625,0,-0.02734375,0.046875,-0.16015625,nan,2.571389688528361e-39,3.954855234425582e-34,2523,150454021,1012.782470703125,32.220001220703125,3.8947789669036865,2525,150495368,257282981,-802947871,-20.67799949645996,0.07400000095367432,125.31803894042969,11,2525
150590347,150559873,0.59466552734375,0.1925048828125,-0.20574951171875,0.75299072265625,0,-0.02734375,0.046875,-0.16015625,2.2959224364113884e-39,2.5713840833345036e-39,3.985045694610041e-34,2524,150560939,1012.819091796875,32.220001220703125,3.5882699489593506,2526,150590344,257282986,-802947875,-20.687000274658203,0.027000000700354576,125.31803894042969,11,2526
150643384,150594956,0.59466552734375,0.1925048828125,-0.20574951171875,0.75299072265625,0,-0.02734375,0.046875,-0.16015625,1.2857249721811635e-39,2.5713784781406464e-39,4.003620342062956e-34,2525,150596022,1012.847412109375,32.220001220703125,3.35046124458313,2527,150643382,257282987,-802947875,-20.68899917602539,0.04699999839067459,125.31803894042969,11,2527
150691345,150648742,0.5960693359375,0.1866455078125,-0.20660400390625,0.75311279296875,0,-0.02734375,0.046875,-0.16015625,1.2857249721811635e-39,2.5713784781406464e-39,4.003620342062956e-34,2526,150649808,1012.762451171875,32.209999084472656,4.058602809906006,2528,150691342,257282990,-802947874,-20.68000030517578,0.09399999678134918,125.31803894042969,11,2528
150750240,150702087,0.5960693359375,0.1866455078125,-0.20660400390625,0.75311279296875,3,0.02734375,-0.09765625,-0.03125,1.2857249721811635e-39,2.5713784781406464e-39,4.003620342062956e-34,2527,150703152,1012.7685546875,32.209999084472656,4.011041164398193,2529,150750237,257282991,-802947874,-20.68600082397461,0.10499999672174454,125.31803894042969,11,2529
150791316,150754689,0.5960693359375,0.1866455078125,-0.20660400390625,0.75311279296875,0,0.02734375,-0.09765625,-0.03125,2.2959112260236738e-39,2.5713784781406464e-39,4.110457625695836e-34,2528,150755754,1012.775390625,32.220001220703125,3.9529099464416504,2530,150791313,257282993,-802947875,-20.719999313354492,0.10899999737739563,125.31803894042969,11,2530
150850385,150795140,0.596923828125,0.18450927734375,-0.20806884765625,0.7525634765625,0,0.02734375,-0.09765625,-0.03125,2.2959112260236738e-39,2.5713784781406464e-39,4.110457625695836e-34,2529,150796206,1012.837158203125,32.220001220703125,3.4350154399871826,2531,150850382,257282993,-802947877,-20.7189998626709,0.08299999684095383,125.31803894042969,11,2531
150895512,150852271,0.596923828125,0.18450927734375,-0.20806884765625,0.7525634765625,3,-0.02734375,-0.17578125,0.015625,2.2959112260236738e-39,2.5713784781406464e-39,4.110457625695836e-34,2530,150853337,1012.814697265625,32.220001220703125,3.625262498855591,2532,150895510,257282996,-802947879,-20.67300033569336,0.0860000029206276,125.31803894042969,11,2532
150942306,150905582,0.596923828125,0.18450927734375,-0.20806884765625,0.7525634765625,0,-0.02734375,-0.17578125,0.015625,2.112199596052226e-39,2.47956400145962e-39,4.167523743830931e-34,2531,150906647,1012.79248046875,32.220001220703125,3.810224771499634,2533,150942303,257283000,-802947881,-20.621000289916992,0.12399999797344208,125.31803894042969,11,2533
150992498,150944164,0.596923828125,0.18450927734375,-0.20806884765625,0.7525634765625,0,-0.02734375,-0.17578125,0.015625,nan,2.479559797564227e-39,4.18933237828105e-34,2532,150945230,1012.802734375,32.220001220703125,3.725670576095581,2534,150992495,257283003,-802947882,-20.60300064086914,0.13899999856948853,125.31803894042969,11,2534
151046114,150997272,0.596923828125,0.18450927734375,-0.20806884765625,0.7525634765625,3,0.03515625,-0.07421875,-0.07421875,nan,2.479559797564227e-39,4.18933237828105e-34,2533,150998337,1012.775634765625,32.220001220703125,3.9476253986358643,2535,151046111,257283003,-802947883,-20.593000411987305,0.14100000262260437,125.31803894042969,11,2535
151091345,151049582,0.596923828125,0.18450927734375,-0.20806884765625,0.7525634765625,0,0.03515625,-0.07421875,-0.07421875,nan,2.5713924911252896e-39,4.236075268293025e-34,2534,151050647,1012.83349609375,32.22999954223633,3.4667232036590576,2536,151091342,257283002,-802947885,-20.60700035095215,0.1469999998807907,125.31803894042969,11,2536
151145573,151102271,0.596923828125,0.18450927734375,-0.20806884765625,0.7525634765625,3,0.02734375,-0.06640625,-0.01953125,nan,2.5713924911252896e-39,4.236075268293025e-34,2535,151103337,1012.8447265625,32.22999954223633,3.3715996742248535,2537,151145570,257283002,-802947887,-20.628000259399414,0.16200000047683716,125.31803894042969,11,2537
151192368,151155480,0.596923828125,0.18450927734375,-0.20806884765625,0.7525634765625,3,0.01171875,0.01171875,0.02734375,nan,2.5713924911252896e-39,4.236075268293025e-34,2536,151156545,1012.824951171875,32.22999954223633,3.540708065032959,2538,151192365,257282998,-802947884,-20.61400032043457,0.10100000351667404,125.31803894042969,11,2538
151245525,151196271,0.596923828125,0.18450927734375,-0.20806884765625,0.7525634765625,3,0.0234375,0.00390625,-0.05078125,nan,2.5713924911252896e-39,4.236075268293025e-34,2537,151197337,1012.80712890625,32.220001220703125,3.688678026199341,2539,151245522,257282998,-802947887,-20.618999481201172,0.1379999965429306,125.31803894042969,11,2539
151291303,151249480,0.596923828125,0.18450927734375,-0.20806884765625,0.7525634765625,3,-0.06640625,-0.01953125,0.078125,nan,2.5713924911252896e-39,4.236075268293025e-34,2538,151250545,1012.802490234375,32.22999954223633,3.725670576095581,2540,151291300,257283002,-802947888,-20.61400032043457,0.11900000274181366,125.31803894042969,11,2540
151345713,151302373,0.596923828125,0.18450927734375,-0.20806884765625,0.7525634765625,0,-0.06640625,-0.01953125,0.078125,nan,2.5713756755437177e-39,4.349372260725658e-34,2539,151303439,1012.808349609375,32.22999954223633,3.6781086921691895,2541,151345710,257283005,-802947888,-20.599000930786133,0.12099999934434891,125.31803894042969,12,2541
151392496,151355480,0.59796142578125,0.18939208984375,-0.2071533203125,0.75079345703125,0,-0.06640625,-0.01953125,0.078125,nan,2.5713756755437177e-39,4.349372260725658e-34,2540,151356545,1012.790771484375,32.22999954223633,3.8260786533355713,2542,151392493,257283008,-802947889,-20.590999603271484,0.14000000059604645,125.31803894042969,12,2542
151445554,151396349,0.59796142578125,0.19061279296875,-0.20697021484375,0.75054931640625,0,-0.06640625,-0.01953125,0.078125,nan,2.5713756755437177e-39,4.349372260725658e-34,2541,151397415,1012.7890625,32.22999954223633,3.8366479873657227,2543,151445551,257283007,-802947890,-20.604999542236328,0.12600000202655792,125.31803894042969,12,2543
151497317,151448271,0.59796142578125,0.19061279296875,-0.20697021484375,0.75054931640625,3,0.0,-0.05078125,0.05078125,nan,2.5713756755437177e-39,4.349372260725658e-34,2542,151449337,1012.8017578125,32.22999954223633,3.730955123901367,2544,151497315,257283006,-802947890,-20.61199951171875,0.0949999988079071,125.31803894042969,12,2544
151596317,151560582,0.59796142578125,0.19061279296875,-0.20697021484375,0.75054931640625,0,0.0,-0.05078125,0.05078125,nan,2.5713546560667528e-39,4.443537164243697e-34,2543,151561648,1012.76904296875,32.22999954223633,4.005756378173828,2545,151596314,257283007,-802947892,-20.614999771118164,0.10999999940395355,125.31803894042969,12,2545
151641425,151599272,0.59796142578125,0.19061279296875,-0.20697021484375,0.75054931640625,3,0.0546875,0.1015625,-0.06640625,nan,2.5713546560667528e-39,4.443537164243697e-34,2544,151600337,1012.806396484375,32.22999954223633,3.693962812423706,2546,151641422,257283007,-802947893,-20.611000061035156,0.11299999803304672,125.31803894042969,12,2546
151695682,151652582,0.59796142578125,0.19061279296875,-0.20697021484375,0.75054931640625,0,0.0546875,0.1015625,-0.06640625,nan,2.5713700703498604e-39,4.513644382010707e-34,2545,151653648,1012.82421875,32.2400016784668,3.545992851257324,2547,151695679,257283007,-802947893,-20.600000381469727,0.10899999737739563,125.31803894042969,12,2547
151747291,151705216,0.59796142578125,0.19061279296875,-0.20697021484375,0.75054931640625,3,0.015625,0.03125,0.03515625,nan,2.5713700703498604e-39,4.513644382010707e-34,2546,151706281,1012.82275390625,32.22999954223633,3.5565621852874756,2548,151747288,257283006,-802947894,-20.594999313354492,0.11699999868869781,125.31803894042969,11,2548
151794282,151758533,0.5963134765625,0.19403076171875,-0.2054443359375,0.7513427734375,0,0.015625,0.03125,0.03515625,nan,2.5713700703498604e-39,4.513644382010707e-34,2547,151759599,1012.7783203125,32.22999954223633,3.9264867305755615,2549,151794279,257283007,-802947894,-20.606000900268555,0.0949999988079071,125.31803894042969,11,2549
151851494,151796295,0.5963134765625,0.19403076171875,-0.2054443359375,0.7513427734375,3,-0.0390625,-0.078125,-0.02734375,nan,2.5713700703498604e-39,4.513644382010707e-34,2548,151797361,1012.795166015625,32.2400016784668,3.789086103439331,2550,151851491,257283007,-802947895,-20.611000061035156,0.08500000089406967,125.31803894042969,12,2550
151892626,151855480,0.5963134765625,0.19403076171875,-0.2054443359375,0.7513427734375,0,-0.0390625,-0.078125,-0.02734375,nan,2.4795583962657627e-39,4.607923161543982e-34,2549,151856546,1012.819091796875,32.22999954223633,3.5882699489593506,2551,151892623,257283008,-802947895,-20.621000289916992,0.0729999989271164,125.31803894042969,12,2551
151943329,151894360,0.5963134765625,0.19403076171875,-0.2054443359375,0.7513427734375,3,-0.12890625,0.03125,0.0234375,nan,2.4795583962657627e-39,4.607923161543982e-34,2550,151895426,1012.781494140625,32.22999954223633,3.9000637531280518,2552,151943327,257283010,-802947898,-20.62700080871582,0.1080000028014183,125.31803894042969,12,2552
151995503,151947373,0.5963134765625,0.19403076171875,-0.2054443359375,0.7513427734375,0,-0.12890625,0.03125,0.0234375,5.5100737175409e-40,2.479580817041192e-39,4.6519408332074685e-34,2551,151948439,1012.80517578125,32.22999954223633,3.7045319080352783,2553,151995500,257283013,-802947899,-20.631000518798828,0.11900000274181366,125.31803894042969,12,2553
152042317,152000373,0.5963134765625,0.19403076171875,-0.2054443359375,0.7513427734375,0,-0.12890625,0.03125,0.0234375,9.18384388847663e-40,2.4795696066534773e-39,4.670185791229177e-34,2552,152001439,1012.798583984375,32.22999954223633,3.757378339767456,2554,152042315,257283014,-802947898,-20.61400032043457,0.11500000208616257,125.31803894042969,12,2554
152096282,152053480,0.5963134765625,0.19403076171875,-0.2054443359375,0.7513427734375,3,-0.04296875,-0.0625,0.0625,9.18384388847663e-40,2.4795696066534773e-39,4.670185791229177e-34,2553,152054546,1012.80078125,32.22999954223633,3.7415244579315186,2555,152096279,257283013,-802947900,-20.625,0.10999999940395355,125.31803894042969,12,2555
152148728,152106271,0.5963134765625,0.19403076171875,-0.2054443359375,0.7513427734375,3,0.1171875,0.0234375,0.015625,9.18384388847663e-40,2.4795696066534773e-39,4.670185791229177e-34,2554,152107337,1012.795166015625,32.2400016784668,3.789086103439331,2556,152148726,257283012,-802947901,-20.631999969482422,0.10400000214576721,125.31803894042969,12,2556
152196585,152159586,0.5963134765625,0.19403076171875,-0.2054443359375,0.7513427734375,3,-0.02734375,-0.0546875,-0.08984375,9.18384388847663e-40,2.4795696066534773e-39,4.670185791229177e-34,2555,152160652,1012.81201171875,32.2400016784668,3.6464009284973145,2557,152196583,257283011,-802947901,-20.624000549316406,0.10199999809265137,125.31803894042969,12,2557
152246240,152198271,0.5963134765625,0.19403076171875,-0.2054443359375,0.7513427734375,3,0.0859375,-0.0390625,-0.01171875,9.18384388847663e-40,2.4795696066534773e-39,4.670185791229177e-34,2556,152199337,1012.767578125,32.2400016784668,4.0163254737854,2558,152246237,257283012,-802947901,-20.613000869750977,0.08100000023841858,125.31803894042969,12,2558
152294273,152251480,0.5963134765625,0.19403076171875,-0.2054443359375,0.7513427734375,0,0.0859375,-0.0390625,-0.01171875,1.9285075842592787e-39,2.4795696066534773e-39,4.791773233077472e-34,2557,152252546,1012.7744140625,32.22999954223633,3.9581947326660156,2559,152294271,257283016,-802947902,-20.621999740600586,0.11299999803304672,125.31803894042969,12,2559
152341530,152304373,0.5963134765625,0.19403076171875,-0.2054443359375,0.7513427734375,0,0.0859375,-0.0390625,-0.01171875,8.265320771080998e-40,2.5713840833345036e-39,4.8097270725763595e-34,2558,152305439,1012.79248046875,32.2400016784668,3.810224771499634,2560,152341527,257283014,-802947903,-20.62299919128418,0.09799999743700027,125.31803894042969,12,2560
152392479,152343480,0.5963134765625,0.19403076171875,-0.2054443359375,0.7513427734375,0,0.0859375,-0.0390625,-0.01171875,7.34689574457787e-40,2.571381280737575e-39,4.841785925930153e-34,2559,152344546,1012.80419921875,32.22999954223633,3.7098166942596436,2561,152392476,257283015,-802947902,-20.607999801635742,0.0860000029206276,125.31803894042969,12,2561
152445493,152396271,0.59869384765625,0.189697265625,-0.20721435546875,0.7501220703125,0,0.0859375,-0.0390625,-0.01171875,7.34689574457787e-40,2.571381280737575e-39,4.841785925930153e-34,2560,152397337,1012.78466796875,32.2400016784668,3.873640537261963,2562,152445490,257283015,-802947902,-20.610000610351562,0.07199999690055847,125.31803894042969,12,2562
152497298,152449558,0.59881591796875,0.18963623046875,-0.20672607421875,0.7501220703125,0,0.0859375,-0.0390625,-0.01171875,7.34689574457787e-40,2.571381280737575e-39,4.841785925930153e-34,2561,152450624,1012.786865234375,32.2400016784668,3.8577864170074463,2563,152497295,257283016,-802947903,-20.625,0.07400000095367432,125.31803894042969,12,2563
152590270,152560272,0.59881591796875,0.18963623046875,-0.20672607421875,0.7501220703125,3,-0.02734375,-0.05078125,0.00390625,7.34689574457787e-40,2.571381280737575e-39,4.841785925930153e-34,2562,152561337,1012.7578125,32.2400016784668,4.100880146026611,2564,152590268,257283017,-802947905,-20.652000427246094,0.0989999994635582,125.31803894042969,11,2564
152642332,152593587,0.59881591796875,0.18963623046875,-0.20672607421875,0.7501220703125,3,0.078125,0.0,-0.02734375,7.34689574457787e-40,2.571381280737575e-39,4.841785925930153e-34,2563,152594652,1012.8037109375,32.2400016784668,3.7151012420654297,2565,152642329,257283017,-802947906,-20.648000717163086,0.09700000286102295,125.31803894042969,11,2565
152694269,152646164,0.59881591796875,0.18963623046875,-0.20672607421875,0.7501220703125,0,0.078125,0.0,-0.02734375,nan,2.479568205355013e-39,4.973624964214565e-34,2564,152647230,1012.784423828125,32.25,3.878925085067749,2566,152694266,257283017,-802947907,-20.656999588012695,0.1080000028014183,125.31803894042969,11,2566
152748730,152699689,0.59881591796875,0.18963623046875,-0.20672607421875,0.7501220703125,3,0.0234375,0.0078125,-0.05078125,nan,2.479568205355013e-39,4.973624964214565e-34,2565,152700755,1012.80078125,32.25,3.7415244579315186,2567,152748727,257283017,-802947908,-20.673999786376953,0.09300000220537186,125.31803894042969,11,2567
152793307,152751140,0.599365234375,0.18927001953125,-0.20648193359375,0.7498779296875,0,0.0234375,0.0078125,-0.05078125,nan,2.479568205355013e-39,4.973624964214565e-34,2566,152752206,1012.7978515625,32.25,3.7626631259918213,2568,152793304,257283017,-802947906,-20.66900062561035,0.06800000369548798,125.31803894042969,12,2568
152847318,152804689,0.599365234375,0.18927001953125,-0.20648193359375,0.7498779296875,0,0.0234375,0.0078125,-0.05078125,nan,2.479576613145799e-39,5.04728621568289e-34,2567,152805754,1012.772705078125,32.25,3.974048614501953,2569,152847316,257283019,-802947909,-20.691999435424805,0.08900000154972076,125.31803894042969,11,2569
152893229,152857140,0.59814453125,0.19091796875,-0.20703125,0.750244140625,0,0.0234375,0.0078125,-0.05078125,nan,2.479576613145799e-39,5.04728621568289e-34,2568,152858206,1012.789794921875,32.25,3.8313634395599365,2570,152893226,257283017,-802947905,-20.655000686645508,0.04500000178813934,125.31803894042969,11,2570
152946334,152897689,0.59814453125,0.19091796875,-0.20703125,0.750244140625,0,0.0234375,0.0078125,-0.05078125,nan,2.5713756755437177e-39,5.088203980173563e-34,2569,152898754,1012.806396484375,32.2400016784668,3.693962812423706,2571,152946331,257283016,-802947905,-20.64900016784668,0.02199999988079071,125.31803894042969,11,2571
152992460,152950140,0.59796142578125,0.19189453125,-0.20672607421875,0.750244140625,0,0.0234375,0.0078125,-0.05078125,nan,2.5713756755437177e-39,5.088203980173563e-34,2570,152951206,1012.802001953125,32.25,3.730955123901367,2572,152992457,257283016,-802947904,-20.64900016784668,0.017000000923871994,125.31803894042969,11,2572
153040243,153003713,0.59796142578125,0.19189453125,-0.20672607421875,0.750244140625,3,-0.07421875,0.03125,0.02734375,nan,2.5713756755437177e-39,5.088203980173563e-34,2571,153004778,1012.78173828125,32.25,3.9000637531280518,2573,153040240,257283016,-802947905,-20.666000366210938,0.026000000536441803,125.31803894042969,11,2573
153090473,153042140,0.597900390625,0.19219970703125,-0.206298828125,0.7503662109375,0,-0.07421875,0.03125,0.02734375,nan,2.5713756755437177e-39,5.088203980173563e-34,2572,153043206,1012.7939453125,32.25,3.7996554374694824,2574,153090470,257283018,-802947906,-20.66900062561035,0.05299999937415123,125.31803894042969,11,2574
153144257,153095665,0.5970458984375,0.19342041015625,-0.20648193359375,0.75067138671875,0,-0.07421875,0.03125,0.02734375,nan,2.5713756755437177e-39,5.088203980173563e-34,2573,153096730,1012.769287109375,32.2400016784668,4.000471591949463,2575,153144254,257283020,-802947909,-20.69099998474121,0.07800000160932541,125.31803894042969,11,2575
153196631,153148164,0.5970458984375,0.19342041015625,-0.20648193359375,0.75067138671875,0,-0.07421875,0.03125,0.02734375,3.6732937294578592e-40,2.5713784781406464e-39,5.189326800058012e-34,2574,153149230,1012.790771484375,32.25,3.8260786533355713,2576,153196628,257283022,-802947912,-20.71500015258789,0.12300000339746475,125.31803894042969,11,2576
153244330,153200664,0.59710693359375,0.1932373046875,-0.206298828125,0.75067138671875,0,-0.07421875,0.03125,0.02734375,3.6732937294578592e-40,2.5713784781406464e-39,5.189326800058012e-34,2575,153201730,1012.797119140625,32.2400016784668,3.7732322216033936,2577,153244327,257283022,-802947913,-20.718000411987305,0.10700000077486038,125.31803894042969,11,2577
153296631,153253140,0.5968017578125,0.193115234375,-0.20654296875,0.75091552734375,0,-0.07421875,0.03125,0.02734375,3.6732937294578592e-40,2.5713784781406464e-39,5.189326800058012e-34,2576,153254206,1012.79541015625,32.2400016784668,3.783801555633545,2578,153296628,257283021,-802947911,-20.718000411987305,0.0820000022649765,125.31803894042969,11,2578
153342249,153305689,0.5968017578125,0.193115234375,-0.20654296875,0.75091552734375,0,-0.07421875,0.03125,0.02734375,nan,2.4795696066534773e-39,5.270022650532039e-34,2577,153306755,1012.799560546875,32.25,3.75209379196167,2579,153342246,257283022,-802947910,-20.69300079345703,0.07500000298023224,125.31803894042969,11,2579
153392461,153344140,0.59698486328125,0.19378662109375,-0.206787109375,0.75054931640625,0,-0.07421875,0.03125,0.02734375,nan,2.4795696066534773e-39,5.270022650532039e-34,2578,153345206,1012.79638671875,32.25,3.778517007827759,2580,153392458,257283024,-802947910,-20.674999237060547,0.11100000143051147,125.31803894042969,11,2580
153445479,153397480,0.59698486328125,0.19378662109375,-0.206787109375,0.75054931640625,0,-0.07421875,0.03125,0.02734375,nan,2.571385484632968e-39,5.3179892485303195e-34,2579,153398545,1012.79150390625,32.22999954223633,3.81550931930542,2581,153445476,257283023,-802947909,-20.672000885009766,0.0949999988079071,125.31803894042969,11,2581
153492492,153450373,0.59698486328125,0.19378662109375,-0.206787109375,0.75054931640625,0,-0.07421875,0.03125,0.02734375,nan,2.5713924911252896e-39,5.3358585993727415e-34,2580,153451439,1012.8115234375,32.25,3.6516857147216797,2582,153492489,257283022,-802947909,-20.684999465942383,0.04399999976158142,125.31803894042969,11,2582
153545414,153502480,0.59698486328125,0.19378662109375,-0.206787109375,0.75054931640625,0,-0.07421875,0.03125,0.02734375,nan,2.4795583962657627e-39,5.368015257529943e-34,2581,153503546,1012.803466796875,32.2400016784668,3.720386028289795,2583,153545411,257283023,-802947910,-20.69099998474121,0.04899999871850014,125.31803894042969,11,2583
153644306,153608272,0.59698486328125,0.19378662109375,-0.206787109375,0.75054931640625,3,-0.0078125,-0.0234375,-0.04296875,nan,2.4795583962657627e-39,5.368015257529943e-34,2582,153609337,1012.77734375,32.25,3.937056064605713,2584,153644303,257283025,-802947912,-20.70800018310547,0.0689999982714653,125.31803894042969,11,2584
153695671,153647587,0.59698486328125,0.19378662109375,-0.206787109375,0.75054931640625,3,-0.03515625,0.015625,0.0625,nan,2.4795583962657627e-39,5.368015257529943e-34,2583,153648652,1012.79052734375,32.25,3.8260786533355713,2585,153695668,257283025,-802947912,-20.731000900268555,0.057999998331069946,125.31803894042969,11,2585
153749523,153700164,0.59698486328125,0.19378662109375,-0.206787109375,0.75054931640625,0,-0.03515625,0.015625,0.0625,3.765234323000675e-39,2.479585020936585e-39,5.455961061248162e-34,2584,153701230,1012.807861328125,32.25,3.6833934783935547,2586,153749520,257283024,-802947912,-20.714000701904297,0.04100000113248825,125.31803894042969,11,2586
153796507,153753623,0.59698486328125,0.19378662109375,-0.206787109375,0.75054931640625,0,-0.03515625,0.015625,0.0625,2.4796172508012644e-39,2.571337840485181e-39,5.475007283973849e-34,2585,153754688,1012.77001953125,32.25,3.9951870441436768,2587,153796504,257283024,-802947911,-20.7189998626709,0.054999999701976776,125.31803894042969,11,2587
153848693,153806140,0.59906005859375,0.190673828125,-0.206787109375,0.74969482421875,0,-0.03515625,0.015625,0.0625,2.4796172508012644e-39,2.571337840485181e-39,5.475007283973849e-34,2586,153807206,1012.82373046875,32.25,3.5512773990631104,2588,153848690,257283023,-802947911,-20.72599983215332,0.04899999871850014,125.31803894042969,11,2588
153896667,153859664,0.59906005859375,0.190673828125,-0.206787109375,0.74969482421875,0,-0.03515625,0.015625,0.0625,2.5714093067068615e-39,2.571364465156003e-39,5.5313506567541805e-34,2587,153860730,1012.763916015625,32.2400016784668,4.048033714294434,2589,153896664,257283023,-802947912,-20.743000030517578,0.0430000014603138,125.31803894042969,11,2589
153947404,153899140,0.600341796875,0.189208984375,-0.20654296875,0.74908447265625,0,-0.03515625,0.015625,0.0625,2.5714093067068615e-39,2.571364465156003e-39,5.5313506567541805e-34,2588,153900206,1012.79833984375,32.25,3.7626631259918213,2590,153947401,257283022,-802947912,-20.746000289916992,0.039000000804662704,125.31803894042969,11,2590
153995359,153952665,0.600341796875,0.189208984375,-0.20654296875,0.74908447265625,3,0.0390625,-0.07421875,0.015625,2.5714093067068615e-39,2.571364465156003e-39,5.5313506567541805e-34,2589,153953730,1012.776611328125,32.25,3.942340850830078,2591,153995356,257283024,-802947914,-20.75,0.0729999989271164,125.31803894042969,11,2591
154041504,154005164,0.600341796875,0.189208984375,-0.20654296875,0.74908447265625,0,0.0390625,-0.07421875,0.015625,1.3775632709360833e-39,2.5713616625590745e-39,5.588080197795856e-34,2590,154006230,1012.775390625,32.25,3.9529099464416504,2592,154041501,257283024,-802947915,-20.763999938964844,0.08699999749660492,125.31803894042969,11,2592
154099865,154043689,0.600341796875,0.189208984375,-0.20654296875,0.74908447265625,0,0.0390625,-0.07421875,0.015625,1.2857389851658067e-39,2.5713714716483247e-39,5.625207452182609e-34,2591,154044754,1012.8193359375,32.25,3.5882699489593506,2593,154099862,257283024,-802947915,-20.774999618530273,0.08100000023841858,125.31803894042969,11,2593
154146246,154102140,0.6005859375,0.1871337890625,-0.209228515625,0.74871826171875,0,0.0390625,-0.07421875,0.015625,1.2857389851658067e-39,2.5713714716483247e-39,5.625207452182609e-34,2592,154103206,1012.77880859375,32.25,3.9212021827697754,2594,154146243,257283025,-802947916,-20.79199981689453,0.10300000011920929,125.31803894042969,11,2594
154193260,154155689,0.6005859375,0.1871337890625,-0.209228515625,0.74871826171875,3,0.109375,-0.05078125,-0.08203125,1.2857389851658067e-39,2.5713714716483247e-39,5.625207452182609e-34,2593,154156755,1012.788818359375,32.2599983215332,3.841932535171509,2595,154193257,257283024,-802947918,-20.816999435424805,0.10000000149011612,125.31803894042969,11,2595
154245585,154195164,0.6005859375,0.1871337890625,-0.209228515625,0.74871826171875,0,0.109375,-0.05078125,-0.08203125,9.183815862507343e-40,2.5713742742452534e-39,5.681434653060301e-34,2594,154196230,1012.776123046875,32.25,3.9476253986358643,2596,154245582,257283025,-802947920,-20.858999252319336,0.11800000071525574,125.31803894042969,11,2596
154296613,154247664,0.6005859375,0.1871337890625,-0.209228515625,0.74871826171875,0,0.109375,-0.05078125,-0.08203125,1.7448520062264038e-39,2.4795822183396562e-39,5.708699234337166e-34,2595,154248730,1012.81005859375,32.25,3.662254810333252,2597,154296610,257283025,-802947922,-20.868999481201172,0.1340000033378601,125.31803894042969,11,2597
154342586,154300164,0.6005859375,0.1871337890625,-0.209228515625,0.74871826171875,0,0.109375,-0.05078125,-0.08203125,nan,2.4795710079519416e-39,5.724272697775638e-34,2596,154301230,1012.80322265625,32.25,3.720386028289795,2598,154342583,257283025,-802947926,-20.90399932861328,0.1770000010728836,125.31803894042969,11,2598
154396485,154353665,0.6005859375,0.1871337890625,-0.209228515625,0.74871826171875,0,0.109375,-0.05078125,-0.08203125,nan,2.5713868859314323e-39,5.758150812308321e-34,2597,154354730,1012.7724609375,32.2599983215332,3.974048614501953,2599,154396482,257283025,-802947928,-20.910999298095703,0.19599999487400055,125.31803894042969,11,2599
154444361,154407164,0.6005859375,0.1871337890625,-0.209228515625,0.74871826171875,0,0.109375,-0.05078125,-0.08203125,8.26511057631135e-40,2.5713924911252896e-39,5.77308877411338e-34,2598,154408230,1012.793701171875,32.2599983215332,3.7996554374694824,2600,154444358,257283026,-802947932,-20.952999114990234,0.23999999463558197,125.31803894042969,11,2600
154496589,154446689,0.6005859375,0.1871337890625,-0.209228515625,0.74871826171875,0,0.109375,-0.05078125,-0.08203125,nan,2.4795836196381206e-39,5.809352315658767e-34,2599,154447754,1012.802978515625,32.2599983215332,3.720386028289795,2601,154496586,257283027,-802947933,-20.9689998626709,0.23000000417232513,125.31803894042969,11,2601
154542428,154500063,0.6005859375,0.1871337890625,-0.209228515625,0.74871826171875,3,0.0625,0.02734375,-0.02734375,nan,2.4795836196381206e-39,5.809352315658767e-34,2600,154501128,1012.79296875,32.2599983215332,3.8049402236938477,2602,154542425,257283027,-802947935,-20.993000030517578,0.23899999260902405,125.31803894042969,11,2602
154595496,154552767,0.6024169921875,0.1846923828125,-0.20904541015625,0.74786376953125,0,0.0625,0.02734375,-0.02734375,nan,2.4795836196381206e-39,5.809352315658767e-34,2601,154553832,1012.805419921875,32.2599983215332,3.699247360229492,2603,154595493,257283027,-802947936,-21.02199935913086,0.22699999809265137,125.31803894042969,11,2603
154695587,154659087,0.6024169921875,0.1846923828125,-0.20904541015625,0.74786376953125,3,0.046875,-0.01171875,-0.05859375,nan,2.4795836196381206e-39,5.809352315658767e-34,2602,154660152,1012.822509765625,32.27000045776367,3.5618467330932617,2604,154695584,257283024,-802947933,-21.027999877929688,0.13099999725818634,125.31803894042969,11,2604
154754512,154699689,0.6024169921875,0.1846923828125,-0.20904541015625,0.74786376953125,3,0.0078125,-0.01953125,0.06640625,nan,2.4795836196381206e-39,5.809352315658767e-34,2603,154700754,1012.7705078125,32.27000045776367,3.9899024963378906,2605,154754509,257283022,-802947933,-21.0049991607666,0.11500000208616257,125.31803894042969,11,2605
154794527,154756164,0.6024169921875,0.1846923828125,-0.20904541015625,0.74786376953125,0,0.0078125,-0.01953125,0.06640625,nan,2.5713826820360393e-39,5.9362212168911085e-34,2604,154757230,1012.826416015625,32.27000045776367,3.5248541831970215,2606,154794525,257283022,-802947933,-20.9950008392334,0.09600000083446503,125.31803894042969,11,2606
154853277,154798582,0.6024169921875,0.1846923828125,-0.20904541015625,0.74786376953125,0,0.0078125,-0.01953125,0.06640625,nan,2.5713714716483247e-39,5.960008447105951e-34,2605,154799648,1012.802001953125,32.27000045776367,3.730955123901367,2607,154853274,257283024,-802947934,-21.003000259399414,0.09700000286102295,125.31803894042969,11,2607
154893245,154855164,0.6024169921875,0.1846923828125,-0.20904541015625,0.74786376953125,0,0.0078125,-0.01953125,0.06640625,nan,2.4795626001611557e-39,5.9819851405140394e-34,2606,154856230,1012.783935546875,32.27000045776367,3.878925085067749,2608,154893242,257283023,-802947935,-20.993000030517578,0.11299999803304672,125.31803894042969,11,2608
154946267,154895582,0.6024169921875,0.1846923828125,-0.20904541015625,0.74786376953125,0,0.0078125,-0.01953125,0.06640625,nan,2.5713714716483247e-39,6.005747115967439e-34,2607,154896648,1012.79150390625,32.27000045776367,3.81550931930542,2609,154946264,257283025,-802947938,-21.017000198364258,0.13099999725818634,125.31803894042969,11,2609
154996259,154948164,0.6024169921875,0.1846923828125,-0.20904541015625,0.74786376953125,0,0.0078125,-0.01953125,0.06640625,nan,2.5713910898268253e-39,6.028181150146394e-34,2608,154949230,1012.77880859375,32.27000045776367,3.9212021827697754,2610,154996256,257283026,-802947937,-20.992000579833984,0.10499999672174454,125.31803894042969,11,2610
155044289,155001647,0.6024169921875,0.1846923828125,-0.20904541015625,0.74786376953125,0,0.0078125,-0.01953125,0.06640625,nan,2.4795583962657627e-39,6.050279984764372e-34,2609,155002712,1012.80615234375,32.27000045776367,3.693962812423706,2611,155044286,257283025,-802947936,-20.999000549316406,0.06499999761581421,125.31803894042969,11,2611
155098235,155054164,0.6024169921875,0.1846923828125,-0.20904541015625,0.74786376953125,0,0.0078125,-0.01953125,0.06640625,nan,2.5713826820360393e-39,6.0756922440837305e-34,2610,155055230,1012.809326171875,32.27000045776367,3.667539596557617,2612,155098232,257283021,-802947931,-20.968000411987305,0.061000000685453415,125.31803894042969,11,2612
155143409,155106664,0.6024169921875,0.1846923828125,-0.20904541015625,0.74786376953125,0,0.0078125,-0.01953125,0.06640625,nan,2.5713882872298966e-39,6.097083027026331e-34,2611,155107730,1012.814208984375,32.27000045776367,3.630547046661377,2613,155143406,257283023,-802947933,-20.989999771118164,0.050999999046325684,125.31803894042969,11,2613
155194411,155145140,0.60003662109375,0.18878173828125,-0.20965576171875,0.74859619140625,0,0.0078125,-0.01953125,0.06640625,nan,2.5713882872298966e-39,6.097083027026331e-34,2612,155146206,1012.803466796875,32.27000045776367,3.720386028289795,2614,155194408,257283021,-802947932,-20.974000930786133,0.07100000232458115,125.31803894042969,11,2614
155246263,155198587,0.60003662109375,0.18878173828125,-0.20965576171875,0.74859619140625,3,0.0078125,-0.00390625,-0.00390625,nan,2.5713882872298966e-39,6.097083027026331e-34,2613,155199652,1012.828857421875,32.27000045776367,3.509000301361084,2615,155246260,257283020,-802947930,-20.93199920654297,0.09600000083446503,125.31803894042969,11,2615
155294463,155251164,0.60003662109375,0.18878173828125,-0.20965576171875,0.74859619140625,0,0.0078125,-0.00390625,-0.00390625,nan,2.479572409250406e-39,6.160623088463083e-34,2614,155252230,1012.82080078125,32.27000045776367,3.572416067123413,2616,155294460,257283020,-802947930,-20.93400001525879,0.08900000154972076,125.31803894042969,11,2616
155346325,155303689,0.60003662109375,0.18878173828125,-0.20965576171875,0.74859619140625,0,0.0078125,-0.00390625,-0.00390625,nan,2.5713868859314323e-39,6.186752123829955e-34,2615,155304754,1012.829345703125,32.27000045776367,3.503715753555298,2617,155346322,257283021,-802947931,-20.944000244140625,0.07000000029802322,125.31803894042969,11,2617
155393263,155357140,0.60015869140625,0.1893310546875,-0.209716796875,0.74835205078125,0,0.0078125,-0.00390625,-0.00390625,nan,2.5713868859314323e-39,6.186752123829955e-34,2616,155358206,1012.811279296875,32.279998779296875,3.6516857147216797,2618,155393261,257283021,-802947932,-20.947999954223633,0.0729999989271164,125.31803894042969,11,2618
155446302,155397598,0.59893798828125,0.191162109375,-0.21044921875,0.7486572265625,0,0.0078125,-0.00390625,-0.00390625,nan,2.5713868859314323e-39,6.186752123829955e-34,2617,155398664,1012.7939453125,32.27000045776367,3.7996554374694824,2619,155446299,257283021,-802947932,-20.966999053955078,0.06199999898672104,125.31803894042969,11,2619
155493185,155451140,0.59881591796875,0.19207763671875,-0.20989990234375,0.7486572265625,0,0.0078125,-0.00390625,-0.00390625,nan,2.5713868859314323e-39,6.186752123829955e-34,2618,155452206,1012.7919921875,32.27000045776367,3.81550931930542,2620,155493182,257283020,-802947934,-20.966999053955078,0.07999999821186066,125.31803894042969,12,2620
155546246,155503623,0.5989990234375,0.191162109375,-0.210205078125,0.7486572265625,0,0.0078125,-0.00390625,-0.00390625,nan,2.5713868859314323e-39,6.186752123829955e-34,2619,155504688,1012.79150390625,32.279998779296875,3.81550931930542,2621,155546243,257283021,-802947934,-20.965999603271484,0.08299999684095383,125.31803894042969,12,2621
155594409,155557164,0.5989990234375,0.191162109375,-0.210205078125,0.7486572265625,0,0.0078125,-0.00390625,-0.00390625,nan,2.571368669051396e-39,6.301658533332757e-34,2620,155558230,1012.76220703125,32.27000045776367,4.063887596130371,2622,155594407,257283022,-802947935,-20.968000411987305,0.05700000002980232,125.31803894042969,12,2622
155698181,155661689,0.5989990234375,0.191162109375,-0.210205078125,0.7486572265625,0,0.0078125,-0.00390625,-0.00390625,nan,2.4795611988626914e-39,6.3354296595124155e-34,2621,155662755,1012.824462890625,32.279998779296875,3.540708065032959,2623,155698178,257283023,-802947936,-20.985000610351562,0.009999999776482582,125.31803894042969,12,2623
155754332,155700087,0.5989990234375,0.191162109375,-0.210205078125,0.7486572265625,3,-0.0078125,0.12109375,0.01171875,nan,2.4795611988626914e-39,6.3354296595124155e-34,2622,155701152,1012.8076171875,32.279998779296875,3.6833934783935547,2624,155754329,257283024,-802947937,-21.006000518798828,0.03999999910593033,125.31803894042969,12,2624
155794416,155756689,0.5989990234375,0.191162109375,-0.210205078125,0.7486572265625,0,-0.0078125,0.12109375,0.01171875,1.4693497216478232e-39,2.4795934287273708e-39,6.400450109147235e-34,2623,155757754,1012.82470703125,32.27000045776367,3.540708065032959,2625,155794413,257283025,-802947940,-21.051000595092773,0.061000000685453415,125.31803894042969,12,2625
155851483,155796164,0.5989990234375,0.191162109375,-0.210205078125,0.7486572265625,0,-0.0078125,0.12109375,0.01171875,1.1020357629851448e-39,2.4795611988626914e-39,6.41535087757635e-34,2624,155797230,1012.78173828125,32.279998779296875,3.9000637531280518,2626,155851480,257283026,-802947943,-21.079999923706055,0.0949999988079071,125.31803894042969,12,2626
155899079,155855689,0.5989990234375,0.191162109375,-0.210205078125,0.7486572265625,0,-0.0078125,0.12109375,0.01171875,4.591802833868847e-40,2.4795654027580843e-39,6.44410043882609e-34,2625,155856755,1012.817626953125,32.279998779296875,3.598839282989502,2627,155899076,257283028,-802947945,-21.089000701904297,0.12800000607967377,125.31803894042969,11,2627
155944262,155908164,0.5989990234375,0.191162109375,-0.210205078125,0.7486572265625,0,-0.0078125,0.12109375,0.01171875,nan,2.4795668040565487e-39,6.459505843306593e-34,2626,155909230,1012.82275390625,32.279998779296875,3.5565621852874756,2628,155944259,257283027,-802947946,-21.09000015258789,0.11500000208616257,125.31803894042969,11,2628
155995309,155946689,0.5989990234375,0.191162109375,-0.210205078125,0.7486572265625,3,0.015625,0.0078125,0.0703125,nan,2.4795668040565487e-39,6.459505843306593e-34,2627,155947754,1012.775146484375,32.27000045776367,3.9529099464416504,2629,155995307,257283026,-802947948,-21.11400032043457,0.11299999803304672,125.31803894042969,11,2629
156054507,156000140,0.59893798828125,0.19268798828125,-0.20916748046875,0.74859619140625,0,0.015625,0.0078125,0.0703125,nan,2.4795668040565487e-39,6.459505843306593e-34,2628,156001206,1012.810791015625,32.279998779296875,3.656970262527466,2630,156054504,257283029,-802947947,-21.08099937438965,0.10700000077486038,125.31803894042969,11,2630
156095473,156058713,0.59893798828125,0.19268798828125,-0.20916748046875,0.74859619140625,3,-0.015625,0.0078125,0.00390625,nan,2.4795668040565487e-39,6.459505843306593e-34,2629,156059779,1012.81982421875,32.279998779296875,3.5829854011535645,2631,156095470,257283028,-802947947,-21.082000732421875,0.08399999886751175,125.31803894042969,11,2631
156145645,156097140,0.59881591796875,0.1927490234375,-0.20916748046875,0.74871826171875,0,-0.015625,0.0078125,0.00390625,nan,2.4795668040565487e-39,6.459505843306593e-34,2630,156098206,1012.816650390625,32.279998779296875,3.609408378601074,2632,156145643,257283028,-802947946,-21.094999313354492,0.05999999865889549,125.31803894042969,11,2632
156193368,156150582,0.59881591796875,0.1927490234375,-0.20916748046875,0.74871826171875,0,-0.015625,0.0078125,0.00390625,nan,2.4795583962657627e-39,6.582002456566852e-34,2631,156151647,1012.7783203125,32.279998779296875,3.9264867305755615,2633,156193365,257283029,-802947947,-21.104999542236328,0.07199999690055847,125.31803894042969,11,2633
156246615,156203164,0.59881591796875,0.1927490234375,-0.20916748046875,0.74871826171875,0,-0.015625,0.0078125,0.00390625,4.591536587160625e-40,2.4795654027580843e-39,6.597743978963294e-34,2632,156204230,1012.78955078125,32.279998779296875,3.8313634395599365,2634,156246612,257283029,-802947948,-21.121000289916992,0.09000000357627869,125.31803894042969,11,2634
156294407,156256689,0.59881591796875,0.1927490234375,-0.20916748046875,0.74871826171875,0,-0.015625,0.0078125,0.00390625,nan,2.4795583962657627e-39,6.6344226169513146e-34,2633,156257755,1012.79052734375,32.279998779296875,3.8260786533355713,2635,156294404,257283029,-802947949,-21.134000778198242,0.07000000029802322,125.31803894042969,11,2635
156346505,156296151,0.59881591796875,0.1927490234375,-0.20916748046875,0.74871826171875,0,-0.015625,0.0078125,0.00390625,nan,2.571385484632968e-39,6.64633597669041e-34,2634,156297217,1012.798828125,32.279998779296875,3.757378339767456,2636,156346502,257283031,-802947948,-21.13800048828125,0.09200000017881393,125.31803894042969,11,2636
156397203,156348664,0.59881591796875,0.1927490234375,-0.20916748046875,0.74871826171875,3,-0.03125,0.015625,0.0234375,nan,2.571385484632968e-39,6.64633597669041e-34,2635,156349730,1012.82958984375,32.279998779296875,3.4984309673309326,2637,156397200,257283030,-802947949,-21.152000427246094,0.08500000089406967,125.31803894042969,11,2637
156443546,156401164,0.59881591796875,0.1927490234375,-0.20916748046875,0.74871826171875,0,-0.03125,0.015625,0.0234375,nan,2.571389688528361e-39,6.683096807447492e-34,2636,156402230,1012.756591796875,32.279998779296875,4.106164455413818,2638,156443543,257283026,-802947951,-21.18899917602539,0.06700000166893005,125.31803894042969,11,2638
156496238,156453689,0.59881591796875,0.1927490234375,-0.20916748046875,0.74871826171875,0,-0.03125,0.015625,0.0234375,nan,2.4795654027580843e-39,6.727494678065073e-34,2637,156454755,1012.816650390625,32.279998779296875,3.609408378601074,2639,156496235,257283026,-802947952,-21.20400047302246,0.07000000029802322,125.31803894042969,11,2639
156548560,156506140,0.59814453125,0.19451904296875,-0.2088623046875,0.74884033203125,0,-0.03125,0.015625,0.0234375,nan,2.4795654027580843e-39,6.727494678065073e-34,2638,156507206,1012.77880859375,32.279998779296875,3.9212021827697754,2640,156548557,257283028,-802947955,-21.243000030517578,0.10599999874830246,125.31803894042969,11,2640
156596585,156559689,0.59814453125,0.19451904296875,-0.2088623046875,0.74884033203125,0,-0.03125,0.015625,0.0234375,9.18332540804483e-40,2.4795583962657627e-39,6.7710935798660795e-34,2639,156560754,1012.82080078125,32.279998779296875,3.572416067123413,2641,156596582,257283030,-802947957,-21.24799919128418,0.1509999930858612,125.31803894042969,11,2641
156693341,156662141,0.5980224609375,0.194580078125,-0.20916748046875,0.74884033203125,0,-0.03125,0.015625,0.0234375,9.18332540804483e-40,2.4795583962657627e-39,6.7710935798660795e-34,2640,156663206,1012.80810546875,32.290000915527344,3.6781086921691895,2642,156693338,257283028,-802947962,-21.31399917602539,0.1550000011920929,125.31803894042969,11,2642
156753497,156698665,0.5980224609375,0.194580078125,-0.20916748046875,0.74884033203125,3,-0.08984375,0.05078125,0.0234375,9.18332540804483e-40,2.4795583962657627e-39,6.7710935798660795e-34,2641,156699730,1012.80859375,32.279998779296875,3.6728241443634033,2643,156753494,257283029,-802947963,-21.329999923706055,0.16099999845027924,125.31803894042969,11,2643
156798260,156755164,0.5980224609375,0.194580078125,-0.20916748046875,0.74884033203125,0,-0.08984375,0.05078125,0.0234375,9.182008187488364e-41,2.4795626001611557e-39,6.857806032870897e-34,2642,156756230,1012.806640625,32.29999923706055,3.693962812423706,2644,156798258,257283030,-802947965,-21.357999801635742,0.1720000058412552,125.31803894042969,11,2644
156850948,156808582,0.5980224609375,0.194580078125,-0.20916748046875,0.74884033203125,0,-0.08984375,0.05078125,0.0234375,nan,2.5713798794391107e-39,6.8738510715821406e-34,2643,156809647,1012.82373046875,32.29999923706055,3.5512773990631104,2645,156850945,257283031,-802947967,-21.395999908447266,0.17900000512599945,125.31803894042969,11,2645
156897200,156861164,0.5980224609375,0.194580078125,-0.20916748046875,0.74884033203125,0,-0.08984375,0.05078125,0.0234375,nan,2.5713756755437177e-39,6.905387380962795e-34,2644,156862230,1012.779052734375,32.290000915527344,3.9212021827697754,2646,156897197,257283030,-802947970,-21.43400001525879,0.2070000022649765,125.31803894042969,11,2646
156944330,156901665,0.5980224609375,0.194580078125,-0.20916748046875,0.74884033203125,0,-0.08984375,0.05078125,0.0234375,8.265292745111712e-40,2.571377076842182e-39,6.926749694901586e-34,2645,156902730,1012.8056640625,32.290000915527344,3.699247360229492,2647,156944327,257283030,-802947972,-21.445999145507812,0.2199999988079071,125.31803894042969,11,2647
156996540,156954140,0.59832763671875,0.1954345703125,-0.20806884765625,0.7486572265625,0,-0.08984375,0.05078125,0.0234375,8.265292745111712e-40,2.571377076842182e-39,6.926749694901586e-34,2646,156955206,1012.78759765625,32.279998779296875,3.85250186920166,2648,156996537,257283030,-802947975,-21.47800064086914,0.23999999463558197,125.31803894042969,11,2648
157043650,157006713,0.59832763671875,0.1954345703125,-0.20806884765625,0.7486572265625,3,-0.01953125,-0.0078125,0.0703125,8.265292745111712e-40,2.571377076842182e-39,6.926749694901586e-34,2647,157007778,1012.811767578125,32.290000915527344,3.6464009284973145,2649,157043647,257283034,-802947977,-21.51099967956543,0.2669999897480011,125.31803894042969,11,2649
157094479,157046140,0.59918212890625,0.1943359375,-0.20721435546875,0.74847412109375,0,-0.01953125,-0.0078125,0.0703125,8.265292745111712e-40,2.571377076842182e-39,6.926749694901586e-34,2648,157047206,1012.826904296875,32.290000915527344,3.5248541831970215,2650,157094476,257283034,-802947981,-21.56100082397461,0.28700000047683716,125.31803894042969,11,2650
157147328,157099456,0.599609375,0.1932373046875,-0.20684814453125,0.74853515625,0,-0.01953125,-0.0078125,0.0703125,8.265292745111712e-40,2.571377076842182e-39,6.926749694901586e-34,2649,157100521,1012.801513671875,32.29999923706055,3.7362399101257324,2651,157147325,257283034,-802947982,-21.573999404907227,0.27900001406669617,125.31803894042969,11,2651
157194395,157151373,0.599609375,0.1932373046875,-0.20684814453125,0.74853515625,0,-0.01953125,-0.0078125,0.0703125,1.193923107186316e-39,2.5713476495744312e-39,7.035437463782049e-34,2650,157152439,1012.796875,32.290000915527344,3.7732322216033936,2652,157194392,257283031,-802947982,-21.58300018310547,0.2590000033378601,125.31803894042969,11,2652
157246271,157203480,0.599609375,0.1932373046875,-0.20684814453125,0.74853515625,3,0.01953125,-0.09375,0.015625,1.193923107186316e-39,2.5713476495744312e-39,7.035437463782049e-34,2651,157204545,1012.822021484375,32.290000915527344,3.5618467330932617,2653,157246268,257283030,-802947983,-21.604000091552734,0.2370000034570694,125.31803894042969,11,2653
157294401,157256271,0.599609375,0.1932373046875,-0.20684814453125,0.74853515625,3,0.02734375,-0.0703125,-0.03125,1.193923107186316e-39,2.5713476495744312e-39,7.035437463782049e-34,2652,157257337,1012.814697265625,32.29999923706055,3.625262498855591,2654,157294398,257283028,-802947983,-21.5939998626709,0.2150000035762787,125.31803894042969,11,2654
157344286,157308480,0.599609375,0.1932373046875,-0.20684814453125,0.74853515625,0,0.02734375,-0.0703125,-0.03125,4.316241694754765e-39,2.4795836196381206e-39,7.108343827471955e-34,2653,157309546,1012.79541015625,32.29999923706055,3.783801555633545,2655,157344284,257283026,-802947981,-21.582000732421875,0.17100000381469727,125.31803894042969,11,2655
157394390,157346271,0.599609375,0.1932373046875,-0.20684814453125,0.74853515625,3,-0.01171875,-0.0625,-0.0234375,4.316241694754765e-39,2.4795836196381206e-39,7.108343827471955e-34,2654,157347337,1012.810302734375,32.29999923706055,3.662254810333252,2656,157394388,257283027,-802947979,-21.57900047302246,0.12399999797344208,125.31803894042969,11,2656
157442193,157399480,0.599609375,0.1932373046875,-0.20684814453125,0.74853515625,0,-0.01171875,-0.0625,-0.0234375,5.418257839561409e-39,2.4795920274289065e-39,7.156604758235422e-34,2655,157400546,1012.7958984375,32.29999923706055,3.778517007827759,2657,157442190,257283027,-802947978,-21.56599998474121,0.09000000357627869,125.31803894042969,11,2657
157494467,157452373,0.599609375,0.1932373046875,-0.20684814453125,0.74853515625,0,-0.01171875,-0.0625,-0.0234375,3.8570502009801655e-39,2.4795976326227638e-39,7.1734652961525485e-34,2656,157453439,1012.785400390625,32.29999923706055,3.8683557510375977,2658,157494465,257283025,-802947975,-21.540000915527344,0.032999999821186066,125.31803894042969,11,2658
157541374,157505480,0.599609375,0.1932373046875,-0.20684814453125,0.74853515625,3,0.1328125,-0.06640625,0.046875,3.8570502009801655e-39,2.4795976326227638e-39,7.1734652961525485e-34,2657,157506546,1012.78662109375,32.29999923706055,3.8577864170074463,2659,157541371,257283023,-802947974,-21.540000915527344,0.04100000113248825,125.31803894042969,11,2659
157592220,157543271,0.599609375,0.1932373046875,-0.20684814453125,0.74853515625,3,0.01171875,-0.07421875,-0.14453125,3.8570502009801655e-39,2.4795976326227638e-39,7.1734652961525485e-34,2658,157544337,1012.78125,32.29999923706055,3.905348300933838,2660,157592217,257283023,-802947974,-21.52199935913086,0.029999999329447746,125.31803894042969,11,2660
157645512,157596127,0.599609375,0.1932373046875,-0.20684814453125,0.74853515625,3,0.00390625,-0.05859375,-0.05078125,3.8570502009801655e-39,2.4795976326227638e-39,7.1734652961525485e-34,2659,157597193,1012.79150390625,32.29999923706055,3.81550931930542,2661,157645509,257283021,-802947975,-21.520999908447266,0.06199999898672104,125.31803894042969,11,2661
157752173,157709689,0.599609375,0.1932373046875,-0.20684814453125,0.74853515625,3,-0.00390625,-0.07421875,-0.04296875,3.8570502009801655e-39,2.4795976326227638e-39,7.1734652961525485e-34,2660,157710754,1012.785400390625,32.29999923706055,3.8683557510375977,2662,157752170,257283019,-802947976,-21.55299949645996,0.07500000298023224,125.31803894042969,11,2662
157792411,157762087,0.599609375,0.1932373046875,-0.20684814453125,0.74853515625,3,-0.01171875,-0.10546875,-0.03515625,3.8570502009801655e-39,2.4795976326227638e-39,7.1734652961525485e-34,2661,157763152,1012.807373046875,32.29999923706055,3.6833934783935547,2663,157792408,257283018,-802947975,-21.542999267578125,0.0689999982714653,125.31803894042969,11,2663
157849262,157794767,0.6024169921875,0.185791015625,-0.208984375,0.74761962890625,0,-0.01171875,-0.10546875,-0.03515625,3.8570502009801655e-39,2.4795976326227638e-39,7.1734652961525485e-34,2662,157795832,1012.805419921875,32.29999923706055,3.699247360229492,2664,157849259,257283019,-802947974,-21.55900001525879,0.03500000014901161,125.31803894042969,11,2664
157893501,157851087,0.6024169921875,0.185791015625,-0.208984375,0.74761962890625,3,0.0390625,0.00390625,0.03515625,3.8570502009801655e-39,2.4795976326227638e-39,7.1734652961525485e-34,2663,157852152,1012.79833984375,32.29999923706055,3.7626631259918213,2665,157893498,257283018,-802947973,-21.576000213623047,0.05700000002980232,125.31803894042969,11,2665
157941248,157904767,0.6024169921875,0.185791015625,-0.208984375,0.74761962890625,0,0.0390625,0.00390625,0.03515625,nan,2.571389688528361e-39,7.379467466891789e-34,2664,157905832,1012.82275390625,32.310001373291016,3.5565621852874756,2666,157941245,257283016,-802947972,-21.57200050354004,0.09000000357627869,125.31803894042969,11,2666
157999203,157945087,0.6024169921875,0.185791015625,-0.208984375,0.74761962890625,3,0.015625,-0.00390625,0.01171875,nan,2.571389688528361e-39,7.379467466891789e-34,2665,157946152,1012.77978515625,32.29999923706055,3.9159176349639893,2667,157999200,257283014,-802947970,-21.56100082397461,0.10899999737739563,125.31803894042969,11,2667
158044306,158001665,0.6024169921875,0.185791015625,-0.208984375,0.74761962890625,0,0.015625,-0.00390625,0.01171875,nan,2.5713840833345036e-39,7.430054131595457e-34,2666,158002730,1012.8076171875,32.310001373291016,3.6833934783935547,2668,158044303,257283013,-802947970,-21.54199981689453,0.10199999809265137,125.31803894042969,11,2668
158091862,158054164,0.6024169921875,0.185791015625,-0.208984375,0.74761962890625,0,0.015625,-0.00390625,0.01171875,nan,2.5713840833345036e-39,7.446132231085317e-34,2667,158055230,1012.778564453125,32.29999923706055,3.9264867305755615,2669,158091859,257283015,-802947969,-21.531999588012695,0.07900000363588333,125.31803894042969,11,2669
158143243,158094689,0.6024169921875,0.185791015625,-0.208984375,0.74761962890625,3,-0.03125,0.05078125,-0.03515625,nan,2.5713840833345036e-39,7.446132231085317e-34,2668,158095754,1012.78515625,32.29999923706055,3.8683557510375977,2670,158143240,257283016,-802947968,-21.55900001525879,0.08399999886751175,125.31803894042969,11,2670
158196437,158148141,0.60137939453125,0.18731689453125,-0.20892333984375,0.74810791015625,0,-0.03125,0.05078125,-0.03515625,nan,2.5713840833345036e-39,7.446132231085317e-34,2669,158149206,1012.804443359375,32.29999923706055,3.7098166942596436,2671,158196434,257283015,-802947969,-21.582000732421875,0.07400000095367432,125.31803894042969,11,2671
158244275,158200713,0.60137939453125,0.18731689453125,-0.20892333984375,0.74810791015625,3,0.0,0.078125,0.00390625,nan,2.5713840833345036e-39,7.446132231085317e-34,2670,158201778,1012.793212890625,32.310001373291016,3.8049402236938477,2672,158244272,257283015,-802947971,-21.631000518798828,0.052000001072883606,125.31803894042969,11,2672
158296427,158253140,0.6015625,0.1876220703125,-0.2091064453125,0.74774169921875,0,0.0,0.078125,0.00390625,nan,2.5713840833345036e-39,7.446132231085317e-34,2671,158254206,1012.77490234375,32.29999923706055,3.9581947326660156,2673,158296424,257283014,-802947973,-21.6560001373291,0.04399999976158142,125.31803894042969,11,2673
158342266,158305689,0.6015625,0.1876220703125,-0.2091064453125,0.74774169921875,0,0.0,0.078125,0.00390625,nan,2.5713910898268253e-39,7.573364800882444e-34,2672,158306754,1012.817626953125,32.310001373291016,3.598839282989502,2674,158342263,257283015,-802947974,-21.673999786376953,0.04100000113248825,125.31803894042969,11,2674
158394482,158346140,0.601318359375,0.1885986328125,-0.208740234375,0.74786376953125,0,0.0,0.078125,0.00390625,nan,2.5713910898268253e-39,7.573364800882444e-34,2673,158347206,1012.831787109375,32.29999923706055,3.482577085494995,2675,158394479,257283015,-802947976,-21.69499969482422,0.039000000804662704,125.31803894042969,11,2675
158442179,158399664,0.601318359375,0.1885986328125,-0.208740234375,0.74786376953125,0,0.0,0.078125,0.00390625,nan,2.571377076842182e-39,7.6138766524801e-34,2674,158400730,1012.816162109375,32.310001373291016,3.6146931648254395,2676,158442176,257283016,-802947976,-21.711999893188477,0.020999999716877937,125.31803894042969,11,2676
158494888,158452164,0.601318359375,0.1885986328125,-0.208740234375,0.74786376953125,0,0.0,0.078125,0.00390625,nan,2.479576613145799e-39,7.630206840406914e-34,2675,158453230,1012.806640625,32.310001373291016,3.693962812423706,2677,158494885,257283017,-802947975,-21.70400047302246,0.03700000047683716,125.31803894042969,11,2677
158542194,158505689,0.601318359375,0.1885986328125,-0.208740234375,0.74786376953125,0,0.0,0.078125,0.00390625,nan,2.5713784781406464e-39,7.657611011637939e-34,2676,158506754,1012.837890625,32.29999923706055,3.4297306537628174,2678,158542191,257283018,-802947976,-21.72100067138672,0.04600000008940697,125.31803894042969,11,2678
158594480,158546140,0.60052490234375,0.19122314453125,-0.209716796875,0.74755859375,0,0.0,0.078125,0.00390625,nan,2.5713784781406464e-39,7.657611011637939e-34,2677,158547206,1012.802734375,32.29999923706055,3.725670576095581,2679,158594477,257283015,-802947976,-21.731000900268555,0.028999999165534973,125.31803894042969,11,2679
158642230,158599664,0.60064697265625,0.19146728515625,-0.2088623046875,0.74761962890625,0,0.0,0.078125,0.00390625,nan,2.5713784781406464e-39,7.657611011637939e-34,2678,158600730,1012.80712890625,32.29999923706055,3.688678026199341,2680,158642227,257283016,-802947977,-21.742000579833984,0.03099999949336052,125.31803894042969,11,2680
158694471,158652164,0.60064697265625,0.19146728515625,-0.2088623046875,0.74761962890625,0,0.0,0.078125,0.00390625,nan,2.4795822183396562e-39,7.740207856882436e-34,2679,158653230,1012.79541015625,32.310001373291016,3.783801555633545,2681,158694468,257283017,-802947978,-21.760000228881836,0.04100000113248825,125.31803894042969,11,2681
158794588,158757689,0.60064697265625,0.19146728515625,-0.2088623046875,0.74761962890625,0,0.0,0.078125,0.00390625,nan,2.571368669051396e-39,7.795352317260425e-34,2680,158758755,1012.812744140625,32.310001373291016,3.6411163806915283,2682,158794585,257283017,-802947982,-21.809999465942383,0.06599999964237213,125.31803894042969,12,2682
158848537,158799151,0.60064697265625,0.19146728515625,-0.2088623046875,0.74761962890625,3,0.0625,0.1171875,0.01171875,nan,2.571368669051396e-39,7.795352317260425e-34,2681,158800217,1012.798095703125,32.310001373291016,3.7626631259918213,2683,158848534,257283017,-802947983,-21.820999145507812,0.06800000369548798,125.31803894042969,12,2683
158895533,158852689,0.60064697265625,0.19146728515625,-0.2088623046875,0.74761962890625,3,-0.046875,-0.0625,0.01171875,nan,2.571368669051396e-39,7.795352317260425e-34,2682,158853754,1012.824462890625,32.310001373291016,3.540708065032959,2684,158895531,257283018,-802947982,-21.812000274658203,0.06599999964237213,125.31803894042969,12,2684
158941243,158905164,0.60064697265625,0.19146728515625,-0.2088623046875,0.74761962890625,0,-0.046875,-0.0625,0.01171875,nan,2.4795626001611557e-39,7.972795026226973e-34,2683,158906230,1012.823486328125,32.310001373291016,3.5512773990631104,2685,158941240,257283018,-802947982,-21.81599998474121,0.06499999761581421,125.31803894042969,12,2685
158992556,158943689,0.60064697265625,0.19146728515625,-0.2088623046875,0.74761962890625,0,-0.046875,-0.0625,0.01171875,nan,2.479559797564227e-39,8.046292810512136e-34,2684,158944754,1012.813232421875,32.31999969482422,3.635831594467163,2686,158992553,257283019,-802947984,-21.843000411987305,0.07199999690055847,125.31803894042969,12,2686
159046277,158997141,0.60009765625,0.19415283203125,-0.20831298828125,0.74749755859375,0,-0.046875,-0.0625,0.01171875,nan,2.479559797564227e-39,8.046292810512136e-34,2685,158998206,1012.80615234375,32.31999969482422,3.693962812423706,2687,159046274,257283019,-802947986,-21.86199951171875,0.09700000286102295,125.31803894042969,12,2687
159094464,159050689,0.60009765625,0.19415283203125,-0.20831298828125,0.74749755859375,3,-0.046875,0.08984375,0.0390625,nan,2.479559797564227e-39,8.046292810512136e-34,2686,159051754,1012.81591796875,32.310001373291016,3.6146931648254395,2688,159094461,257283020,-802947989,-21.878999710083008,0.11900000274181366,125.31803894042969,12,2688
159146237,159103164,0.60009765625,0.19415283203125,-0.20831298828125,0.74749755859375,0,-0.046875,0.08984375,0.0390625,1.1938782656354576e-39,2.5713840833345036e-39,8.166178540616624e-34,2687,159104230,1012.791259765625,32.310001373291016,3.820794105529785,2689,159146234,257283020,-802947991,-21.917999267578125,0.1289999932050705,125.31803894042969,12,2689
159192379,159155664,0.60009765625,0.19415283203125,-0.20831298828125,0.74749755859375,0,-0.046875,0.08984375,0.0390625,nan,2.5713784781406464e-39,8.208931637498016e-34,2688,159156730,1012.809326171875,32.31999969482422,3.667539596557617,2690,159192376,257283019,-802947993,-21.940000534057617,0.13699999451637268,125.31803894042969,12,2690
159244330,159196141,0.5994873046875,0.1947021484375,-0.20819091796875,0.7479248046875,0,-0.046875,0.08984375,0.0390625,nan,2.5713784781406464e-39,8.208931637498016e-34,2689,159197206,1012.809814453125,32.31999969482422,3.667539596557617,2691,159244327,257283019,-802947995,-21.957000732421875,0.14900000393390656,125.31803894042969,12,2691
159291843,159249586,0.5994873046875,0.1947021484375,-0.20819091796875,0.7479248046875,3,0.0078125,0.015625,-0.01171875,nan,2.5713784781406464e-39,8.208931637498016e-34,2690,159250652,1012.82177734375,32.310001373291016,3.567131280899048,2692,159291841,257283017,-802947995,-21.979999542236328,0.1289999932050705,125.31803894042969,12,2692
159345453,159302164,0.5994873046875,0.1947021484375,-0.20819091796875,0.7479248046875,0,0.0078125,0.015625,-0.01171875,2.802596928649634e-45,2.47956400145962e-39,8.337581229000861e-34,2691,159303230,1012.8330078125,32.310001373291016,3.472007989883423,2693,159345450,257283017,-802947994,-21.964000701904297,0.1080000028014183,125.31803894042969,12,2693
159391419,159354664,0.5994873046875,0.1947021484375,-0.20819091796875,0.7479248046875,3,0.0625,-0.0234375,0.0234375,2.802596928649634e-45,2.47956400145962e-39,8.337581229000861e-34,2692,159355730,1012.80126953125,32.31999969482422,3.7362399101257324,2694,159391416,257283017,-802947996,-21.985000610351562,0.10899999737739563,125.31803894042969,12,2694
159443106,159395141,0.59967041015625,0.1947021484375,-0.2083740234375,0.74774169921875,0,0.0625,-0.0234375,0.0234375,2.802596928649634e-45,2.47956400145962e-39,8.337581229000861e-34,2693,159396206,1012.81103515625,32.310001373291016,3.656970262527466,2695,159443103,257283018,-802947996,-21.983999252319336,0.08699999749660492,125.31803894042969,12,2695
159496412,159448480,0.59967041015625,0.1947021484375,-0.2083740234375,0.74774169921875,3,-0.0234375,-0.0234375,0.015625,2.802596928649634e-45,2.47956400145962e-39,8.337581229000861e-34,2694,159449546,1012.826904296875,32.31999969482422,3.5248541831970215,2696,159496409,257283015,-802947995,-21.990999221801758,0.09000000357627869,125.31803894042969,12,2696
159543221,159501360,0.59967041015625,0.1947021484375,-0.2083740234375,0.74774169921875,3,0.0546875,-0.03125,-0.05859375,2.802596928649634e-45,2.47956400145962e-39,8.337581229000861e-34,2695,159502425,1012.84130859375,32.310001373291016,3.4033076763153076,2697,159543218,257283015,-802947996,-22.007999420166016,0.07900000363588333,125.31803894042969,12,2697
159596529,159554480,0.59967041015625,0.1947021484375,-0.2083740234375,0.74774169921875,0,0.0546875,-0.03125,-0.05859375,nan,2.4795654027580843e-39,8.589328037908839e-34,2696,159555545,1012.824951171875,32.310001373291016,3.540708065032959,2698,159596526,257283015,-802947996,-22.00200080871582,0.07199999690055847,125.31803894042969,12,2698
159643219,159607272,0.5997314453125,0.19415283203125,-0.20843505859375,0.747802734375,0,0.0546875,-0.03125,-0.05859375,nan,2.4795654027580843e-39,8.589328037908839e-34,2697,159608337,1012.81689453125,32.310001373291016,3.604123830795288,2699,159643216,257283014,-802947999,-22.020000457763672,0.11999999731779099,125.31803894042969,12,2699
159694484,159645480,0.5997314453125,0.19415283203125,-0.20843505859375,0.747802734375,0,0.0546875,-0.03125,-0.05859375,1.0101960629317606e-39,2.571377076842182e-39,8.677773885903639e-34,2698,159646546,1012.790771484375,32.310001373291016,3.8260786533355713,2700,159694481,257283015,-802948001,-22.04199981689453,0.12700000405311584,125.31803894042969,12,2700
159794455,159758296,0.5997314453125,0.19415283203125,-0.20843505859375,0.747802734375,3,0.03125,0.04296875,-0.01953125,1.0101960629317606e-39,2.571377076842182e-39,8.677773885903639e-34,2699,159759361,1012.820068359375,32.310001373291016,3.577700614929199,2701,159794452,257283016,-802948003,-22.069000244140625,0.11299999803304672,125.31803894042969,12,2701
159846226,159797558,0.6004638671875,0.19390869140625,-0.208251953125,0.747314453125,0,0.03125,0.04296875,-0.01953125,1.0101960629317606e-39,2.571377076842182e-39,8.677773885903639e-34,2700,159798624,1012.802490234375,32.29999923706055,3.725670576095581,2702,159846223,257283017,-802948003,-22.070999145507812,0.07900000363588333,125.31803894042969,12,2702
159893124,159851165,0.6004638671875,0.19390869140625,-0.208251953125,0.747314453125,0,0.03125,0.04296875,-0.01953125,1.102058183760574e-39,2.4795611988626914e-39,8.843478181751272e-34,2701,159852230,1012.80419921875,32.29999923706055,3.7098166942596436,2703,159893122,257283018,-802948003,-22.07200050354004,0.06599999964237213,125.31803894042969,12,2703
159946275,159903647,0.6004638671875,0.19390869140625,-0.208251953125,0.747314453125,0,0.03125,0.04296875,-0.01953125,2.9387302718618615e-39,2.4795611988626914e-39,8.898904577102466e-34,2702,159904712,1012.799072265625,32.310001373291016,3.75209379196167,2704,159946272,257283018,-802948001,-22.058000564575195,0.03999999910593033,125.31803894042969,12,2704
159994529,159956140,0.6004638671875,0.19244384765625,-0.2093505859375,0.74737548828125,0,0.03125,0.04296875,-0.01953125,2.9387302718618615e-39,2.4795611988626914e-39,8.898904577102466e-34,2703,159957206,1012.801025390625,32.29999923706055,3.7362399101257324,2705,159994526,257283018,-802948002,-22.06599998474121,0.06400000303983688,125.31803894042969,12,2705
160046253,159996689,0.6004638671875,0.19244384765625,-0.2093505859375,0.74737548828125,0,0.03125,0.04296875,-0.01953125,1.1939062916047441e-39,2.5713714716483247e-39,9.011730912617289e-34,2704,159997754,1012.796875,32.310001373291016,3.7732322216033936,2706,160046250,257283018,-802948005,-22.07699966430664,0.09000000357627869,125.31803894042969,12,2706
160092372,160050140,0.60150146484375,0.19091796875,-0.2091064453125,0.74700927734375,0,0.03125,0.04296875,-0.01953125,1.1939062916047441e-39,2.5713714716483247e-39,9.011730912617289e-34,2705,160051206,1012.800048828125,32.310001373291016,3.7468090057373047,2707,160092369,257283019,-802948006,-22.114999771118164,0.07500000298023224,125.31803894042969,12,2707
160146233,160102713,0.60150146484375,0.19091796875,-0.2091064453125,0.74700927734375,3,0.0078125,-0.0390625,-0.05859375,1.1939062916047441e-39,2.5713714716483247e-39,9.011730912617289e-34,2706,160103778,1012.8134765625,32.310001373291016,3.635831594467163,2708,160146230,257283019,-802948008,-22.136999130249023,0.10300000011920929,125.31803894042969,12,2708
160191565,160155140,0.60162353515625,0.19024658203125,-0.2093505859375,0.74700927734375,0,0.0078125,-0.0390625,-0.05859375,1.1939062916047441e-39,2.5713714716483247e-39,9.011730912617289e-34,2707,160156206,1012.802001953125,32.310001373291016,3.730955123901367,2709,160191562,257283022,-802948008,-22.125999450683594,0.0689999982714653,125.31803894042969,12,2709
160242195,160193689,0.60162353515625,0.19024658203125,-0.2093505859375,0.74700927734375,0,0.0078125,-0.0390625,-0.05859375,9.182708836720526e-41,2.4795583962657627e-39,9.189672288327974e-34,2708,160194754,1012.8056640625,32.310001373291016,3.699247360229492,2710,160242192,257283021,-802948008,-22.12700080871582,0.06300000101327896,125.31803894042969,12,2710
160294458,160245165,0.60162353515625,0.19024658203125,-0.2093505859375,0.74700927734375,0,0.0078125,-0.0390625,-0.05859375,1.7448688218079757e-39,2.47956400145962e-39,9.220136877468465e-34,2709,160246230,1012.7939453125,32.310001373291016,3.7996554374694824,2711,160294455,257283024,-802948009,-22.13599967956543,0.07199999690055847,125.31803894042969,12,2711
160346344,160298582,0.60162353515625,0.19024658203125,-0.2093505859375,0.74700927734375,0,0.0078125,-0.0390625,-0.05859375,nan,2.5713798794391107e-39,9.252227873245913e-34,2710,160299647,1012.81884765625,32.31999969482422,3.5882699489593506,2712,160346341,257283027,-802948011,-22.148000717163086,0.09799999743700027,125.31803894042969,12,2712
160393163,160351271,0.60162353515625,0.19024658203125,-0.2093505859375,0.74700927734375,3,0.0390625,0.0546875,-0.03515625,nan,2.5713798794391107e-39,9.252227873245913e-34,2711,160352337,1012.809814453125,32.310001373291016,3.667539596557617,2713,160393160,257283029,-802948013,-22.167999267578125,0.1289999932050705,125.31803894042969,12,2713
160441462,160404480,0.60272216796875,0.189208984375,-0.21038818359375,0.74609375,0,0.0390625,0.0546875,-0.03515625,nan,2.5713798794391107e-39,9.252227873245913e-34,2712,160405545,1012.782470703125,32.310001373291016,3.8947789669036865,2714,160441460,257283027,-802948015,-22.179000854492188,0.12800000607967377,125.31803894042969,12,2714
160494456,160445349,0.6025390625,0.18890380859375,-0.21063232421875,0.7462158203125,0,0.0390625,0.0546875,-0.03515625,nan,2.5713798794391107e-39,9.252227873245913e-34,2713,160446415,1012.80322265625,32.31999969482422,3.720386028289795,2715,160494453,257283028,-802948014,-22.172000885009766,0.10199999809265137,125.31803894042969,12,2715
160546276,160497480,0.6025390625,0.18890380859375,-0.21063232421875,0.7462158203125,3,0.0546875,0.03125,0.01953125,nan,2.5713798794391107e-39,9.252227873245913e-34,2714,160498545,1012.850341796875,32.31999969482422,3.329322576522827,2716,160546273,257283031,-802948013,-22.159000396728516,0.10000000149011612,125.31803894042969,12,2716
160592406,160550373,0.6025390625,0.18890380859375,-0.21063232421875,0.7462158203125,0,0.0546875,0.03125,0.01953125,5.510087730525543e-40,2.4795583962657627e-39,9.489051414028218e-34,2715,160551439,1012.786376953125,32.31999969482422,3.8630712032318115,2717,160592403,257283031,-802948012,-22.16200065612793,0.09200000017881393,125.31803894042969,12,2717
160646252,160603456,0.602783203125,0.1898193359375,-0.21014404296875,0.7459716796875,0,0.0546875,0.03125,0.01953125,5.510087730525543e-40,2.4795583962657627e-39,9.489051414028218e-34,2716,160604521,1012.779541015625,32.31999969482422,3.9159176349639893,2718,160646249,257283029,-802948009,-22.111000061035156,0.07699999958276749,125.31803894042969,12,2718
160692351,160656402,0.602783203125,0.1898193359375,-0.21014404296875,0.7459716796875,3,-0.046875,-0.08203125,0.03515625,5.510087730525543e-40,2.4795583962657627e-39,9.489051414028218e-34,2717,160657468,1012.804931640625,32.31999969482422,3.7045319080352783,2719,160692348,257283029,-802948008,-22.094999313354492,0.0560000017285347,125.31803894042969,12,2719
160748369,160694456,0.602783203125,0.19085693359375,-0.2098388671875,0.74578857421875,0,-0.046875,-0.08203125,0.03515625,5.510087730525543e-40,2.4795583962657627e-39,9.489051414028218e-34,2718,160695521,1012.768798828125,32.31999969482422,4.005756378173828,2720,160748366,257283030,-802948008,-22.108999252319336,0.04600000008940697,125.31803894042969,12,2720
160847838,160822349,0.60302734375,0.19091796875,-0.20965576171875,0.74566650390625,0,-0.046875,-0.08203125,0.03515625,5.510087730525543e-40,2.4795583962657627e-39,9.489051414028218e-34,2719,160823415,1012.808837890625,32.31999969482422,3.6728241443634033,2721,160847836,257283027,-802948008,-22.09000015258789,0.006000000052154064,125.31803894042969,12,2721
160893137,160851438,0.60302734375,0.19091796875,-0.20965576171875,0.74566650390625,0,-0.046875,-0.08203125,0.03515625,nan,2.5713630638575388e-39,9.71810750854548e-34,2720,160852504,1012.8369140625,32.33000183105469,3.4402999877929688,2722,160893134,257283024,-802948006,-22.083999633789062,0.06300000101327896,125.31803894042969,12,2722
160942157,160904271,0.60302734375,0.19091796875,-0.20965576171875,0.74566650390625,3,-0.0234375,0.0078125,0.03515625,nan,2.5713630638575388e-39,9.71810750854548e-34,2721,160905337,1012.790283203125,32.31999969482422,3.8260786533355713,2723,160942154,257283024,-802948005,-22.065000534057617,0.06300000101327896,125.31803894042969,12,2723
160994369,160944545,0.60302734375,0.19091796875,-0.20965576171875,0.74566650390625,3,0.0078125,0.078125,0.00390625,nan,2.5713630638575388e-39,9.71810750854548e-34,2722,160945610,1012.81982421875,32.33000183105469,3.5829854011535645,2724,160994366,257283026,-802948003,-22.038000106811523,0.07100000232458115,125.31803894042969,12,2724
161046270,160997271,0.60302734375,0.19091796875,-0.20965576171875,0.74566650390625,3,-0.0625,-0.0703125,0.03515625,nan,2.5713630638575388e-39,9.71810750854548e-34,2723,160998337,1012.78759765625,32.33000183105469,3.85250186920166,2725,161046267,257283026,-802948003,-22.051000595092773,0.08100000023841858,125.31803894042969,12,2725
161091892,161049582,0.60302734375,0.19091796875,-0.20965576171875,0.74566650390625,0,-0.0625,-0.0703125,0.03515625,nan,2.571381280737575e-39,9.952063945137732e-34,2724,161050647,1012.81640625,32.33000183105469,3.609408378601074,2726,161091889,257283025,-802948003,-22.06399917602539,0.07800000160932541,125.31803894042969,12,2726
161144315,161102272,0.6016845703125,0.19384765625,-0.20770263671875,0.7464599609375,0,-0.0625,-0.0703125,0.03515625,nan,2.571381280737575e-39,9.952063945137732e-34,2725,161103337,1012.83251953125,32.33000183105469,3.477292537689209,2727,161144312,257283025,-802948005,-22.06999969482422,0.04100000113248825,125.31803894042969,12,2727
161196396,161154480,0.6016845703125,0.19384765625,-0.20770263671875,0.7464599609375,0,-0.0625,-0.0703125,0.03515625,nan,2.4795611988626914e-39,1.0059822797974557e-33,2726,161155546,1012.790283203125,32.33000183105469,3.8260786533355713,2728,161196393,257283027,-802948007,-22.07200050354004,0.061000000685453415,125.31803894042969,12,2728
161243196,161207271,0.60174560546875,0.19464111328125,-0.20843505859375,0.74603271484375,0,-0.0625,-0.0703125,0.03515625,nan,2.4795611988626914e-39,1.0059822797974557e-33,2727,161208337,1012.816162109375,32.33000183105469,3.6146931648254395,2729,161243193,257283026,-802948009,-22.084999084472656,0.03700000047683716,125.31803894042969,12,2729
161294394,161245480,0.60174560546875,0.19464111328125,-0.20843505859375,0.74603271484375,0,-0.0625,-0.0703125,0.03515625,1.836583806298035e-40,2.479559797564227e-39,1.0156092111887056e-33,2728,161246546,1012.794189453125,32.33000183105469,3.7943708896636963,2730,161294391,257283025,-802948011,-22.1200008392334,0.06400000303983688,125.31803894042969,12,2730
161342177,161299272,0.601318359375,0.19512939453125,-0.2083740234375,0.74627685546875,0,-0.0625,-0.0703125,0.03515625,1.836583806298035e-40,2.479559797564227e-39,1.0156092111887056e-33,2729,161300337,1012.823486328125,32.34000015258789,3.5512773990631104,2731,161342174,257283025,-802948011,-22.13800048828125,0.06599999964237213,125.31803894042969,12,2731
161394384,161352558,0.601318359375,0.19525146484375,-0.20782470703125,0.74639892578125,0,-0.0625,-0.0703125,0.03515625,1.836583806298035e-40,2.479559797564227e-39,1.0156092111887056e-33,2730,161353623,1012.80859375,32.33000183105469,3.6728241443634033,2732,161394381,257283026,-802948013,-22.14699935913086,0.06400000303983688,125.31803894042969,12,2732
161442147,161405271,0.601318359375,0.19525146484375,-0.20782470703125,0.74639892578125,3,-0.12890625,0.03515625,0.046875,1.836583806298035e-40,2.479559797564227e-39,1.0156092111887056e-33,2731,161406337,1012.80908203125,32.33000183105469,3.6728241443634033,2733,161442144,257283029,-802948012,-22.138999938964844,0.061000000685453415,125.31803894042969,12,2733
161494331,161444480,0.601318359375,0.19525146484375,-0.20782470703125,0.74639892578125,3,0.0234375,0.15234375,0.0390625,1.836583806298035e-40,2.479559797564227e-39,1.0156092111887056e-33,2732,161445546,1012.802734375,32.34000015258789,3.725670576095581,2734,161494328,257283029,-802948013,-22.149999618530273,0.05299999937415123,125.31803894042969,12,2734
161546234,161498271,0.601318359375,0.19525146484375,-0.20782470703125,0.74639892578125,3,0.03125,-0.0390625,0.00390625,1.836583806298035e-40,2.479559797564227e-39,1.0156092111887056e-33,2733,161499337,1012.812255859375,32.349998474121094,3.6464009284973145,2735,161546231,257283030,-802948013,-22.135000228881836,0.04800000041723251,125.31803894042969,12,2735
161594383,161551582,0.601318359375,0.19525146484375,-0.20782470703125,0.74639892578125,0,0.03125,-0.0390625,0.00390625,1.6530319243515202e-39,2.479559797564227e-39,1.0411269894931497e-33,2734,161552647,1012.833251953125,32.34000015258789,3.472007989883423,2736,161594381,257283029,-802948014,-22.150999069213867,0.05900000035762787,125.31803894042969,12,2736
161642144,161604271,0.601318359375,0.19525146484375,-0.20782470703125,0.74639892578125,3,0.0,-0.0703125,0.03125,1.6530319243515202e-39,2.479559797564227e-39,1.0411269894931497e-33,2735,161605337,1012.797607421875,32.34000015258789,3.7679476737976074,2737,161642141,257283028,-802948013,-22.12700080871582,0.039000000804662704,125.31803894042969,11,2737
161694337,161644480,0.601318359375,0.19525146484375,-0.20782470703125,0.74639892578125,3,0.078125,-0.03125,-0.00390625,1.6530319243515202e-39,2.479559797564227e-39,1.0411269894931497e-33,2736,161645545,1012.819580078125,32.349998474121094,3.5829854011535645,2738,161694334,257283028,-802948013,-22.125,0.032999999821186066,125.31803894042969,11,2738
161752327,161698349,0.601318359375,0.19525146484375,-0.20782470703125,0.74639892578125,0,0.078125,-0.03125,-0.00390625,nan,2.5713826820360393e-39,1.0553135532686438e-33,2737,161699415,1012.8017578125,32.34000015258789,3.730955123901367,2739,161752324,257283027,-802948012,-22.118999481201172,0.006000000052154064,125.31803894042969,11,2739
161843096,161825438,0.601318359375,0.19525146484375,-0.20782470703125,0.74639892578125,0,0.078125,-0.03125,-0.00390625,nan,2.5713826820360393e-39,1.0590219624389997e-33,2738,161826504,1012.782958984375,32.349998474121094,3.8894944190979004,2740,161843093,257283024,-802948011,-22.086999893188477,0.05999999865889549,125.31803894042969,11,2740
161896537,161853402,0.601318359375,0.19525146484375,-0.20782470703125,0.74639892578125,3,-0.0390625,-0.0078125,0.0234375,nan,2.5713826820360393e-39,1.0590219624389997e-33,2739,161854468,1012.8125,32.34000015258789,3.6411163806915283,2741,161896534,257283023,-802948010,-22.07200050354004,0.05900000035762787,125.31803894042969,11,2741
161942152,161906349,0.6016845703125,0.1949462890625,-0.207275390625,0.746337890625,0,-0.0390625,-0.0078125,0.0234375,nan,2.5713826820360393e-39,1.0590219624389997e-33,2740,161907415,1012.81103515625,32.34000015258789,3.656970262527466,2742,161942149,257283023,-802948010,-22.07900047302246,0.06199999898672104,125.31803894042969,11,2742
161994251,161946456,0.60174560546875,0.19482421875,-0.2071533203125,0.746337890625,0,-0.0390625,-0.0078125,0.0234375,nan,2.5713826820360393e-39,1.0590219624389997e-33,2741,161947521,1012.822265625,32.34000015258789,3.5618467330932617,2743,161994248,257283024,-802948012,-22.086999893188477,0.06199999898672104,125.31803894042969,11,2743
162042138,162000271,0.60174560546875,0.19482421875,-0.2071533203125,0.746337890625,3,-0.12890625,-0.0078125,0.015625,nan,2.5713826820360393e-39,1.0590219624389997e-33,2742,162001337,1012.81494140625,32.34000015258789,3.625262498855591,2744,162042135,257283025,-802948012,-22.076000213623047,0.035999998450279236,125.31803894042969,11,2744
162096385,162053582,0.60174560546875,0.19482421875,-0.2071533203125,0.746337890625,0,-0.12890625,-0.0078125,0.015625,3.5815717384754783e-39,2.5713882872298966e-39,1.087173582773255e-33,2743,162054647,1012.7802734375,32.349998474121094,3.910632848739624,2745,162096382,257283026,-802948012,-22.072999954223633,0.01600000075995922,125.31803894042969,11,2745
162142214,162106271,0.60174560546875,0.19482421875,-0.2071533203125,0.746337890625,3,0.046875,0.0078125,-0.01953125,3.5815717384754783e-39,2.5713882872298966e-39,1.087173582773255e-33,2744,162107337,1012.83740234375,32.349998474121094,3.4350154399871826,2746,162142211,257283027,-802948013,-22.09000015258789,0.008999999612569809,125.31803894042969,11,2746
162194221,162146480,0.60174560546875,0.19482421875,-0.2071533203125,0.746337890625,0,0.046875,0.0078125,-0.01953125,5.6938287877647416e-39,2.479559797564227e-39,1.0966770872576685e-33,2745,162147546,1012.78955078125,32.349998474121094,3.8313634395599365,2747,162194218,257283026,-802948013,-22.08799934387207,0.017999999225139618,125.31803894042969,11,2747
162242148,162200271,0.60174560546875,0.19482421875,-0.2071533203125,0.746337890625,3,-0.12109375,-0.0390625,-0.17578125,5.6938287877647416e-39,2.479559797564227e-39,1.0966770872576685e-33,2746,162201337,1012.790771484375,32.349998474121094,3.8260786533355713,2748,162242145,257283026,-802948014,-22.113000869750977,0.04899999871850014,125.31803894042969,11,2748
162296371,162253582,0.60174560546875,0.19482421875,-0.2071533203125,0.746337890625,0,-0.12109375,-0.0390625,-0.17578125,4.4999491208308196e-39,2.5713882872298966e-39,1.1055418758663032e-33,2747,162254647,1012.81396484375,32.349998474121094,3.630547046661377,2749,162296368,257283028,-802948015,-22.12299919128418,0.014000000432133675,125.31803894042969,11,2749
162342121,162306271,0.60174560546875,0.19482421875,-0.2071533203125,0.746337890625,3,0.03125,-0.015625,-0.01171875,4.4999491208308196e-39,2.5713882872298966e-39,1.1055418758663032e-33,2748,162307337,1012.762939453125,32.34000015258789,4.053318023681641,2750,162342118,257283029,-802948018,-22.149999618530273,0.050999999046325684,125.31803894042969,11,2750
162394217,162346480,0.60174560546875,0.19482421875,-0.2071533203125,0.746337890625,3,0.046875,-0.0546875,-0.05859375,4.4999491208308196e-39,2.5713882872298966e-39,1.1055418758663032e-33,2749,162347546,1012.841796875,32.349998474121094,3.3980228900909424,2751,162394214,257283031,-802948020,-22.167999267578125,0.07500000298023224,125.31803894042969,11,2751
162442120,162399271,0.60174560546875,0.19482421875,-0.2071533203125,0.746337890625,3,-0.02734375,-0.0703125,-0.01953125,4.4999491208308196e-39,2.5713882872298966e-39,1.1055418758663032e-33,2750,162400337,1012.828369140625,32.349998474121094,3.509000301361084,2752,162442117,257283035,-802948021,-22.145000457763672,0.14900000393390656,125.31803894042969,11,2752
162493473,162451582,0.60174560546875,0.19482421875,-0.2071533203125,0.746337890625,0,-0.02734375,-0.0703125,-0.01953125,2.6632279872832808e-39,2.5713756755437177e-39,1.1239212810543866e-33,2751,162452647,1012.796142578125,32.349998474121094,3.778517007827759,2753,162493470,257283034,-802948021,-22.13599967956543,0.11100000143051147,125.31803894042969,11,2753
162541432,162504271,0.60174560546875,0.19482421875,-0.2071533203125,0.746337890625,3,0.046875,-0.046875,-0.08984375,2.6632279872832808e-39,2.5713756755437177e-39,1.1239212810543866e-33,2752,162505337,1012.80029296875,32.34000015258789,3.7468090057373047,2754,162541429,257283033,-802948021,-22.152000427246094,0.08500000089406967,125.31803894042969,11,2754
162593461,162545587,0.60174560546875,0.19482421875,-0.2071533203125,0.746337890625,3,0.03125,-0.05859375,0.01171875,2.6632279872832808e-39,2.5713756755437177e-39,1.1239212810543866e-33,2753,162546652,1012.81787109375,32.34000015258789,3.598839282989502,2755,162593458,257283034,-802948022,-22.163000106811523,0.07999999821186066,125.31803894042969,11,2755
162642147,162599271,0.60174560546875,0.19482421875,-0.2071533203125,0.746337890625,3,0.03125,-0.09765625,-0.06640625,2.6632279872832808e-39,2.5713756755437177e-39,1.1239212810543866e-33,2754,162600337,1012.811279296875,32.34000015258789,3.6516857147216797,2756,162642144,257283036,-802948023,-22.172000885009766,0.10199999809265137,125.31803894042969,11,2756
162694241,162651545,0.60174560546875,0.19482421875,-0.2071533203125,0.746337890625,3,-0.05078125,-0.06640625,-0.09765625,2.6632279872832808e-39,2.5713756755437177e-39,1.1239212810543866e-33,2755,162652610,1012.8330078125,32.34000015258789,3.472007989883423,2757,162694238,257283038,-802948025,-22.187999725341797,0.11299999803304672,125.31803894042969,11,2757
162747253,162704271,0.60504150390625,0.18768310546875,-0.209716796875,0.74481201171875,0,-0.05078125,-0.06640625,-0.09765625,2.6632279872832808e-39,2.5713756755437177e-39,1.1239212810543866e-33,2756,162705337,1012.832275390625,32.34000015258789,3.477292537689209,2758,162747251,257283038,-802948028,-22.201000213623047,0.13899999856948853,125.31803894042969,11,2758
162793271,162756480,0.60504150390625,0.18768310546875,-0.209716796875,0.74481201171875,0,-0.05078125,-0.06640625,-0.09765625,9.18523117395631e-41,2.4795710079519416e-39,1.15305416366509e-33,2757,162757546,1012.819091796875,32.34000015258789,3.5882699489593506,2759,162793268,257283038,-802948030,-22.224000930786133,0.1589999943971634,125.31803894042969,11,2759
162894227,162858272,0.6048583984375,0.18817138671875,-0.2095947265625,0.744873046875,0,-0.05078125,-0.06640625,-0.09765625,9.18523117395631e-41,2.4795710079519416e-39,1.15305416366509e-33,2758,162859337,1012.8359375,32.34000015258789,3.445584774017334,2760,162894224,257283041,-802948032,-22.214000701904297,0.16099999845027924,125.31803894042969,11,2760
162945380,162897480,0.6048583984375,0.18817138671875,-0.2095947265625,0.744873046875,0,-0.05078125,-0.06640625,-0.09765625,5.5099476006791105e-40,2.5713840833345036e-39,1.1626894520864903e-33,2759,162898546,1012.797607421875,32.34000015258789,3.7679476737976074,2761,162945377,257283041,-802948034,-22.240999221801758,0.18199999630451202,125.31803894042969,11,2761
162994207,162951349,0.6048583984375,0.18896484375,-0.2093505859375,0.7447509765625,0,-0.05078125,-0.06640625,-0.09765625,5.5099476006791105e-40,2.5713840833345036e-39,1.1626894520864903e-33,2760,162952414,1012.81494140625,32.349998474121094,3.625262498855591,2762,162994204,257283040,-802948035,-22.243000030517578,0.16599999368190765,125.31803894042969,11,2762
163046173,163003414,0.6048583984375,0.1885986328125,-0.2100830078125,0.74462890625,0,-0.05078125,-0.06640625,-0.09765625,5.5099476006791105e-40,2.5713840833345036e-39,1.1626894520864903e-33,2761,163004480,1012.827880859375,32.34000015258789,3.514285087585449,2763,163046170,257283040,-802948034,-22.224000930786133,0.14900000393390656,125.31803894042969,11,2763
163092181,163056402,0.6048583984375,0.1885986328125,-0.2100830078125,0.74462890625,3,-0.0546875,0.0625,0.05078125,5.5099476006791105e-40,2.5713840833345036e-39,1.1626894520864903e-33,2762,163057467,1012.82421875,32.349998474121094,3.545992851257324,2764,163092178,257283042,-802948033,-22.180999755859375,0.1289999932050705,125.31803894042969,11,2764
163142109,163094349,0.605224609375,0.18914794921875,-0.20904541015625,0.74444580078125,0,-0.0546875,0.0625,0.05078125,5.5099476006791105e-40,2.5713840833345036e-39,1.1626894520864903e-33,2763,163095414,1012.833251953125,32.34000015258789,3.472007989883423,2765,163142106,257283043,-802948031,-22.152999877929688,0.09399999678134918,125.31803894042969,11,2765
163195949,163147480,0.605224609375,0.18914794921875,-0.20904541015625,0.74444580078125,3,-0.0625,-0.03515625,0.078125,5.5099476006791105e-40,2.5713840833345036e-39,1.1626894520864903e-33,2764,163148546,1012.80908203125,32.34000015258789,3.6728241443634033,2766,163195946,257283045,-802948031,-22.142000198364258,0.10599999874830246,125.31803894042969,11,2766
163241456,163199374,0.605224609375,0.18914794921875,-0.20904541015625,0.74444580078125,0,-0.0625,-0.03515625,0.078125,nan,2.479559797564227e-39,1.192198584724953e-33,2765,163200439,1012.82568359375,32.34000015258789,3.535423517227173,2767,163241453,257283046,-802948033,-22.149999618530273,0.10300000011920929,125.31803894042969,11,2767
163293357,163251480,0.605224609375,0.18914794921875,-0.20904541015625,0.74444580078125,0,-0.0625,-0.03515625,0.078125,nan,2.4795752118473346e-39,1.198587947534649e-33,2766,163252546,1012.81884765625,32.34000015258789,3.5882699489593506,2768,163293354,257283048,-802948034,-22.1560001373291,0.10199999809265137,125.31803894042969,11,2768
163340135,163303271,0.605224609375,0.18914794921875,-0.20904541015625,0.74444580078125,3,-0.0234375,0.0859375,0.0703125,nan,2.4795752118473346e-39,1.198587947534649e-33,2767,163304337,1012.778564453125,32.349998474121094,3.9264867305755615,2769,163340132,257283049,-802948034,-22.139999389648438,0.10400000214576721,125.31803894042969,11,2769
163396370,163342587,0.605224609375,0.18914794921875,-0.20904541015625,0.74444580078125,3,-0.015625,-0.0546875,-0.01953125,nan,2.4795752118473346e-39,1.198587947534649e-33,2768,163343652,1012.784912109375,32.34000015258789,3.873640537261963,2770,163396367,257283051,-802948035,-22.136999130249023,0.10899999737739563,125.31803894042969,11,2770
163442220,163400165,0.605224609375,0.18914794921875,-0.20904541015625,0.74444580078125,0,-0.015625,-0.0546875,-0.01953125,1.3775955008007628e-39,2.5713714716483247e-39,1.2111324008033422e-33,2769,163401230,1012.808837890625,32.349998474121094,3.6728241443634033,2771,163442218,257283053,-802948036,-22.14900016784668,0.10400000214576721,125.31803894042969,11,2771
163495538,163453582,0.605224609375,0.18914794921875,-0.20904541015625,0.74444580078125,0,-0.015625,-0.0546875,-0.01953125,nan,2.4795780144442633e-39,1.2154176287250664e-33,2770,163454647,1012.78173828125,32.349998474121094,3.9000637531280518,2772,163495536,257283056,-802948038,-22.17099952697754,0.13099999725818634,125.31803894042969,11,2772
163542105,163506164,0.605224609375,0.18914794921875,-0.20904541015625,0.74444580078125,0,-0.015625,-0.0546875,-0.01953125,nan,2.5713882872298966e-39,1.2198130592421802e-33,2771,163507230,1012.787353515625,32.34000015258789,3.85250186920166,2773,163542102,257283054,-802948040,-22.177000045776367,0.12600000202655792,125.31803894042969,11,2773
163594345,163544665,0.60321044921875,0.1912841796875,-0.20867919921875,0.74560546875,0,-0.015625,-0.0546875,-0.01953125,nan,2.5713882872298966e-39,1.2198130592421802e-33,2772,163545730,1012.774169921875,32.34000015258789,3.9634792804718018,2774,163594342,257283056,-802948041,-22.14900016784668,0.14399999380111694,125.31803894042969,11,2774
163646170,163598165,0.60321044921875,0.1912841796875,-0.20867919921875,0.74560546875,0,-0.015625,-0.0546875,-0.01953125,1.469366537229395e-39,2.479572409250406e-39,1.2295520299387428e-33,2773,163599230,1012.830810546875,32.349998474121094,3.4878618717193604,2775,163646167,257283056,-802948041,-22.14299964904785,0.1420000046491623,125.31803894042969,11,2775
163692161,163650582,0.60321044921875,0.1912841796875,-0.20867919921875,0.74560546875,0,-0.015625,-0.0546875,-0.01953125,nan,2.4795611988626914e-39,1.233651199145251e-33,2774,163651647,1012.831298828125,32.349998474121094,3.4878618717193604,2776,163692158,257283056,-802948042,-22.139999389648438,0.13500000536441803,125.31803894042969,11,2776
163752190,163703271,0.60321044921875,0.1912841796875,-0.20867919921875,0.74560546875,3,0.0234375,0.015625,-0.07421875,nan,2.4795611988626914e-39,1.233651199145251e-33,2775,163704337,1012.80322265625,32.36000061035156,3.720386028289795,2777,163752187,257283059,-802948044,-22.149999618530273,0.1589999943971634,125.31803894042969,11,2777
163792100,163756480,0.60321044921875,0.1912841796875,-0.20867919921875,0.74560546875,0,0.0234375,0.015625,-0.07421875,nan,2.571364465156003e-39,1.2432949364322977e-33,2776,163757546,1012.798828125,32.36000061035156,3.757378339767456,2778,163792098,257283061,-802948046,-22.15999984741211,0.17000000178813934,125.31803894042969,11,2778
163895528,163859271,0.60321044921875,0.1912841796875,-0.20867919921875,0.74560546875,3,0.109375,0.03125,-0.00390625,nan,2.571364465156003e-39,1.2432949364322977e-33,2777,163860337,1012.770263671875,32.36000061035156,3.9951870441436768,2779,163895525,257283061,-802948045,-22.142000198364258,0.11599999666213989,125.31803894042969,11,2779
163945391,163897480,0.60321044921875,0.1912841796875,-0.20867919921875,0.74560546875,0,0.109375,0.03125,-0.00390625,nan,2.571381280737575e-39,1.2550234313176271e-33,2778,163898546,1012.840087890625,32.36000061035156,3.41387677192688,2780,163945388,257283062,-802948044,-22.12700080871582,0.10300000011920929,125.31803894042969,11,2780
163992102,163950349,0.6031494140625,0.19207763671875,-0.208251953125,0.74566650390625,0,0.109375,0.03125,-0.00390625,nan,2.571381280737575e-39,1.2550234313176271e-33,2779,163951415,1012.840576171875,32.36000061035156,3.4085922241210938,2781,163992099,257283067,-802948044,-22.093000411987305,0.15199999511241913,125.31803894042969,11,2781
164046541,164003504,0.6031494140625,0.19207763671875,-0.208251953125,0.74566650390625,3,0.0703125,0.0234375,-0.01171875,nan,2.571381280737575e-39,1.2550234313176271e-33,2780,164004570,1012.84228515625,32.36000061035156,3.3927383422851562,2782,164046538,257283066,-802948045,-22.082000732421875,0.12099999934434891,125.31803894042969,11,2782
164092127,164056271,0.6031494140625,0.19207763671875,-0.208251953125,0.74566650390625,3,-0.0390625,0.0234375,-0.01171875,nan,2.571381280737575e-39,1.2550234313176271e-33,2781,164057337,1012.806884765625,32.369998931884766,3.688678026199341,2783,164092124,257283066,-802948044,-22.06100082397461,0.10400000214576721,125.31803894042969,11,2783
164142203,164094480,0.6031494140625,0.19207763671875,-0.208251953125,0.74566650390625,0,-0.0390625,0.0234375,-0.01171875,nan,2.5713616625590745e-39,1.2772175911806173e-33,2782,164095546,1012.802978515625,32.369998931884766,3.720386028289795,2784,164142200,257283066,-802948044,-22.031999588012695,0.10000000149011612,125.31803894042969,11,2784
164195525,164147271,0.6031494140625,0.19183349609375,-0.20880126953125,0.74554443359375,0,-0.0390625,0.0234375,-0.01171875,nan,2.5713616625590745e-39,1.2772175911806173e-33,2783,164148337,1012.806884765625,32.369998931884766,3.688678026199341,2785,164195522,257283067,-802948045,-22.016000747680664,0.11500000208616257,125.31803894042969,11,2785
164242198,164200569,0.6031494140625,0.19183349609375,-0.20880126953125,0.74554443359375,3,-0.13671875,-0.1015625,-0.01953125,nan,2.5713616625590745e-39,1.2772175911806173e-33,2784,164201634,1012.84326171875,32.369998931884766,3.387453556060791,2786,164242195,257283066,-802948045,-22.007999420166016,0.10700000077486038,125.31803894042969,11,2786
164295461,164253271,0.6031494140625,0.19183349609375,-0.20880126953125,0.74554443359375,3,-0.09765625,-0.1015625,0.0546875,nan,2.5713616625590745e-39,1.2772175911806173e-33,2785,164254337,1012.8232421875,32.36000061035156,3.5512773990631104,2787,164295458,257283068,-802948046,-22.006000518798828,0.11500000208616257,125.31803894042969,11,2787
164342430,164306586,0.6031494140625,0.19183349609375,-0.20880126953125,0.74554443359375,3,0.015625,-0.015625,-0.05078125,nan,2.5713616625590745e-39,1.2772175911806173e-33,2786,164307652,1012.810546875,32.369998931884766,3.656970262527466,2788,164342427,257283069,-802948048,-22.035999298095703,0.11699999868869781,125.31803894042969,11,2788
164392120,164344271,0.6031494140625,0.19183349609375,-0.20880126953125,0.74554443359375,3,-0.09765625,0.09765625,0.140625,nan,2.5713616625590745e-39,1.2772175911806173e-33,2787,164345337,1012.817626953125,32.36000061035156,3.598839282989502,2789,164392117,257283072,-802948049,-22.048999786376953,0.11699999868869781,125.31803894042969,11,2789
164446464,164398480,0.6031494140625,0.19183349609375,-0.20880126953125,0.74554443359375,0,-0.09765625,0.09765625,0.140625,5.5099476006791105e-40,2.5713882872298966e-39,1.3035200119642353e-33,2788,164399546,1012.800537109375,32.36000061035156,3.7415244579315186,2790,164446462,257283074,-802948048,-22.03499984741211,0.11400000005960464,125.31803894042969,11,2790
164493369,164451374,0.6031494140625,0.19183349609375,-0.20880126953125,0.74554443359375,0,-0.09765625,0.09765625,0.140625,1.285692742316484e-39,2.4795738105488703e-39,1.307009760818239e-33,2789,164452439,1012.833984375,32.380001068115234,3.4614386558532715,2791,164493366,257283075,-802948048,-22.0310001373291,0.11900000274181366,125.31803894042969,11,2791
164546150,164504480,0.6031494140625,0.19183349609375,-0.20880126953125,0.74554443359375,0,-0.09765625,0.09765625,0.140625,3.673826222874303e-40,2.4795738105488703e-39,1.3135224586992752e-33,2790,164505545,1012.802734375,32.36000061035156,3.725670576095581,2792,164546147,257283075,-802948049,-22.01799964904785,0.14000000059604645,125.31803894042969,11,2792
164593437,164557271,0.6031494140625,0.19183349609375,-0.20880126953125,0.74554443359375,3,-0.03515625,-0.0390625,0.0234375,3.673826222874303e-40,2.4795738105488703e-39,1.3135224586992752e-33,2791,164558337,1012.812255859375,32.36000061035156,3.6464009284973145,2793,164593434,257283075,-802948050,-21.98699951171875,0.15299999713897705,125.31803894042969,11,2793
164643222,164595480,0.6031494140625,0.19183349609375,-0.20880126953125,0.74554443359375,3,0.0390625,-0.0234375,-0.01953125,3.673826222874303e-40,2.4795738105488703e-39,1.3135224586992752e-33,2792,164596545,1012.810791015625,32.36000061035156,3.656970262527466,2794,164643220,257283076,-802948050,-21.96500015258789,0.1469999998807907,125.31803894042969,11,2794
164696341,164648296,0.6031494140625,0.19183349609375,-0.20880126953125,0.74554443359375,3,-0.04296875,-0.0234375,-0.01171875,3.673826222874303e-40,2.4795738105488703e-39,1.3135224586992752e-33,2793,164649361,1012.817138671875,32.369998931884766,3.604123830795288,2795,164696338,257283076,-802948050,-21.959999084472656,0.1459999978542328,125.31803894042969,11,2795
164749107,164701558,0.605224609375,0.18865966796875,-0.20849609375,0.7447509765625,0,-0.04296875,-0.0234375,-0.01171875,3.673826222874303e-40,2.4795738105488703e-39,1.3135224586992752e-33,2794,164702623,1012.796142578125,32.36000061035156,3.778517007827759,2796,164749104,257283077,-802948048,-21.95199966430664,0.10199999809265137,125.31803894042969,11,2796
164790060,164754271,0.605224609375,0.18865966796875,-0.20849609375,0.7447509765625,3,0.1484375,-0.13671875,-0.08984375,3.673826222874303e-40,2.4795738105488703e-39,1.3135224586992752e-33,2795,164755337,1012.84033203125,32.36000061035156,3.4085922241210938,2797,164790057,257283076,-802948045,-21.906999588012695,0.0560000017285347,125.31803894042969,11,2797
164846164,164792480,0.605224609375,0.18865966796875,-0.20849609375,0.7447509765625,0,0.1484375,-0.13671875,-0.08984375,5.509709379940175e-40,2.479585020936585e-39,1.3398220325825122e-33,2796,164793546,1012.830322265625,32.369998931884766,3.4931464195251465,2798,164846162,257283079,-802948046,-21.913000106811523,0.08900000154972076,125.31803894042969,11,2798
164944328,164920272,0.605224609375,0.18865966796875,-0.20849609375,0.7447509765625,3,0.1015625,-0.0390625,0.0703125,5.509709379940175e-40,2.479585020936585e-39,1.3398220325825122e-33,2797,164921337,1012.798095703125,32.36000061035156,3.7626631259918213,2799,164944326,257283081,-802948046,-21.87700080871582,0.0989999994635582,125.31803894042969,11,2799
164996338,164948582,0.605224609375,0.18865966796875,-0.20849609375,0.7447509765625,0,0.1015625,-0.0390625,0.0703125,2.663202763910923e-39,2.4795934287273708e-39,1.3485774451152228e-33,2798,164949647,1012.790283203125,32.36000061035156,3.8260786533355713,2800,164996335,257283081,-802948045,-21.860000610351562,0.09200000017881393,125.31803894042969,11,2800
165043306,165001164,0.605224609375,0.18865966796875,-0.20849609375,0.7447509765625,0,0.1015625,-0.0390625,0.0703125,nan,2.4795752118473346e-39,1.3595971536412048e-33,2799,165002230,1012.8125,32.36000061035156,3.6411163806915283,2801,165043303,257283082,-802948044,-21.83300018310547,0.08100000023841858,125.31803894042969,11,2801
165096453,165053664,0.60577392578125,0.18756103515625,-0.20977783203125,0.74420166015625,0,0.1015625,-0.0390625,0.0703125,nan,2.4795752118473346e-39,1.3595971536412048e-33,2800,165054730,1012.827880859375,32.36000061035156,3.514285087585449,2802,165096450,257283081,-802948045,-21.841999053955078,0.0689999982714653,125.31803894042969,11,2802
165141436,165105141,0.6055908203125,0.1875,-0.20977783203125,0.744384765625,0,0.1015625,-0.0390625,0.0703125,nan,2.4795752118473346e-39,1.3595971536412048e-33,2801,165106206,1012.82763671875,32.36000061035156,3.514285087585449,2803,165141433,257283084,-802948046,-21.847999572753906,0.09300000220537186,125.31803894042969,11,2803
165192139,165143689,0.6055908203125,0.1875,-0.20977783203125,0.744384765625,0,0.1015625,-0.0390625,0.0703125,nan,2.4795738105488703e-39,1.3740973356360785e-33,2802,165144754,1012.8251953125,32.36000061035156,3.535423517227173,2804,165192137,257283085,-802948046,-21.83300018310547,0.07999999821186066,125.31803894042969,11,2804
165244252,165196140,0.6055908203125,0.1875,-0.20977783203125,0.744384765625,0,0.1015625,-0.0390625,0.0703125,nan,2.5713868859314323e-39,1.3765977406899721e-33,2803,165197206,1012.80078125,32.36000061035156,3.7415244579315186,2805,165244249,257283087,-802948047,-21.836000442504883,0.0989999994635582,125.31803894042969,11,2805
165292139,165249713,0.6055908203125,0.1875,-0.20977783203125,0.744384765625,3,0.0390625,0.0625,0.03515625,nan,2.5713868859314323e-39,1.3765977406899721e-33,2804,165250778,1012.82861328125,32.36000061035156,3.509000301361084,2806,165292136,257283088,-802948047,-21.826000213623047,0.12099999934434891,125.31803894042969,11,2806
165340201,165303141,0.60540771484375,0.18804931640625,-0.20947265625,0.7445068359375,0,0.0390625,0.0625,0.03515625,nan,2.5713868859314323e-39,1.3765977406899721e-33,2805,165304206,1012.811279296875,32.36000061035156,3.6516857147216797,2807,165340198,257283090,-802948048,-21.815000534057617,0.14000000059604645,125.31803894042969,11,2807
165391347,165342689,0.60540771484375,0.18804931640625,-0.20947265625,0.7445068359375,3,-0.046875,0.0078125,0.0703125,nan,2.5713868859314323e-39,1.3765977406899721e-33,2806,165343754,1012.791259765625,32.36000061035156,3.820794105529785,2808,165391344,257283089,-802948048,-21.79400062561035,0.11100000143051147,125.31803894042969,11,2808
165443135,165395140,0.60491943359375,0.18878173828125,-0.20965576171875,0.74462890625,0,-0.046875,0.0078125,0.0703125,nan,2.5713868859314323e-39,1.3765977406899721e-33,2807,165396206,1012.7900390625,32.36000061035156,3.8313634395599365,2809,165443132,257283089,-802948047,-21.775999069213867,0.11100000143051147,125.31803894042969,11,2809
165496336,165447713,0.60491943359375,0.18878173828125,-0.20965576171875,0.74462890625,3,-0.0625,0.0546875,0.03515625,nan,2.5713868859314323e-39,1.3765977406899721e-33,2808,165448778,1012.80224609375,32.36000061035156,3.725670576095581,2810,165496334,257283088,-802948047,-21.756000518798828,0.09799999743700027,125.31803894042969,11,2810
165542433,165500140,0.60516357421875,0.18975830078125,-0.20892333984375,0.744384765625,0,-0.0625,0.0546875,0.03515625,nan,2.5713868859314323e-39,1.3765977406899721e-33,2809,165501206,1012.8369140625,32.369998931884766,3.4402999877929688,2811,165542430,257283088,-802948047,-21.750999450683594,0.10100000351667404,125.31803894042969,11,2811
165595458,165552675,0.60516357421875,0.18975830078125,-0.20892333984375,0.744384765625,3,0.015625,0.0,0.03515625,nan,2.5713868859314323e-39,1.3765977406899721e-33,2810,165553741,1012.824462890625,32.36000061035156,3.540708065032959,2812,165595455,257283090,-802948047,-21.725000381469727,0.09399999678134918,125.31803894042969,11,2812
165641377,165605140,0.6051025390625,0.19012451171875,-0.20867919921875,0.74444580078125,0,0.015625,0.0,0.03515625,nan,2.5713868859314323e-39,1.3765977406899721e-33,2811,165606206,1012.83984375,32.36000061035156,3.41387677192688,2813,165641375,257283092,-802948046,-21.701000213623047,0.09700000286102295,125.31803894042969,11,2813
165692186,165643665,0.6048583984375,0.1907958984375,-0.2086181640625,0.74444580078125,0,0.015625,0.0,0.03515625,nan,2.5713868859314323e-39,1.3765977406899721e-33,2812,165644730,1012.818115234375,32.369998931884766,3.5935544967651367,2814,165692183,257283091,-802948044,-21.66900062561035,0.07100000232458115,125.31803894042969,11,2814
165750077,165696140,0.60479736328125,0.19134521484375,-0.20794677734375,0.74456787109375,0,0.015625,0.0,0.03515625,nan,2.5713868859314323e-39,1.3765977406899721e-33,2813,165697206,1012.79296875,32.369998931884766,3.8049402236938477,2815,165750074,257283090,-802948043,-21.641000747680664,0.050999999046325684,125.31803894042969,11,2815
165795332,165752713,0.60479736328125,0.19134521484375,-0.20794677734375,0.74456787109375,3,-0.19921875,0.15234375,0.0859375,nan,2.5713868859314323e-39,1.3765977406899721e-33,2814,165753778,1012.814453125,32.369998931884766,3.625262498855591,2816,165795329,257283091,-802948042,-21.608999252319336,0.03700000047683716,125.31803894042969,11,2816
165848689,165806140,0.6043701171875,0.1900634765625,-0.207763671875,0.74530029296875,0,-0.19921875,0.15234375,0.0859375,nan,2.5713868859314323e-39,1.3765977406899721e-33,2815,165807206,1012.8193359375,32.369998931884766,3.5882699489593506,2817,165848687,257283090,-802948041,-21.58099937438965,0.01899999938905239,125.31803894042969,11,2817
165943142,165912689,0.6043701171875,0.1900634765625,-0.207763671875,0.74530029296875,3,0.0234375,0.19921875,-0.14453125,nan,2.5713868859314323e-39,1.3765977406899721e-33,2816,165913755,1012.809814453125,32.369998931884766,3.667539596557617,2818,165943139,257283091,-802948040,-21.542999267578125,0.029999999329447746,125.31803894042969,11,2818
165996331,165948165,0.6043701171875,0.1900634765625,-0.207763671875,0.74530029296875,0,0.0234375,0.19921875,-0.14453125,nan,2.47956400145962e-39,1.4409453116444419e-33,2817,165949230,1012.8154296875,32.369998931884766,3.6199777126312256,2819,165996328,257283092,-802948040,-21.525999069213867,0.017000000923871994,125.31803894042969,11,2819
166043172,166001558,0.60284423828125,0.19256591796875,-0.209228515625,0.7454833984375,0,0.0234375,0.19921875,-0.14453125,nan,2.47956400145962e-39,1.4409453116444419e-33,2818,166002623,1012.827880859375,32.380001068115234,3.514285087585449,2820,166043169,257283096,-802948040,-21.506999969482422,0.04100000113248825,125.31803894042969,11,2820
166096320,166054295,0.60284423828125,0.19256591796875,-0.209228515625,0.7454833984375,3,-0.03125,0.0234375,-0.00390625,nan,2.47956400145962e-39,1.4409453116444419e-33,2819,166055361,1012.812744140625,32.380001068115234,3.6411163806915283,2821,166096317,257283097,-802948040,-21.482999801635742,0.03999999910593033,125.31803894042969,11,2821
166143153,166107480,0.60284423828125,0.19256591796875,-0.209228515625,0.7454833984375,3,-0.05859375,0.09765625,0.0703125,nan,2.47956400145962e-39,1.4409453116444419e-33,2820,166108546,1012.8212890625,32.380001068115234,3.572416067123413,2822,166143150,257283095,-802948040,-21.48699951171875,0.032999999821186066,125.31803894042969,11,2822
166195439,166147271,0.60284423828125,0.19256591796875,-0.209228515625,0.7454833984375,3,-0.05078125,0.0546875,0.0625,nan,2.47956400145962e-39,1.4409453116444419e-33,2821,166148337,1012.81396484375,32.380001068115234,3.630547046661377,2823,166195436,257283095,-802948040,-21.4689998626709,0.035999998450279236,125.31803894042969,11,2823
166242276,166200480,0.60284423828125,0.19256591796875,-0.209228515625,0.7454833984375,0,-0.05078125,0.0546875,0.0625,7.346783640700724e-40,2.5713742742452534e-39,1.4689348423279783e-33,2822,166201546,1012.8359375,32.380001068115234,3.445584774017334,2824,166242273,257283096,-802948041,-21.457000732421875,0.035999998450279236,125.31803894042969,11,2824
166295304,166253373,0.60284423828125,0.19256591796875,-0.209228515625,0.7454833984375,0,-0.05078125,0.0546875,0.0625,9.183577641768408e-40,2.5713784781406464e-39,1.4725423242880565e-33,2823,166254439,1012.830810546875,32.380001068115234,3.4878618717193604,2825,166295301,257283097,-802948040,-21.437999725341797,0.03999999910593033,125.31803894042969,11,2825
166342092,166306480,0.60284423828125,0.19256591796875,-0.209228515625,0.7454833984375,3,-0.04296875,-0.03125,0.0546875,9.183577641768408e-40,2.5713784781406464e-39,1.4725423242880565e-33,2824,166307545,1012.8349609375,32.380001068115234,3.4561538696289062,2826,166342089,257283098,-802948040,-21.416000366210938,0.04100000113248825,125.31803894042969,11,2826
166394187,166346271,0.60284423828125,0.19256591796875,-0.209228515625,0.7454833984375,3,0.0234375,0.0,-0.01953125,9.183577641768408e-40,2.5713784781406464e-39,1.4725423242880565e-33,2825,166347337,1012.826416015625,32.380001068115234,3.5248541831970215,2827,166394184,257283100,-802948041,-21.40399932861328,0.0560000017285347,125.31803894042969,11,2827
166441330,166399534,0.6043701171875,0.19097900390625,-0.209228515625,0.74462890625,0,0.0234375,0.0,-0.01953125,9.183577641768408e-40,2.5713784781406464e-39,1.4725423242880565e-33,2826,166400599,1012.828125,32.38999938964844,3.514285087585449,2828,166441327,257283101,-802948043,-21.4060001373291,0.07500000298023224,125.31803894042969,11,2828
166494216,166452295,0.6043701171875,0.19097900390625,-0.209228515625,0.74462890625,3,0.0390625,0.046875,0.0078125,9.183577641768408e-40,2.5713784781406464e-39,1.4725423242880565e-33,2827,166453361,1012.816650390625,32.380001068115234,3.609408378601074,2829,166494213,257283103,-802948043,-21.382999420166016,0.10100000351667404,125.31803894042969,11,2829
166541507,166504456,0.60546875,0.18927001953125,-0.208740234375,0.74432373046875,0,0.0390625,0.046875,0.0078125,9.183577641768408e-40,2.5713784781406464e-39,1.4725423242880565e-33,2828,166505521,1012.80517578125,32.380001068115234,3.7045319080352783,2830,166541504,257283104,-802948044,-21.368999481201172,0.1080000028014183,125.31803894042969,11,2830
166593132,166545402,0.60546875,0.18927001953125,-0.208740234375,0.74432373046875,3,-0.00390625,-0.109375,-0.04296875,9.183577641768408e-40,2.5713784781406464e-39,1.4725423242880565e-33,2829,166546468,1012.858642578125,32.380001068115234,3.260622262954712,2831,166593129,257283106,-802948044,-21.384000778198242,0.12700000405311584,125.31803894042969,11,2831
166646973,166598271,0.60546875,0.18927001953125,-0.208740234375,0.74432373046875,3,0.078125,-0.0234375,0.0234375,9.183577641768408e-40,2.5713784781406464e-39,1.4725423242880565e-33,2830,166599337,1012.830078125,32.38999938964844,3.4984309673309326,2832,166646970,257283107,-802948044,-21.364999771118164,0.13300000131130219,125.31803894042969,11,2832
166692139,166650582,0.60546875,0.18927001953125,-0.208740234375,0.74432373046875,0,0.078125,-0.0234375,0.0234375,2.4795780144442633e-39,2.57135045217136e-39,1.5095726003908664e-33,2831,166651647,1012.836669921875,32.380001068115234,3.4402999877929688,2833,166692137,257283108,-802948045,-21.357999801635742,0.13600000739097595,125.31803894042969,11,2833
166750060,166702271,0.60546875,0.18927001953125,-0.208740234375,0.74432373046875,0,0.078125,-0.0234375,0.0234375,1.744874427001833e-39,2.5712972028297155e-39,1.515511234585419e-33,2832,166703337,1012.8447265625,32.400001525878906,3.3715996742248535,2834,166750057,257283109,-802948045,-21.33799934387207,0.1420000046491623,125.31803894042969,11,2834
166791438,166755558,0.60546875,0.18927001953125,-0.208740234375,0.74432373046875,0,0.078125,-0.0234375,0.0234375,4.5923353272852905e-40,2.479572409250406e-39,1.5207460415374168e-33,2833,166756624,1012.813720703125,32.38999938964844,3.630547046661377,2835,166791435,257283108,-802948046,-21.327999114990234,0.12600000202655792,125.31803894042969,11,2835
166847148,166793271,0.60968017578125,0.186279296875,-0.20758056640625,0.741943359375,0,0.078125,-0.0234375,0.0234375,4.5923353272852905e-40,2.479572409250406e-39,1.5207460415374168e-33,2834,166794337,1012.8125,32.38999938964844,3.6411163806915283,2836,166847145,257283108,-802948045,-21.31399917602539,0.10999999940395355,125.31803894042969,11,2836
166891339,166849520,0.60968017578125,0.186279296875,-0.20758056640625,0.741943359375,3,0.28515625,-0.12890625,-0.13671875,4.5923353272852905e-40,2.479572409250406e-39,1.5207460415374168e-33,2835,166850586,1012.8232421875,32.38999938964844,3.5512773990631104,2837,166891336,257283110,-802948046,-21.334999084472656,0.10300000011920929,125.31803894042969,11,2837
166996449,166954296,0.60968017578125,0.186279296875,-0.20758056640625,0.741943359375,3,-0.08203125,-0.05859375,-0.08203125,4.5923353272852905e-40,2.479572409250406e-39,1.5207460415374168e-33,2836,166955361,1012.83984375,32.38999938964844,3.41387677192688,2838,166996446,257283110,-802948043,-21.266000747680664,0.07100000232458115,125.31803894042969,11,2838
167043121,167007558,0.610595703125,0.18585205078125,-0.20751953125,0.7413330078125,0,-0.08203125,-0.05859375,-0.08203125,4.5923353272852905e-40,2.479572409250406e-39,1.5207460415374168e-33,2837,167008624,1012.7822265625,32.380001068115234,3.8947789669036865,2839,167043118,257283111,-802948042,-21.246000289916992,0.0689999982714653,125.31803894042969,11,2839
167093422,167045271,0.610595703125,0.18585205078125,-0.20751953125,0.7413330078125,0,-0.08203125,-0.05859375,-0.08203125,nan,2.5713910898268253e-39,1.555730406456819e-33,2838,167046337,1012.800537109375,32.38999938964844,3.7415244579315186,2840,167093420,257283112,-802948042,-21.2189998626709,0.06700000166893005,125.31803894042969,11,2840
167146502,167098586,0.610595703125,0.18585205078125,-0.20751953125,0.7413330078125,3,-0.11328125,0.0,-0.05078125,nan,2.5713910898268253e-39,1.555730406456819e-33,2839,167099652,1012.83740234375,32.400001525878906,3.4350154399871826,2841,167146499,257283112,-802948042,-21.20599937438965,0.05700000002980232,125.31803894042969,11,2841
167193398,167151164,0.610595703125,0.18585205078125,-0.20751953125,0.7413330078125,0,-0.11328125,0.0,-0.05078125,1.836079338850878e-40,2.5713714716483247e-39,1.566399119716485e-33,2840,167152230,1012.80859375,32.400001525878906,3.6728241443634033,2842,167193395,257283114,-802948042,-21.197999954223633,0.04500000178813934,125.31803894042969,11,2842
167241227,167204689,0.610595703125,0.18585205078125,-0.20751953125,0.7413330078125,0,-0.11328125,0.0,-0.05078125,1.836934130914116e-40,2.4795878235335135e-39,1.582136417680103e-33,2841,167205755,1012.81982421875,32.38999938964844,3.5829854011535645,2843,167241224,257283114,-802948040,-21.135000228881836,0.0430000014603138,125.31803894042969,11,2843
167291163,167243140,0.60919189453125,0.18853759765625,-0.20849609375,0.74151611328125,0,-0.11328125,0.0,-0.05078125,1.836934130914116e-40,2.4795878235335135e-39,1.582136417680103e-33,2842,167244206,1012.835693359375,32.400001525878906,3.45086932182312,2844,167291160,257283116,-802948039,-21.114999771118164,0.029999999329447746,125.31803894042969,11,2844
167344281,167296271,0.60919189453125,0.18853759765625,-0.20849609375,0.74151611328125,3,-0.09375,0.0390625,-0.01953125,1.836934130914116e-40,2.4795878235335135e-39,1.582136417680103e-33,2843,167297337,1012.80859375,32.38999938964844,3.6728241443634033,2845,167344278,257283118,-802948039,-21.113000869750977,0.05299999937415123,125.31803894042969,11,2845
167391327,167349582,0.60919189453125,0.18853759765625,-0.20849609375,0.74151611328125,0,-0.09375,0.0390625,-0.01953125,nan,2.571389688528361e-39,1.6066425361588708e-33,2844,167350647,1012.8447265625,32.400001525878906,3.3715996742248535,2846,167391324,257283119,-802948039,-21.099000930786133,0.0560000017285347,125.31803894042969,11,2846
167444207,167402271,0.60919189453125,0.18853759765625,-0.20849609375,0.74151611328125,3,-0.0625,0.0,0.05859375,nan,2.571389688528361e-39,1.6066425361588708e-33,2845,167403337,1012.8310546875,32.38999938964844,3.4878618717193604,2847,167444204,257283120,-802948038,-21.05699920654297,0.05700000002980232,125.31803894042969,11,2847
167496319,167454480,0.60919189453125,0.18853759765625,-0.20849609375,0.74151611328125,0,-0.0625,0.0,0.05859375,nan,2.5713924911252896e-39,1.6251731025736302e-33,2846,167455545,1012.806640625,32.38999938964844,3.693962812423706,2848,167496316,257283119,-802948038,-21.035999298095703,0.04899999871850014,125.31803894042969,11,2848
167543149,167507349,0.60693359375,0.19110107421875,-0.20989990234375,0.7423095703125,0,-0.0625,0.0,0.05859375,nan,2.5713924911252896e-39,1.6251731025736302e-33,2847,167508414,1012.809326171875,32.400001525878906,3.667539596557617,2849,167543146,257283118,-802948037,-21.011999130249023,0.03400000184774399,125.31803894042969,11,2849
167594147,167546480,0.60693359375,0.19110107421875,-0.20989990234375,0.7423095703125,3,-0.03125,0.0390625,0.05078125,nan,2.5713924911252896e-39,1.6251731025736302e-33,2848,167547545,1012.814453125,32.400001525878906,3.625262498855591,2850,167594144,257283118,-802948035,-20.972999572753906,0.008999999612569809,125.31803894042969,11,2850
167642268,167600349,0.60589599609375,0.19171142578125,-0.2113037109375,0.74261474609375,0,-0.03125,0.0390625,0.05078125,nan,2.5713924911252896e-39,1.6251731025736302e-33,2849,167601415,1012.804443359375,32.400001525878906,3.7098166942596436,2851,167642265,257283118,-802948034,-20.95199966430664,0.010999999940395355,125.31803894042969,11,2851
167695425,167653504,0.60589599609375,0.19171142578125,-0.2113037109375,0.74261474609375,3,-0.0234375,-0.015625,0.04296875,nan,2.5713924911252896e-39,1.6251731025736302e-33,2850,167654570,1012.841796875,32.40999984741211,3.3980228900909424,2852,167695422,257283118,-802948033,-20.93000030517578,0.02800000086426735,125.31803894042969,11,2852
167753060,167705271,0.60589599609375,0.19171142578125,-0.2113037109375,0.74261474609375,3,-0.015625,0.09375,0.03515625,nan,2.5713924911252896e-39,1.6251731025736302e-33,2851,167706337,1012.794677734375,32.400001525878906,3.789086103439331,2853,167753057,257283118,-802948031,-20.87700080871582,0.017999999225139618,125.31803894042969,11,2853
167794213,167758480,0.60589599609375,0.19171142578125,-0.2113037109375,0.74261474609375,0,-0.015625,0.09375,0.03515625,nan,2.4795738105488703e-39,1.681185775732297e-33,2852,167759546,1012.81591796875,32.400001525878906,3.6146931648254395,2854,167794210,257283117,-802948031,-20.865999221801758,0.03500000014901161,125.31803894042969,11,2854
167846264,167798271,0.60589599609375,0.19171142578125,-0.2113037109375,0.74261474609375,3,-0.0546875,-0.0078125,0.02734375,nan,2.4795738105488703e-39,1.681185775732297e-33,2853,167799337,1012.833251953125,32.40999984741211,3.472007989883423,2855,167846261,257283119,-802948031,-20.863000869750977,0.01600000075995922,125.31803894042969,11,2855
167893098,167851480,0.60589599609375,0.19171142578125,-0.2113037109375,0.74261474609375,0,-0.0546875,-0.0078125,0.02734375,nan,2.4795626001611557e-39,1.700495658167453e-33,2854,167852545,1012.801513671875,32.400001525878906,3.7362399101257324,2856,167893095,257283121,-802948032,-20.856000900268555,0.007000000216066837,125.31803894042969,11,2856
167992158,167956360,0.60589599609375,0.19171142578125,-0.2113037109375,0.74261474609375,3,-0.0390625,0.08984375,0.1328125,nan,2.4795626001611557e-39,1.700495658167453e-33,2855,167957426,1012.84423828125,32.40999984741211,3.3768844604492188,2857,167992156,257283122,-802948031,-20.799999237060547,0.02199999988079071,125.31803894042969,11,2857
168043158,167995480,0.60589599609375,0.19171142578125,-0.2113037109375,0.74261474609375,0,-0.0390625,0.08984375,0.1328125,nan,2.479580817041192e-39,1.7205286532993572e-33,2856,167996546,1012.84033203125,32.40999984741211,3.4085922241210938,2858,168043155,257283119,-802948029,-20.749000549316406,0.07900000363588333,125.31803894042969,11,2858
168096298,168048272,0.6043701171875,0.19390869140625,-0.21112060546875,0.74334716796875,0,-0.0390625,0.08984375,0.1328125,nan,2.479580817041192e-39,1.7205286532993572e-33,2857,168049337,1012.804931640625,32.40999984741211,3.7045319080352783,2859,168096295,257283118,-802948028,-20.707000732421875,0.10499999672174454,125.31803894042969,11,2859
168143172,168101582,0.6043701171875,0.19390869140625,-0.21112060546875,0.74334716796875,0,-0.0390625,0.08984375,0.1328125,1.8367141270552172e-39,2.5713924911252896e-39,1.74473777578355e-33,2858,168102647,1012.80859375,32.40999984741211,3.6728241443634033,2860,168143169,257283118,-802948028,-20.70199966430664,0.11599999666213989,125.31803894042969,11,2860
168196401,168154271,0.6043701171875,0.19390869140625,-0.21112060546875,0.74334716796875,3,0.12890625,0.07421875,0.01953125,1.8367141270552172e-39,2.5713924911252896e-39,1.74473777578355e-33,2859,168155337,1012.826416015625,32.40999984741211,3.5248541831970215,2861,168196398,257283120,-802948027,-20.698999404907227,0.06599999964237213,125.31803894042969,11,2861
168242174,168206480,0.6043701171875,0.19390869140625,-0.21112060546875,0.74334716796875,3,-0.0390625,0.05859375,0.02734375,1.8367141270552172e-39,2.5713924911252896e-39,1.74473777578355e-33,2860,168207545,1012.836669921875,32.40999984741211,3.4402999877929688,2862,168242172,257283121,-802948025,-20.663000106811523,0.06599999964237213,125.31803894042969,11,2862
168294131,168246271,0.6043701171875,0.19390869140625,-0.21112060546875,0.74334716796875,3,-0.0625,0.0234375,0.046875,1.8367141270552172e-39,2.5713924911252896e-39,1.74473777578355e-33,2861,168247337,1012.84765625,32.40999984741211,3.35046124458313,2863,168294128,257283120,-802948024,-20.617000579833984,0.07400000095367432,125.31803894042969,11,2863
168341427,168299456,0.60430908203125,0.19451904296875,-0.2119140625,0.74298095703125,0,-0.0625,0.0234375,0.046875,1.8367141270552172e-39,2.5713924911252896e-39,1.74473777578355e-33,2862,168300521,1012.87158203125,32.41999816894531,3.1496448516845703,2864,168341424,257283118,-802948025,-20.6200008392334,0.10700000077486038,125.31803894042969,11,2864
168394127,168352373,0.60430908203125,0.19451904296875,-0.2119140625,0.74298095703125,0,-0.0625,0.0234375,0.046875,nan,2.5713882872298966e-39,1.7898604121368096e-33,2863,168353439,1012.821044921875,32.40999984741211,3.572416067123413,2865,168394124,257283117,-802948026,-20.613000869750977,0.14000000059604645,125.31803894042969,11,2865
168440140,168404480,0.60430908203125,0.19451904296875,-0.2119140625,0.74298095703125,0,-0.0625,0.0234375,0.046875,nan,2.4796046391150854e-39,1.7997523807699715e-33,2864,168405545,1012.812255859375,32.41999816894531,3.6464009284973145,2866,168440138,257283121,-802948024,-20.579999923706055,0.035999998450279236,125.31803894042969,11,2866
168492150,168444271,0.60430908203125,0.19451904296875,-0.2119140625,0.74298095703125,3,-0.09765625,0.0234375,-0.01171875,nan,2.4796046391150854e-39,1.7997523807699715e-33,2865,168445337,1012.82421875,32.40999984741211,3.545992851257324,2867,168492147,257283120,-802948022,-20.540000915527344,0.0689999982714653,125.31803894042969,11,2867
168546196,168498586,0.60430908203125,0.19451904296875,-0.2119140625,0.74298095703125,3,0.19140625,0.015625,-0.03515625,nan,2.4796046391150854e-39,1.7997523807699715e-33,2866,168499652,1012.826904296875,32.41999816894531,3.5248541831970215,2868,168546193,257283120,-802948020,-20.488000869750977,0.09000000357627869,125.31803894042969,11,2868
168593099,168551164,0.60430908203125,0.19451904296875,-0.2119140625,0.74298095703125,0,0.19140625,0.015625,-0.03515625,nan,2.4796424741736222e-39,1.8252973423812783e-33,2867,168552230,1012.811767578125,32.41999816894531,3.6464009284973145,2869,168593096,257283121,-802948018,-20.44499969482422,0.12300000339746475,125.31803894042969,11,2869
168641293,168604664,0.60430908203125,0.19451904296875,-0.2119140625,0.74298095703125,3,-0.04296875,0.03125,0.0546875,nan,2.4796424741736222e-39,1.8252973423812783e-33,2868,168605730,1012.831298828125,32.41999816894531,3.4878618717193604,2870,168641291,257283120,-802948016,-20.400999069213867,0.1509999930858612,125.31803894042969,11,2870
168693060,168645140,0.60546875,0.19219970703125,-0.21087646484375,0.74298095703125,0,-0.04296875,0.03125,0.0546875,nan,2.4796424741736222e-39,1.8252973423812783e-33,2869,168646206,1012.843994140625,32.41999816894531,3.382169008255005,2871,168693057,257283123,-802948017,-20.413000106811523,0.10000000149011612,125.31803894042969,11,2871
168747641,168698664,0.60546875,0.19219970703125,-0.21087646484375,0.74298095703125,0,-0.04296875,0.03125,0.0546875,8.265853264497442e-40,2.4795710079519416e-39,1.855832461182818e-33,2870,168699730,1012.830078125,32.41999816894531,3.4984309673309326,2872,168747638,257283123,-802948017,-20.391000747680664,0.0860000029206276,125.31803894042969,11,2872
168792147,168750164,0.60546875,0.19219970703125,-0.21087646484375,0.74298095703125,0,-0.04296875,0.03125,0.0546875,1.3775786852191909e-39,2.5713924911252896e-39,1.862229905516176e-33,2871,168751230,1012.823486328125,32.41999816894531,3.5512773990631104,2873,168792144,257283125,-802948018,-20.39699935913086,0.061000000685453415,125.31803894042969,11,2873
168846279,168803689,0.60546875,0.19219970703125,-0.21087646484375,0.74298095703125,0,-0.04296875,0.03125,0.0546875,1.5612931177875674e-39,2.5713924911252896e-39,1.8733206947161844e-33,2872,168804754,1012.835205078125,32.41999816894531,3.4561538696289062,2874,168846276,257283125,-802948017,-20.365999221801758,0.03400000184774399,125.31803894042969,11,2874
168892143,168856165,0.60546875,0.19219970703125,-0.21087646484375,0.74298095703125,0,-0.04296875,0.03125,0.0546875,5.184804318001823e-44,2.5713700703498604e-39,1.8815939708940655e-33,2873,168857230,1012.830810546875,32.41999816894531,3.4878618717193604,2875,168892141,257283125,-802948016,-20.3439998626709,0.024000000208616257,125.31803894042969,11,2875
168943462,168894689,0.60546875,0.19219970703125,-0.21087646484375,0.74298095703125,0,-0.04296875,0.03125,0.0546875,1.3775955008007628e-39,2.571377076842182e-39,1.8925969653597467e-33,2874,168895754,1012.8388671875,32.41999816894531,3.4244461059570312,2876,168943459,257283124,-802948015,-20.33300018310547,0.05299999937415123,125.31803894042969,11,2876
169046397,169010165,0.60546875,0.19219970703125,-0.21087646484375,0.74298095703125,0,-0.04296875,0.03125,0.0546875,1.3775478566529757e-39,2.571364465156003e-39,1.901012219214688e-33,2875,169011230,1012.79638671875,32.41999816894531,3.778517007827759,2877,169046394,257283123,-802948010,-20.256000518798828,0.08399999886751175,125.31803894042969,11,2877
169092182,169049647,0.60546875,0.19219970703125,-0.21087646484375,0.74298095703125,0,-0.04296875,0.03125,0.0546875,1.3775450540560471e-39,2.5713714716483247e-39,1.9098778343427883e-33,2876,169050712,1012.818359375,32.41999816894531,3.5935544967651367,2878,169092180,257283125,-802948009,-20.214000701904297,0.07999999821186066,125.31803894042969,11,2878
169144182,169102165,0.60546875,0.19219970703125,-0.21087646484375,0.74298095703125,0,-0.04296875,0.03125,0.0546875,4.5919429637152796e-40,2.571377076842182e-39,1.929312980394704e-33,2877,169103230,1012.788818359375,32.41999816894531,3.841932535171509,2879,169144179,257283126,-802948010,-20.216999053955078,0.0430000014603138,125.31803894042969,11,2879
169191060,169154622,0.60546875,0.19219970703125,-0.21087646484375,0.74298095703125,0,-0.04296875,0.03125,0.0546875,2.755148962647596e-40,2.5713784781406464e-39,1.937461911310787e-33,2878,169155688,1012.79736328125,32.41999816894531,3.7679476737976074,2880,169191057,257283125,-802948008,-20.176000595092773,0.07100000232458115,125.31803894042969,11,2880
169241193,169193140,0.609619140625,0.1859130859375,-0.20880126953125,0.74176025390625,0,-0.04296875,0.03125,0.0546875,2.755148962647596e-40,2.5713784781406464e-39,1.937461911310787e-33,2879,169194206,1012.820068359375,32.40999984741211,3.577700614929199,2881,169241191,257283126,-802948007,-20.170000076293945,0.06800000369548798,125.31803894042969,11,2881
169295456,169246664,0.609619140625,0.1859130859375,-0.20880126953125,0.74176025390625,0,-0.04296875,0.03125,0.0546875,nan,2.571377076842182e-39,1.9569725461405447e-33,2880,169247730,1012.83740234375,32.41999816894531,3.4350154399871826,2882,169295453,257283125,-802948006,-20.163999557495117,0.07599999755620956,125.31803894042969,11,2882
169341185,169299165,0.609619140625,0.1859130859375,-0.20880126953125,0.74176025390625,0,-0.04296875,0.03125,0.0546875,nan,2.4795626001611557e-39,1.9629328535121906e-33,2881,169300230,1012.826904296875,32.43000030517578,3.5248541831970215,2883,169341182,257283125,-802948006,-20.152999877929688,0.08699999749660492,125.31803894042969,11,2883
169394124,169352598,0.60980224609375,0.1864013671875,-0.209228515625,0.74139404296875,0,-0.04296875,0.03125,0.0546875,nan,2.4795626001611557e-39,1.9629328535121906e-33,2882,169353664,1012.823974609375,32.41999816894531,3.545992851257324,2884,169394122,257283124,-802948004,-20.118999481201172,0.11299999803304672,125.31803894042969,11,2884
169441456,169405140,0.60986328125,0.18658447265625,-0.20947265625,0.7412109375,0,-0.04296875,0.03125,0.0546875,nan,2.4795626001611557e-39,1.9629328535121906e-33,2883,169406206,1012.797119140625,32.41999816894531,3.7732322216033936,2885,169441453,257283125,-802948002,-20.072999954223633,0.09200000017881393,125.31803894042969,11,2885
169492225,169443665,0.6094970703125,0.18743896484375,-0.2099609375,0.74114990234375,0,-0.04296875,0.03125,0.0546875,nan,2.4795626001611557e-39,1.9629328535121906e-33,2884,169444730,1012.8173828125,32.41999816894531,3.604123830795288,2886,169492222,257283126,-802948001,-20.040000915527344,0.0820000022649765,125.31803894042969,11,2886
169545320,169497141,0.60906982421875,0.18731689453125,-0.209716796875,0.7415771484375,0,-0.04296875,0.03125,0.0546875,nan,2.4795626001611557e-39,1.9629328535121906e-33,2885,169498206,1012.796142578125,32.41999816894531,3.778517007827759,2887,169545317,257283126,-802948000,-20.013999938964844,0.08100000023841858,125.31803894042969,11,2887
169593083,169550622,0.60906982421875,0.18731689453125,-0.209716796875,0.7415771484375,0,-0.04296875,0.03125,0.0546875,nan,2.4796102443089427e-39,2.0098249762054225e-33,2886,169551688,1012.783447265625,32.41999816894531,3.884209632873535,2888,169593080,257283127,-802947999,-20.014999389648438,0.0689999982714653,125.31803894042969,11,2888
169646083,169603164,0.60906982421875,0.18731689453125,-0.209716796875,0.7415771484375,0,-0.04296875,0.03125,0.0546875,nan,2.5713910898268253e-39,2.021020457871051e-33,2887,169604230,1012.811279296875,32.43000030517578,3.6516857147216797,2889,169646080,257283127,-802947997,-19.983999252319336,0.05900000035762787,125.31803894042969,11,2889
169699060,169656664,0.60784912109375,0.189697265625,-0.2115478515625,0.74151611328125,0,-0.04296875,0.03125,0.0546875,nan,2.5713910898268253e-39,2.021020457871051e-33,2888,169657730,1012.82568359375,32.43000030517578,3.535423517227173,2890,169699057,257283128,-802947997,-19.993999481201172,0.032999999821186066,125.31803894042969,11,2890
169746093,169710141,0.6072998046875,0.19024658203125,-0.211181640625,0.74188232421875,0,-0.04296875,0.03125,0.0546875,nan,2.5713910898268253e-39,2.021020457871051e-33,2889,169711206,1012.8466796875,32.41999816894531,3.355745792388916,2891,169746090,257283128,-802947997,-20.003000259399414,0.026000000536441803,125.31803894042969,11,2891
169791689,169748689,0.6072998046875,0.19024658203125,-0.211181640625,0.74188232421875,0,-0.04296875,0.03125,0.0546875,nan,2.4795668040565487e-39,2.0530221895462338e-33,2890,169749754,1012.793701171875,32.41999816894531,3.7996554374694824,2892,169791686,257283127,-802947995,-19.95199966430664,0.027000000700354576,125.31803894042969,11,2892
169844173,169802140,0.60662841796875,0.1907958984375,-0.21148681640625,0.7421875,0,-0.04296875,0.03125,0.0546875,nan,2.4795668040565487e-39,2.0530221895462338e-33,2891,169803206,1012.803955078125,32.43000030517578,3.7151012420654297,2893,169844170,257283127,-802947993,-19.90399932861328,0.023000000044703484,125.31803894042969,11,2893
169891685,169854622,0.60662841796875,0.1907958984375,-0.21148681640625,0.7421875,0,-0.04296875,0.03125,0.0546875,nan,2.4795654027580843e-39,2.0657816297114328e-33,2892,169855688,1012.84228515625,32.43000030517578,3.3927383422851562,2894,169891682,257283126,-802947993,-19.900999069213867,0.06400000303983688,125.31803894042969,11,2894
169943107,169895141,0.6063232421875,0.19158935546875,-0.2125244140625,0.741943359375,0,-0.04296875,0.03125,0.0546875,nan,2.4795654027580843e-39,2.0657816297114328e-33,2893,169896206,1012.799560546875,32.43000030517578,3.75209379196167,2895,169943104,257283124,-802947990,-19.85700035095215,0.10199999809265137,125.31803894042969,11,2895
170043262,170007587,0.6063232421875,0.19158935546875,-0.2125244140625,0.741943359375,3,-0.0546875,0.09375,0.078125,nan,2.4795654027580843e-39,2.0657816297114328e-33,2894,170008652,1012.830810546875,32.41999816894531,3.4878618717193604,2896,170043259,257283127,-802947988,-19.849000930786133,0.032999999821186066,125.31803894042969,11,2896
170094325,170046165,0.6063232421875,0.19158935546875,-0.2125244140625,0.741943359375,0,-0.0546875,0.09375,0.078125,nan,2.4795696066534773e-39,2.091919664956928e-33,2895,170047230,1012.800537109375,32.41999816894531,3.7415244579315186,2897,170094322,257283130,-802947989,-19.857999801635742,0.06199999898672104,125.31803894042969,11,2897
170142532,170099558,0.60528564453125,0.19232177734375,-0.21307373046875,0.742431640625,0,-0.0546875,0.09375,0.078125,nan,2.4795696066534773e-39,2.091919664956928e-33,2896,170100623,1012.806884765625,32.43000030517578,3.688678026199341,2898,170142529,257283132,-802947988,-19.833999633789062,0.08100000023841858,125.31803894042969,11,2898
170194295,170152296,0.60528564453125,0.19232177734375,-0.21307373046875,0.742431640625,3,-0.0234375,0.0546875,-0.00390625,nan,2.4795696066534773e-39,2.091919664956928e-33,2897,170153361,1012.814453125,32.43000030517578,3.625262498855591,2899,170194292,257283133,-802947986,-19.797000885009766,0.09600000083446503,125.31803894042969,11,2899
170241278,170205480,0.60528564453125,0.19232177734375,-0.21307373046875,0.742431640625,3,-0.12890625,0.015625,-0.01171875,nan,2.4795696066534773e-39,2.091919664956928e-33,2898,170206546,1012.826904296875,32.43000030517578,3.5248541831970215,2900,170241275,257283133,-802947985,-19.777999877929688,0.05999999865889549,125.31803894042969,11,2900
170292231,170243271,0.60528564453125,0.19232177734375,-0.21307373046875,0.742431640625,3,0.0,0.12109375,0.09375,nan,2.4795696066534773e-39,2.091919664956928e-33,2899,170244337,1012.809326171875,32.439998626708984,3.667539596557617,2901,170292228,257283132,-802947984,-19.7549991607666,0.039000000804662704,125.31803894042969,11,2901
170344359,170296586,0.60528564453125,0.19232177734375,-0.21307373046875,0.742431640625,3,-0.09765625,-0.0390625,0.01953125,nan,2.4795696066534773e-39,2.091919664956928e-33,2900,170297652,1012.80908203125,32.439998626708984,3.6728241443634033,2902,170344356,257283133,-802947983,-19.739999771118164,0.0689999982714653,125.31803894042969,11,2902
170391681,170349165,0.60528564453125,0.19232177734375,-0.21307373046875,0.742431640625,0,-0.09765625,-0.0390625,0.01953125,1.4693679385278594e-39,2.571381280737575e-39,2.1558357009149513e-33,2901,170350230,1012.796142578125,32.41999816894531,3.778517007827759,2903,170391678,257283132,-802947984,-19.73699951171875,0.0820000022649765,125.31803894042969,11,2903
170446048,170402664,0.60552978515625,0.19293212890625,-0.21258544921875,0.74224853515625,0,-0.09765625,-0.0390625,0.01953125,1.4693679385278594e-39,2.571381280737575e-39,2.1558357009149513e-33,2902,170403730,1012.838134765625,32.43000030517578,3.4297306537628174,2904,170446045,257283131,-802947983,-19.715999603271484,0.0820000022649765,125.31803894042969,11,2904
170491378,170455164,0.60552978515625,0.19293212890625,-0.21258544921875,0.74224853515625,0,-0.09765625,-0.0390625,0.01953125,nan,2.5713840833345036e-39,2.1756536173148535e-33,2903,170456230,1012.8193359375,32.439998626708984,3.5882699489593506,2905,170491375,257283128,-802947980,-19.68899917602539,0.08799999952316284,125.31803894042969,11,2905
170542328,170493664,0.60552978515625,0.19293212890625,-0.21258544921875,0.74224853515625,3,-0.09765625,-0.125,0.0703125,nan,2.5713840833345036e-39,2.1756536173148535e-33,2904,170494730,1012.83154296875,32.439998626708984,3.482577085494995,2906,170542326,257283127,-802947978,-19.64900016784668,0.06300000101327896,125.31803894042969,11,2906
170595972,170547141,0.6053466796875,0.19232177734375,-0.2120361328125,0.74267578125,0,-0.09765625,-0.125,0.0703125,nan,2.5713840833345036e-39,2.1756536173148535e-33,2905,170548206,1012.828125,32.439998626708984,3.514285087585449,2907,170595969,257283127,-802947977,-19.64699935913086,0.020999999716877937,125.31803894042969,11,2907
170642327,170599689,0.6053466796875,0.19232177734375,-0.2120361328125,0.74267578125,3,-0.12890625,-0.0703125,0.015625,nan,2.5713840833345036e-39,2.1756536173148535e-33,2906,170600754,1012.789794921875,32.439998626708984,3.8313634395599365,2908,170642324,257283129,-802947977,-19.6560001373291,0.020999999716877937,125.31803894042969,11,2908
170694406,170652140,0.60662841796875,0.18902587890625,-0.20989990234375,0.74310302734375,0,-0.12890625,-0.0703125,0.015625,nan,2.5713840833345036e-39,2.1756536173148535e-33,2907,170653206,1012.8642578125,32.439998626708984,3.2130606174468994,2909,170694403,257283130,-802947977,-19.64299964904785,0.041999999433755875,125.31803894042969,11,2909
170748457,170705664,0.60662841796875,0.18902587890625,-0.20989990234375,0.74310302734375,3,-0.12890625,-0.19921875,-0.06640625,nan,2.5713840833345036e-39,2.1756536173148535e-33,2908,170706730,1012.835205078125,32.439998626708984,3.4561538696289062,2910,170748454,257283129,-802947975,-19.597999572753906,0.04500000178813934,125.31803894042969,11,2910
170794286,170758127,0.60662841796875,0.18902587890625,-0.20989990234375,0.74310302734375,3,0.0703125,0.0,0.0078125,nan,2.5713840833345036e-39,2.1756536173148535e-33,2909,170759193,1012.828369140625,32.439998626708984,3.509000301361084,2911,170794283,257283129,-802947974,-19.58300018310547,0.04899999871850014,125.31803894042969,11,2911
170846258,170796689,0.60662841796875,0.18902587890625,-0.20989990234375,0.74310302734375,0,0.0703125,0.0,0.0078125,6.428050328535444e-40,2.4795794157427276e-39,2.2418284391363788e-33,2910,170797754,1012.798095703125,32.439998626708984,3.7626631259918213,2912,170846256,257283130,-802947972,-19.548999786376953,0.052000001072883606,125.31803894042969,11,2912
170891674,170849140,0.60577392578125,0.190673828125,-0.211669921875,0.742919921875,0,0.0703125,0.0,0.0078125,6.428050328535444e-40,2.4795794157427276e-39,2.2418284391363788e-33,2911,170850206,1012.865478515625,32.45000076293945,3.202491283416748,2913,170891671,257283131,-802947972,-19.53700065612793,0.05400000140070915,125.31803894042969,11,2913
170944351,170901713,0.60577392578125,0.190673828125,-0.211669921875,0.742919921875,3,-0.09765625,-0.015625,0.02734375,6.428050328535444e-40,2.4795794157427276e-39,2.2418284391363788e-33,2912,170902778,1012.822021484375,32.439998626708984,3.5618467330932617,2914,170944348,257283130,-802947971,-19.517000198364258,0.05700000002980232,125.31803894042969,11,2914
171044361,171008140,0.60528564453125,0.1915283203125,-0.21185302734375,0.7430419921875,0,-0.09765625,-0.015625,0.02734375,6.428050328535444e-40,2.4795794157427276e-39,2.2418284391363788e-33,2913,171009206,1012.864990234375,32.45000076293945,3.207775831222534,2915,171044358,257283127,-802947968,-19.488000869750977,0.054999999701976776,125.31803894042969,11,2915
171095960,171046689,0.60528564453125,0.1915283203125,-0.21185302734375,0.7430419921875,0,-0.09765625,-0.015625,0.02734375,nan,2.4795654027580843e-39,2.2806781600890707e-33,2914,171047754,1012.813232421875,32.45000076293945,3.635831594467163,2916,171095957,257283126,-802947966,-19.46299934387207,0.05700000002980232,125.31803894042969,11,2916
171142323,171100164,0.60528564453125,0.1915283203125,-0.21185302734375,0.7430419921875,0,-0.09765625,-0.015625,0.02734375,nan,2.5713868859314323e-39,2.2985783676582017e-33,2915,171101230,1012.821533203125,32.45000076293945,3.567131280899048,2917,171142320,257283126,-802947965,-19.440000534057617,0.03200000151991844,125.31803894042969,11,2917
171194281,171152582,0.60528564453125,0.1915283203125,-0.21185302734375,0.7430419921875,0,-0.09765625,-0.015625,0.02734375,nan,2.4795794157427276e-39,2.3051673808365453e-33,2916,171153647,1012.802001953125,32.45000076293945,3.730955123901367,2918,171194278,257283123,-802947964,-19.422000885009766,0.05400000140070915,125.31803894042969,11,2918
171242333,171206165,0.60528564453125,0.1915283203125,-0.21185302734375,0.7430419921875,0,-0.09765625,-0.015625,0.02734375,2.7548546899700876e-40,2.571381280737575e-39,2.313535798588446e-33,2917,171207230,1012.839599609375,32.45000076293945,3.419161558151245,2919,171242330,257283121,-802947962,-19.368000030517578,0.09300000220537186,125.31803894042969,11,2919
171293426,171244689,0.60528564453125,0.1915283203125,-0.21185302734375,0.7430419921875,0,-0.09765625,-0.015625,0.02734375,9.183437511921975e-40,2.5713798794391107e-39,2.328712716354508e-33,2918,171245754,1012.847412109375,32.45000076293945,3.35046124458313,2920,171293423,257283120,-802947961,-19.334999084472656,0.12200000137090683,125.31803894042969,11,2920
171340453,171298164,0.60528564453125,0.1915283203125,-0.21185302734375,0.7430419921875,0,-0.09765625,-0.015625,0.02734375,1.285680130630305e-39,2.5713742742452534e-39,2.3328399872228405e-33,2919,171299230,1012.8330078125,32.45000076293945,3.472007989883423,2921,171340450,257283119,-802947960,-19.31100082397461,0.12999999523162842,125.31803894042969,11,2921
171393255,171350689,0.60528564453125,0.1915283203125,-0.21185302734375,0.7430419921875,3,0.0625,0.04296875,0.078125,1.285680130630305e-39,2.5713742742452534e-39,2.3328399872228405e-33,2920,171351754,1012.801025390625,32.45000076293945,3.7362399101257324,2922,171393252,257283120,-802947960,-19.29599952697754,0.11299999803304672,125.31803894042969,11,2922
171446242,171403165,0.60528564453125,0.1915283203125,-0.21185302734375,0.7430419921875,0,0.0625,0.04296875,0.078125,nan,2.4795710079519416e-39,2.349562312718249e-33,2921,171404230,1012.775634765625,32.45000076293945,3.9476253986358643,2923,171446239,257283121,-802947960,-19.30500030517578,0.07500000298023224,125.31803894042969,11,2923
171492194,171456586,0.60528564453125,0.1915283203125,-0.21185302734375,0.7430419921875,3,-0.0234375,-0.0078125,0.01171875,nan,2.4795710079519416e-39,2.349562312718249e-33,2922,171457652,1012.790771484375,32.45000076293945,3.8260786533355713,2924,171492191,257283124,-802947959,-19.277000427246094,0.035999998450279236,125.31803894042969,11,2924
171542337,171494205,0.6041259765625,0.195556640625,-0.21270751953125,0.74267578125,0,-0.0234375,-0.0078125,0.01171875,nan,2.4795710079519416e-39,2.349562312718249e-33,2923,171495270,1012.809814453125,32.45000076293945,3.667539596557617,2925,171542335,257283126,-802947958,-19.25200080871582,0.03799999877810478,125.31803894042969,11,2925
171595905,171547534,0.6041259765625,0.195556640625,-0.21270751953125,0.74267578125,0,-0.0234375,-0.0078125,0.01171875,2.754882715939374e-40,2.571364465156003e-39,2.3797442322015652e-33,2924,171548599,1012.806396484375,32.45000076293945,3.693962812423706,2926,171595902,257283125,-802947957,-19.22800064086914,0.02500000037252903,125.31803894042969,11,2926
171647430,171599296,0.6041259765625,0.195556640625,-0.21270751953125,0.74267578125,3,-0.0625,-0.0234375,0.0390625,2.754882715939374e-40,2.571364465156003e-39,2.3797442322015652e-33,2925,171600361,1012.783447265625,32.45000076293945,3.884209632873535,2927,171647427,257283126,-802947957,-19.20599937438965,0.00800000037997961,125.31803894042969,11,2927
171693204,171651480,0.6041259765625,0.195556640625,-0.21270751953125,0.74267578125,0,-0.0625,-0.0234375,0.0390625,nan,2.479576613145799e-39,2.396268376696265e-33,2926,171652546,1012.787841796875,32.45000076293945,3.847217321395874,2928,171693201,257283125,-802947955,-19.163999557495117,0.032999999821186066,125.31803894042969,11,2928
171746331,171704271,0.6041259765625,0.195556640625,-0.21270751953125,0.74267578125,3,-0.015625,0.06640625,0.078125,nan,2.479576613145799e-39,2.396268376696265e-33,2927,171705337,1012.763427734375,32.45000076293945,4.053318023681641,2929,171746328,257283125,-802947956,-19.165000915527344,0.04399999976158142,125.31803894042969,11,2929
171792190,171756586,0.6041259765625,0.195556640625,-0.21270751953125,0.74267578125,3,-0.0078125,0.05859375,-0.01171875,nan,2.479576613145799e-39,2.396268376696265e-33,2928,171757652,1012.787841796875,32.459999084472656,3.847217321395874,2930,171792187,257283128,-802947957,-19.170000076293945,0.014999999664723873,125.31803894042969,11,2930
171844343,171796271,0.6041259765625,0.195556640625,-0.21270751953125,0.74267578125,3,-0.06640625,-0.02734375,0.015625,nan,2.479576613145799e-39,2.396268376696265e-33,2929,171797337,1012.824951171875,32.45000076293945,3.540708065032959,2931,171844340,257283131,-802947957,-19.166000366210938,0.03500000014901161,125.31803894042969,11,2931
171891723,171849456,0.60400390625,0.19610595703125,-0.21112060546875,0.74310302734375,0,-0.06640625,-0.02734375,0.015625,nan,2.479576613145799e-39,2.396268376696265e-33,2930,171850521,1012.822265625,32.459999084472656,3.5618467330932617,2932,171891720,257283132,-802947956,-19.121000289916992,0.029999999329447746,125.31803894042969,11,2932
171944340,171902373,0.60400390625,0.19610595703125,-0.21112060546875,0.74310302734375,0,-0.06640625,-0.02734375,0.015625,1.928595866062531e-39,2.5713742742452534e-39,2.4418902308066395e-33,2931,171903439,1012.838134765625,32.459999084472656,3.4297306537628174,2933,171944338,257283134,-802947955,-19.10300064086914,0.0820000022649765,125.31803894042969,11,2933
171991679,171955480,0.60400390625,0.19610595703125,-0.21112060546875,0.74310302734375,0,-0.06640625,-0.02734375,0.015625,1.8367631725014686e-39,2.5713476495744312e-39,2.454803403592407e-33,2932,171956545,1012.8212890625,32.459999084472656,3.572416067123413,2934,171991676,257283135,-802947953,-19.058000564575195,0.11999999731779099,125.31803894042969,11,2934
172092293,172056271,0.60400390625,0.19610595703125,-0.21112060546875,0.74310302734375,3,0.00390625,-0.046875,-0.09765625,1.8367631725014686e-39,2.5713476495744312e-39,2.454803403592407e-33,2933,172057337,1012.839111328125,32.459999084472656,3.419161558151245,2935,172092291,257283135,-802947951,-18.982999801635742,0.05400000140070915,125.31803894042969,11,2935
172142305,172094480,0.60400390625,0.19610595703125,-0.21112060546875,0.74310302734375,0,0.00390625,-0.046875,-0.09765625,4.59190092476135e-40,2.5713840833345036e-39,2.4742927325870558e-33,2934,172095546,1012.8125,32.459999084472656,3.6411163806915283,2936,172142302,257283135,-802947952,-18.996000289916992,0.05999999865889549,125.31803894042969,11,2936
172195802,172147271,0.60400390625,0.19610595703125,-0.21112060546875,0.74310302734375,3,0.1328125,-0.0703125,-0.05078125,4.59190092476135e-40,2.5713840833345036e-39,2.4742927325870558e-33,2935,172148337,1012.8203125,32.459999084472656,3.577700614929199,2937,172195799,257283136,-802947953,-18.999000549316406,0.08799999952316284,125.31803894042969,11,2937
172241236,172199582,0.60400390625,0.19610595703125,-0.21112060546875,0.74310302734375,0,0.1328125,-0.0703125,-0.05078125,2.7550971146044158e-39,2.571385484632968e-39,2.4956263020155495e-33,2936,172200647,1012.815673828125,32.45000076293945,3.6146931648254395,2938,172241233,257283135,-802947950,-18.940000534057617,0.04800000041723251,125.31803894042969,11,2938
172294361,172251271,0.60400390625,0.19610595703125,-0.21112060546875,0.74310302734375,3,0.0859375,-0.03125,-0.0078125,2.7550971146044158e-39,2.571385484632968e-39,2.4956263020155495e-33,2937,172252337,1012.85693359375,32.459999084472656,3.2711915969848633,2939,172294358,257283134,-802947948,-18.891000747680664,0.00800000037997961,125.31803894042969,11,2939
172340425,172304480,0.60400390625,0.19610595703125,-0.21112060546875,0.74310302734375,0,0.0859375,-0.03125,-0.0078125,2.6633036574003544e-39,2.571372872946789e-39,2.5190445372068296e-33,2938,172305545,1012.845703125,32.459999084472656,3.3663151264190674,2940,172340422,257283134,-802947945,-18.836999893188477,0.04800000041723251,125.31803894042969,11,2940
172396421,172342271,0.60400390625,0.19610595703125,-0.21112060546875,0.74310302734375,3,0.140625,-0.10546875,-0.08203125,2.6633036574003544e-39,2.571372872946789e-39,2.5190445372068296e-33,2939,172343337,1012.81982421875,32.459999084472656,3.5829854011535645,2941,172396419,257283130,-802947944,-18.788000106811523,0.09000000357627869,125.31803894042969,11,2941
172446243,172398480,0.60400390625,0.19610595703125,-0.21112060546875,0.74310302734375,3,0.1015625,-0.07421875,-0.11328125,2.6633036574003544e-39,2.571372872946789e-39,2.5190445372068296e-33,2940,172399546,1012.814208984375,32.45000076293945,3.630547046661377,2942,172446240,257283132,-802947944,-18.798999786376953,0.05400000140070915,125.31803894042969,11,2942
172494380,172451373,0.60400390625,0.19610595703125,-0.21112060546875,0.74310302734375,0,0.1015625,-0.07421875,-0.11328125,1.561248276236709e-39,2.5713714716483247e-39,2.5422904890073172e-33,2941,172452439,1012.828369140625,32.45000076293945,3.509000301361084,2943,172494377,257283133,-802947944,-18.799999237060547,0.04500000178813934,125.31803894042969,11,2943
172541065,172504480,0.60400390625,0.19610595703125,-0.21112060546875,0.74310302734375,0,0.1015625,-0.07421875,-0.11328125,2.6632518093571743e-39,2.571368669051396e-39,2.5557137161387462e-33,2942,172505546,1012.81884765625,32.45000076293945,3.5882699489593506,2944,172541063,257283134,-802947942,-18.74799919128418,0.03500000014901161,125.31803894042969,11,2944
172592185,172543349,0.613037109375,0.182861328125,-0.20819091796875,0.7398681640625,0,0.1015625,-0.07421875,-0.11328125,2.6632518093571743e-39,2.571368669051396e-39,2.5557137161387462e-33,2943,172544415,1012.816162109375,32.45000076293945,3.6146931648254395,2945,172592182,257283132,-802947940,-18.700000762939453,0.057999998331069946,125.31803894042969,11,2945
172644323,172596349,0.613037109375,0.182861328125,-0.20819091796875,0.7398681640625,0,0.1015625,-0.07421875,-0.11328125,1.836934130914116e-40,2.571381280737575e-39,2.5718567433243902e-33,2944,172597415,1012.848388671875,32.45000076293945,3.3451764583587646,2946,172644320,257283133,-802947939,-18.663999557495117,0.057999998331069946,125.31803894042969,11,2946
172690274,172648491,0.613037109375,0.182861328125,-0.20819091796875,0.7398681640625,3,0.0859375,-0.03515625,-0.16796875,1.836934130914116e-40,2.571381280737575e-39,2.5718567433243902e-33,2945,172649557,1012.850341796875,32.45000076293945,3.329322576522827,2947,172690271,257283133,-802947938,-18.628999710083008,0.04100000113248825,125.31803894042969,11,2947
172749371,172701349,0.61328125,0.18243408203125,-0.20819091796875,0.73974609375,0,0.0859375,-0.03515625,-0.16796875,1.836934130914116e-40,2.571381280737575e-39,2.5718567433243902e-33,2946,172702414,1012.857666015625,32.459999084472656,3.265907049179077,2948,172749368,257283131,-802947938,-18.625999450683594,0.09600000083446503,125.31803894042969,11,2948
172796714,172754456,0.61328125,0.18243408203125,-0.20819091796875,0.73974609375,3,0.0234375,0.02734375,-0.01953125,1.836934130914116e-40,2.571381280737575e-39,2.5718567433243902e-33,2947,172755521,1012.80908203125,32.45000076293945,3.6728241443634033,2949,172796711,257283135,-802947937,-18.586000442504883,0.041999999433755875,125.31803894042969,11,2949
172843293,172807402,0.61328125,0.18243408203125,-0.20819091796875,0.73974609375,3,0.0390625,-0.01953125,-0.00390625,1.836934130914116e-40,2.571381280737575e-39,2.5718567433243902e-33,2948,172808467,1012.785400390625,32.45000076293945,3.8683557510375977,2950,172843290,257283137,-802947936,-18.579999923706055,0.03400000184774399,125.31803894042969,11,2950
172896012,172847401,0.61328125,0.18243408203125,-0.20819091796875,0.73974609375,0,0.0390625,-0.01953125,-0.00390625,nan,2.4795794157427276e-39,2.621131997142922e-33,2949,172848466,1012.806884765625,32.45000076293945,3.688678026199341,2951,172896009,257283137,-802947934,-18.527000427246094,0.04600000008940697,125.31803894042969,12,2951
172942293,172900456,0.611083984375,0.184814453125,-0.2093505859375,0.74066162109375,0,0.0390625,-0.01953125,-0.00390625,nan,2.4795794157427276e-39,2.621131997142922e-33,2950,172901521,1012.804443359375,32.45000076293945,3.7098166942596436,2952,172942290,257283135,-802947932,-18.493000030517578,0.013000000268220901,125.31803894042969,13,2952
172996001,172953373,0.611083984375,0.184814453125,-0.2093505859375,0.74066162109375,0,0.0390625,-0.01953125,-0.00390625,nan,2.4795878235335135e-39,2.6349723410979005e-33,2951,172954439,1012.812255859375,32.439998626708984,3.6464009284973145,2953,172995997,257283133,-802947930,-18.429000854492188,0.03099999949336052,125.31803894042969,13,2953
173095786,173059480,0.611083984375,0.184814453125,-0.2093505859375,0.74066162109375,0,0.0390625,-0.01953125,-0.00390625,nan,2.4795864222350492e-39,2.6478743099531367e-33,2952,173060546,1012.831298828125,32.439998626708984,3.4878618717193604,2954,173095783,257283136,-802947927,-18.374000549316406,0.01600000075995922,125.31803894042969,13,2954
173142291,173100272,0.611083984375,0.184814453125,-0.2093505859375,0.74066162109375,3,-0.03125,0.0859375,0.05859375,nan,2.4795864222350492e-39,2.6478743099531367e-33,2953,173101337,1012.790771484375,32.439998626708984,3.8260786533355713,2955,173142288,257283134,-802947925,-18.341999053955078,0.032999999821186066,125.31803894042969,13,2955
173195966,173153582,0.611083984375,0.184814453125,-0.2093505859375,0.74066162109375,0,-0.03125,0.0859375,0.05859375,nan,2.4795710079519416e-39,2.6738936937375957e-33,2954,173154647,1012.78955078125,32.439998626708984,3.8313634395599365,2956,173195963,257283132,-802947924,-18.322999954223633,0.05299999937415123,125.31803894042969,13,2956
173242274,173206164,0.611083984375,0.184814453125,-0.2093505859375,0.74066162109375,0,-0.03125,0.0859375,0.05859375,nan,2.571389688528361e-39,2.6805938278662904e-33,2955,173207230,1012.809326171875,32.439998626708984,3.667539596557617,2957,173242271,257283131,-802947920,-18.253000259399414,0.06700000166893005,125.31803894042969,13,2957
173294357,173244665,0.60723876953125,0.189453125,-0.21142578125,0.7420654296875,0,-0.03125,0.0859375,0.05859375,nan,2.571389688528361e-39,2.6805938278662904e-33,2956,173245730,1012.810791015625,32.45000076293945,3.656970262527466,2958,173294354,257283129,-802947918,-18.200000762939453,0.10199999809265137,125.31803894042969,13,2958
173346221,173298141,0.607177734375,0.1898193359375,-0.2115478515625,0.74200439453125,0,-0.03125,0.0859375,0.05859375,nan,2.571389688528361e-39,2.6805938278662904e-33,2957,173299206,1012.822998046875,32.439998626708984,3.5565621852874756,2959,173346218,257283128,-802947914,-18.159000396728516,0.14800000190734863,125.31803894042969,13,2959
173394348,173351713,0.607177734375,0.1898193359375,-0.2115478515625,0.74200439453125,3,-0.03125,0.0859375,0.078125,nan,2.571389688528361e-39,2.6805938278662904e-33,2958,173352778,1012.80224609375,32.45000076293945,3.725670576095581,2960,173394345,257283126,-802947914,-18.132999420166016,0.1599999964237213,125.31803894042969,13,2960
173446210,173404087,0.607177734375,0.1898193359375,-0.2115478515625,0.74200439453125,3,-0.15234375,0.078125,0.04296875,nan,2.571389688528361e-39,2.6805938278662904e-33,2959,173405152,1012.8349609375,32.45000076293945,3.4561538696289062,2961,173446208,257283126,-802947911,-18.097000122070312,0.1679999977350235,125.31803894042969,13,2961
173494344,173456689,0.607177734375,0.1898193359375,-0.2115478515625,0.74200439453125,0,-0.15234375,0.078125,0.04296875,nan,2.479572409250406e-39,2.7316653839896725e-33,2960,173457754,1012.83740234375,32.45000076293945,3.4350154399871826,2962,173494341,257283130,-802947910,-18.072999954223633,0.10100000351667404,125.31803894042969,13,2962
173546210,173498140,0.60504150390625,0.19219970703125,-0.21185302734375,0.7430419921875,0,-0.15234375,0.078125,0.04296875,nan,2.479572409250406e-39,2.7316653839896725e-33,2961,173499206,1012.80078125,32.439998626708984,3.7415244579315186,2963,173546207,257283132,-802947909,-18.03499984741211,0.07800000160932541,125.31803894042969,13,2963
173600174,173551456,0.60467529296875,0.19256591796875,-0.2120361328125,0.7431640625,0,-0.15234375,0.078125,0.04296875,nan,2.479572409250406e-39,2.7316653839896725e-33,2962,173552521,1012.8046875,32.45000076293945,3.7098166942596436,2964,173600171,257283130,-802947908,-18.010000228881836,0.04800000041723251,125.31803894042969,13,2964
173640172,173604373,0.60467529296875,0.19256591796875,-0.2120361328125,0.7431640625,0,-0.15234375,0.078125,0.04296875,nan,2.47956400145962e-39,2.7545535446971287e-33,2963,173605439,1012.783935546875,32.45000076293945,3.878925085067749,2965,173640169,257283132,-802947908,-18.0049991607666,0.019999999552965164,125.31803894042969,13,2965
173696404,173642480,0.60467529296875,0.19256591796875,-0.2120361328125,0.7431640625,0,-0.15234375,0.078125,0.04296875,nan,2.571389688528361e-39,2.767421901760771e-33,2964,173643546,1012.813232421875,32.45000076293945,3.635831594467163,2966,173696401,257283133,-802947906,-17.965999603271484,0.01600000075995922,125.31803894042969,13,2966
173748579,173700271,0.60418701171875,0.19329833984375,-0.21221923828125,0.74334716796875,0,-0.15234375,0.078125,0.04296875,nan,2.571389688528361e-39,2.767421901760771e-33,2965,173701337,1012.801025390625,32.45000076293945,3.7362399101257324,2967,173748576,257283133,-802947904,-17.93000030517578,0.017000000923871994,125.31803894042969,13,2967
173796017,173753558,0.604248046875,0.193603515625,-0.2120361328125,0.7432861328125,0,-0.15234375,0.078125,0.04296875,nan,2.571389688528361e-39,2.767421901760771e-33,2966,173754623,1012.8251953125,32.459999084472656,3.535423517227173,2968,173796014,257283132,-802947901,-17.854000091552734,0.061000000685453415,125.31803894042969,13,2968
173848571,173806295,0.604248046875,0.193603515625,-0.2120361328125,0.7432861328125,3,-0.05859375,0.0234375,0.0234375,nan,2.571389688528361e-39,2.767421901760771e-33,2967,173807361,1012.817626953125,32.459999084472656,3.598839282989502,2969,173848569,257283134,-802947899,-17.799999237060547,0.06400000303983688,125.31803894042969,13,2969
173895923,173859480,0.604248046875,0.193603515625,-0.2120361328125,0.7432861328125,3,-0.05859375,0.015625,0.0234375,nan,2.571389688528361e-39,2.767421901760771e-33,2968,173860546,1012.808837890625,32.459999084472656,3.6728241443634033,2970,173895920,257283133,-802947898,-17.777000427246094,0.01600000075995922,125.31803894042969,13,2970
173942275,173899271,0.604248046875,0.193603515625,-0.2120361328125,0.7432861328125,3,0.0234375,0.04296875,0.1015625,nan,2.571389688528361e-39,2.767421901760771e-33,2969,173900337,1012.82568359375,32.459999084472656,3.535423517227173,2971,173942272,257283132,-802947897,-17.743000030517578,0.017999999225139618,125.31803894042969,13,2971
173994349,173952480,0.604248046875,0.193603515625,-0.2120361328125,0.7432861328125,0,0.0234375,0.04296875,0.1015625,2.802596928649634e-45,2.479559797564227e-39,2.820996342496443e-33,2970,173953545,1012.824951171875,32.459999084472656,3.540708065032959,2972,173994346,257283132,-802947895,-17.695999145507812,0.01600000075995922,125.31803894042969,13,2972
174042287,174005373,0.604248046875,0.193603515625,-0.2120361328125,0.7432861328125,0,0.0234375,0.04296875,0.1015625,3.6735319501967944e-40,2.5713910898268253e-39,2.8283123254623732e-33,2971,174006439,1012.7998046875,32.459999084472656,3.7468090057373047,2973,174042284,257283133,-802947893,-17.67300033569336,0.04699999839067459,125.31803894042969,13,2973
174144310,174108480,0.604248046875,0.193603515625,-0.2120361328125,0.7432861328125,0,0.0234375,0.04296875,0.1015625,nan,2.5713826820360393e-39,2.841107765142066e-33,2972,174109546,1012.819580078125,32.470001220703125,3.5829854011535645,2974,174144308,257283133,-802947890,-17.634000778198242,0.029999999329447746,125.31803894042969,13,2974
174191634,174149271,0.604248046875,0.193603515625,-0.2120361328125,0.7432861328125,0,0.0234375,0.04296875,0.1015625,nan,2.47956400145962e-39,2.8508663886348066e-33,2973,174150337,1012.8359375,32.470001220703125,3.445584774017334,2975,174191631,257283132,-802947889,-17.611000061035156,0.027000000700354576,125.31803894042969,13,2975
174244301,174202480,0.604248046875,0.193603515625,-0.2120361328125,0.7432861328125,3,0.03125,0.05859375,0.046875,nan,2.47956400145962e-39,2.8508663886348066e-33,2974,174203545,1012.80517578125,32.470001220703125,3.7045319080352783,2976,174244298,257283132,-802947888,-17.57900047302246,0.013000000268220901,125.31803894042969,13,2976
174291622,174255373,0.604248046875,0.193603515625,-0.2120361328125,0.7432861328125,0,0.03125,0.05859375,0.046875,nan,2.479580817041192e-39,2.874101136504763e-33,2975,174256439,1012.763427734375,32.470001220703125,4.053318023681641,2977,174291619,257283134,-802947886,-17.55500030517578,0.0729999989271164,125.31803894042969,13,2977
174342271,174294456,0.60455322265625,0.1929931640625,-0.21099853515625,0.74346923828125,0,0.03125,0.05859375,0.046875,nan,2.479580817041192e-39,2.874101136504763e-33,2976,174295521,1012.837890625,32.470001220703125,3.4297306537628174,2978,174342268,257283135,-802947884,-17.511999130249023,0.10999999940395355,125.31803894042969,13,2978
174396400,174348272,0.60455322265625,0.1929931640625,-0.21099853515625,0.74346923828125,3,-0.06640625,0.05859375,-0.0078125,nan,2.479580817041192e-39,2.874101136504763e-33,2977,174349337,1012.8037109375,32.470001220703125,3.7151012420654297,2979,174396398,257283135,-802947883,-17.490999221801758,0.09799999743700027,125.31803894042969,13,2979
174443261,174401582,0.60455322265625,0.1929931640625,-0.21099853515625,0.74346923828125,0,-0.06640625,0.05859375,-0.0078125,1.653057147723878e-39,2.5713518534698242e-39,2.9016049492491198e-33,2978,174402647,1012.8427734375,32.47999954223633,3.3927383422851562,2980,174443258,257283134,-802947882,-17.457000732421875,0.06499999761581421,125.31803894042969,13,2980
174497644,174455164,0.60455322265625,0.1929931640625,-0.21099853515625,0.74346923828125,0,-0.06640625,0.05859375,-0.0078125,1.2857543994489143e-39,2.4795611988626914e-39,2.9101414259589897e-33,2979,174456230,1012.837158203125,32.470001220703125,3.4350154399871826,2981,174497641,257283135,-802947880,-17.410999298095703,0.08500000089406967,125.31803894042969,13,2981
174546043,174508689,0.60455322265625,0.1929931640625,-0.21099853515625,0.74346923828125,0,-0.06640625,0.05859375,-0.0078125,2.1122318259169054e-39,2.5713616625590745e-39,2.9245177218695463e-33,2980,174509754,1012.82666015625,32.47999954223633,3.5248541831970215,2982,174546040,257283134,-802947878,-17.368000030517578,0.08399999886751175,125.31803894042969,13,2982
174592172,174550140,0.606689453125,0.1898193359375,-0.210205078125,0.7427978515625,0,-0.06640625,0.05859375,-0.0078125,2.1122318259169054e-39,2.5713616625590745e-39,2.9245177218695463e-33,2981,174551206,1012.827880859375,32.47999954223633,3.514285087585449,2983,174592169,257283133,-802947877,-17.344999313354492,0.061000000685453415,125.31803894042969,13,2983
174640170,174603664,0.60711669921875,0.1888427734375,-0.20928955078125,0.742919921875,0,-0.06640625,0.05859375,-0.0078125,2.1122318259169054e-39,2.5713616625590745e-39,2.9245177218695463e-33,2982,174604730,1012.8203125,32.470001220703125,3.577700614929199,2984,174640167,257283132,-802947875,-17.292999267578125,0.06400000303983688,125.31803894042969,13,2984
174696394,174642164,0.60711669921875,0.1888427734375,-0.20928955078125,0.742919921875,0,-0.06640625,0.05859375,-0.0078125,2.5714443391684696e-39,2.5713518534698242e-39,2.94508519958909e-33,2983,174643230,1012.82763671875,32.4900016784668,3.514285087585449,2985,174696391,257283132,-802947873,-17.23699951171875,0.08699999749660492,125.31803894042969,13,2985
174748657,174698665,0.60711669921875,0.1888427734375,-0.20928955078125,0.742919921875,3,-0.03515625,-0.0703125,-0.03125,2.5714443391684696e-39,2.5713518534698242e-39,2.94508519958909e-33,2984,174699730,1012.82275390625,32.47999954223633,3.5565621852874756,2986,174748654,257283133,-802947872,-17.218000411987305,0.10300000011920929,125.31803894042969,13,2986
174794261,174752165,0.60711669921875,0.1888427734375,-0.20928955078125,0.742919921875,0,-0.03515625,-0.0703125,-0.03125,1.8367673763968615e-39,2.5713588599621458e-39,2.961643874230345e-33,2985,174753230,1012.79833984375,32.470001220703125,3.7626631259918213,2987,174794258,257283134,-802947871,-17.201000213623047,0.11999999731779099,125.31803894042969,13,2987
174848675,174804689,0.60711669921875,0.1888427734375,-0.20928955078125,0.742919921875,3,0.0859375,-0.078125,-0.10546875,1.8367673763968615e-39,2.5713588599621458e-39,2.961643874230345e-33,2986,174805754,1012.831787109375,32.47999954223633,3.482577085494995,2988,174848672,257283133,-802947870,-17.173999786376953,0.0949999988079071,125.31803894042969,13,2988
174894237,174857140,0.610107421875,0.1844482421875,-0.2080078125,0.741943359375,0,0.0859375,-0.078125,-0.10546875,1.8367673763968615e-39,2.5713588599621458e-39,2.961643874230345e-33,2987,174858206,1012.852294921875,32.47999954223633,3.3134686946868896,2989,174894234,257283133,-802947868,-17.150999069213867,0.11400000005960464,125.31803894042969,13,2989
174946245,174896717,0.610107421875,0.1844482421875,-0.2080078125,0.741943359375,3,0.109375,0.0078125,-0.03515625,1.8367673763968615e-39,2.5713588599621458e-39,2.961643874230345e-33,2988,174897783,1012.859375,32.47999954223633,3.2500529289245605,2990,174946243,257283131,-802947867,-17.111000061035156,0.08900000154972076,125.31803894042969,13,2990
174992165,174950140,0.61065673828125,0.18359375,-0.2080078125,0.74169921875,0,0.109375,0.0078125,-0.03515625,1.8367673763968615e-39,2.5713588599621458e-39,2.961643874230345e-33,2989,174951206,1012.8076171875,32.470001220703125,3.6833934783935547,2991,174992162,257283130,-802947865,-17.07200050354004,0.07800000160932541,125.31803894042969,13,2991
175046188,175003713,0.61065673828125,0.18359375,-0.2080078125,0.74169921875,3,0.1953125,-0.12109375,-0.03515625,1.8367673763968615e-39,2.5713588599621458e-39,2.961643874230345e-33,2990,175004778,1012.811279296875,32.470001220703125,3.6516857147216797,2992,175046185,257283129,-802947863,-17.030000686645508,0.06700000166893005,125.31803894042969,13,2992
175146013,175109087,0.61065673828125,0.18359375,-0.2080078125,0.74169921875,3,0.0703125,-0.02734375,-0.07421875,1.8367673763968615e-39,2.5713588599621458e-39,2.961643874230345e-33,2991,175110152,1012.84423828125,32.47999954223633,3.3768844604492188,2993,175146010,257283129,-802947858,-16.97100067138672,0.08500000089406967,125.31803894042969,13,2993
175192140,175149665,0.6121826171875,0.18280029296875,-0.2086181640625,0.74041748046875,0,0.0703125,-0.02734375,-0.07421875,1.8367673763968615e-39,2.5713588599621458e-39,2.961643874230345e-33,2992,175150730,1012.841552734375,32.47999954223633,3.4033076763153076,2994,175192137,257283128,-802947857,-16.945999145507812,0.05400000140070915,125.31803894042969,13,2994
175244375,175202165,0.6121826171875,0.18280029296875,-0.2086181640625,0.74041748046875,0,0.0703125,-0.02734375,-0.07421875,nan,2.47956400145962e-39,3.0496454220947324e-33,2993,175203230,1012.796630859375,32.470001220703125,3.7732322216033936,2995,175244372,257283128,-802947856,-16.913999557495117,0.04500000178813934,125.31803894042969,13,2995
175297172,175255582,0.6121826171875,0.18280029296875,-0.2086181640625,0.74041748046875,0,0.0703125,-0.02734375,-0.07421875,nan,2.479585020936585e-39,3.0581464503030854e-33,2994,175256647,1012.843505859375,32.47999954223633,3.382169008255005,2996,175297169,257283128,-802947853,-16.85099983215332,0.06300000101327896,125.31803894042969,13,2996
175344373,175308271,0.6121826171875,0.18280029296875,-0.2086181640625,0.74041748046875,3,-0.02734375,-0.03515625,0.046875,nan,2.479585020936585e-39,3.0581464503030854e-33,2995,175309337,1012.85986328125,32.47999954223633,3.2500529289245605,2997,175344370,257283126,-802947851,-16.80900001525879,0.041999999433755875,125.31803894042969,13,2997
175394219,175346480,0.6121826171875,0.18280029296875,-0.2086181640625,0.74041748046875,0,-0.02734375,-0.03515625,0.046875,nan,2.5713882872298966e-39,3.0774451288077103e-33,2996,175347546,1012.810791015625,32.47999954223633,3.656970262527466,2998,175394216,257283126,-802947850,-16.82900047302246,0.04800000041723251,125.31803894042969,13,2998
175442253,175400272,0.6121826171875,0.18280029296875,-0.2086181640625,0.74041748046875,3,0.0,0.0234375,0.03515625,nan,2.5713882872298966e-39,3.0774451288077103e-33,2997,175401337,1012.815673828125,32.47999954223633,3.6146931648254395,2999,175442250,257283126,-802947850,-16.816999435424805,0.06199999898672104,125.31803894042969,13,2999
175494248,175452582,0.6121826171875,0.18280029296875,-0.2086181640625,0.74041748046875,0,0.0,0.0234375,0.03515625,nan,2.479568205355013e-39,3.108446404587748e-33,2998,175453647,1012.822998046875,32.47999954223633,3.5565621852874756,3000,175494245,257283126,-802947848,-16.773000717163086,0.06400000303983688,125.31803894042969,13,3000
175548369,175505164,0.6121826171875,0.18280029296875,-0.2086181640625,0.74041748046875,0,0.0,0.0234375,0.03515625,nan,2.4795822183396562e-39,3.124880550296213e-33,2999,175506230,1012.79296875,32.470001220703125,3.8049402236938477,3001,175548366,257283126,-802947846,-16.735000610351562,0.07400000095367432,125.31803894042969,13,3001
175595935,175558689,0.6121826171875,0.18280029296875,-0.2086181640625,0.74041748046875,0,0.0,0.0234375,0.03515625,2.754882715939374e-40,2.571389688528361e-39,3.153655917320373e-33,3000,175559754,1012.812744140625,32.47999954223633,3.6411163806915283,3002,175595932,257283124,-802947844,-16.70599937438965,0.027000000700354576,125.31803894042969,13,3002
175641185,175599141,0.60888671875,0.18701171875,-0.2100830078125,0.74169921875,0,0.0,0.0234375,0.03515625,2.754882715939374e-40,2.571389688528361e-39,3.153655917320373e-33,3001,175600206,1012.8232421875,32.47999954223633,3.5512773990631104,3003,175641182,257283124,-802947842,-16.667999267578125,0.017999999225139618,125.31803894042969,13,3003
175694248,175651705,0.60882568359375,0.1873779296875,-0.2110595703125,0.74139404296875,0,0.0,0.0234375,0.03515625,2.754882715939374e-40,2.571389688528361e-39,3.153655917320373e-33,3002,175652770,1012.794677734375,32.47999954223633,3.789086103439331,3004,175694245,257283124,-802947840,-16.618000030517578,0.035999998450279236,125.31803894042969,13,3004
175752130,175704140,0.60784912109375,0.18804931640625,-0.21124267578125,0.74200439453125,0,0.0,0.0234375,0.03515625,2.754882715939374e-40,2.571389688528361e-39,3.153655917320373e-33,3003,175705206,1012.78955078125,32.470001220703125,3.8313634395599365,3005,175752127,257283124,-802947839,-16.599000930786133,0.03700000047683716,125.31803894042969,13,3005
175794226,175757664,0.60784912109375,0.18804931640625,-0.21124267578125,0.74200439453125,0,0.0,0.0234375,0.03515625,3.673111560657497e-40,2.5713910898268253e-39,3.2186780199941234e-33,3004,175758730,1012.817626953125,32.470001220703125,3.598839282989502,3006,175794223,257283122,-802947837,-16.559999465942383,0.023000000044703484,125.31803894042969,13,3006
175846203,175798140,0.60809326171875,0.18841552734375,-0.21160888671875,0.7415771484375,0,0.0,0.0234375,0.03515625,3.673111560657497e-40,2.5713910898268253e-39,3.2186780199941234e-33,3005,175799206,1012.83447265625,32.47999954223633,3.4614386558532715,3007,175846200,257283121,-802947836,-16.540000915527344,0.008999999612569809,125.31803894042969,13,3007
175894210,175851675,0.60809326171875,0.18841552734375,-0.21160888671875,0.7415771484375,3,-0.046875,0.125,0.0625,3.673111560657497e-40,2.5713910898268253e-39,3.2186780199941234e-33,3006,175852741,1012.842529296875,32.47999954223633,3.3927383422851562,3008,175894207,257283120,-802947834,-16.52400016784668,0.014000000432133675,125.31803894042969,13,3008
175946175,175904164,0.60809326171875,0.18841552734375,-0.21160888671875,0.7415771484375,0,-0.046875,0.125,0.0625,nan,2.479572409250406e-39,3.270608421677575e-33,3007,175905230,1012.83544921875,32.47999954223633,3.45086932182312,3009,175946172,257283121,-802947834,-16.507999420166016,0.017999999225139618,125.31803894042969,13,3009
175994210,175957664,0.60693359375,0.1900634765625,-0.21197509765625,0.74200439453125,0,-0.046875,0.125,0.0625,nan,2.479572409250406e-39,3.270608421677575e-33,3008,175958730,1012.824462890625,32.47999954223633,3.540708065032959,3010,175994207,257283122,-802947832,-16.475000381469727,0.02199999988079071,125.31803894042969,13,3010
176046224,175998140,0.60662841796875,0.1903076171875,-0.21185302734375,0.74224853515625,0,-0.046875,0.125,0.0625,nan,2.479572409250406e-39,3.270608421677575e-33,3009,175999206,1012.84814453125,32.47999954223633,3.3451764583587646,3011,176046221,257283123,-802947831,-16.440000534057617,0.03500000014901161,125.31803894042969,13,3011
176146228,176110480,0.60662841796875,0.1903076171875,-0.21185302734375,0.74224853515625,3,-0.12890625,0.078125,0.09375,nan,2.479572409250406e-39,3.270608421677575e-33,3010,176111546,1012.796875,32.47999954223633,3.7732322216033936,3012,176146226,257283118,-802947829,-16.3799991607666,0.0729999989271164,125.31803894042969,13,3012
176191678,176149373,0.60662841796875,0.1903076171875,-0.21185302734375,0.74224853515625,0,-0.12890625,0.078125,0.09375,nan,2.4795583962657627e-39,3.3459069163714044e-33,3011,176150439,1012.80712890625,32.47999954223633,3.688678026199341,3013,176191675,257283117,-802947828,-16.358999252319336,0.0560000017285347,125.31803894042969,13,3013
176244316,176202373,0.60662841796875,0.1903076171875,-0.21185302734375,0.74224853515625,0,-0.12890625,0.078125,0.09375,1.8366678842058945e-40,2.5713826820360393e-39,3.386970607465473e-33,3012,176203439,1012.829833984375,32.47999954223633,3.4984309673309326,3014,176244313,257283116,-802947826,-16.336000442504883,0.04500000178813934,125.31803894042969,13,3014
176291622,176255374,0.60662841796875,0.1903076171875,-0.21185302734375,0.74224853515625,0,-0.12890625,0.078125,0.09375,4.591732768945631e-40,2.4795583962657627e-39,3.401566206540855e-33,3013,176256439,1012.797607421875,32.47999954223633,3.7679476737976074,3015,176291619,257283117,-802947825,-16.30900001525879,0.03500000014901161,125.31803894042969,13,3015
176342439,176294480,0.60662841796875,0.1903076171875,-0.21185302734375,0.74224853515625,3,0.0078125,0.08984375,0.03125,4.591732768945631e-40,2.4795583962657627e-39,3.401566206540855e-33,3014,176295545,1012.795654296875,32.47999954223633,3.783801555633545,3016,176342436,257283117,-802947823,-16.270999908447266,0.0430000014603138,125.31803894042969,13,3016
176395912,176347349,0.606201171875,0.19293212890625,-0.21240234375,0.74169921875,0,0.0078125,0.08984375,0.03125,4.591732768945631e-40,2.4795583962657627e-39,3.401566206540855e-33,3015,176348414,1012.8125,32.47999954223633,3.6411163806915283,3017,176395909,257283117,-802947822,-16.25200080871582,0.04100000113248825,125.31803894042969,13,3017
176442186,176400504,0.606201171875,0.19293212890625,-0.21240234375,0.74169921875,3,-0.05078125,0.03515625,0.0234375,4.591732768945631e-40,2.4795583962657627e-39,3.401566206540855e-33,3016,176401570,1012.83203125,32.4900016784668,3.482577085494995,3018,176442183,257283118,-802947821,-16.242000579833984,0.032999999821186066,125.31803894042969,13,3018
176494221,176452349,0.606201171875,0.19293212890625,-0.21240234375,0.74169921875,0,-0.05078125,0.03515625,0.0234375,nan,2.5713882872298966e-39,3.474252165039982e-33,3017,176453415,1012.820556640625,32.4900016784668,3.577700614929199,3019,176494218,257283117,-802947820,-16.211000442504883,0.035999998450279236,125.31803894042969,13,3019
176541111,176505480,0.606201171875,0.19293212890625,-0.21240234375,0.74169921875,3,-0.0078125,0.02734375,0.0546875,nan,2.5713882872298966e-39,3.474252165039982e-33,3018,176506545,1012.7861328125,32.4900016784668,3.8630712032318115,3020,176541108,257283118,-802947819,-16.184999465942383,0.020999999716877937,125.31803894042969,13,3020
176591203,176543336,0.60723876953125,0.19189453125,-0.2117919921875,0.7413330078125,0,-0.0078125,0.02734375,0.0546875,nan,2.5713882872298966e-39,3.474252165039982e-33,3019,176544401,1012.819580078125,32.5,3.5829854011535645,3021,176591200,257283117,-802947818,-16.152999877929688,0.06300000101327896,125.31803894042969,13,3021
176644265,176596480,0.60723876953125,0.19189453125,-0.2117919921875,0.7413330078125,3,-0.05859375,-0.046875,-0.04296875,nan,2.5713882872298966e-39,3.474252165039982e-33,3020,176597545,1012.78466796875,32.5,3.873640537261963,3022,176644262,257283116,-802947818,-16.134000778198242,0.05400000140070915,125.31803894042969,13,3022
176697339,176649374,0.60723876953125,0.19189453125,-0.2117919921875,0.7413330078125,0,-0.05859375,-0.046875,-0.04296875,2.663281236624925e-39,2.571346248275967e-39,3.546247520608001e-33,3021,176650439,1012.804931640625,32.5,3.7045319080352783,3023,176697336,257283116,-802947817,-16.110000610351562,0.03700000047683716,125.31803894042969,13,3023
176749256,176701456,0.60723876953125,0.19189453125,-0.2117919921875,0.7413330078125,3,0.0859375,-0.0703125,0.0234375,2.663281236624925e-39,2.571346248275967e-39,3.546247520608001e-33,3022,176702521,1012.81005859375,32.5,3.662254810333252,3024,176749254,257283117,-802947815,-16.077999114990234,0.006000000052154064,125.31803894042969,13,3024
176796587,176754402,0.60723876953125,0.19189453125,-0.2117919921875,0.7413330078125,3,0.1015625,-0.09375,-0.05859375,2.663281236624925e-39,2.571346248275967e-39,3.546247520608001e-33,3023,176755467,1012.831787109375,32.5,3.482577085494995,3025,176796584,257283118,-802947814,-16.03700065612793,0.05299999937415123,125.31803894042969,13,3025
176848359,176806456,0.60992431640625,0.1876220703125,-0.20989990234375,0.74072265625,0,0.1015625,-0.09375,-0.05859375,2.663281236624925e-39,2.571346248275967e-39,3.546247520608001e-33,3024,176807521,1012.80419921875,32.5,3.7098166942596436,3026,176848356,257283118,-802947814,-16.02199935913086,0.012000000104308128,125.31803894042969,13,3026
176895862,176859402,0.60992431640625,0.1876220703125,-0.20989990234375,0.74072265625,3,0.109375,-0.0625,-0.0234375,2.663281236624925e-39,2.571346248275967e-39,3.546247520608001e-33,3025,176860468,1012.806396484375,32.5,3.693962812423706,3027,176895859,257283119,-802947813,-16.02199935913086,0.03700000047683716,125.31803894042969,13,3027
176946201,176898456,0.60992431640625,0.1876220703125,-0.20989990234375,0.74072265625,3,0.1875,-0.12890625,-0.05859375,2.663281236624925e-39,2.571346248275967e-39,3.546247520608001e-33,3026,176899521,1012.797607421875,32.5,3.7679476737976074,3028,176946198,257283119,-802947814,-16.040000915527344,0.06599999964237213,125.31803894042969,13,3028
176994273,176951271,0.60992431640625,0.1876220703125,-0.20989990234375,0.74072265625,3,-0.00390625,-0.078125,-0.13671875,2.663281236624925e-39,2.571346248275967e-39,3.546247520608001e-33,3027,176952337,1012.8212890625,32.5099983215332,3.572416067123413,3029,176994270,257283118,-802947813,-16.024999618530273,0.05400000140070915,125.31803894042969,13,3029
177040124,177004582,0.60992431640625,0.1876220703125,-0.20989990234375,0.74072265625,0,-0.00390625,-0.078125,-0.13671875,3.67420457345967e-40,2.47956400145962e-39,3.678360228670964e-33,3028,177005647,1012.84326171875,32.5099983215332,3.387453556060791,3030,177040121,257283118,-802947812,-15.99899959564209,0.035999998450279236,125.31803894042969,13,3030
177092267,177044271,0.60992431640625,0.1876220703125,-0.20989990234375,0.74072265625,3,0.01171875,-0.08984375,-0.08984375,3.67420457345967e-40,2.47956400145962e-39,3.678360228670964e-33,3029,177045337,1012.833984375,32.5099983215332,3.4614386558532715,3031,177092264,257283117,-802947810,-15.968000411987305,0.012000000104308128,125.31803894042969,13,3031
177191758,177155272,0.60992431640625,0.1876220703125,-0.20989990234375,0.74072265625,3,0.1640625,-0.16796875,0.03125,3.67420457345967e-40,2.47956400145962e-39,3.678360228670964e-33,3030,177156337,1012.81005859375,32.5099983215332,3.662254810333252,3032,177191755,257283117,-802947805,-15.887999534606934,0.0689999982714653,125.31803894042969,13,3032
177243153,177195582,0.60992431640625,0.1876220703125,-0.20989990234375,0.74072265625,0,0.1640625,-0.16796875,0.03125,4.4998832598029964e-39,2.571252361278857e-39,3.731889670013518e-33,3031,177196648,1012.819580078125,32.5099983215332,3.5829854011535645,3033,177243150,257283116,-802947804,-15.850000381469727,0.061000000685453415,125.31803894042969,13,3033
177296995,177248164,0.60992431640625,0.1876220703125,-0.20989990234375,0.74072265625,0,0.1640625,-0.16796875,0.03125,9.18384388847663e-40,2.479611645607407e-39,3.7693247569833926e-33,3032,177249230,1012.8291015625,32.5099983215332,3.503715753555298,3034,177296992,257283116,-802947803,-15.847000122070312,0.057999998331069946,125.31803894042969,13,3034
177342258,177300582,0.60992431640625,0.1876220703125,-0.20989990234375,0.74072265625,0,0.1640625,-0.16796875,0.03125,nan,2.4796046391150854e-39,3.7874596960807034e-33,3033,177301648,1012.830322265625,32.52000045776367,3.4931464195251465,3035,177342255,257283114,-802947802,-15.800000190734863,0.012000000104308128,125.31803894042969,13,3035
177396586,177354271,0.60992431640625,0.1876220703125,-0.20989990234375,0.74072265625,3,-0.07421875,0.02734375,-0.06640625,nan,2.4796046391150854e-39,3.7874596960807034e-33,3034,177355337,1012.8271484375,32.5099983215332,3.5195696353912354,3036,177396583,257283112,-802947802,-15.791000366210938,0.04399999976158142,125.31803894042969,13,3036
177443150,177407480,0.60992431640625,0.1876220703125,-0.20989990234375,0.74072265625,0,-0.07421875,0.02734375,-0.06640625,nan,2.4796564871582654e-39,3.830652868659684e-33,3035,177408545,1012.802490234375,32.52000045776367,3.725670576095581,3037,177443147,257283112,-802947802,-15.777999877929688,0.08699999749660492,125.31803894042969,13,3037
177499297,177445349,0.60992431640625,0.1876220703125,-0.20989990234375,0.74072265625,0,-0.07421875,0.02734375,-0.06640625,nan,2.479603237816621e-39,3.8437802018224916e-33,3036,177446415,1012.8271484375,32.52000045776367,3.5195696353912354,3038,177499294,257283113,-802947801,-15.760000228881836,0.05000000074505806,125.31803894042969,13,3038
177545338,177503349,0.60980224609375,0.185791015625,-0.208984375,0.7415771484375,0,-0.07421875,0.02734375,-0.06640625,nan,2.479603237816621e-39,3.8437802018224916e-33,3037,177504415,1012.82275390625,32.52000045776367,3.5565621852874756,3039,177545335,257283113,-802947798,-15.696000099182129,0.029999999329447746,125.31803894042969,13,3039
177592121,177556504,0.60980224609375,0.185791015625,-0.208984375,0.7415771484375,3,-0.015625,0.1953125,0.01171875,nan,2.479603237816621e-39,3.8437802018224916e-33,3038,177557570,1012.834716796875,32.52000045776367,3.4561538696289062,3040,177592118,257283109,-802947794,-15.619000434875488,0.10300000011920929,125.31803894042969,13,3040
177642448,177594295,0.60980224609375,0.185791015625,-0.208984375,0.7415771484375,3,-0.07421875,0.1015625,0.1328125,nan,2.479603237816621e-39,3.8437802018224916e-33,3039,177595361,1012.7763671875,32.52000045776367,3.942340850830078,3041,177642445,257283109,-802947792,-15.586999893188477,0.1080000028014183,125.31803894042969,13,3041
177695948,177647480,0.60980224609375,0.185791015625,-0.208984375,0.7415771484375,3,0.0078125,0.23046875,0.0859375,nan,2.479603237816621e-39,3.8437802018224916e-33,3040,177648546,1012.828857421875,32.52000045776367,3.509000301361084,3042,177695945,257283111,-802947792,-15.571000099182129,0.04899999871850014,125.31803894042969,13,3042
177747510,177699336,0.60980224609375,0.185791015625,-0.208984375,0.7415771484375,3,-0.19140625,-0.03125,-0.03515625,nan,2.479603237816621e-39,3.8437802018224916e-33,3041,177700402,1012.820068359375,32.52000045776367,3.577700614929199,3043,177747507,257283111,-802947792,-15.543000221252441,0.06700000166893005,125.31803894042969,13,3043
177794254,177752480,0.60980224609375,0.185791015625,-0.208984375,0.7415771484375,3,0.0546875,0.125,-0.01171875,nan,2.479603237816621e-39,3.8437802018224916e-33,3042,177753545,1012.826904296875,32.52000045776367,3.5248541831970215,3044,177794251,257283112,-802947790,-15.51200008392334,0.02800000086426735,125.31803894042969,13,3044
177847214,177805349,0.608642578125,0.18878173828125,-0.2119140625,0.740966796875,0,0.0546875,0.125,-0.01171875,nan,2.479603237816621e-39,3.8437802018224916e-33,3043,177806414,1012.76513671875,32.52000045776367,4.037464141845703,3045,177847211,257283114,-802947789,-15.5,0.007000000216066837,125.31803894042969,13,3045
177894310,177858456,0.60894775390625,0.18951416015625,-0.21240234375,0.7403564453125,0,0.0546875,0.125,-0.01171875,nan,2.479603237816621e-39,3.8437802018224916e-33,3044,177859521,1012.7783203125,32.52000045776367,3.9264867305755615,3046,177894308,257283114,-802947787,-15.465999603271484,0.03700000047683716,125.31803894042969,13,3046
177946156,177898402,0.60894775390625,0.18951416015625,-0.21240234375,0.7403564453125,3,-0.18359375,-0.0390625,0.01953125,nan,2.479603237816621e-39,3.8437802018224916e-33,3045,177899468,1012.802734375,32.52000045776367,3.725670576095581,3047,177946154,257283112,-802947786,-15.442000389099121,0.06499999761581421,125.31803894042969,13,3047
177993340,177951456,0.60833740234375,0.1903076171875,-0.212646484375,0.7406005859375,0,-0.18359375,-0.0390625,0.01953125,nan,2.479603237816621e-39,3.8437802018224916e-33,3046,177952521,1012.82763671875,32.52000045776367,3.514285087585449,3048,177993337,257283113,-802947785,-15.430999755859375,0.04100000113248825,125.31803894042969,13,3048
178040222,178004373,0.60833740234375,0.1903076171875,-0.212646484375,0.7406005859375,0,-0.18359375,-0.0390625,0.01953125,nan,2.5713910898268253e-39,4.043887911240831e-33,3047,178005439,1012.840087890625,32.52000045776367,3.41387677192688,3049,178040219,257283112,-802947784,-15.394000053405762,0.07199999690055847,125.31803894042969,13,3049
178096340,178042480,0.60833740234375,0.1903076171875,-0.212646484375,0.7406005859375,0,-0.18359375,-0.0390625,0.01953125,1.1020553811636454e-39,2.571364465156003e-39,4.066214957066762e-33,3048,178043546,1012.812255859375,32.52000045776367,3.6464009284973145,3050,178096337,257283112,-802947781,-15.331000328063965,0.07400000095367432,125.31803894042969,13,3050
178193590,178169349,0.60833740234375,0.1912841796875,-0.2125244140625,0.7403564453125,0,-0.18359375,-0.0390625,0.01953125,1.1020553811636454e-39,2.571364465156003e-39,4.066214957066762e-33,3049,178170415,1012.82421875,32.529998779296875,3.545992851257324,3051,178193587,257283115,-802947778,-15.256999969482422,0.04399999976158142,125.31803894042969,13,3051
178246141,178198504,0.60833740234375,0.1912841796875,-0.2125244140625,0.7403564453125,3,-0.02734375,0.09765625,0.0703125,1.1020553811636454e-39,2.571364465156003e-39,4.066214957066762e-33,3050,178199570,1012.82568359375,32.529998779296875,3.535423517227173,3052,178246138,257283116,-802947778,-15.23799991607666,0.026000000536441803,125.31803894042969,13,3052
178292076,178250295,0.60833740234375,0.1912841796875,-0.2125244140625,0.7403564453125,3,-0.07421875,0.03515625,0.0390625,1.1020553811636454e-39,2.571364465156003e-39,4.066214957066762e-33,3051,178251361,1012.829833984375,32.529998779296875,3.4984309673309326,3053,178292073,257283116,-802947777,-15.194000244140625,0.017999999225139618,125.31803894042969,13,3053
178345297,178303533,0.60833740234375,0.1912841796875,-0.2125244140625,0.7403564453125,0,-0.07421875,0.03515625,0.0390625,nan,2.5713826820360393e-39,4.154498623575347e-33,3052,178304599,1012.8310546875,32.529998779296875,3.4878618717193604,3054,178345294,257283116,-802947776,-15.178000450134277,0.02500000037252903,125.31803894042969,13,3054
178392595,178356272,0.60833740234375,0.1912841796875,-0.2125244140625,0.7403564453125,3,-0.10546875,-0.0078125,-0.01171875,nan,2.5713826820360393e-39,4.154498623575347e-33,3053,178357337,1012.804443359375,32.529998779296875,3.7098166942596436,3055,178392592,257283116,-802947774,-15.17300033569336,0.027000000700354576,125.31803894042969,13,3055
178443146,178395533,0.60833740234375,0.1912841796875,-0.2125244140625,0.7403564453125,0,-0.10546875,-0.0078125,-0.01171875,nan,2.5713882872298966e-39,4.193107000844136e-33,3054,178396599,1012.830322265625,32.529998779296875,3.4931464195251465,3056,178443143,257283117,-802947773,-15.145000457763672,0.01899999938905239,125.31803894042969,13,3056
178496330,178448271,0.60833740234375,0.1912841796875,-0.2125244140625,0.7403564453125,3,-0.01953125,0.05859375,0.015625,nan,2.5713882872298966e-39,4.193107000844136e-33,3055,178449337,1012.84814453125,32.540000915527344,3.3451764583587646,3057,178496327,257283118,-802947771,-15.121999740600586,0.028999999165534973,125.31803894042969,13,3057
178542290,178500582,0.60833740234375,0.1912841796875,-0.2125244140625,0.7403564453125,0,-0.01953125,0.05859375,0.015625,8.26515261526528e-40,2.571377076842182e-39,4.228241057622275e-33,3056,178501647,1012.822021484375,32.529998779296875,3.5618467330932617,3058,178542287,257283118,-802947769,-15.071999549865723,0.039000000804662704,125.31803894042969,13,3058
178595976,178553271,0.60833740234375,0.1912841796875,-0.2125244140625,0.7403564453125,3,0.00390625,-0.0546875,-0.03515625,8.26515261526528e-40,2.571377076842182e-39,4.228241057622275e-33,3057,178554337,1012.816650390625,32.540000915527344,3.609408378601074,3059,178595973,257283118,-802947768,-15.048999786376953,0.026000000536441803,125.31803894042969,13,3059
178641225,178605480,0.60833740234375,0.1912841796875,-0.2125244140625,0.7403564453125,0,0.00390625,-0.0546875,-0.03515625,1.102070795446753e-39,2.571385484632968e-39,4.271411822340193e-33,3058,178606545,1012.835693359375,32.540000915527344,3.45086932182312,3060,178641222,257283119,-802947766,-15.008000373840332,0.04500000178813934,125.31803894042969,13,3060
178697343,178643271,0.60833740234375,0.1912841796875,-0.2125244140625,0.7403564453125,3,0.1015625,-0.0078125,0.0234375,1.102070795446753e-39,2.571385484632968e-39,4.271411822340193e-33,3059,178644337,1012.81689453125,32.540000915527344,3.604123830795288,3061,178697340,257283120,-802947765,-14.984999656677246,0.03500000014901161,125.31803894042969,13,3061
178747191,178699480,0.60833740234375,0.1912841796875,-0.2125244140625,0.7403564453125,3,-0.04296875,-0.0390625,-0.05078125,1.102070795446753e-39,2.571385484632968e-39,4.271411822340193e-33,3060,178700545,1012.86474609375,32.54999923706055,3.207775831222534,3062,178747188,257283121,-802947765,-14.98799991607666,0.06700000166893005,125.31803894042969,13,3062
178794243,178752374,0.60833740234375,0.1912841796875,-0.2125244140625,0.7403564453125,0,-0.04296875,-0.0390625,-0.05078125,1.2857459916581283e-39,2.4795654027580843e-39,4.317679279988558e-33,3061,178753439,1012.80126953125,32.529998779296875,3.7362399101257324,3063,178794240,257283122,-802947764,-14.961000442504883,0.06400000303983688,125.31803894042969,13,3063
178847569,178805480,0.60833740234375,0.1912841796875,-0.2125244140625,0.7403564453125,3,0.05859375,-0.24609375,-0.13671875,1.2857459916581283e-39,2.4795654027580843e-39,4.317679279988558e-33,3062,178806545,1012.814208984375,32.540000915527344,3.630547046661377,3064,178847566,257283122,-802947763,-14.934000015258789,0.06199999898672104,125.31803894042969,13,3064
178894254,178858349,0.610595703125,0.1878662109375,-0.20941162109375,0.74029541015625,0,0.05859375,-0.24609375,-0.13671875,1.2857459916581283e-39,2.4795654027580843e-39,4.317679279988558e-33,3063,178859414,1012.82275390625,32.529998779296875,3.5565621852874756,3065,178894251,257283122,-802947761,-14.902000427246094,0.019999999552965164,125.31803894042969,13,3065
178944304,178896480,0.610595703125,0.1878662109375,-0.20941162109375,0.74029541015625,3,0.03515625,-0.09375,-0.13671875,1.2857459916581283e-39,2.4795654027580843e-39,4.317679279988558e-33,3064,178897546,1012.810302734375,32.529998779296875,3.662254810333252,3066,178944301,257283122,-802947759,-14.852999687194824,0.008999999612569809,125.31803894042969,13,3066
178992181,178950349,0.61126708984375,0.1866455078125,-0.20916748046875,0.7401123046875,0,0.03515625,-0.09375,-0.13671875,1.2857459916581283e-39,2.4795654027580843e-39,4.317679279988558e-33,3065,178951415,1012.808349609375,32.540000915527344,3.6781086921691895,3067,178992178,257283122,-802947758,-14.824000358581543,0.01899999938905239,125.31803894042969,13,3067
179045215,179003504,0.61126708984375,0.1866455078125,-0.20916748046875,0.7401123046875,3,0.01953125,-0.03125,0.0625,1.2857459916581283e-39,2.4795654027580843e-39,4.317679279988558e-33,3066,179004570,1012.802978515625,32.529998779296875,3.720386028289795,3068,179045212,257283124,-802947756,-14.779000282287598,0.06700000166893005,125.31803894042969,13,3068
179092078,179056271,0.61126708984375,0.1866455078125,-0.20916748046875,0.7401123046875,0,0.01953125,-0.03125,0.0625,6.244935651709799e-39,2.57130841321743e-39,4.4367425313894554e-33,3067,179057337,1012.835205078125,32.540000915527344,3.4561538696289062,3069,179092075,257283126,-802947755,-14.746999740600586,0.04699999839067459,125.31803894042969,13,3069
179142425,179094480,0.61126708984375,0.1866455078125,-0.20916748046875,0.7401123046875,3,-0.03515625,-0.08984375,-0.12890625,6.244935651709799e-39,2.57130841321743e-39,4.4367425313894554e-33,3068,179095546,1012.80908203125,32.529998779296875,3.6728241443634033,3070,179142422,257283126,-802947754,-14.732000350952148,0.009999999776482582,125.31803894042969,13,3070
179242325,179206271,0.61126708984375,0.1866455078125,-0.20916748046875,0.7401123046875,3,0.109375,-0.08203125,-0.07421875,6.244935651709799e-39,2.57130841321743e-39,4.4367425313894554e-33,3069,179207337,1012.81298828125,32.529998779296875,3.6411163806915283,3071,179242322,257283127,-802947752,-14.668999671936035,0.035999998450279236,125.31803894042969,13,3071
179292060,179244582,0.61126708984375,0.1866455078125,-0.20916748046875,0.7401123046875,0,0.109375,-0.08203125,-0.07421875,nan,2.4795934287273708e-39,4.485160776357841e-33,3070,179245647,1012.827880859375,32.540000915527344,3.514285087585449,3072,179292057,257283128,-802947751,-14.616000175476074,0.02500000037252903,125.31803894042969,13,3072
179345905,179297164,0.61126708984375,0.1866455078125,-0.20916748046875,0.7401123046875,0,0.109375,-0.08203125,-0.07421875,nan,2.479585020936585e-39,4.520497605911497e-33,3071,179298230,1012.813232421875,32.529998779296875,3.635831594467163,3073,179345902,257283130,-802947749,-14.58899974822998,0.017000000923871994,125.31803894042969,13,3073
179392063,179350582,0.61126708984375,0.1866455078125,-0.20916748046875,0.7401123046875,0,0.109375,-0.08203125,-0.07421875,nan,2.4796186520997287e-39,4.540360521704517e-33,3072,179351647,1012.807373046875,32.540000915527344,3.6833934783935547,3074,179392060,257283131,-802947748,-14.567999839782715,0.04600000008940697,125.31803894042969,13,3074
179451620,179403272,0.61126708984375,0.1866455078125,-0.20916748046875,0.7401123046875,3,0.0,0.03125,-0.02734375,nan,2.4796186520997287e-39,4.540360521704517e-33,3073,179404337,1012.832763671875,32.540000915527344,3.472007989883423,3075,179451617,257283132,-802947747,-14.545999526977539,0.023000000044703484,125.31803894042969,13,3075
179492154,179456480,0.61126708984375,0.1866455078125,-0.20916748046875,0.7401123046875,3,-0.11328125,0.0234375,0.0859375,nan,2.4796186520997287e-39,4.540360521704517e-33,3074,179457545,1012.818603515625,32.540000915527344,3.5935544967651367,3076,179492151,257283133,-802947746,-14.512999534606934,0.009999999776482582,125.31803894042969,13,3076
179542292,179494349,0.6087646484375,0.19036865234375,-0.209716796875,0.74102783203125,0,-0.11328125,0.0234375,0.0859375,nan,2.4796186520997287e-39,4.540360521704517e-33,3075,179495415,1012.778564453125,32.529998779296875,3.9264867305755615,3077,179542289,257283134,-802947745,-14.50100040435791,0.07000000029802322,125.31803894042969,13,3077
179594694,179546271,0.6087646484375,0.19036865234375,-0.209716796875,0.74102783203125,3,-0.07421875,-0.046875,0.0859375,nan,2.4796186520997287e-39,4.540360521704517e-33,3076,179547337,1012.7958984375,32.540000915527344,3.778517007827759,3078,179594691,257283135,-802947745,-14.46500015258789,0.0430000014603138,125.31803894042969,13,3078
179642282,179600582,0.6087646484375,0.19036865234375,-0.209716796875,0.74102783203125,0,-0.07421875,-0.046875,0.0859375,nan,2.4796144482043357e-39,4.632151202140383e-33,3077,179601648,1012.81201171875,32.529998779296875,3.6464009284973145,3079,179642279,257283135,-802947745,-14.470999717712402,0.0560000017285347,125.31803894042969,13,3079
179695830,179653164,0.6087646484375,0.19036865234375,-0.209716796875,0.74102783203125,0,-0.07421875,-0.046875,0.0859375,nan,2.479576613145799e-39,4.652088688356283e-33,3078,179654230,1012.78662109375,32.529998779296875,3.8577864170074463,3080,179695827,257283135,-802947743,-14.423999786376953,0.02800000086426735,125.31803894042969,13,3080
179749210,179706689,0.6087646484375,0.19036865234375,-0.209716796875,0.74102783203125,0,-0.07421875,-0.046875,0.0859375,nan,2.4795794157427276e-39,4.675344374719363e-33,3079,179707754,1012.82861328125,32.540000915527344,3.509000301361084,3081,179749207,257283135,-802947741,-14.383999824523926,0.032999999821186066,125.31803894042969,13,3081
179795877,179759140,0.60699462890625,0.1922607421875,-0.21002197265625,0.741943359375,0,-0.07421875,-0.046875,0.0859375,nan,2.4795794157427276e-39,4.675344374719363e-33,3080,179760206,1012.82373046875,32.540000915527344,3.5512773990631104,3082,179795874,257283136,-802947739,-14.364999771118164,0.057999998331069946,125.31803894042969,13,3082
179848324,179799689,0.60699462890625,0.1922607421875,-0.21002197265625,0.741943359375,0,-0.07421875,-0.046875,0.0859375,6.726232628759122e-44,2.5713742742452534e-39,4.714603314642935e-33,3081,179800755,1012.82861328125,32.540000915527344,3.509000301361084,3083,179848321,257283137,-802947738,-14.317999839782715,0.04100000113248825,125.31803894042969,13,3083
179894638,179852087,0.60699462890625,0.1922607421875,-0.21002197265625,0.741943359375,3,-0.00390625,0.05859375,-0.0078125,6.726232628759122e-44,2.5713742742452534e-39,4.714603314642935e-33,3082,179853152,1012.8134765625,32.540000915527344,3.635831594467163,3084,179894635,257283139,-802947737,-14.276000022888184,0.03799999877810478,125.31803894042969,13,3084
179947160,179904767,0.6075439453125,0.188720703125,-0.20843505859375,0.74285888671875,0,-0.00390625,0.05859375,-0.0078125,6.726232628759122e-44,2.5713742742452534e-39,4.714603314642935e-33,3083,179905832,1012.804443359375,32.540000915527344,3.7098166942596436,3085,179947157,257283138,-802947736,-14.244000434875488,0.050999999046325684,125.31803894042969,13,3085
179993089,179957087,0.6075439453125,0.188720703125,-0.20843505859375,0.74285888671875,3,0.1953125,-0.0859375,-0.03125,6.726232628759122e-44,2.5713742742452534e-39,4.714603314642935e-33,3084,179958152,1012.775390625,32.529998779296875,3.9529099464416504,3086,179993086,257283139,-802947735,-14.22700023651123,0.032999999821186066,125.31803894042969,13,3086
180046133,179997665,0.6075439453125,0.188720703125,-0.20843505859375,0.74285888671875,0,0.1953125,-0.0859375,-0.03125,1.92860847774871e-39,2.571342044380574e-39,4.781462127239845e-33,3085,179998730,1012.82568359375,32.540000915527344,3.535423517227173,3087,180046130,257283140,-802947733,-14.199999809265137,0.0430000014603138,125.31803894042969,13,3087
180092062,180050140,0.610107421875,0.18682861328125,-0.20758056640625,0.74151611328125,0,0.1953125,-0.0859375,-0.03125,1.92860847774871e-39,2.571342044380574e-39,4.781462127239845e-33,3086,180051206,1012.85107421875,32.54999923706055,3.318753242492676,3088,180092059,257283140,-802947732,-14.15999984741211,0.012000000104308128,125.31803894042969,13,3088
180145865,180102713,0.610107421875,0.18682861328125,-0.20758056640625,0.74151611328125,3,0.05859375,0.16015625,-0.0390625,1.92860847774871e-39,2.571342044380574e-39,4.781462127239845e-33,3087,180103778,1012.83544921875,32.54999923706055,3.45086932182312,3089,180145862,257283142,-802947731,-14.119000434875488,0.01600000075995922,125.31803894042969,13,3089
180245849,180209087,0.610107421875,0.18682861328125,-0.20758056640625,0.74151611328125,3,0.05078125,-0.26171875,-0.3046875,1.92860847774871e-39,2.571342044380574e-39,4.781462127239845e-33,3088,180210152,1012.8505859375,32.540000915527344,3.324038028717041,3090,180245846,257283143,-802947729,-14.07800006866455,0.02800000086426735,125.31803894042969,13,3090
180293602,180250689,0.610107421875,0.18682861328125,-0.20758056640625,0.74151611328125,0,0.05078125,-0.26171875,-0.3046875,nan,2.571346248275967e-39,4.86195079683454e-33,3089,180251755,1012.818359375,32.540000915527344,3.5935544967651367,3091,180293599,257283144,-802947728,-14.038000106811523,0.012000000104308128,125.31803894042969,13,3091
180346242,180304164,0.610107421875,0.18682861328125,-0.20758056640625,0.74151611328125,0,0.05078125,-0.26171875,-0.3046875,nan,2.4795611988626914e-39,4.891783374090471e-33,3090,180305230,1012.8095703125,32.540000915527344,3.667539596557617,3092,180346239,257283144,-802947727,-14.03499984741211,0.032999999821186066,125.31803894042969,13,3092
180394143,180357622,0.610107421875,0.18682861328125,-0.20758056640625,0.74151611328125,0,0.05078125,-0.26171875,-0.3046875,1.5834672646870433e-43,2.479585020936585e-39,4.908096664285992e-33,3091,180358688,1012.845947265625,32.54999923706055,3.3663151264190674,3093,180394140,257283145,-802947726,-13.994999885559082,0.01600000075995922,125.31803894042969,13,3093
180444212,180396164,0.610107421875,0.18682861328125,-0.20758056640625,0.74151611328125,0,0.05078125,-0.26171875,-0.3046875,2.7550662860382007e-39,2.5713154197097517e-39,4.926703637833555e-33,3092,180397230,1012.817626953125,32.540000915527344,3.598839282989502,3094,180444209,257283147,-802947725,-13.937999725341797,0.006000000052154064,125.31803894042969,13,3094
180491121,180449272,0.610107421875,0.18682861328125,-0.20758056640625,0.74151611328125,3,0.203125,-0.3828125,-0.20703125,2.7550662860382007e-39,2.5713154197097517e-39,4.926703637833555e-33,3093,180450337,1012.840576171875,32.54999923706055,3.4085922241210938,3095,180491118,257283148,-802947724,-13.897000312805176,0.02500000037252903,125.31803894042969,13,3095
180543164,180501582,0.610107421875,0.18682861328125,-0.20758056640625,0.74151611328125,0,0.203125,-0.3828125,-0.20703125,1.6531033905732007e-39,2.5713714716483247e-39,4.963496611014292e-33,3094,180502647,1012.81884765625,32.54999923706055,3.5882699489593506,3096,180543161,257283148,-802947723,-13.880000114440918,0.017000000923871994,125.31803894042969,13,3096
180596285,180554164,0.610107421875,0.18682861328125,-0.20758056640625,0.74151611328125,0,0.203125,-0.3828125,-0.20703125,3.214187714889584e-39,2.5713280313959307e-39,4.9800314084265463e-33,3095,180555230,1012.825439453125,32.540000915527344,3.535423517227173,3097,180596282,257283149,-802947721,-13.85200023651123,0.01899999938905239,125.31803894042969,13,3097
180643517,180606664,0.614990234375,0.17694091796875,-0.20428466796875,0.74078369140625,0,0.203125,-0.3828125,-0.20703125,3.214187714889584e-39,2.5713280313959307e-39,4.9800314084265463e-33,3096,180607730,1012.80126953125,32.54999923706055,3.7362399101257324,3098,180643514,257283150,-802947721,-13.847000122070312,0.026000000536441803,125.31803894042969,13,3098
180695794,180647165,0.614990234375,0.17694091796875,-0.20428466796875,0.74078369140625,0,0.203125,-0.3828125,-0.20703125,2.7557515209872555e-40,2.571389688528361e-39,5.018628765435796e-33,3097,180648230,1012.81640625,32.54999923706055,3.609408378601074,3099,180695791,257283149,-802947720,-13.824999809265137,0.029999999329447746,125.31803894042969,13,3099
180749224,180700664,0.61407470703125,0.1754150390625,-0.20465087890625,0.74176025390625,0,0.203125,-0.3828125,-0.20703125,2.7557515209872555e-40,2.571389688528361e-39,5.018628765435796e-33,3098,180701730,1012.794189453125,32.54999923706055,3.7943708896636963,3100,180749221,257283149,-802947719,-13.78600025177002,0.017999999225139618,125.31803894042969,13,3100
180795965,180753164,0.61407470703125,0.1754150390625,-0.20465087890625,0.74176025390625,0,0.203125,-0.3828125,-0.20703125,nan,2.479568205355013e-39,5.0518717456770504e-33,3099,180754230,1012.82080078125,32.54999923706055,3.572416067123413,3101,180795962,257283152,-802947718,-13.788999557495117,0.05900000035762787,125.31803894042969,13,3101
180848884,180805664,0.6131591796875,0.17578125,-0.205810546875,0.74212646484375,0,0.203125,-0.3828125,-0.20703125,nan,2.479568205355013e-39,5.0518717456770504e-33,3100,180806730,1012.837890625,32.54999923706055,3.4297306537628174,3102,180848882,257283152,-802947718,-13.770999908447266,0.027000000700354576,125.31803894042969,13,3102
180894145,180858141,0.6134033203125,0.17584228515625,-0.20709228515625,0.7415771484375,0,0.203125,-0.3828125,-0.20703125,nan,2.479568205355013e-39,5.0518717456770504e-33,3101,180859206,1012.8349609375,32.54999923706055,3.4561538696289062,3103,180894142,257283155,-802947716,-13.73900032043457,0.13600000739097595,125.31803894042969,13,3103
180945205,180896717,0.6134033203125,0.17584228515625,-0.20709228515625,0.7415771484375,3,0.00390625,0.12109375,0.5703125,nan,2.479568205355013e-39,5.0518717456770504e-33,3102,180897783,1012.78564453125,32.54999923706055,3.8683557510375977,3104,180945202,257283157,-802947714,-13.687999725341797,0.1720000058412552,125.31803894042969,13,3104
180992192,180950127,0.6134033203125,0.17584228515625,-0.20709228515625,0.7415771484375,3,-0.1640625,-0.00390625,-0.171875,nan,2.479568205355013e-39,5.0518717456770504e-33,3103,180951193,1012.823486328125,32.54999923706055,3.5512773990631104,3105,180992189,257283157,-802947714,-13.67199993133545,0.10199999809265137,125.31803894042969,13,3105
181045870,181002713,0.6134033203125,0.17584228515625,-0.20709228515625,0.7415771484375,3,0.203125,-0.00390625,0.0859375,nan,2.479568205355013e-39,5.0518717456770504e-33,3104,181003778,1012.841064453125,32.54999923706055,3.4033076763153076,3106,181045868,257283157,-802947716,-13.668000221252441,0.07599999755620956,125.31803894042969,13,3106
181097725,181055141,0.61236572265625,0.17694091796875,-0.208740234375,0.74169921875,0,0.203125,-0.00390625,0.0859375,nan,2.479568205355013e-39,5.0518717456770504e-33,3105,181056206,1012.8056640625,32.54999923706055,3.699247360229492,3107,181097723,257283156,-802947716,-13.678999900817871,0.08799999952316284,125.31803894042969,13,3107
181145146,181107689,0.61236572265625,0.17694091796875,-0.208740234375,0.74169921875,3,0.234375,-0.09375,-0.3203125,nan,2.479568205355013e-39,5.0518717456770504e-33,3106,181108754,1012.785888671875,32.560001373291016,3.8630712032318115,3108,181145143,257283157,-802947715,-13.654000282287598,0.06599999964237213,125.31803894042969,13,3108
181245888,181209165,0.61236572265625,0.17694091796875,-0.208740234375,0.74169921875,0,0.234375,-0.09375,-0.3203125,nan,2.4796214546966573e-39,5.2024455925196775e-33,3107,181210230,1012.808349609375,32.560001373291016,3.6781086921691895,3109,181245885,257283157,-802947714,-13.626999855041504,0.027000000700354576,125.31803894042969,13,3109
181292060,181249689,0.61236572265625,0.17694091796875,-0.208740234375,0.74169921875,0,0.234375,-0.09375,-0.3203125,nan,2.4796144482043357e-39,5.222691646002668e-33,3108,181250754,1012.831298828125,32.560001373291016,3.4878618717193604,3110,181292057,257283158,-802947714,-13.609000205993652,0.020999999716877937,125.31803894042969,13,3110
181346222,181303141,0.611083984375,0.177734375,-0.21002197265625,0.7421875,0,0.234375,-0.09375,-0.3203125,nan,2.4796144482043357e-39,5.222691646002668e-33,3109,181304206,1012.801513671875,32.560001373291016,3.7362399101257324,3111,181346219,257283157,-802947713,-13.593000411987305,0.029999999329447746,125.31803894042969,13,3111
181399241,181356713,0.611083984375,0.177734375,-0.21002197265625,0.7421875,3,0.27734375,0.1875,-0.25,nan,2.4796144482043357e-39,5.222691646002668e-33,3110,181357778,1012.843505859375,32.560001373291016,3.382169008255005,3112,181399238,257283159,-802947713,-13.579999923706055,0.009999999776482582,125.31803894042969,13,3112
181446075,181410140,0.61090087890625,0.17840576171875,-0.2091064453125,0.742431640625,0,0.27734375,0.1875,-0.25,nan,2.4796144482043357e-39,5.222691646002668e-33,3111,181411206,1012.859130859375,32.560001373291016,3.255337715148926,3113,181446072,257283158,-802947714,-13.61400032043457,0.06499999761581421,125.31803894042969,13,3113
181491117,181448664,0.61090087890625,0.17840576171875,-0.2091064453125,0.742431640625,3,0.1171875,-0.0625,0.03515625,nan,2.4796144482043357e-39,5.222691646002668e-33,3112,181449730,1012.81005859375,32.560001373291016,3.662254810333252,3114,181491114,257283156,-802947713,-13.592000007629395,0.08299999684095383,125.31803894042969,13,3114
181543536,181501165,0.61090087890625,0.17840576171875,-0.2091064453125,0.742431640625,0,0.1171875,-0.0625,0.03515625,nan,2.4795710079519416e-39,5.333035300714356e-33,3113,181502230,1012.837890625,32.560001373291016,3.4297306537628174,3115,181543533,257283156,-802947713,-13.5600004196167,0.09399999678134918,125.31803894042969,13,3115
181595783,181553582,0.61090087890625,0.17840576171875,-0.2091064453125,0.742431640625,0,0.1171875,-0.0625,0.03515625,nan,2.479697124813731e-39,5.349907685410487e-33,3114,181554647,1012.8369140625,32.560001373291016,3.4402999877929688,3116,181595780,257283157,-802947713,-13.559000015258789,0.07699999958276749,125.31803894042969,13,3116
181642378,181606271,0.60491943359375,0.18243408203125,-0.21185302734375,0.74560546875,0,0.1171875,-0.0625,0.03515625,nan,2.479697124813731e-39,5.349907685410487e-33,3115,181607337,1012.794677734375,32.560001373291016,3.789086103439331,3117,181642375,257283158,-802947712,-13.532999992370605,0.02500000037252903,125.31803894042969,13,3117
181693205,181645480,0.60491943359375,0.18243408203125,-0.21185302734375,0.74560546875,0,0.1171875,-0.0625,0.03515625,-7.277525305163375e+37,2.5708992340658473e-39,5.3930108592032326e-33,3116,181646545,1012.802734375,32.560001373291016,3.725670576095581,3118,181693202,257283159,-802947711,-13.496000289916992,0.03099999949336052,125.31803894042969,13,3118
181747581,181699272,0.6036376953125,0.18951416015625,-0.19635009765625,0.7491455078125,0,0.1171875,-0.0625,0.03515625,-7.277525305163375e+37,2.5708992340658473e-39,5.3930108592032326e-33,3117,181700337,1012.81982421875,32.560001373291016,3.5829854011535645,3119,181747578,257283157,-802947711,-13.505999565124512,0.08399999886751175,125.31803894042969,13,3119
181793281,181751582,0.6036376953125,0.18951416015625,-0.19635009765625,0.7491455078125,0,0.1171875,-0.0625,0.03515625,-1.681547648287068e+38,2.483372730685655e-39,5.4194451557593334e-33,3118,181752647,1012.807861328125,32.560001373291016,3.6833934783935547,3120,181793278,257283157,-802947710,-13.486000061035156,0.12200000137090683,125.31803894042969,13,3120
181846185,181804271,0.6036376953125,0.18951416015625,-0.19635009765625,0.7491455078125,3,-2.34375,0.83203125,-1.84765625,-1.681547648287068e+38,2.483372730685655e-39,5.4194451557593334e-33,3119,181805337,1012.82958984375,32.56999969482422,3.4984309673309326,3121,181846182,257283160,-802947710,-13.473999977111816,0.029999999329447746,125.31803894042969,13,3121
181893279,181857480,0.6036376953125,0.18951416015625,-0.19635009765625,0.7491455078125,0,-2.34375,0.83203125,-1.84765625,-1.7236795054751084e+36,2.5705334951666585e-39,5.4598696718001426e-33,3120,181858545,1012.8359375,32.560001373291016,3.445584774017334,3122,181893276,257283161,-802947709,-13.425999641418457,0.019999999552965164,125.31803894042969,13,3122
181945204,181897349,0.46624755859375,0.1810302734375,-0.16790771484375,0.8494873046875,0,-2.34375,0.83203125,-1.84765625,-1.7236795054751084e+36,2.5705334951666585e-39,5.4598696718001426e-33,3121,181898415,1012.82275390625,32.560001373291016,3.5565621852874756,3123,181945201,257283158,-802947707,-13.380000114440918,0.1459999978542328,125.31803894042969,13,3123
181992065,181950467,0.46624755859375,0.1810302734375,-0.16790771484375,0.8494873046875,3,-0.82421875,0.5078125,-0.6640625,-1.7236795054751084e+36,2.5705334951666585e-39,5.4598696718001426e-33,3122,181951532,1012.80810546875,32.560001373291016,3.6781086921691895,3124,181992062,257283157,-802947706,-13.364999771118164,0.15399999916553497,125.31803894042969,13,3124
182044549,182002373,0.46624755859375,0.1810302734375,-0.16790771484375,0.8494873046875,0,-0.82421875,0.5078125,-0.6640625,-1.2161817547939069e+38,2.480043245534419e-39,5.512953159973354e-33,3123,182003439,1012.82568359375,32.54999923706055,3.535423517227173,3125,182044546,257283156,-802947704,-13.357000350952148,0.1120000034570694,125.31803894042969,13,3125
182097619,182055480,0.46624755859375,0.1810302734375,-0.16790771484375,0.8494873046875,3,-6.66796875,1.17578125,2.6640625,-1.2161817547939069e+38,2.480043245534419e-39,5.512953159973354e-33,3124,182056546,1012.80126953125,32.54999923706055,3.7362399101257324,3126,182097616,257283157,-802947702,-13.338000297546387,0.039000000804662704,125.31803894042969,13,3126
182145941,182109272,0.4498291015625,0.10577392578125,-0.16534423828125,0.87127685546875,0,-6.66796875,1.17578125,2.6640625,-1.2161817547939069e+38,2.480043245534419e-39,5.512953159973354e-33,3125,182110337,1012.784423828125,32.54999923706055,3.878925085067749,3127,182145938,257283157,-802947700,-13.309000015258789,0.04899999871850014,125.31803894042969,13,3127
182242590,182212480,0.4498291015625,0.10577392578125,-0.16534423828125,0.87127685546875,0,-6.66796875,1.17578125,2.6640625,-1.2667000999625458e+36,2.4805449103846474e-39,5.5773320468320136e-33,3126,182213546,1012.810302734375,32.560001373291016,3.662254810333252,3128,182242587,257283157,-802947698,-13.241000175476074,0.03400000184774399,125.31803894042969,13,3128
182294127,182246271,0.4498291015625,0.10577392578125,-0.16534423828125,0.87127685546875,3,-2.609375,3.66015625,4.53515625,-1.2667000999625458e+36,2.4805449103846474e-39,5.5773320468320136e-33,3127,182247337,1012.832763671875,32.54999923706055,3.472007989883423,3129,182294124,257283157,-802947696,-13.177000045776367,0.027000000700354576,125.31803894042969,12,3129
182341236,182299558,0.4498291015625,0.10577392578125,-0.16534423828125,0.87127685546875,0,-2.609375,3.66015625,4.53515625,-1.109873533097327e+38,2.4805407064892544e-39,5.6290346964849934e-33,3128,182300624,1012.84228515625,32.540000915527344,3.3927383422851562,3130,182341233,257283153,-802947696,-13.157999992370605,0.16599999368190765,125.31803894042969,13,3130
182394117,182352296,0.4498291015625,0.10577392578125,-0.16534423828125,0.87127685546875,3,-5.7109375,2.58203125,2.625,-1.109873533097327e+38,2.4805407064892544e-39,5.6290346964849934e-33,3129,182353362,1012.767822265625,32.529998779296875,4.0163254737854,3131,182394114,257283153,-802947694,-13.125,0.1550000011920929,125.31803894042969,13,3131
182440061,182404480,0.4498291015625,0.10577392578125,-0.16534423828125,0.87127685546875,0,-5.7109375,2.58203125,2.625,-4.1868595314336874e+37,2.4796733027398373e-39,5.667037694163109e-33,3130,182405546,1012.807373046875,32.52000045776367,3.6833934783935547,3132,182440058,257283153,-802947691,-13.08899974822998,0.13699999451637268,125.31803894042969,13,3132
182496620,182442325,0.349365234375,0.26507568359375,-0.205810546875,0.87481689453125,0,-5.7109375,2.58203125,2.625,-4.1868595314336874e+37,2.4796733027398373e-39,5.667037694163109e-33,3131,182443391,1012.82666015625,32.540000915527344,3.5248541831970215,3133,182496617,257283154,-802947689,-13.062999725341797,0.10999999940395355,125.31803894042969,13,3133
182546174,182498271,0.349365234375,0.26507568359375,-0.205810546875,0.87481689453125,3,-5.59765625,2.51953125,1.14453125,-4.1868595314336874e+37,2.4796733027398373e-39,5.667037694163109e-33,3132,182499337,1012.812255859375,32.529998779296875,3.6464009284973145,3134,182546171,257283156,-802947688,-13.039999961853027,0.07500000298023224,125.31803894042969,13,3134
182593280,182551582,0.349365234375,0.26507568359375,-0.205810546875,0.87481689453125,0,-5.59765625,2.51953125,1.14453125,-1.561859222387007e+38,2.4799031156879866e-39,5.715063617891907e-33,3133,182552649,1012.80810546875,32.52000045776367,3.6781086921691895,3135,182593277,257283156,-802947686,-12.984000205993652,0.07900000363588333,125.31803894042969,13,3135
182646263,182604164,0.349365234375,0.26507568359375,-0.205810546875,0.87481689453125,0,-5.59765625,2.51953125,1.14453125,nan,2.4798666819279142e-39,5.732001756803287e-33,3134,182605230,1012.8017578125,32.529998779296875,3.730955123901367,3136,182646261,257283154,-802947684,-12.923999786376953,0.04899999871850014,125.31803894042969,13,3136
182694113,182656689,0.349365234375,0.26507568359375,-0.205810546875,0.87481689453125,0,-5.59765625,2.51953125,1.14453125,6.06144402559725e-39,2.5709987262568143e-39,5.754041541197236e-33,3135,182657755,1012.830322265625,32.52000045776367,3.4931464195251465,3137,182694110,257283154,-802947681,-12.880000114440918,0.06599999964237213,125.31803894042969,13,3137
182750119,182696164,0.349365234375,0.26507568359375,-0.205810546875,0.87481689453125,0,-5.59765625,2.51953125,1.14453125,3.673495516436722e-39,2.4797293546784103e-39,5.770872416249103e-33,3136,182697231,1012.808837890625,32.52000045776367,3.6728241443634033,3138,182750117,257283152,-802947679,-12.854000091552734,0.017999999225139618,125.31803894042969,13,3138
182796618,182754480,0.349365234375,0.26507568359375,-0.205810546875,0.87481689453125,3,-5.70703125,3.734375,1.5703125,3.673495516436722e-39,2.4797293546784103e-39,5.770872416249103e-33,3137,182755547,1012.802001953125,32.52000045776367,3.730955123901367,3139,182796615,257283152,-802947678,-12.772000312805176,0.04100000113248825,125.31803894042969,13,3139
182849061,182807373,0.349365234375,0.26507568359375,-0.205810546875,0.87481689453125,0,-5.70703125,3.734375,1.5703125,1.3776081124869417e-39,2.5713700703498604e-39,5.801833835423808e-33,3138,182808440,1012.84326171875,32.52000045776367,3.387453556060791,3140,182849058,257283151,-802947677,-12.744000434875488,0.07599999755620956,125.31803894042969,13,3140
182896276,182860373,0.349365234375,0.26507568359375,-0.205810546875,0.87481689453125,0,-5.70703125,3.734375,1.5703125,6.795737032589633e-39,2.4797868079154477e-39,5.827662385047251e-33,3139,182861440,1012.82373046875,32.52000045776367,3.5512773990631104,3141,182896273,257283150,-802947675,-12.711999893188477,0.09200000017881393,125.31803894042969,13,3141
182946061,182898456,0.3221435546875,0.2415771484375,-0.1865234375,0.8961181640625,0,-5.70703125,3.734375,1.5703125,6.795737032589633e-39,2.4797868079154477e-39,5.827662385047251e-33,3140,182899522,1012.7958984375,32.52000045776367,3.778517007827759,3142,182946058,257283150,-802947674,-12.706000328063965,0.057999998331069946,125.31803894042969,13,3142
182993208,182951271,0.3221435546875,0.2415771484375,-0.1865234375,0.8961181640625,3,-5.015625,3.22265625,1.38671875,6.795737032589633e-39,2.4797868079154477e-39,5.827662385047251e-33,3141,182952337,1012.826171875,32.52000045776367,3.5301389694213867,3143,182993205,257283149,-802947674,-12.710000038146973,0.0430000014603138,125.31803894042969,13,3143
183046319,183004582,0.3221435546875,0.2415771484375,-0.1865234375,0.8961181640625,0,-5.015625,3.22265625,1.38671875,1.4967948527208569e-38,2.479607441712014e-39,5.882602786952777e-33,3142,183005648,1012.82470703125,32.529998779296875,3.540708065032959,3144,183046316,257283148,-802947672,-12.72700023651123,0.03700000047683716,125.31803894042969,13,3144
183094104,183057271,0.3221435546875,0.2415771484375,-0.1865234375,0.8961181640625,3,-5.87890625,4.02734375,1.6640625,1.4967948527208569e-38,2.479607441712014e-39,5.882602786952777e-33,3143,183058337,1012.818603515625,32.529998779296875,3.5935544967651367,3145,183094101,257283149,-802947670,-12.692999839782715,0.0430000014603138,125.31803894042969,13,3145
183146163,183097480,0.3221435546875,0.2415771484375,-0.1865234375,0.8961181640625,0,-5.87890625,4.02734375,1.6640625,nan,2.47966769754598e-39,5.927868135667066e-33,3144,183098546,1012.837158203125,32.52000045776367,3.4350154399871826,3146,183146160,257283149,-802947669,-12.668999671936035,0.02800000086426735,125.31803894042969,13,3146
183246118,183209272,0.3221435546875,0.2415771484375,-0.1865234375,0.8961181640625,3,-6.1328125,2.91796875,3.98046875,nan,2.47966769754598e-39,5.927868135667066e-33,3145,183210338,1012.802490234375,32.52000045776367,3.725670576095581,3147,183246115,257283148,-802947666,-12.598999977111816,0.010999999940395355,125.31803894042969,13,3147
183296268,183248582,0.3221435546875,0.2415771484375,-0.1865234375,0.8961181640625,0,-6.1328125,2.91796875,3.98046875,-3.163625708261967e+38,2.5705951522990888e-39,5.952599802124398e-33,3146,183249648,1012.841552734375,32.52000045776367,3.4033076763153076,3148,183296265,257283149,-802947664,-12.529999732971191,0.027000000700354576,125.31803894042969,13,3148
183349061,183301164,0.3221435546875,0.2415771484375,-0.1865234375,0.8961181640625,0,-6.1328125,2.91796875,3.98046875,-3.1900711308477844e+38,2.5708754119919537e-39,5.9894974677707554e-33,3147,183302230,1012.81982421875,32.52000045776367,3.5829854011535645,3149,183349058,257283149,-802947663,-12.496000289916992,0.024000000208616257,125.31803894042969,13,3149
183396439,183353622,0.3221435546875,0.2415771484375,-0.1865234375,0.8961181640625,0,-6.1328125,2.91796875,3.98046875,nan,2.571065988583102e-39,6.0092931599805874e-33,3148,183354689,1012.81640625,32.52000045776367,3.609408378601074,3150,183349058,257283149,-802947663,-12.496000289916992,0.024000000208616257,125.31803894042969,13,3149
183444602,183406141,0.3387451171875,0.3409423828125,-0.184326171875,0.85736083984375,0,-6.1328125,2.91796875,3.98046875,nan,2.571065988583102e-39,6.0092931599805874e-33,3149,183407207,1012.822265625,32.52000045776367,3.5618467330932617,3151,183444599,257283149,-802947659,-12.454999923706055,0.017999999225139618,125.31803894042969,13,3150
183495831,183446689,0.3387451171875,0.3409423828125,-0.184326171875,0.85736083984375,3,-4.99609375,3.62890625,1.09375,nan,2.571065988583102e-39,6.0092931599805874e-33,3150,183447755,1012.78466796875,32.52000045776367,3.873640537261963,3152,183495828,257283147,-802947658,-12.439000129699707,0.04699999839067459,125.31803894042969,13,3151
183547538,183499140,0.32086181640625,0.3948974609375,-0.20184326171875,0.83685302734375,0,-4.99609375,3.62890625,1.09375,nan,2.571065988583102e-39,6.0092931599805874e-33,3151,183500206,1012.8544921875,32.52000045776367,3.292330026626587,3153,183547535,257283144,-802947657,-12.449000358581543,0.14399999380111694,125.31803894042969,13,3152
183595871,183552713,0.32086181640625,0.3948974609375,-0.20184326171875,0.83685302734375,3,-6.203125,4.47265625,0.546875,nan,2.571065988583102e-39,6.0092931599805874e-33,3152,183553779,1012.826904296875,32.5099983215332,3.5248541831970215,3154,183595868,257283142,-802947656,-12.439000129699707,0.22300000488758087,125.31803894042969,13,3153
183641066,183605063,0.3201904296875,0.404052734375,-0.2171630859375,0.82891845703125,0,-6.203125,4.47265625,0.546875,nan,2.571065988583102e-39,6.0092931599805874e-33,3153,183606129,1012.8046875,32.52000045776367,3.7098166942596436,3155,183641063,257283144,-802947655,-12.449999809265137,0.13099999725818634,125.31803894042969,13,3154
183692061,183643767,0.3201904296875,0.404052734375,-0.2171630859375,0.82891845703125,0,-6.203125,4.47265625,0.546875,6.097929633712875e-38,2.4803739519719998e-39,6.123579128871346e-33,3154,183644833,1012.79638671875,32.52000045776367,3.778517007827759,3156,183692058,257283150,-802947654,-12.336000442504883,0.03400000184774399,125.31803894042969,13,3155
183750568,183695956,0.3201904296875,0.404052734375,-0.2171630859375,0.82891845703125,0,-6.203125,4.47265625,0.546875,5.509921256267981e-38,2.480724276588081e-39,6.1412221970512344e-33,3155,183697022,1012.792236328125,32.52000045776367,3.810224771499634,3157,183692058,257283150,-802947654,-12.336000442504883,0.03400000184774399,125.31803894042969,13,3155
183795833,183752791,0.3201904296875,0.404052734375,-0.2171630859375,0.82891845703125,0,-6.203125,4.47265625,0.546875,4.665080654204092e-38,2.4802856701687473e-39,6.16062005789171e-33,3156,183753857,1012.854736328125,32.52000045776367,3.292330026626587,3158,183795830,257283151,-802947652,-12.267000198364258,0.017000000923871994,125.31803894042969,13,3156
183847627,183804956,0.3201904296875,0.404052734375,-0.2171630859375,0.82891845703125,0,-6.203125,4.47265625,0.546875,6.134348259761906e-38,2.4803977740458933e-39,6.18970950231273e-33,3157,183806022,1012.7880859375,32.529998779296875,3.847217321395874,3159,183795830,257283151,-802947652,-12.267000198364258,0.017000000923871994,125.31803894042969,13,3156
183892061,183857898,0.3201904296875,0.404052734375,-0.2171630859375,0.82891845703125,0,-6.203125,4.47265625,0.546875,5.362916079050136e-38,2.480319301331891e-39,6.227611113603087e-33,3158,183858964,1012.7841796875,32.529998779296875,3.878925085067749,3160,183892058,257283153,-802947649,-12.199999809265137,0.05900000035762787,125.31803894042969,13,3157
183942061,183893956,0.3201904296875,0.404052734375,-0.2171630859375,0.82891845703125,0,-6.203125,4.47265625,0.546875,4.628360188465846e-38,2.4801175143530283e-39,6.257464996694127e-33,3159,183895022,1012.818603515625,32.529998779296875,3.5935544967651367,3161,183942058,257283154,-802947648,-12.142999649047852,0.07199999690055847,125.31803894042969,13,3158
183994164,183946558,0.3201904296875,0.404052734375,-0.2171630859375,0.82891845703125,0,-6.203125,4.47265625,0.546875,3.6182358720154586e-38,2.4805841467416485e-39,6.304828602824634e-33,3160,183947624,1012.833251953125,32.529998779296875,3.472007989883423,3162,183994161,257283153,-802947647,-12.095000267028809,0.012000000104308128,125.31803894042969,13,3159
184047070,183999258,0.3201904296875,0.404052734375,-0.2171630859375,0.82891845703125,3,-7.41796875,8.828125,1.796875,3.6182358720154586e-38,2.4805841467416485e-39,6.304828602824634e-33,3161,184000324,1012.821533203125,32.540000915527344,3.567131280899048,3163,184047068,257283149,-802947647,-12.152000427246094,0.07199999690055847,125.31803894042969,13,3160
184094172,184052480,0.3201904296875,0.404052734375,-0.2171630859375,0.82891845703125,3,-7.265625,8.7109375,0.171875,3.6182358720154586e-38,2.4805841467416485e-39,6.304828602824634e-33,3162,184053546,1012.798583984375,32.529998779296875,3.757378339767456,3164,184094169,257283148,-802947646,-12.147000312805176,0.07699999958276749,125.31803894042969,13,3161
184147066,184105271,0.3201904296875,0.404052734375,-0.2171630859375,0.82891845703125,0,-7.265625,8.7109375,0.171875,2.0112042322224827e-38,2.4801301260392072e-39,6.419891867354874e-33,3163,184106338,1012.766357421875,32.529998779296875,4.026895046234131,3165,184147063,257283151,-802947644,-12.008000373840332,0.07699999958276749,125.31803894042969,13,3162
