t_us,state,batteryVoltage,imu_t_us,imu_q0,imu_q1,imu_q2,imu_q3,imu_calib,imu_ax,imu_ay,imu_az,imu_gx,imu_gy,imu_gz,imu_seq,baro_t_us,baro_pressure_hPa,baro_temperature_C,baro_altitude_m,baro_seq,gnss_t_us,gnss_lat_e7,gnss_lon_e7,gnss_alt_m,gnss_speed_mps,gnss_heading_deg,gnss_sats_used,gnss_seq
7027344,1,4.137890815734863,0,1.0,0.0,0.0,0.0,0,0.0,0.0,0.0,0.0,0.0,0.0,0,7027339,1024.472900390625,24.530000686645508,-92.81147003173828,1,0,0,0,0.0,0.0,0.0,0,0
7035376,2,4.144335746765137,7034305,0.709716796875,-0.1195068359375,-0.67901611328125,-0.144775390625,2,0.0,0.0,0.0,-1.724609375,0.7578125,-0.6328125,2,7035370,1024.472900390625,24.530000686645508,-92.81147003173828,2,0,0,0,0.0,0.0,0.0,0,0
7042376,2,4.137890815734863,7041305,0.7103271484375,-0.12298583984375,-0.676513671875,-0.150390625,2,0.0,0.0,0.0,-1.89453125,0.7890625,-0.625,4,7042370,1024.45654296875,24.540000915527344,-92.67671203613281,3,0,0,0,0.0,0.0,0.0,0,0
7048376,2,4.144335746765137,7047305,0.71087646484375,-0.12640380859375,-0.67413330078125,-0.15582275390625,2,0.0,0.0,0.0,-1.986328125,0.78515625,-0.642578125,6,7048370,1024.45654296875,24.540000915527344,-92.67671203613281,4,0,0,0,0.0,0.0,0.0,0,0
7059376,2,4.1572265625,7058305,0.71148681640625,-0.1326904296875,-0.66986083984375,-0.165771484375,2,0.0,0.0,0.0,-2.087890625,0.763671875,-0.6796875,8,7059370,1024.454833984375,24.530000686645508,-92.66350555419922,5,0,0,0,0.0,0.0,0.0,0,0
7067376,2,4.144335746765137,7066305,0.71136474609375,-0.14105224609375,-0.66473388671875,-0.179443359375,2,0.0,0.0,0.0,-2.32421875,0.66796875,-0.828125,10,7067370,1024.454833984375,24.530000686645508,-92.66350555419922,6,0,0,0,0.0,0.0,0.0,0,0
7073376,2,4.137890815734863,7072305,0.71112060546875,-0.144775390625,-0.66241455078125,-0.185791015625,2,0.0,0.0,0.0,-2.359375,0.64453125,-0.888671875,12,7073370,1024.454833984375,24.530000686645508,-92.66350555419922,7,0,0,0,0.0,0.0,0.0,0,0
7080376,2,4.131445407867432,7079305,0.71063232421875,-0.1502685546875,-0.65899658203125,-0.19537353515625,2,0.0,0.0,0.0,-2.3828125,0.630859375,-0.9453125,14,7080370,1024.457275390625,24.530000686645508,-92.68199920654297,8,0,0,0,0.0,0.0,0.0,0,0
7093376,2,4.144335746765137,7092305,0.70977783203125,-0.1556396484375,-0.65545654296875,-0.205810546875,2,0.0,0.0,0.0,-2.357421875,0.59375,-1.068359375,16,7093370,1024.457275390625,24.530000686645508,-92.68199920654297,9,0,0,0,0.0,0.0,0.0,0,0
7101376,2,4.144335746765137,7100305,0.707763671875,-0.16375732421875,-0.6492919921875,-0.22515869140625,2,0.0,0.0,0.0,-2.134765625,0.568359375,-1.171875,18,7101370,1024.472900390625,24.530000686645508,-92.81147003173828,10,0,0,0,0.0,0.0,0.0,0,0
7108322,3,4.150781154632568,7107251,0.707763671875,-0.16375732421875,-0.6492919921875,-0.22515869140625,0,10.26953125,-3.6015625,4.3671875,-2.044921875,0.578125,-1.216796875,20,7108316,1024.472900390625,24.530000686645508,-92.81147003173828,11,0,0,0,0.0,0.0,0.0,0,0
7114322,3,4.144335746765137,7113251,0.70684814453125,-0.16680908203125,-0.6466064453125,-0.23333740234375,0,10.26953125,-3.6015625,4.3671875,-1.873046875,0.59375,-1.287109375,22,7114316,1024.472900390625,24.530000686645508,-92.81147003173828,12,0,0,0,0.0,0.0,0.0,0,0
7128322,3,4.144335746765137,7127251,0.70550537109375,-0.170166015625,-0.64300537109375,-0.24462890625,0,10.26953125,-3.6015625,4.3671875,-1.740234375,0.615234375,-1.361328125,24,7128316,1024.499755859375,24.540000915527344,-93.0307846069336,13,0,0,0,0.0,0.0,0.0,0,0
7134322,3,4.137890815734863,7133251,0.7030029296875,-0.174560546875,-0.6368408203125,-0.2640380859375,0,10.26953125,-3.6015625,4.3671875,-1.576171875,0.619140625,-1.419921875,26,7134316,1024.499755859375,24.540000915527344,-93.0307846069336,14,0,0,0,0.0,0.0,0.0,0,0
7141322,3,4.163671970367432,7140251,0.70257568359375,-0.17510986328125,-0.6357421875,-0.26751708984375,0,10.26953125,-3.6015625,4.3671875,-1.490234375,0.6171875,-1.443359375,28,7141316,1024.475830078125,24.530000686645508,-92.83525085449219,15,0,0,0,0.0,0.0,0.0,0,0
7149322,3,4.163671970367432,7148251,0.70166015625,-0.17584228515625,-0.63385009765625,-0.2738037109375,0,10.26953125,-3.6015625,4.3671875,-1.27734375,0.62890625,-1.50390625,30,7149316,1024.475830078125,24.530000686645508,-92.83525085449219,16,0,0,0,0.0,0.0,0.0,0,0
7164322,3,4.137890815734863,7163251,0.7005615234375,-0.17596435546875,-0.63153076171875,-0.28173828125,0,10.26953125,-3.6015625,4.3671875,-1.041015625,0.69140625,-1.54296875,32,7164316,1024.454345703125,24.530000686645508,-92.65821838378906,17,0,0,0,0.0,0.0,0.0,0,0
7171322,3,4.150781154632568,7170251,0.69927978515625,-0.1748046875,-0.62835693359375,-0.29248046875,0,10.26953125,-3.6015625,4.3671875,-0.7421875,0.802734375,-1.517578125,34,7171316,1024.454345703125,24.530000686645508,-92.65821838378906,18,0,0,0,0.0,0.0,0.0,0,0
7180322,3,4.1572265625,7179251,0.6990966796875,-0.173828125,-0.6270751953125,-0.29638671875,0,10.26953125,-3.6015625,4.3671875,-0.59765625,0.873046875,-1.484375,36,7180316,1024.4736328125,24.530000686645508,-92.81675720214844,19,0,0,0,0.0,0.0,0.0,0,0
7194322,3,4.137890815734863,7193251,0.698974609375,-0.1719970703125,-0.62518310546875,-0.3016357421875,0,10.26953125,-3.6015625,4.3671875,0.05078125,1.134765625,-1.203125,38,7194316,1024.4736328125,24.530000686645508,-92.81675720214844,20,0,0,0,0.0,0.0,0.0,0,0
7200322,3,4.137890815734863,7199251,0.70111083984375,-0.16558837890625,-0.62091064453125,-0.30902099609375,0,10.26953125,-3.6015625,4.3671875,0.228515625,1.177734375,-1.126953125,40,7200316,1024.473388671875,24.530000686645508,-92.81411743164062,21,0,0,0,0.0,0.0,0.0,0,0
7207322,3,4.150781154632568,7206251,0.70196533203125,-0.16326904296875,-0.6195068359375,-0.31109619140625,0,10.26953125,-3.6015625,4.3671875,0.4296875,1.208984375,-1.05078125,42,7207316,1024.473388671875,24.530000686645508,-92.81411743164062,22,0,0,0,0.0,0.0,0.0,0,0
7213322,3,4.150781154632568,7212251,0.70379638671875,-0.15875244140625,-0.6170654296875,-0.3140869140625,0,10.26953125,-3.6015625,4.3671875,0.625,1.228515625,-0.970703125,44,7213316,1024.473388671875,24.530000686645508,-92.81411743164062,23,0,0,0,0.0,0.0,0.0,0,0
7229322,3,4.150781154632568,7228251,0.70465087890625,-0.15673828125,-0.61614990234375,-0.3150634765625,0,10.26953125,-3.6015625,4.3671875,1.220703125,1.255859375,-0.75390625,46,7229316,1024.44140625,24.530000686645508,-92.55252838134766,24,0,0,0,0.0,0.0,0.0,0,0
7235322,3,4.137890815734863,7234251,0.71136474609375,-0.1424560546875,-0.611328125,-0.316162109375,2,6.28125,-3.67578125,7.23828125,1.220703125,1.255859375,-0.75390625,48,7235316,1024.450439453125,24.530000686645508,-92.62651062011719,25,0,0,0,0.0,0.0,0.0,0,0
7239376,3,4.150781154632568,7238305,0.71148681640625,-0.14227294921875,-0.61126708984375,-0.31610107421875,2,6.28125,-3.67578125,7.23828125,1.568359375,1.287109375,-0.6015625,50,7239370,1024.450439453125,24.520000457763672,-92.62651062011719,26,0,0,0,0.0,0.0,0.0,0,0
7250376,3,4.144335746765137,7249305,0.71563720703125,-0.13458251953125,-0.60931396484375,-0.3138427734375,2,6.28125,-3.67578125,7.23828125,1.896484375,1.287109375,-0.447265625,52,7250370,1024.450439453125,24.520000457763672,-92.62651062011719,27,0,0,0,0.0,0.0,0.0,0,0
7263376,3,4.144335746765137,7262305,0.72015380859375,-0.1265869140625,-0.60772705078125,-0.3099365234375,2,6.28125,-3.67578125,7.23828125,2.2265625,1.234375,-0.25390625,54,7263370,1024.452880859375,24.520000457763672,-92.64765167236328,28,0,0,0,0.0,0.0,0.0,0,0
7271376,3,4.144335746765137,7270305,0.7274169921875,-0.11431884765625,-0.6060791015625,-0.30072021484375,2,6.28125,-3.67578125,7.23828125,2.650390625,1.109375,0.095703125,56,7271370,1024.452880859375,24.520000457763672,-92.64765167236328,29,0,0,0,0.0,0.0,0.0,0,0
7278376,3,4.137890815734863,7277305,0.7298583984375,-0.11029052734375,-0.6055908203125,-0.2972412109375,2,6.28125,-3.67578125,7.23828125,2.767578125,1.06640625,0.212890625,58,7278370,1024.458740234375,24.520000457763672,-92.6952133178711,30,0,0,0,0.0,0.0,0.0,0,0
7285376,3,4.137890815734863,7284305,0.73443603515625,-0.10272216796875,-0.60491943359375,-0.2900390625,2,6.28125,-3.67578125,7.23828125,2.869140625,1.009765625,0.318359375,60,7285370,1024.458740234375,24.520000457763672,-92.6952133178711,31,0,0,0,0.0,0.0,0.0,0,0
7297376,3,4.144335746765137,7296305,0.73724365234375,-0.09820556640625,-0.60479736328125,-0.28466796875,2,6.28125,-3.67578125,7.23828125,3.05078125,0.869140625,0.517578125,62,7297370,1024.494873046875,24.520000457763672,-92.99114990234375,32,0,0,0,0.0,0.0,0.0,0,0
7304376,3,4.150781154632568,7303305,0.74176025390625,-0.09051513671875,-0.60498046875,-0.27496337890625,2,6.28125,-3.67578125,7.23828125,3.19921875,0.6875,0.673828125,64,7304370,1024.494873046875,24.520000457763672,-92.99114990234375,33,0,0,0,0.0,0.0,0.0,0,0
7312376,3,4.144335746765137,7311305,0.74591064453125,-0.08282470703125,-0.60595703125,-0.26373291015625,2,6.28125,-3.67578125,7.23828125,3.341796875,0.4375,0.826171875,66,7312370,1024.494873046875,24.520000457763672,-92.99114990234375,34,0,0,0,0.0,0.0,0.0,0,0
7325376,3,4.137890815734863,7324305,0.7476806640625,-0.07928466796875,-0.606689453125,-0.258056640625,2,6.28125,-3.67578125,7.23828125,3.396484375,0.287109375,0.90625,68,7325370,1024.49072265625,24.520000457763672,-92.95680236816406,35,0,0,0,0.0,0.0,0.0,0,0
7332376,3,4.1572265625,7331305,0.75213623046875,-0.06878662109375,-0.610107421875,-0.2393798828125,2,6.28125,-3.67578125,7.23828125,3.43359375,-0.068359375,1.041015625,70,7332370,1024.49072265625,24.520000457763672,-92.95680236816406,36,0,0,0,0.0,0.0,0.0,0,0
7338376,3,4.144335746765137,7337305,0.7529296875,-0.06610107421875,-0.61175537109375,-0.23345947265625,2,6.28125,-3.67578125,7.23828125,3.384765625,-0.458984375,1.140625,72,7338370,1024.450927734375,24.510000228881836,-92.629150390625,37,0,0,0,0.0,0.0,0.0,0,0
7345376,3,4.144335746765137,7344305,0.75323486328125,-0.063720703125,-0.6138916015625,-0.227294921875,2,6.28125,-3.67578125,7.23828125,3.3359375,-0.732421875,1.20703125,74,7345370,1024.450927734375,24.510000228881836,-92.629150390625,38,0,0,0,0.0,0.0,0.0,0,0
7358376,3,4.137890815734863,7357305,0.75250244140625,-0.05712890625,-0.6202392578125,-0.21380615234375,2,6.28125,-3.67578125,7.23828125,3.212890625,-1.158203125,1.310546875,76,7358370,1024.47021484375,24.520000457763672,-92.78768920898438,39,0,0,0,0.0,0.0,0.0,0,0
7365322,3,4.137890815734863,7364251,0.75250244140625,-0.05712890625,-0.6202392578125,-0.21380615234375,0,0.84375,-2.453125,0.8046875,3.03125,-1.81640625,1.41015625,78,7365316,1024.47021484375,24.520000457763672,-92.78768920898438,40,0,0,0,0.0,0.0,0.0,0,0
7373322,3,4.144335746765137,7372251,0.75018310546875,-0.0528564453125,-0.62933349609375,-0.1959228515625,0,0.84375,-2.453125,0.8046875,2.83984375,-3.009765625,1.470703125,80,7373316,1024.40771484375,24.520000457763672,-92.27508544921875,41,0,0,0,0.0,0.0,0.0,0,0
7382322,3,4.1572265625,7381251,0.7449951171875,-0.0506591796875,-0.6396484375,-0.18231201171875,0,0.84375,-2.453125,0.8046875,2.82421875,-3.4375,1.48828125,82,7382316,1024.429443359375,24.510000228881836,-92.45475769042969,42,0,0,0,0.0,0.0,0.0,0,0
7397322,3,4.137890815734863,7396251,0.740966796875,-0.05084228515625,-0.646240234375,-0.1754150390625,0,0.84375,-2.453125,0.8046875,2.810546875,-4.150390625,1.4453125,84,7397316,1024.490234375,24.520000457763672,-92.95416259765625,43,0,0,0,0.0,0.0,0.0,0,0
7403322,3,4.137890815734863,7402251,0.7230224609375,-0.04876708984375,-0.672607421875,-0.15008544921875,0,0.84375,-2.453125,0.8046875,2.7421875,-4.41796875,1.453125,86,7403316,1024.490234375,24.520000457763672,-92.95416259765625,44,0,0,0,0.0,0.0,0.0,0,0
7409322,3,4.1572265625,7408251,0.71917724609375,-0.04803466796875,-0.6776123046875,-0.14593505859375,0,0.84375,-2.453125,0.8046875,2.447265625,-4.818359375,1.0859375,88,7409316,1024.490234375,24.520000457763672,-92.95416259765625,45,0,0,0,0.0,0.0,0.0,0,0
7416322,3,4.1572265625,7415251,0.7080078125,-0.04681396484375,-0.691650390625,-0.134765625,0,0.84375,-2.453125,0.8046875,2.392578125,-4.939453125,0.92578125,90,7416316,1024.457275390625,24.510000228881836,-92.68199920654297,46,0,0,0,0.0,0.0,0.0,0,0
7431321,3,4.1572265625,7424306,0.69854736328125,-0.04571533203125,-0.7027587890625,-0.126708984375,2,0.84375,-2.453125,0.8046875,2.392578125,-4.939453125,0.92578125,91,7431316,1024.457275390625,24.510000228881836,-92.68199920654297,47,0,0,0,0.0,0.0,0.0,0,0
7436376,3,4.137890815734863,7435305,0.66693115234375,-0.0443115234375,-0.7359619140625,-0.10736083984375,2,0.84375,-2.453125,0.8046875,1.9609375,-4.974609375,0.396484375,93,7436370,1024.42236328125,24.510000228881836,-92.3966293334961,48,0,0,0,0.0,0.0,0.0,0,0
7445376,3,4.144335746765137,7444305,0.6563720703125,-0.04296875,-0.74627685546875,-0.10211181640625,2,0.84375,-2.453125,0.8046875,1.580078125,-4.775390625,0.197265625,95,7445370,1024.42236328125,24.510000228881836,-92.3966293334961,49,0,0,0,0.0,0.0,0.0,0,0
7458376,3,4.1572265625,7457305,0.64111328125,-0.0416259765625,-0.76025390625,-0.09619140625,2,0.84375,-2.453125,0.8046875,1.173828125,-4.443359375,0.1484375,97,7458370,1024.462158203125,24.510000228881836,-92.72163391113281,50,0,0,0,0.0,0.0,0.0,0,0
7466376,3,4.144335746765137,7465305,0.61712646484375,-0.04095458984375,-0.7808837890625,-0.08807373046875,2,0.84375,-2.453125,0.8046875,0.716796875,-3.802734375,0.404296875,99,7466370,1024.462158203125,24.510000228881836,-92.72163391113281,51,0,0,0,0.0,0.0,0.0,0,0
7473376,3,4.137890815734863,7472305,0.6087646484375,-0.04180908203125,-0.78765869140625,-0.08526611328125,2,0.84375,-2.453125,0.8046875,0.5859375,-3.5625,0.5390625,101,7473370,1024.4755859375,24.510000228881836,-92.83261108398438,52,0,0,0,0.0,0.0,0.0,0,0
7479376,3,4.131445407867432,7478305,0.60321044921875,-0.042724609375,-0.79205322265625,-0.083251953125,2,0.84375,-2.453125,0.8046875,0.49609375,-3.318359375,0.6796875,103,7479370,1024.4755859375,24.510000228881836,-92.83261108398438,53,0,0,0,0.0,0.0,0.0,0,0
7492376,3,4.1572265625,7491305,0.5938720703125,-0.04681396484375,-0.7991943359375,-0.0797119140625,2,0.84375,-2.453125,0.8046875,0.455078125,-3.06640625,0.8203125,105,7492370,1024.4609375,24.510000228881836,-92.71106719970703,54,0,0,0,0.0,0.0,0.0,0,0
7502376,3,4.150781154632568,7501305,0.58465576171875,-0.053466796875,-0.80609130859375,-0.074462890625,2,0.84375,-2.453125,0.8046875,0.3671875,-2.310546875,1.22265625,107,7502370,1024.4609375,24.510000228881836,-92.71106719970703,55,0,0,0,0.0,0.0,0.0,0,0
7510376,3,4.144335746765137,7509305,0.5770263671875,-0.06036376953125,-0.81158447265625,-0.06903076171875,2,0.84375,-2.453125,0.8046875,0.361328125,-1.8671875,1.478515625,109,7510370,1024.4609375,24.510000228881836,-92.71106719970703,56,0,0,0,0.0,0.0,0.0,0,0
7517376,3,4.137890815734863,7516305,0.57086181640625,-0.06658935546875,-0.81591796875,-0.06298828125,2,0.84375,-2.453125,0.8046875,0.341796875,-1.439453125,1.681640625,111,7517370,1024.4892578125,24.510000228881836,-92.94623565673828,57,0,0,0,0.0,0.0,0.0,0,0
7530376,3,4.163671970367432,7529305,0.568359375,-0.0699462890625,-0.817626953125,-0.05950927734375,2,0.84375,-2.453125,0.8046875,0.337890625,-1.232421875,1.775390625,113,7530370,1024.4892578125,24.510000228881836,-92.94623565673828,58,0,0,0,0.0,0.0,0.0,0,0
7538376,3,4.1572265625,7537305,0.56378173828125,-0.07891845703125,-0.82061767578125,-0.05072021484375,2,0.84375,-2.453125,0.8046875,0.275390625,-0.85546875,1.927734375,115,7538370,1024.4619140625,24.510000228881836,-92.718994140625,59,0,0,0,0.0,0.0,0.0,0,0
7545376,3,4.1572265625,7544305,0.56231689453125,-0.08453369140625,-0.8212890625,-0.0458984375,2,0.84375,-2.453125,0.8046875,0.154296875,-0.630859375,1.984375,117,7545370,1024.4619140625,24.510000228881836,-92.718994140625,60,0,0,0,0.0,0.0,0.0,0,0
7552322,3,4.150781154632568,7551251,0.56231689453125,-0.08453369140625,-0.8212890625,-0.0458984375,0,7.8515625,-5.1328125,-10.76953125,0.060546875,-0.59765625,1.95703125,119,7552316,1024.44140625,24.510000228881836,-92.55252838134766,61,0,0,0,0.0,0.0,0.0,0,0
7571322,3,4.1572265625,7570251,0.56085205078125,-0.090576171875,-0.82196044921875,-0.0400390625,0,7.8515625,-5.1328125,-10.76953125,-0.451171875,-0.57421875,1.525390625,121,7571316,1024.4453125,24.510000228881836,-92.58423614501953,62,0,0,0,0.0,0.0,0.0,0,0
7579322,3,4.150781154632568,7578251,0.553955078125,-0.11431884765625,-0.82421875,-0.02801513671875,0,7.8515625,-5.1328125,-10.76953125,-0.611328125,-0.521484375,1.46484375,123,7579316,1024.4453125,24.510000228881836,-92.58423614501953,63,0,0,0,0.0,0.0,0.0,0,0
7585322,3,4.144335746765137,7584251,0.553466796875,-0.11566162109375,-0.8243408203125,-0.02752685546875,0,7.8515625,-5.1328125,-10.76953125,-0.732421875,-0.48828125,1.4609375,125,7585316,1024.4453125,24.510000228881836,-92.58423614501953,64,0,0,0,0.0,0.0,0.0,0,0
7592322,3,4.150781154632568,7591251,0.55194091796875,-0.1204833984375,-0.82470703125,-0.026123046875,0,7.8515625,-5.1328125,-10.76953125,-0.814453125,-0.486328125,1.5,127,7592316,1024.497802734375,24.510000228881836,-93.01493072509766,65,0,0,0,0.0,0.0,0.0,0,0
7606322,3,4.144335746765137,7605251,0.550048828125,-0.1265869140625,-0.82513427734375,-0.0245361328125,0,7.8515625,-5.1328125,-10.76953125,-1.044921875,-0.486328125,1.57421875,129,7606316,1024.497802734375,24.510000228881836,-93.01493072509766,66,0,0,0,0.0,0.0,0.0,0,0
7612322,3,4.150781154632568,7611251,0.54595947265625,-0.13995361328125,-0.82574462890625,-0.02239990234375,0,7.8515625,-5.1328125,-10.76953125,-1.19921875,-0.474609375,1.591796875,131,7612316,1024.463134765625,24.520000457763672,-92.7322006225586,67,0,0,0,0.0,0.0,0.0,0,0
7618322,3,4.150781154632568,7617251,0.54559326171875,-0.14111328125,-0.82574462890625,-0.02227783203125,0,7.8515625,-5.1328125,-10.76953125,-1.71875,-0.384765625,1.630859375,133,7618316,1024.463134765625,24.520000457763672,-92.7322006225586,68,0,0,0,0.0,0.0,0.0,0,0
7633322,3,4.137890815734863,7632251,0.5421142578125,-0.154052734375,-0.82574462890625,-0.02337646484375,0,7.8515625,-5.1328125,-10.76953125,-2.005859375,-0.310546875,1.662109375,135,7633316,1024.4736328125,24.510000228881836,-92.81675720214844,69,0,0,0,0.0,0.0,0.0,0,0
7638322,3,4.137890815734863,7637251,0.5372314453125,-0.1729736328125,-0.8250732421875,-0.0263671875,2,8.08203125,-4.55859375,-9.04296875,-2.005859375,-0.310546875,1.662109375,137,7638316,1024.4736328125,24.510000228881836,-92.81675720214844,70,0,0,0,0.0,0.0,0.0,0,0
7643376,3,4.137890815734863,7642305,0.53472900390625,-0.18115234375,-0.82489013671875,-0.0281982421875,2,8.08203125,-4.55859375,-9.04296875,-2.197265625,-0.29296875,1.728515625,139,7643370,1024.4736328125,24.510000228881836,-92.81675720214844,71,0,0,0,0.0,0.0,0.0,0,0
7650376,3,4.144335746765137,7649305,0.53314208984375,-0.186279296875,-0.82476806640625,-0.02947998046875,2,8.08203125,-4.55859375,-9.04296875,-2.294921875,-0.296875,1.76953125,141,7650370,1024.499755859375,24.520000457763672,-93.0307846069336,72,0,0,0,0.0,0.0,0.0,0,0
7663376,3,4.144335746765137,7662305,0.5291748046875,-0.19854736328125,-0.8243408203125,-0.0325927734375,2,8.08203125,-4.55859375,-9.04296875,-2.396484375,-0.306640625,1.80078125,143,7663370,1024.499755859375,24.520000457763672,-93.0307846069336,73,0,0,0,0.0,0.0,0.0,0,0
7671376,3,4.144335746765137,7670305,0.52392578125,-0.21453857421875,-0.823486328125,-0.037353515625,2,8.08203125,-4.55859375,-9.04296875,-2.572265625,-0.27734375,1.78515625,145,7671370,1024.44482421875,24.510000228881836,-92.58158874511719,74,0,0,0,0.0,0.0,0.0,0,0
7678376,3,4.137890815734863,7677305,0.52117919921875,-0.22283935546875,-0.8228759765625,-0.0400390625,2,8.08203125,-4.55859375,-9.04296875,-2.650390625,-0.21484375,1.76171875,147,7678370,1024.44482421875,24.510000228881836,-92.58158874511719,75,0,0,0,0.0,0.0,0.0,0,0
7685376,3,4.144335746765137,7684305,0.51861572265625,-0.23095703125,-0.82208251953125,-0.04302978515625,2,8.08203125,-4.55859375,-9.04296875,-2.73828125,-0.1328125,1.724609375,149,7685370,1024.44482421875,24.510000228881836,-92.58158874511719,76,0,0,0,0.0,0.0,0.0,0,0
7698376,3,4.150781154632568,7697305,0.5155029296875,-0.24041748046875,-0.82110595703125,-0.047119140625,2,8.08203125,-4.55859375,-9.04296875,-2.82421875,-0.044921875,1.6875,151,7698370,1024.439697265625,24.520000457763672,-92.53931427001953,77,0,0,0,0.0,0.0,0.0,0,0
7707376,3,4.1572265625,7706305,0.50994873046875,-0.26116943359375,-0.81756591796875,-0.05780029296875,2,8.08203125,-4.55859375,-9.04296875,-2.9921875,0.263671875,1.662109375,153,7707370,1024.439697265625,24.520000457763672,-92.53931427001953,78,0,0,0,0.0,0.0,0.0,0,0
7715376,3,4.150781154632568,7714305,0.50726318359375,-0.27142333984375,-0.81549072265625,-0.0631103515625,2,8.08203125,-4.55859375,-9.04296875,-2.966796875,0.345703125,1.6953125,155,7715370,1024.48779296875,24.510000228881836,-92.93302154541016,79,0,0,0,0.0,0.0,0.0,0,0
7723376,3,4.137890815734863,7722305,0.50469970703125,-0.28387451171875,-0.81231689453125,-0.0697021484375,2,8.08203125,-4.55859375,-9.04296875,-2.900390625,0.546875,1.724609375,157,7723370,1024.48779296875,24.510000228881836,-92.93302154541016,80,0,0,0,0.0,0.0,0.0,0,0
7735322,3,4.150781154632568,7734251,0.50469970703125,-0.28387451171875,-0.81231689453125,-0.0697021484375,0,9.92578125,-6.47265625,-7.27734375,-2.8671875,0.65234375,1.73046875,159,7735316,1024.5048828125,24.520000457763672,-93.07306671142578,81,0,0,0,0.0,0.0,0.0,0,0
7745322,3,4.1572265625,7744251,0.503662109375,-0.2901611328125,-0.8104248046875,-0.0728759765625,0,9.92578125,-6.47265625,-7.27734375,-2.755859375,0.923828125,1.693359375,161,7745316,1024.5048828125,24.520000457763672,-93.07306671142578,82,0,0,0,0.0,0.0,0.0,0,0
7753322,3,4.150781154632568,7752251,0.50146484375,-0.3116455078125,-0.80267333984375,-0.08428955078125,0,9.92578125,-6.47265625,-7.27734375,-2.681640625,1.056640625,1.59765625,163,7753316,1024.49755859375,24.510000228881836,-93.01493072509766,83,0,0,0,0.0,0.0,0.0,0,0
7768322,3,4.144335746765137,7767251,0.50054931640625,-0.32379150390625,-0.79766845703125,-0.09136962890625,0,9.92578125,-6.47265625,-7.27734375,-2.6640625,1.201171875,1.35546875,165,7768316,1024.457275390625,24.510000228881836,-92.68199920654297,84,0,0,0,0.0,0.0,0.0,0,0
7774322,3,4.1572265625,7773251,0.499267578125,-0.34912109375,-0.78546142578125,-0.10888671875,0,9.92578125,-6.47265625,-7.27734375,-2.69921875,1.294921875,1.205078125,167,7774316,1024.457275390625,24.510000228881836,-92.68199920654297,85,0,0,0,0.0,0.0,0.0,0,0
7781322,3,4.150781154632568,7780251,0.4990234375,-0.3531494140625,-0.78338623046875,-0.112060546875,0,9.92578125,-6.47265625,-7.27734375,-2.7109375,1.35546875,1.14453125,169,7781316,1024.457275390625,24.510000228881836,-92.68199920654297,86,0,0,0,0.0,0.0,0.0,0,0
7786322,3,4.1572265625,7785251,0.49884033203125,-0.35870361328125,-0.78033447265625,-0.11669921875,0,9.92578125,-6.47265625,-7.27734375,-2.71484375,1.392578125,1.109375,171,7786316,1024.457275390625,24.510000228881836,-92.68199920654297,87,0,0,0,0.0,0.0,0.0,0,0
7804322,3,4.137890815734863,7803251,0.4986572265625,-0.3631591796875,-0.77777099609375,-0.12054443359375,0,9.92578125,-6.47265625,-7.27734375,-2.6640625,1.419921875,1.015625,173,7804316,1024.4873046875,24.510000228881836,-92.93038177490234,88,0,0,0,0.0,0.0,0.0,0,0
7811322,3,4.1572265625,7810251,0.49810791015625,-0.3790283203125,-0.76806640625,-0.13531494140625,0,9.92578125,-6.47265625,-7.27734375,-2.56640625,1.55859375,0.82421875,175,7811316,1024.4736328125,24.510000228881836,-92.81675720214844,89,0,0,0,0.0,0.0,0.0,0,0
7817322,3,4.163671970367432,7816251,0.4981689453125,-0.38629150390625,-0.762939453125,-0.14324951171875,0,9.92578125,-6.47265625,-7.27734375,-2.525390625,1.587890625,0.765625,177,7817316,1024.4736328125,24.510000228881836,-92.81675720214844,90,0,0,0,0.0,0.0,0.0,0,0
7823322,3,4.1572265625,7822251,0.498291015625,-0.39337158203125,-0.7576904296875,-0.1513671875,0,9.92578125,-6.47265625,-7.27734375,-2.46875,1.623046875,0.697265625,179,7823316,1024.4736328125,24.510000228881836,-92.81675720214844,91,0,0,0,0.0,0.0,0.0,0,0
7836322,3,4.144335746765137,7835251,0.49835205078125,-0.3955078125,-0.7559814453125,-0.1539306640625,0,9.92578125,-6.47265625,-7.27734375,-2.306640625,1.734375,0.560546875,181,7836316,1024.44970703125,24.510000228881836,-92.62122344970703,92,0,0,0,0.0,0.0,0.0,0,0
7842322,3,4.137890815734863,7841251,0.49969482421875,-0.40692138671875,-0.74554443359375,-0.169921875,0,9.92578125,-6.47265625,-7.27734375,-2.2109375,1.8203125,0.498046875,183,7842316,1024.44970703125,24.510000228881836,-92.62122344970703,93,0,0,0,0.0,0.0,0.0,0,0
7848322,3,4.144335746765137,7847251,0.49981689453125,-0.40771484375,-0.7447509765625,-0.17120361328125,2,12.3359375,-6.58984375,-1.45703125,-2.2109375,1.8203125,0.498046875,185,7848316,1024.483154296875,24.520000457763672,-92.89602661132812,94,0,0,0,0.0,0.0,0.0,0,0
7853376,3,4.144335746765137,7852305,0.50152587890625,-0.41192626953125,-0.739501953125,-0.1785888671875,2,12.3359375,-6.58984375,-1.45703125,-1.98828125,1.9921875,0.400390625,187,7853370,1024.483154296875,24.520000457763672,-92.89602661132812,95,0,0,0,0.0,0.0,0.0,0,0
7865376,3,4.163671970367432,7864305,0.50396728515625,-0.41473388671875,-0.73480224609375,-0.184814453125,2,12.3359375,-6.58984375,-1.45703125,-1.640625,2.25,0.31640625,189,7865370,1024.483154296875,24.520000457763672,-92.89602661132812,96,0,0,0,0.0,0.0,0.0,0,0
7873376,3,4.137890815734863,7872305,0.5111083984375,-0.41748046875,-0.7255859375,-0.19500732421875,2,12.3359375,-6.58984375,-1.45703125,-1.091796875,2.677734375,0.25390625,191,7873370,1024.505615234375,24.520000457763672,-93.0783462524414,97,0,0,0,0.0,0.0,0.0,0,0
7878376,3,4.137890815734863,7877305,0.51422119140625,-0.41815185546875,-0.721923828125,-0.19879150390625,2,12.3359375,-6.58984375,-1.45703125,-0.8828125,2.8046875,0.23046875,193,7878370,1024.505615234375,24.520000457763672,-93.0783462524414,98,0,0,0,0.0,0.0,0.0,0,0
7890376,3,4.137890815734863,7889305,0.51763916015625,-0.4185791015625,-0.71826171875,-0.202392578125,2,12.3359375,-6.58984375,-1.45703125,-0.666015625,2.94140625,0.21875,195,7890370,1024.484619140625,24.520000457763672,-92.90660095214844,99,0,0,0,0.0,0.0,0.0,0,0
7898376,3,4.144335746765137,7897305,0.5318603515625,-0.4168701171875,-0.70611572265625,-0.21148681640625,2,12.3359375,-6.58984375,-1.45703125,0.064453125,3.2734375,0.22265625,197,7898370,1024.484619140625,24.520000457763672,-92.90660095214844,100,0,0,0,0.0,0.0,0.0,0,0
7905376,3,4.163671970367432,7904305,0.537109375,-0.4158935546875,-0.7017822265625,-0.21441650390625,2,12.3359375,-6.58984375,-1.45703125,0.30078125,3.35546875,0.220703125,199,7905370,1024.484619140625,24.520000457763672,-92.90660095214844,101,0,0,0,0.0,0.0,0.0,0,0
7913376,3,4.131445407867432,7912305,0.54827880859375,-0.412841796875,-0.693603515625,-0.21881103515625,2,12.3359375,-6.58984375,-1.45703125,0.7734375,3.462890625,0.197265625,201,7913370,1024.471923828125,24.510000228881836,-92.80354309082031,102,0,0,0,0.0,0.0,0.0,0,0
7925376,3,4.137890815734863,7924305,0.55780029296875,-0.4097900390625,-0.68682861328125,-0.221923828125,2,12.3359375,-6.58984375,-1.45703125,1.013671875,3.4765625,0.1953125,203,7925370,1024.471923828125,24.510000228881836,-92.80354309082031,103,0,0,0,0.0,0.0,0.0,0,0
7933376,3,4.1572265625,7932305,0.5753173828125,-0.40234375,-0.67559814453125,-0.22509765625,2,12.3359375,-6.58984375,-1.45703125,1.58203125,3.44140625,0.1875,205,7933370,1024.474365234375,24.510000228881836,-92.8246841430664,104,0,0,0,0.0,0.0,0.0,0,0
7940376,3,4.1572265625,7939305,0.58258056640625,-0.39892578125,-0.6710205078125,-0.22613525390625,2,12.3359375,-6.58984375,-1.45703125,1.734375,3.41796875,0.16796875,207,7940370,1024.474365234375,24.510000228881836,-92.8246841430664,105,0,0,0,0.0,0.0,0.0,0,0
7948376,3,4.144335746765137,7947305,0.59735107421875,-0.39105224609375,-0.66217041015625,-0.22747802734375,2,12.3359375,-6.58984375,-1.45703125,1.982421875,3.322265625,0.08984375,209,7948370,1024.454833984375,24.520000457763672,-92.66350555419922,106,0,0,0,0.0,0.0,0.0,0,0
7960322,3,4.131445407867432,7959251,0.59735107421875,-0.39105224609375,-0.66217041015625,-0.22747802734375,0,9.3828125,-5.09375,3.1015625,2.080078125,3.2734375,0.03515625,211,7960316,1024.454833984375,24.520000457763672,-92.66350555419922,107,0,0,0,0.0,0.0,0.0,0,0
7968322,3,4.144335746765137,7967251,0.60748291015625,-0.385498046875,-0.65606689453125,-0.227783203125,0,9.3828125,-5.09375,3.1015625,2.265625,3.119140625,-0.166015625,213,7968316,1024.46923828125,24.520000457763672,-92.7797622680664,108,0,0,0,0.0,0.0,0.0,0,0
7974322,3,4.150781154632568,7973251,0.625732421875,-0.3736572265625,-0.645751953125,-0.227783203125,0,9.3828125,-5.09375,3.1015625,2.3125,3.0390625,-0.248046875,215,7974316,1024.46923828125,24.520000457763672,-92.7797622680664,109,0,0,0,0.0,0.0,0.0,0,0
7980322,3,4.137890815734863,7979251,0.63177490234375,-0.369384765625,-0.64227294921875,-0.227783203125,0,9.3828125,-5.09375,3.1015625,2.369140625,2.888671875,-0.447265625,217,7980316,1024.46923828125,24.520000457763672,-92.7797622680664,110,0,0,0,0.0,0.0,0.0,0,0
7995322,3,4.137890815734863,7994251,0.64190673828125,-0.361328125,-0.6368408203125,-0.22772216796875,0,9.3828125,-5.09375,3.1015625,2.431640625,2.732421875,-0.638671875,219,7995316,1024.482421875,24.520000457763672,-92.88809967041016,111,0,0,0,0.0,0.0,0.0,0,0
8003322,3,4.137890815734863,8002251,0.66253662109375,-0.34173583984375,-0.62677001953125,-0.22686767578125,0,9.3828125,-5.09375,3.1015625,2.55078125,2.6015625,-0.734375,221,8003316,1024.482421875,24.520000457763672,-92.88809967041016,112,0,0,0,0.0,0.0,0.0,0,0
8009322,3,4.144335746765137,8008251,0.6710205078125,-0.33209228515625,-0.6231689453125,-0.2261962890625,0,9.3828125,-5.09375,3.1015625,2.603515625,2.55859375,-0.75390625,223,8009316,1024.44384765625,24.510000228881836,-92.57366180419922,113,0,0,0,0.0,0.0,0.0,0,0
8025322,3,4.144335746765137,8024251,0.67584228515625,-0.326171875,-0.6212158203125,-0.22564697265625,0,9.3828125,-5.09375,3.1015625,3.013671875,2.3203125,-0.57421875,225,8025316,1024.48828125,24.510000228881836,-92.93830871582031,114,0,0,0,0.0,0.0,0.0,0,0
8034322,3,4.150781154632568,8033251,0.697998046875,-0.30059814453125,-0.61114501953125,-0.22119140625,0,9.3828125,-5.09375,3.1015625,3.119140625,2.255859375,-0.50390625,227,8034316,1024.48828125,24.510000228881836,-92.93830871582031,115,0,0,0,0.0,0.0,0.0,0,0
8074637,3,4.150781154632568,8073567,0.70477294921875,-0.2923583984375,-0.60797119140625,-0.219482421875,2,5.3203125,-2.60546875,3.984375,3.119140625,2.255859375,-0.50390625,229,8074632,1024.4560546875,24.510000228881836,-92.67143249511719,116,0,0,0,0.0,0.0,0.0,0,0
8084376,3,4.137890815734863,8083305,0.75164794921875,-0.21826171875,-0.5941162109375,-0.18548583984375,2,5.3203125,-2.60546875,3.984375,2.857421875,0.56640625,-0.109375,231,8084370,1024.465576171875,24.510000228881836,-92.75070190429688,117,0,0,0,0.0,0.0,0.0,0,0
8095376,3,4.150781154632568,8094305,0.753173828125,-0.2138671875,-0.5946044921875,-0.18280029296875,2,5.3203125,-2.60546875,3.984375,2.51171875,0.01953125,-0.2109375,233,8095370,1024.465576171875,24.510000228881836,-92.75070190429688,118,0,0,0,0.0,0.0,0.0,0,0
8103376,3,4.144335746765137,8102305,0.75384521484375,-0.205810546875,-0.59808349609375,-0.17791748046875,2,5.3203125,-2.60546875,3.984375,2.0546875,-0.65625,-0.40625,235,8103370,1024.465576171875,24.510000228881836,-92.75070190429688,119,0,0,0,0.0,0.0,0.0,0,0
8111376,3,4.163671970367432,8110305,0.7535400390625,-0.19976806640625,-0.60150146484375,-0.1744384765625,2,5.3203125,-2.60546875,3.984375,1.892578125,-0.931640625,-0.486328125,237,8111370,1024.468994140625,24.510000228881836,-92.7797622680664,120,0,0,0,0.0,0.0,0.0,0,0
8118376,3,4.137890815734863,8117305,0.7525634765625,-0.196044921875,-0.60455322265625,-0.17254638671875,2,5.3203125,-2.60546875,3.984375,1.6640625,-1.349609375,-0.619140625,239,8118370,1024.468994140625,24.510000228881836,-92.7797622680664,121,0,0,0,0.0,0.0,0.0,0,0
8131376,3,4.137890815734863,8130305,0.75140380859375,-0.19293212890625,-0.60736083984375,-0.17095947265625,2,5.3203125,-2.60546875,3.984375,1.58203125,-1.482421875,-0.6640625,241,8131370,1024.45849609375,24.510000228881836,-92.69256591796875,122,0,0,0,0.0,0.0,0.0,0,0
8139376,3,4.150781154632568,8138305,0.7470703125,-0.18438720703125,-0.61639404296875,-0.1673583984375,2,5.3203125,-2.60546875,3.984375,1.3828125,-1.673828125,-0.76171875,243,8139370,1024.45849609375,24.510000228881836,-92.69256591796875,123,0,0,0,0.0,0.0,0.0,0,0
8146376,3,4.1572265625,8145305,0.744140625,-0.1790771484375,-0.62200927734375,-0.165283203125,2,5.3203125,-2.60546875,3.984375,1.32421875,-1.6875,-0.787109375,245,8146370,1024.454833984375,24.510000228881836,-92.66350555419922,124,0,0,0,0.0,0.0,0.0,0,0
8153322,3,4.131445407867432,8152251,0.744140625,-0.1790771484375,-0.62200927734375,-0.165283203125,0,6.046875,-1.2265625,-2.796875,1.16015625,-1.6171875,-0.82421875,247,8153316,1024.454833984375,24.510000228881836,-92.66350555419922,125,0,0,0,0.0,0.0,0.0,0,0
8167322,3,4.137890815734863,8166251,0.7420654296875,-0.17620849609375,-0.6253662109375,-0.16485595703125,0,6.046875,-1.2265625,-2.796875,0.93359375,-1.404296875,-0.779296875,249,8167316,1024.429931640625,24.510000228881836,-92.45740509033203,126,0,0,0,0.0,0.0,0.0,0,0
8173322,3,4.163671970367432,8172251,0.73565673828125,-0.16778564453125,-0.63531494140625,-0.16436767578125,0,6.046875,-1.2265625,-2.796875,0.685546875,-0.94140625,-0.587890625,251,8173316,1024.429931640625,24.510000228881836,-92.45740509033203,127,0,0,0,0.0,0.0,0.0,0,0
8181322,3,4.144335746765137,8180251,0.7344970703125,-0.1661376953125,-0.63714599609375,-0.164306640625,0,6.046875,-1.2265625,-2.796875,0.564453125,-0.712890625,-0.48046875,253,8181316,1024.429931640625,24.510000228881836,-92.45740509033203,128,0,0,0,0.0,0.0,0.0,0,0
8189322,3,4.150781154632568,8188251,0.73345947265625,-0.16485595703125,-0.638671875,-0.164306640625,0,6.046875,-1.2265625,-2.796875,0.34375,-0.24609375,-0.314453125,255,8189316,1024.453857421875,24.510000228881836,-92.65557861328125,129,0,0,0,0.0,0.0,0.0,0,0
8204322,3,4.131445407867432,8203251,0.73284912109375,-0.16326904296875,-0.63970947265625,-0.1644287109375,0,6.046875,-1.2265625,-2.796875,0.0859375,0.498046875,-0.09765625,257,8204316,1024.488525390625,24.510000228881836,-92.93830871582031,130,0,0,0,0.0,0.0,0.0,0,0
8210322,3,4.137890815734863,8209251,0.73468017578125,-0.16229248046875,-0.63763427734375,-0.16534423828125,0,6.046875,-1.2265625,-2.796875,-0.12890625,0.765625,-0.09375,259,8210316,1024.488525390625,24.510000228881836,-92.93830871582031,131,0,0,0,0.0,0.0,0.0,0,0
8217322,3,4.150781154632568,8216251,0.73590087890625,-0.16217041015625,-0.635986328125,-0.16632080078125,0,6.046875,-1.2265625,-2.796875,-0.3359375,1.08984375,-0.1171875,261,8217316,1024.488525390625,24.510000228881836,-92.93830871582031,132,0,0,0,0.0,0.0,0.0,0,0
8231322,3,4.144335746765137,8230251,0.7373046875,-0.162353515625,-0.63397216796875,-0.16778564453125,2,4.55859375,0.11328125,-2.26171875,-0.3359375,1.08984375,-0.1171875,263,8231316,1024.462646484375,24.5,-92.72692108154297,133,0,0,0,0.0,0.0,0.0,0,0
8236376,3,4.137890815734863,8235305,0.74432373046875,-0.16387939453125,-0.6236572265625,-0.173583984375,2,4.55859375,0.11328125,-2.26171875,-0.41015625,1.46484375,-0.0859375,265,8236370,1024.462646484375,24.5,-92.72692108154297,134,0,0,0,0.0,0.0,0.0,0,0
8246376,3,4.137890815734863,8245305,0.74786376953125,-0.16497802734375,-0.61846923828125,-0.1759033203125,2,4.55859375,0.11328125,-2.26171875,-0.482421875,1.78515625,0.138671875,267,8246370,1024.492919921875,24.510000228881836,-92.97529602050781,135,0,0,0,0.0,0.0,0.0,0,0
8254376,3,4.144335746765137,8253305,0.7537841796875,-0.1676025390625,-0.609619140625,-0.17919921875,2,4.55859375,0.11328125,-2.26171875,-0.578125,1.849609375,0.40234375,269,8254370,1024.492919921875,24.510000228881836,-92.97529602050781,136,0,0,0,0.0,0.0,0.0,0,0
8267376,3,4.144335746765137,8266305,0.7587890625,-0.17010498046875,-0.6021728515625,-0.18084716796875,2,4.55859375,0.11328125,-2.26171875,-0.5546875,1.7109375,0.6953125,271,8267370,1024.455322265625,24.5,-92.66614532470703,137,0,0,0,0.0,0.0,0.0,0,0
8275376,3,4.137890815734863,8274305,0.76373291015625,-0.17333984375,-0.59503173828125,-0.1805419921875,2,4.55859375,0.11328125,-2.26171875,-0.5078125,1.35546875,1.00390625,273,8275370,1024.455322265625,24.5,-92.66614532470703,138,0,0,0,0.0,0.0,0.0,0,0
8282376,3,4.131445407867432,8281305,0.7672119140625,-0.17645263671875,-0.58990478515625,-0.17950439453125,2,4.55859375,0.11328125,-2.26171875,-0.48046875,1.11328125,1.154296875,275,8282370,1024.4736328125,24.5,-92.81675720214844,139,0,0,0,0.0,0.0,0.0,0,0
8289376,3,4.144335746765137,8288305,0.768798828125,-0.17919921875,-0.5875244140625,-0.1778564453125,2,4.55859375,0.11328125,-2.26171875,-0.474609375,0.564453125,1.373046875,277,8289370,1024.4736328125,24.5,-92.81675720214844,140,0,0,0,0.0,0.0,0.0,0,0
8301376,3,4.150781154632568,8300305,0.77020263671875,-0.18682861328125,-0.5845947265625,-0.173583984375,2,4.55859375,0.11328125,-2.26171875,-0.5078125,0.009765625,1.48828125,279,8301370,1024.4736328125,24.5,-92.81675720214844,141,0,0,0,0.0,0.0,0.0,0,0
8311376,3,4.144335746765137,8310305,0.76995849609375,-0.1942138671875,-0.583740234375,-0.16949462890625,2,4.55859375,0.11328125,-2.26171875,-0.64453125,-0.5234375,1.517578125,281,8311370,1024.475341796875,24.489999771118164,-92.83261108398438,142,0,0,0,0.0,0.0,0.0,0,0
8318376,3,4.137890815734863,8317305,0.76904296875,-0.200927734375,-0.5836181640625,-0.166015625,2,4.55859375,0.11328125,-2.26171875,-0.740234375,-0.76953125,1.5078125,283,8318370,1024.475341796875,24.489999771118164,-92.83261108398438,143,0,0,0,0.0,0.0,0.0,0,0
8325376,3,4.137890815734863,8324305,0.76739501953125,-0.20684814453125,-0.58441162109375,-0.16357421875,2,4.55859375,0.11328125,-2.26171875,-0.994140625,-1.18359375,1.416015625,285,8325370,1024.4931640625,24.5,-92.97794342041016,144,0,0,0,0.0,0.0,0.0,0,0
8338376,3,4.1572265625,8337305,0.7635498046875,-0.21649169921875,-0.58685302734375,-0.16046142578125,2,4.55859375,0.11328125,-2.26171875,-1.23828125,-1.515625,1.2109375,287,8338370,1024.4931640625,24.5,-92.97794342041016,145,0,0,0,0.0,0.0,0.0,0,0
8346376,3,4.144335746765137,8345305,0.7587890625,-0.22552490234375,-0.59014892578125,-0.15838623046875,2,4.55859375,0.11328125,-2.26171875,-1.435546875,-1.728515625,0.927734375,289,8346370,1024.4970703125,24.5,-93.00965118408203,146,0,0,0,0.0,0.0,0.0,0,0
8354376,3,4.144335746765137,8353305,0.75238037109375,-0.23541259765625,-0.5947265625,-0.1575927734375,2,4.55859375,0.11328125,-2.26171875,-1.591796875,-1.810546875,0.666015625,291,8354370,1024.4970703125,24.5,-93.00965118408203,147,0,0,0,0.0,0.0,0.0,0,0
8366322,3,4.137890815734863,8365251,0.75238037109375,-0.23541259765625,-0.5947265625,-0.1575927734375,0,13.14453125,-5.9375,-2.56640625,-1.640625,-1.8125,0.552734375,293,8366316,1024.475830078125,24.5,-92.83525085449219,148,0,0,0,0.0,0.0,0.0,0,0
8375322,3,4.150781154632568,8374251,0.748291015625,-0.240966796875,-0.59771728515625,-0.15704345703125,0,13.14453125,-5.9375,-2.56640625,-1.705078125,-1.599609375,0.22265625,295,8375316,1024.475830078125,24.5,-92.83525085449219,149,0,0,0,0.0,0.0,0.0,0,0
8381322,3,4.144335746765137,8380251,0.734619140625,-0.25811767578125,-0.6068115234375,-0.1597900390625,0,13.14453125,-5.9375,-2.56640625,-1.640625,-1.482421875,0.171875,297,8381316,1024.494873046875,24.5,-92.99114990234375,150,0,0,0,0.0,0.0,0.0,0,0
8388322,3,4.150781154632568,8387251,0.73101806640625,-0.262451171875,-0.60894775390625,-0.16107177734375,0,13.14453125,-5.9375,-2.56640625,-1.55859375,-1.333984375,0.150390625,299,8388316,1024.494873046875,24.5,-92.99114990234375,151,0,0,0,0.0,0.0,0.0,0,0
8401321,3,4.131445407867432,8395306,0.72650146484375,-0.267822265625,-0.611572265625,-0.16278076171875,2,13.14453125,-5.9375,-2.56640625,-1.55859375,-1.333984375,0.150390625,300,8401316,1024.480224609375,24.5,-92.87224578857422,152,0,0,0,0.0,0.0,0.0,0,0
8406322,3,4.1572265625,8405251,0.7198486328125,-0.2764892578125,-0.61468505859375,-0.166015625,0,13.14453125,-5.9375,-2.56640625,-1.255859375,-0.693359375,0.19921875,302,8406316,1024.480224609375,24.5,-92.87224578857422,153,0,0,0,0.0,0.0,0.0,0,0
8414322,3,4.163671970367432,8413251,0.7193603515625,-0.27716064453125,-0.6148681640625,-0.166259765625,0,13.14453125,-5.9375,-2.56640625,-0.59765625,-0.130859375,0.408203125,304,8414316,1024.480224609375,24.5,-92.87224578857422,154,0,0,0,0.0,0.0,0.0,0,0
8421322,3,4.144335746765137,8420251,0.71807861328125,-0.28094482421875,-0.614501953125,-0.166748046875,0,13.14453125,-5.9375,-2.56640625,-0.455078125,0.0703125,0.498046875,306,8421316,1024.463134765625,24.489999771118164,-92.7322006225586,155,0,0,0,0.0,0.0,0.0,0,0
8434322,3,4.1572265625,8433251,0.7178955078125,-0.28289794921875,-0.6138916015625,-0.16650390625,0,13.14453125,-5.9375,-2.56640625,-0.021484375,0.583984375,0.763671875,308,8434316,1024.463134765625,24.489999771118164,-92.7322006225586,156,0,0,0,0.0,0.0,0.0,0,0
8441322,3,4.150781154632568,8440251,0.720458984375,-0.28582763671875,-0.61016845703125,-0.16400146484375,2,19.38671875,-7.9296875,0.11328125,-0.021484375,0.583984375,0.763671875,310,8441316,1024.49169921875,24.5,-92.96472930908203,157,0,0,0,0.0,0.0,0.0,0,0
8447376,3,4.144335746765137,8446305,0.721435546875,-0.28662109375,-0.60888671875,-0.1630859375,2,19.38671875,-7.9296875,0.11328125,0.099609375,0.728515625,0.828125,312,8447370,1024.49169921875,24.5,-92.96472930908203,158,0,0,0,0.0,0.0,0.0,0,0
8454376,3,4.144335746765137,8453305,0.7244873046875,-0.28765869140625,-0.60540771484375,-0.16070556640625,2,19.38671875,-7.9296875,0.11328125,0.3046875,0.970703125,0.84375,314,8454370,1024.49169921875,24.5,-92.96472930908203,159,0,0,0,0.0,0.0,0.0,0,0
8466376,3,4.144335746765137,8465305,0.72760009765625,-0.288330078125,-0.6019287109375,-0.15863037109375,2,19.38671875,-7.9296875,0.11328125,0.357421875,1.0859375,0.767578125,316,8466370,1024.493896484375,24.5,-92.98322296142578,160,0,0,0,0.0,0.0,0.0,0,0
8473376,3,4.1572265625,8472305,0.73162841796875,-0.28839111328125,-0.59747314453125,-0.15673828125,2,19.38671875,-7.9296875,0.11328125,0.384765625,1.142578125,0.56640625,318,8473370,1024.493896484375,24.5,-92.98322296142578,161,0,0,0,0.0,0.0,0.0,0,0
8481376,3,4.137890815734863,8480305,0.73388671875,-0.2879638671875,-0.594970703125,-0.1563720703125,2,19.38671875,-7.9296875,0.11328125,0.333984375,1.109375,0.22265625,320,8481370,1024.49462890625,24.5,-92.98851013183594,162,0,0,0,0.0,0.0,0.0,0,0
8494376,3,4.1572265625,8493305,0.7354736328125,-0.28692626953125,-0.593505859375,-0.156494140625,2,19.38671875,-7.9296875,0.11328125,0.341796875,0.798828125,-0.111328125,322,8494370,1024.49462890625,24.5,-92.98851013183594,163,0,0,0,0.0,0.0,0.0,0,0
8503376,3,4.144335746765137,8502305,0.73663330078125,-0.2833251953125,-0.59320068359375,-0.15899658203125,2,19.38671875,-7.9296875,0.11328125,0.30078125,0.4296875,-0.5625,324,8503370,1024.487060546875,24.5,-92.927734375,164,0,0,0,0.0,0.0,0.0,0,0
8510376,3,4.1572265625,8509305,0.73687744140625,-0.2818603515625,-0.59326171875,-0.1600341796875,2,19.38671875,-7.9296875,0.11328125,0.265625,0.390625,-0.69921875,326,8510370,1024.487060546875,24.5,-92.927734375,165,0,0,0,0.0,0.0,0.0,0,0
8518376,3,4.137890815734863,8517305,0.7369384765625,-0.2789306640625,-0.5938720703125,-0.16253662109375,2,19.38671875,-7.9296875,0.11328125,0.236328125,0.30078125,-0.90625,328,8518370,1024.487060546875,24.5,-92.927734375,166,0,0,0,0.0,0.0,0.0,0,0
8531376,3,4.144335746765137,8530305,0.73687744140625,-0.27740478515625,-0.59429931640625,-0.16387939453125,2,19.38671875,-7.9296875,0.11328125,0.21484375,0.244140625,-0.978515625,330,8531370,1024.471923828125,24.5,-92.80354309082031,167,0,0,0,0.0,0.0,0.0,0,0
8538376,3,4.144335746765137,8537305,0.736083984375,-0.27227783203125,-0.596435546875,-0.16839599609375,2,19.38671875,-7.9296875,0.11328125,0.240234375,0.146484375,-1.103515625,332,8538370,1024.471923828125,24.5,-92.80354309082031,168,0,0,0,0.0,0.0,0.0,0,0
8546376,3,4.144335746765137,8545305,0.73577880859375,-0.270263671875,-0.5972900390625,-0.16986083984375,2,19.38671875,-7.9296875,0.11328125,0.359375,0.111328125,-1.16796875,334,8546370,1024.461669921875,24.489999771118164,-92.718994140625,169,0,0,0,0.0,0.0,0.0,0,0
8553322,3,4.137890815734863,8552251,0.73577880859375,-0.270263671875,-0.5972900390625,-0.16986083984375,0,15.70703125,-7.046875,2.87109375,0.513671875,0.162109375,-1.224609375,336,8553316,1024.461669921875,24.489999771118164,-92.718994140625,170,0,0,0,0.0,0.0,0.0,0,0
8568322,3,4.150781154632568,8567251,0.7354736328125,-0.26641845703125,-0.5987548828125,-0.171875,0,15.70703125,-7.046875,2.87109375,0.720703125,0.345703125,-1.296875,338,8568316,1024.508056640625,24.5,-93.0994873046875,171,0,0,0,0.0,0.0,0.0,0,0
8575322,3,4.144335746765137,8574251,0.73602294921875,-0.2548828125,-0.601806640625,-0.176513671875,0,15.70703125,-7.046875,2.87109375,0.853515625,0.4453125,-1.32421875,340,8575316,1024.508056640625,24.5,-93.0994873046875,172,0,0,0,0.0,0.0,0.0,0,0
8581322,3,4.163671970367432,8580251,0.736328125,-0.25225830078125,-0.60235595703125,-0.17730712890625,0,15.70703125,-7.046875,2.87109375,0.955078125,0.501953125,-1.32421875,342,8581316,1024.47021484375,24.5,-92.78768920898438,173,0,0,0,0.0,0.0,0.0,0,0
8589322,3,4.144335746765137,8588251,0.73675537109375,-0.2490234375,-0.6029052734375,-0.1781005859375,0,15.70703125,-7.046875,2.87109375,1.13671875,0.60546875,-1.32421875,344,8589316,1024.47021484375,24.5,-92.78768920898438,174,0,0,0,0.0,0.0,0.0,0,0
8604322,3,4.137890815734863,8603251,0.738037109375,-0.24212646484375,-0.603759765625,-0.17913818359375,0,15.70703125,-7.046875,2.87109375,1.341796875,0.736328125,-1.314453125,346,8604316,1024.481689453125,24.510000228881836,-92.88282012939453,175,0,0,0,0.0,0.0,0.0,0,0
8611322,3,4.137890815734863,8610251,0.7410888671875,-0.22955322265625,-0.604736328125,-0.17999267578125,0,15.70703125,-7.046875,2.87109375,1.51953125,0.87109375,-1.2734375,348,8611316,1024.481689453125,24.510000228881836,-92.88282012939453,176,0,0,0,0.0,0.0,0.0,0,0
8618322,3,4.150781154632568,8617251,0.7420654296875,-0.22637939453125,-0.60479736328125,-0.179931640625,2,9.265625,-3.984375,1.87890625,1.51953125,0.87109375,-1.2734375,350,8618316,1024.50830078125,24.510000228881836,-93.10212707519531,177,0,0,0,0.0,0.0,0.0,0,0
8631376,3,4.144335746765137,8630305,0.74432373046875,-0.21954345703125,-0.6046142578125,-0.17962646484375,2,9.265625,-3.984375,1.87890625,1.591796875,0.94140625,-1.2421875,352,8631370,1024.50830078125,24.510000228881836,-93.10212707519531,178,0,0,0,0.0,0.0,0.0,0,0
8639376,3,4.137890815734863,8638305,0.7501220703125,-0.20428466796875,-0.603271484375,-0.1778564453125,2,9.265625,-3.984375,1.87890625,1.732421875,1.072265625,-1.146484375,354,8639370,1024.458251953125,24.510000228881836,-92.68992614746094,179,0,0,0,0.0,0.0,0.0,0,0
8646376,3,4.150781154632568,8645305,0.75311279296875,-0.196533203125,-0.6024169921875,-0.17681884765625,2,9.265625,-3.984375,1.87890625,1.7109375,1.08203125,-1.091796875,356,8646370,1024.458251953125,24.510000228881836,-92.68992614746094,180,0,0,0,0.0,0.0,0.0,0,0
8653376,3,4.150781154632568,8652305,0.75506591796875,-0.19122314453125,-0.60186767578125,-0.1761474609375,2,9.265625,-3.984375,1.87890625,1.626953125,1.0078125,-1.041015625,358,8653370,1024.458251953125,24.510000228881836,-92.68992614746094,181,0,0,0,0.0,0.0,0.0,0,0
8665376,3,4.150781154632568,8664305,0.75616455078125,-0.188232421875,-0.6015625,-0.17578125,2,9.265625,-3.984375,1.87890625,1.5703125,0.943359375,-1.048828125,360,8665370,1024.4912109375,24.510000228881836,-92.96208953857422,182,0,0,0,0.0,0.0,0.0,0,0
8672376,3,4.137890815734863,8671305,0.75982666015625,-0.17706298828125,-0.60064697265625,-0.17462158203125,2,9.265625,-3.984375,1.87890625,1.4921875,0.869140625,-1.052734375,362,8672370,1024.4912109375,24.510000228881836,-92.96208953857422,183,0,0,0,0.0,0.0,0.0,0,0
8679376,3,4.131445407867432,8678305,0.76092529296875,-0.17266845703125,-0.6005859375,-0.174560546875,2,9.265625,-3.984375,1.87890625,1.24609375,0.619140625,-1.109375,364,8679370,1024.450439453125,24.510000228881836,-92.62651062011719,184,0,0,0,0.0,0.0,0.0,0,0
8686376,3,4.137890815734863,8685305,0.76220703125,-0.16729736328125,-0.600341796875,-0.1749267578125,2,9.265625,-3.984375,1.87890625,1.1171875,0.501953125,-1.14453125,366,8686370,1024.450439453125,24.510000228881836,-92.62651062011719,185,0,0,0,0.0,0.0,0.0,0,0
8697376,3,4.1572265625,8696305,0.7626953125,-0.16265869140625,-0.60064697265625,-0.1761474609375,2,9.265625,-3.984375,1.87890625,0.890625,0.3203125,-1.1796875,368,8697370,1024.449462890625,24.510000228881836,-92.61858367919922,186,0,0,0,0.0,0.0,0.0,0,0
8705376,3,4.1572265625,8704305,0.76300048828125,-0.1558837890625,-0.60137939453125,-0.1785888671875,2,9.265625,-3.984375,1.87890625,0.65625,0.1640625,-1.2109375,370,8705370,1024.449462890625,24.510000228881836,-92.61858367919922,187,0,0,0,0.0,0.0,0.0,0,0
8711376,3,4.1572265625,8710305,0.76263427734375,-0.1497802734375,-0.6024169921875,-0.18170166015625,2,9.265625,-3.984375,1.87890625,0.47265625,0.033203125,-1.2265625,372,8711370,1024.449462890625,24.510000228881836,-92.61858367919922,188,0,0,0,0.0,0.0,0.0,0,0
8718376,3,4.144335746765137,8717305,0.76226806640625,-0.147216796875,-0.60308837890625,-0.18328857421875,2,9.265625,-3.984375,1.87890625,0.41796875,-0.03125,-1.22265625,374,8718370,1024.449462890625,24.520000457763672,-92.61858367919922,189,0,0,0,0.0,0.0,0.0,0,0
8731376,3,4.137890815734863,8730305,0.76171875,-0.14459228515625,-0.60382080078125,-0.18499755859375,2,9.265625,-3.984375,1.87890625,0.37890625,-0.09765625,-1.1953125,376,8731370,1024.449462890625,24.520000457763672,-92.61858367919922,190,0,0,0,0.0,0.0,0.0,0,0
8738376,3,4.1572265625,8737305,0.76025390625,-0.13885498046875,-0.60577392578125,-0.18890380859375,2,9.265625,-3.984375,1.87890625,0.345703125,-0.158203125,-1.166015625,378,8738370,1024.440185546875,24.510000228881836,-92.54195404052734,191,0,0,0,0.0,0.0,0.0,0,0
8745322,3,4.137890815734863,8744251,0.76025390625,-0.13885498046875,-0.60577392578125,-0.18890380859375,0,3.52734375,1.4921875,0.8828125,0.330078125,-0.30859375,-0.982421875,380,8745316,1024.440185546875,24.510000228881836,-92.54195404052734,192,0,0,0,0.0,0.0,0.0,0,0
8755322,3,4.1572265625,8754251,0.75921630859375,-0.13677978515625,-0.6070556640625,-0.19073486328125,0,3.52734375,1.4921875,0.8828125,0.322265625,-0.376953125,-0.7890625,382,8755316,1024.440185546875,24.510000228881836,-92.54195404052734,193,0,0,0,0.0,0.0,0.0,0,0
8771322,3,4.144335746765137,8770251,0.75750732421875,-0.13348388671875,-0.60919189453125,-0.193115234375,0,3.52734375,1.4921875,0.8828125,0.314453125,-0.404296875,-0.369140625,384,8771316,1024.453369140625,24.510000228881836,-92.6502914428711,194,0,0,0,0.0,0.0,0.0,0,0
8779322,3,4.163671970367432,8778251,0.7542724609375,-0.1285400390625,-0.61383056640625,-0.1943359375,0,3.52734375,1.4921875,0.8828125,0.328125,-0.3671875,-0.125,386,8779316,1024.47802734375,24.520000457763672,-92.85375213623047,195,0,0,0,0.0,0.0,0.0,0,0
8786322,3,4.1572265625,8785251,0.75311279296875,-0.1270751953125,-0.61566162109375,-0.19384765625,0,3.52734375,1.4921875,0.8828125,0.32421875,-0.330078125,-0.00390625,388,8786316,1024.47802734375,24.520000457763672,-92.85375213623047,196,0,0,0,0.0,0.0,0.0,0,0
8800322,3,4.131445407867432,8799251,0.752685546875,-0.12677001953125,-0.61639404296875,-0.19342041015625,0,3.52734375,1.4921875,0.8828125,0.337890625,-0.236328125,0.30859375,390,8800316,1024.4677734375,24.510000228881836,-92.76919555664062,197,0,0,0,0.0,0.0,0.0,0,0
8807322,3,4.144335746765137,8806251,0.752197265625,-0.12664794921875,-0.617919921875,-0.190673828125,0,3.52734375,1.4921875,0.8828125,0.322265625,-0.205078125,0.37890625,392,8807316,1024.4677734375,24.510000228881836,-92.76919555664062,198,0,0,0,0.0,0.0,0.0,0,0
8814322,3,4.131445407867432,8813251,0.7520751953125,-0.126708984375,-0.6182861328125,-0.18975830078125,0,3.52734375,1.4921875,0.8828125,0.271484375,-0.16015625,0.48046875,394,8814316,1024.4677734375,24.510000228881836,-92.76919555664062,199,0,0,0,0.0,0.0,0.0,0,0
8820322,3,4.1572265625,8819251,0.75201416015625,-0.127197265625,-0.61895751953125,-0.1876220703125,0,3.52734375,1.4921875,0.8828125,0.232421875,-0.154296875,0.5078125,396,8820316,1024.46630859375,24.510000228881836,-92.7559814453125,200,0,0,0,0.0,0.0,0.0,0,0
8834322,3,4.144335746765137,8833251,0.751953125,-0.12750244140625,-0.6192626953125,-0.18646240234375,2,3.484375,1.83984375,-0.078125,0.232421875,-0.154296875,0.5078125,398,8834316,1024.46630859375,24.510000228881836,-92.7559814453125,201,0,0,0,0.0,0.0,0.0,0,0
8839376,3,4.144335746765137,8838305,0.7518310546875,-0.130126953125,-0.6201171875,-0.182373046875,2,3.484375,1.83984375,-0.078125,0.15234375,-0.17578125,0.55859375,400,8839370,1024.478271484375,24.510000228881836,-92.85639190673828,202,0,0,0,0.0,0.0,0.0,0,0
8845376,3,4.150781154632568,8844305,0.75177001953125,-0.130859375,-0.620361328125,-0.18133544921875,2,3.484375,1.83984375,-0.078125,0.044921875,-0.234375,0.599609375,402,8845370,1024.478271484375,24.510000228881836,-92.85639190673828,203,0,0,0,0.0,0.0,0.0,0,0
8851376,3,4.144335746765137,8850305,0.7515869140625,-0.13250732421875,-0.62078857421875,-0.179443359375,2,3.484375,1.83984375,-0.078125,-0.06640625,-0.30859375,0.658203125,404,8851370,1024.478271484375,24.510000228881836,-92.85639190673828,204,0,0,0,0.0,0.0,0.0,0,0
8864376,3,4.150781154632568,8863305,0.7513427734375,-0.13470458984375,-0.62115478515625,-0.1776123046875,2,3.484375,1.83984375,-0.078125,-0.126953125,-0.3671875,0.69140625,406,8864370,1024.455322265625,24.510000228881836,-92.66614532470703,205,0,0,0,0.0,0.0,0.0,0,0
8872376,3,4.1572265625,8871305,0.750244140625,-0.1396484375,-0.6224365234375,-0.17388916015625,2,3.484375,1.83984375,-0.078125,-0.263671875,-0.48046875,0.78125,408,8872370,1024.455322265625,24.510000228881836,-92.66614532470703,206,0,0,0,0.0,0.0,0.0,0,0
8879376,3,4.137890815734863,8878305,0.7493896484375,-0.14276123046875,-0.62322998046875,-0.172119140625,2,3.484375,1.83984375,-0.078125,-0.369140625,-0.5859375,0.892578125,410,8879370,1024.484619140625,24.520000457763672,-92.90660095214844,207,0,0,0,0.0,0.0,0.0,0,0
8885376,3,4.137890815734863,8884305,0.7486572265625,-0.145263671875,-0.6239013671875,-0.17071533203125,2,3.484375,1.83984375,-0.078125,-0.41015625,-0.634765625,0.962890625,412,8885370,1024.484619140625,24.520000457763672,-92.90660095214844,208,0,0,0,0.0,0.0,0.0,0,0
8896376,3,4.150781154632568,8895305,0.74749755859375,-0.149169921875,-0.62493896484375,-0.16851806640625,2,3.484375,1.83984375,-0.078125,-0.4296875,-0.6875,1.025390625,414,8896370,1024.4677734375,24.510000228881836,-92.76919555664062,209,0,0,0,0.0,0.0,0.0,0,0
8903376,3,4.144335746765137,8902305,0.745849609375,-0.15460205078125,-0.62640380859375,-0.16546630859375,2,3.484375,1.83984375,-0.078125,-0.466796875,-0.78515625,1.15625,416,8903370,1024.4677734375,24.510000228881836,-92.76919555664062,210,0,0,0,0.0,0.0,0.0,0,0
8910376,3,4.144335746765137,8909305,0.7445068359375,-0.15899658203125,-0.62762451171875,-0.162841796875,2,3.484375,1.83984375,-0.078125,-0.478515625,-0.81640625,1.28125,418,8910370,1024.4677734375,24.510000228881836,-92.76919555664062,211,0,0,0,0.0,0.0,0.0,0,0
8922322,3,4.131445407867432,8921251,0.7445068359375,-0.15899658203125,-0.62762451171875,-0.162841796875,0,5.09375,-0.65234375,-0.11328125,-0.427734375,-0.783203125,1.4453125,420,8922316,1024.458251953125,24.510000228881836,-92.68992614746094,212,0,0,0,0.0,0.0,0.0,0,0
8930322,3,4.163671970367432,8929251,0.74261474609375,-0.16546630859375,-0.62945556640625,-0.157958984375,0,5.09375,-0.65234375,-0.11328125,-0.3515625,-0.615234375,1.751953125,422,8930316,1024.458251953125,24.510000228881836,-92.68992614746094,213,0,0,0,0.0,0.0,0.0,0,0
8936322,3,4.137890815734863,8935251,0.74053955078125,-0.1759033203125,-0.6309814453125,-0.150146484375,0,5.09375,-0.65234375,-0.11328125,-0.36328125,-0.541015625,1.87890625,424,8936316,1024.450927734375,24.510000228881836,-92.629150390625,214,0,0,0,0.0,0.0,0.0,0,0
8943322,3,4.137890815734863,8942251,0.7401123046875,-0.17974853515625,-0.631103515625,-0.14697265625,0,5.09375,-0.65234375,-0.11328125,-0.37890625,-0.45703125,1.994140625,426,8943316,1024.450927734375,24.510000228881836,-92.629150390625,215,0,0,0,0.0,0.0,0.0,0,0
8956322,3,4.137890815734863,8955251,0.73974609375,-0.18548583984375,-0.6309814453125,-0.14227294921875,0,5.09375,-0.65234375,-0.11328125,-0.458984375,-0.31640625,2.234375,428,8956316,1024.48779296875,24.510000228881836,-92.93302154541016,216,0,0,0,0.0,0.0,0.0,0,0
8964322,3,4.144335746765137,8963251,0.73974609375,-0.1966552734375,-0.62957763671875,-0.13323974609375,0,5.09375,-0.65234375,-0.11328125,-0.625,-0.171875,2.490234375,430,8964316,1024.48779296875,24.510000228881836,-92.93302154541016,217,0,0,0,0.0,0.0,0.0,0,0
8970322,3,4.1572265625,8969251,0.73992919921875,-0.20379638671875,-0.62823486328125,-0.1278076171875,0,5.09375,-0.65234375,-0.11328125,-0.7109375,-0.130859375,2.5234375,432,8970316,1024.48779296875,24.510000228881836,-92.93302154541016,218,0,0,0,0.0,0.0,0.0,0,0
8976322,3,4.150781154632568,8975251,0.7401123046875,-0.210205078125,-0.62677001953125,-0.12310791015625,0,5.09375,-0.65234375,-0.11328125,-0.794921875,-0.109375,2.52734375,434,8976316,1024.50048828125,24.520000457763672,-93.03871154785156,219,0,0,0,0.0,0.0,0.0,0,0
8991322,3,4.144335746765137,8990251,0.74017333984375,-0.2158203125,-0.625732421875,-0.11859130859375,0,5.09375,-0.65234375,-0.11328125,-1.005859375,-0.208984375,2.322265625,436,8991316,1024.50048828125,24.520000457763672,-93.03871154785156,220,0,0,0,0.0,0.0,0.0,0,0
8999322,3,4.137890815734863,8998251,0.73992919921875,-0.236328125,-0.62078857421875,-0.106201171875,0,5.09375,-0.65234375,-0.11328125,-1.03125,-0.28125,2.21875,438,8999316,1024.488037109375,24.510000228881836,-92.93566131591797,221,0,0,0,0.0,0.0,0.0,0,0
9005322,3,4.131445407867432,9004251,0.73956298828125,-0.24163818359375,-0.61962890625,-0.103515625,0,5.09375,-0.65234375,-0.11328125,-1.05859375,-0.373046875,2.037109375,440,9005316,1024.488037109375,24.510000228881836,-92.93566131591797,222,0,0,0,0.0,0.0,0.0,0,0
9011322,3,4.137890815734863,9010251,0.7386474609375,-0.24822998046875,-0.61859130859375,-0.1004638671875,0,5.09375,-0.65234375,-0.11328125,-1.056640625,-0.39453125,1.966796875,442,9011316,1024.488037109375,24.510000228881836,-92.93566131591797,223,0,0,0,0.0,0.0,0.0,0,0
9026321,3,4.144335746765137,9019306,0.73785400390625,-0.25372314453125,-0.61773681640625,-0.0980224609375,2,5.09375,-0.65234375,-0.11328125,-1.056640625,-0.39453125,1.966796875,443,9026316,1024.427978515625,24.510000228881836,-92.4415512084961,224,0,0,0,0.0,0.0,0.0,0,0
9033322,3,4.150781154632568,9032251,0.73480224609375,-0.2716064453125,-0.614990234375,-0.0899658203125,0,5.09375,-0.65234375,-0.11328125,-0.80078125,-0.392578125,1.654296875,445,9033316,1024.463623046875,24.510000228881836,-92.73484802246094,225,0,0,0,0.0,0.0,0.0,0,0
9039322,3,4.137890815734863,9038251,0.73443603515625,-0.2734375,-0.61474609375,-0.089111328125,2,13.48828125,-8.3515625,1.72265625,-0.80078125,-0.392578125,1.654296875,447,9039316,1024.463623046875,24.510000228881836,-92.73484802246094,226,0,0,0,0.0,0.0,0.0,0,0
9052376,3,4.137890815734863,9051305,0.73284912109375,-0.28033447265625,-0.6141357421875,-0.084716796875,2,13.48828125,-8.3515625,1.72265625,-0.673828125,-0.369140625,1.53515625,449,9052370,1024.4853515625,24.510000228881836,-92.91188049316406,227,0,0,0,0.0,0.0,0.0,0,0
9059376,3,4.144335746765137,9058305,0.73052978515625,-0.29217529296875,-0.61224365234375,-0.0780029296875,2,13.48828125,-8.3515625,1.72265625,-0.599609375,-0.326171875,1.42578125,451,9059370,1024.4853515625,24.510000228881836,-92.91188049316406,228,0,0,0,0.0,0.0,0.0,0,0
9066376,3,4.144335746765137,9065305,0.7298583984375,-0.29583740234375,-0.611572265625,-0.07586669921875,2,13.48828125,-8.3515625,1.72265625,-0.544921875,-0.259765625,1.408203125,453,9066370,1024.4853515625,24.510000228881836,-92.91188049316406,229,0,0,0,0.0,0.0,0.0,0,0
9073376,3,4.150781154632568,9072305,0.72930908203125,-0.30059814453125,-0.61029052734375,-0.072509765625,2,13.48828125,-8.3515625,1.72265625,-0.318359375,-0.19921875,1.384765625,455,9073370,1024.49267578125,24.520000457763672,-92.97265625,230,0,0,0,0.0,0.0,0.0,0,0
9086376,3,4.137890815734863,9085305,0.72906494140625,-0.302978515625,-0.609619140625,-0.0704345703125,2,13.48828125,-8.3515625,1.72265625,-0.212890625,-0.18359375,1.373046875,457,9086370,1024.49267578125,24.520000457763672,-92.97265625,231,0,0,0,0.0,0.0,0.0,0,0
9094376,3,4.144335746765137,9093305,0.72869873046875,-0.31072998046875,-0.60699462890625,-0.0631103515625,2,13.48828125,-8.3515625,1.72265625,-0.15234375,-0.0546875,1.373046875,459,9094370,1024.4921875,24.510000228881836,-92.97001647949219,232,0,0,0,0.0,0.0,0.0,0,0
9102376,3,4.150781154632568,9101305,0.72894287109375,-0.3128662109375,-0.6058349609375,-0.060791015625,2,13.48828125,-8.3515625,1.72265625,-0.01953125,0.0703125,1.294921875,461,9102370,1024.4921875,24.510000228881836,-92.97001647949219,233,0,0,0,0.0,0.0,0.0,0,0
9109376,3,4.137890815734863,9108305,0.72955322265625,-0.3155517578125,-0.60406494140625,-0.05767822265625,2,13.48828125,-8.3515625,1.72265625,0.095703125,0.240234375,1.076171875,463,9109370,1024.4921875,24.510000228881836,-92.97001647949219,234,0,0,0,0.0,0.0,0.0,0,0
9121376,3,4.137890815734863,9120305,0.73016357421875,-0.3172607421875,-0.60260009765625,-0.05548095703125,2,13.48828125,-8.3515625,1.72265625,0.134765625,0.28515625,0.955078125,465,9121370,1024.46923828125,24.510000228881836,-92.7797622680664,235,0,0,0,0.0,0.0,0.0,0,0
9129376,3,4.137890815734863,9128305,0.73260498046875,-0.31927490234375,-0.598876953125,-0.0518798828125,2,13.48828125,-8.3515625,1.72265625,0.21484375,0.51171875,0.6796875,467,9129370,1024.46923828125,24.510000228881836,-92.7797622680664,236,0,0,0,0.0,0.0,0.0,0,0
9136376,3,4.150781154632568,9135305,0.73455810546875,-0.319580078125,-0.596435546875,-0.0504150390625,2,13.48828125,-8.3515625,1.72265625,0.2890625,0.59765625,0.396484375,469,9136370,1024.483642578125,24.510000228881836,-92.89867401123047,237,0,0,0,0.0,0.0,0.0,0,0
9143376,3,4.144335746765137,9142305,0.73651123046875,-0.31878662109375,-0.594482421875,-0.04949951171875,2,13.48828125,-8.3515625,1.72265625,0.40234375,0.5625,0.123046875,471,9143370,1024.483642578125,24.510000228881836,-92.89867401123047,238,0,0,0,0.0,0.0,0.0,0,0
9156376,3,4.144335746765137,9155305,0.73748779296875,-0.31817626953125,-0.59368896484375,-0.04925537109375,2,13.48828125,-8.3515625,1.72265625,0.44140625,0.5390625,-0.005859375,473,9156370,1024.466552734375,24.510000228881836,-92.75862884521484,239,0,0,0,0.0,0.0,0.0,0,0
9164376,3,4.131445407867432,9163305,0.7406005859375,-0.3150634765625,-0.5914306640625,-0.04931640625,2,13.48828125,-8.3515625,1.72265625,0.4609375,0.521484375,-0.251953125,475,9164370,1024.466552734375,24.510000228881836,-92.75862884521484,240,0,0,0,0.0,0.0,0.0,0,0
9170322,3,4.1572265625,9169251,0.7406005859375,-0.3150634765625,-0.5914306640625,-0.04931640625,0,16.08984375,-7.66015625,0.84375,0.427734375,0.490234375,-0.4375,477,9170316,1024.44482421875,24.510000228881836,-92.58158874511719,241,0,0,0,0.0,0.0,0.0,0,0
9187322,3,4.1572265625,9186251,0.7420654296875,-0.313232421875,-0.590576171875,-0.0499267578125,0,16.08984375,-7.66015625,0.84375,0.337890625,0.490234375,-0.724609375,479,9187316,1024.44482421875,24.520000457763672,-92.58158874511719,242,0,0,0,0.0,0.0,0.0,0,0
9195322,3,4.137890815734863,9194251,0.7457275390625,-0.30718994140625,-0.58880615234375,-0.05364990234375,0,16.08984375,-7.66015625,0.84375,0.173828125,0.50390625,-1.001953125,481,9195316,1024.474365234375,24.510000228881836,-92.8246841430664,243,0,0,0,0.0,0.0,0.0,0,0
9202322,3,4.144335746765137,9201251,0.7467041015625,-0.30523681640625,-0.58837890625,-0.05560302734375,0,16.08984375,-7.66015625,0.84375,0.099609375,0.5078125,-1.095703125,483,9202316,1024.474365234375,24.510000228881836,-92.8246841430664,244,0,0,0,0.0,0.0,0.0,0,0
9208322,3,4.137890815734863,9207251,0.7479248046875,-0.3026123046875,-0.587890625,-0.05841064453125,0,16.08984375,-7.66015625,0.84375,0.04296875,0.509765625,-1.193359375,485,9208316,1024.474365234375,24.510000228881836,-92.8246841430664,245,0,0,0,0.0,0.0,0.0,0,0
9221321,3,4.144335746765137,9215306,0.7481689453125,-0.30194091796875,-0.58782958984375,-0.05926513671875,2,16.08984375,-7.66015625,0.84375,0.04296875,0.509765625,-1.193359375,486,9221316,1024.450927734375,24.510000228881836,-92.629150390625,246,0,0,0,0.0,0.0,0.0,0,0
9228322,3,4.163671970367432,9227251,0.75,-0.29608154296875,-0.58740234375,-0.0689697265625,0,16.08984375,-7.66015625,0.84375,0.080078125,0.537109375,-1.544921875,488,9228316,1024.450927734375,24.510000228881836,-92.629150390625,247,0,0,0,0.0,0.0,0.0,0,0
9234322,3,4.137890815734863,9233251,0.75018310546875,-0.29510498046875,-0.5875244140625,-0.070068359375,0,16.08984375,-7.66015625,0.84375,0.1875,0.544921875,-1.599609375,490,9234316,1024.498291015625,24.520000457763672,-93.02021789550781,248,0,0,0,0.0,0.0,0.0,0,0
9240322,3,4.137890815734863,9239251,0.75103759765625,-0.29119873046875,-0.58782958984375,-0.07464599609375,0,16.08984375,-7.66015625,0.84375,0.318359375,0.5703125,-1.630859375,492,9240316,1024.498291015625,24.520000457763672,-93.02021789550781,249,0,0,0,0.0,0.0,0.0,0,0
9255322,3,4.144335746765137,9254251,0.7515869140625,-0.2891845703125,-0.58795166015625,-0.0765380859375,0,16.08984375,-7.66015625,0.84375,0.712890625,0.736328125,-1.5078125,494,9255316,1024.489501953125,24.520000457763672,-92.94623565673828,250,0,0,0,0.0,0.0,0.0,0,0
9261322,3,4.144335746765137,9260251,0.7550048828125,-0.2774658203125,-0.587890625,-0.08538818359375,0,16.08984375,-7.66015625,0.84375,0.94140625,0.86328125,-1.4453125,496,9261316,1024.489501953125,24.520000457763672,-92.94623565673828,251,0,0,0,0.0,0.0,0.0,0,0
9268322,3,4.137890815734863,9267251,0.75714111328125,-0.271728515625,-0.58740234375,-0.08843994140625,0,16.08984375,-7.66015625,0.84375,1.037109375,0.9140625,-1.427734375,498,9268316,1024.489501953125,24.520000457763672,-92.94623565673828,252,0,0,0,0.0,0.0,0.0,0,0
9274322,3,4.137890815734863,9273251,0.75909423828125,-0.2667236328125,-0.58685302734375,-0.0906982421875,2,10.23046875,-6.12890625,2.26171875,1.037109375,0.9140625,-1.427734375,500,9274316,1024.48583984375,24.520000457763672,-92.91716766357422,253,0,0,0,0.0,0.0,0.0,0,0
9287376,3,4.150781154632568,9286305,0.7613525390625,-0.2615966796875,-0.58587646484375,-0.09283447265625,2,10.23046875,-6.12890625,2.26171875,1.103515625,0.935546875,-1.42578125,502,9287370,1024.48583984375,24.520000457763672,-92.91716766357422,254,0,0,0,0.0,0.0,0.0,0,0
9295376,3,4.163671970367432,9294305,0.7681884765625,-0.244384765625,-0.58343505859375,-0.09893798828125,2,10.23046875,-6.12890625,2.26171875,1.181640625,0.984375,-1.388671875,504,9295370,1024.47607421875,24.520000457763672,-92.83789825439453,255,0,0,0,0.0,0.0,0.0,0,0
9301376,3,4.1572265625,9300305,0.7713623046875,-0.23651123046875,-0.58203125,-0.1015625,2,10.23046875,-6.12890625,2.26171875,1.1328125,0.953125,-1.279296875,506,9301370,1024.47607421875,24.520000457763672,-92.83789825439453,256,0,0,0,0.0,0.0,0.0,0,0
9310376,3,4.144335746765137,9309305,0.77325439453125,-0.2322998046875,-0.58099365234375,-0.10296630859375,2,10.23046875,-6.12890625,2.26171875,1.1015625,0.919921875,-1.263671875,508,9310370,1024.472900390625,24.520000457763672,-92.81147003173828,257,0,0,0,0.0,0.0,0.0,0,0
9322376,3,4.137890815734863,9321305,0.776123046875,-0.22467041015625,-0.57965087890625,-0.10552978515625,2,10.23046875,-6.12890625,2.26171875,1.009765625,0.841796875,-1.236328125,510,9322370,1024.472900390625,24.520000457763672,-92.81147003173828,258,0,0,0,0.0,0.0,0.0,0,0
9330376,3,4.137890815734863,9329305,0.77886962890625,-0.217041015625,-0.578369140625,-0.1083984375,2,10.23046875,-6.12890625,2.26171875,0.869140625,0.74609375,-1.248046875,512,9330370,1024.48486328125,24.530000686645508,-92.90924072265625,259,0,0,0,0.0,0.0,0.0,0,0
9338376,3,4.1572265625,9337305,0.78106689453125,-0.2098388671875,-0.57745361328125,-0.11175537109375,2,10.23046875,-6.12890625,2.26171875,0.7421875,0.64453125,-1.26953125,514,9338370,1024.48486328125,24.530000686645508,-92.90924072265625,260,0,0,0,0.0,0.0,0.0,0,0
9351376,3,4.144335746765137,9350305,0.78192138671875,-0.2064208984375,-0.57708740234375,-0.113525390625,2,10.23046875,-6.12890625,2.26171875,0.685546875,0.580078125,-1.27734375,516,9351370,1024.508544921875,24.530000686645508,-93.10477447509766,261,0,0,0,0.0,0.0,0.0,0,0
9359322,3,4.137890815734863,9358251,0.78192138671875,-0.2064208984375,-0.57708740234375,-0.113525390625,0,4.2109375,0.0,0.95703125,0.578125,0.4453125,-1.27734375,518,9359316,1024.508544921875,24.530000686645508,-93.10477447509766,262,0,0,0,0.0,0.0,0.0,0,0
9368322,3,4.131445407867432,9367251,0.78411865234375,-0.19708251953125,-0.5762939453125,-0.119140625,0,4.2109375,0.0,0.95703125,0.43359375,0.228515625,-1.236328125,520,9368316,1024.46826171875,24.530000686645508,-92.77183532714844,263,0,0,0,0.0,0.0,0.0,0,0
9374322,3,4.137890815734863,9373251,0.78472900390625,-0.1912841796875,-0.57659912109375,-0.123046875,0,4.2109375,0.0,0.95703125,0.3671875,0.15234375,-1.205078125,522,9374316,1024.46826171875,24.530000686645508,-92.77183532714844,264,0,0,0,0.0,0.0,0.0,0,0
9388322,3,4.1572265625,9387251,0.78485107421875,-0.1876220703125,-0.57708740234375,-0.125732421875,0,4.2109375,0.0,0.95703125,0.283203125,0.046875,-1.119140625,524,9388316,1024.48681640625,24.530000686645508,-92.92509460449219,265,0,0,0,0.0,0.0,0.0,0,0
9394322,3,4.144335746765137,9393251,0.78448486328125,-0.18145751953125,-0.57843017578125,-0.1307373046875,0,4.2109375,0.0,0.95703125,0.265625,0.001953125,-1.068359375,526,9394316,1024.48681640625,24.530000686645508,-92.92509460449219,266,0,0,0,0.0,0.0,0.0,0,0
9400322,3,4.150781154632568,9399251,0.7843017578125,-0.1796875,-0.578857421875,-0.1322021484375,0,4.2109375,0.0,0.95703125,0.3359375,-0.1875,-0.88671875,528,9400316,1024.48681640625,24.530000686645508,-92.92509460449219,267,0,0,0,0.0,0.0,0.0,0,0
9406322,3,4.137890815734863,9405251,0.7838134765625,-0.17669677734375,-0.5799560546875,-0.1343994140625,0,4.2109375,0.0,0.95703125,0.373046875,-0.24609375,-0.80859375,530,9406316,1024.48681640625,24.530000686645508,-92.92509460449219,268,0,0,0,0.0,0.0,0.0,0,0
9420322,3,4.144335746765137,9419251,0.78338623046875,-0.1748046875,-0.580810546875,-0.1356201171875,0,4.2109375,0.0,0.95703125,0.474609375,-0.353515625,-0.646484375,532,9420316,1024.461669921875,24.530000686645508,-92.718994140625,269,0,0,0,0.0,0.0,0.0,0,0
9429322,3,4.150781154632568,9428251,0.78192138671875,-0.17022705078125,-0.583740234375,-0.13751220703125,0,4.2109375,0.0,0.95703125,0.552734375,-0.421875,-0.46875,534,9429316,1024.4697265625,24.530000686645508,-92.78504943847656,270,0,0,0,0.0,0.0,0.0,0,0
9436322,3,4.137890815734863,9435251,0.781494140625,-0.1690673828125,-0.5845947265625,-0.13763427734375,0,4.2109375,0.0,0.95703125,0.572265625,-0.431640625,-0.28515625,536,9436316,1024.4697265625,24.530000686645508,-92.78504943847656,271,0,0,0,0.0,0.0,0.0,0,0
9442322,3,4.131445407867432,9441251,0.78021240234375,-0.16534423828125,-0.58746337890625,-0.13702392578125,0,4.2109375,0.0,0.95703125,0.5859375,-0.431640625,-0.201171875,538,9442316,1024.4697265625,24.530000686645508,-92.78504943847656,272,0,0,0,0.0,0.0,0.0,0,0
9457322,3,4.150781154632568,9456251,0.7796630859375,-0.1636962890625,-0.58880615234375,-0.13653564453125,0,4.2109375,0.0,0.95703125,0.603515625,-0.486328125,0.05078125,540,9457316,1024.457763671875,24.530000686645508,-92.68728637695312,273,0,0,0,0.0,0.0,0.0,0,0
9464322,3,4.144335746765137,9463251,0.7779541015625,-0.15972900390625,-0.59295654296875,-0.13287353515625,0,4.2109375,0.0,0.95703125,0.580078125,-0.515625,0.125,542,9464316,1024.457763671875,24.530000686645508,-92.68728637695312,274,0,0,0,0.0,0.0,0.0,0,0
9470322,3,4.144335746765137,9469251,0.777587890625,-0.1590576171875,-0.59375,-0.13214111328125,0,4.2109375,0.0,0.95703125,0.4921875,-0.60546875,0.263671875,544,9470316,1024.471923828125,24.530000686645508,-92.80354309082031,275,0,0,0,0.0,0.0,0.0,0,0
9483322,3,4.144335746765137,9482251,0.77667236328125,-0.15814208984375,-0.59576416015625,-0.12994384765625,2,2.98828125,2.8359375,-0.11328125,0.4921875,-0.60546875,0.263671875,546,9483316,1024.471923828125,24.530000686645508,-92.80354309082031,276,0,0,0,0.0,0.0,0.0,0,0
9488376,3,4.144335746765137,9487305,0.7750244140625,-0.15838623046875,-0.5985107421875,-0.12640380859375,2,2.98828125,2.8359375,-0.11328125,0.35546875,-0.681640625,0.353515625,548,9488370,1024.4443359375,24.520000457763672,-92.57630920410156,277,0,0,0,0.0,0.0,0.0,0,0
9497376,3,4.144335746765137,9496305,0.77337646484375,-0.15899658203125,-0.60113525390625,-0.12353515625,2,2.98828125,2.8359375,-0.11328125,0.171875,-0.724609375,0.421875,550,9497370,1024.4443359375,24.520000457763672,-92.57630920410156,278,0,0,0,0.0,0.0,0.0,0,0
9504376,3,4.144335746765137,9503305,0.77203369140625,-0.16021728515625,-0.60284423828125,-0.12188720703125,2,2.98828125,2.8359375,-0.11328125,-0.03515625,-0.728515625,0.431640625,552,9504370,1024.4443359375,24.520000457763672,-92.57630920410156,279,0,0,0,0.0,0.0,0.0,0,0
9517376,3,4.137890815734863,9516305,0.770751953125,-0.1614990234375,-0.6043701171875,-0.12060546875,2,2.98828125,2.8359375,-0.11328125,-0.1484375,-0.712890625,0.431640625,554,9517370,1024.448486328125,24.530000686645508,-92.61065673828125,280,0,0,0,0.0,0.0,0.0,0,0
9524376,3,4.131445407867432,9523305,0.767578125,-0.165771484375,-0.6077880859375,-0.1181640625,2,2.98828125,2.8359375,-0.11328125,-0.35546875,-0.662109375,0.466796875,556,9524370,1024.448486328125,24.530000686645508,-92.61065673828125,281,0,0,0,0.0,0.0,0.0,0,0
9532376,3,4.144335746765137,9531305,0.76629638671875,-0.16790771484375,-0.60894775390625,-0.11724853515625,2,2.98828125,2.8359375,-0.11328125,-0.451171875,-0.615234375,0.46875,558,9532370,1024.45263671875,24.530000686645508,-92.64500427246094,282,0,0,0,0.0,0.0,0.0,0,0
9539376,3,4.150781154632568,9538305,0.76495361328125,-0.17047119140625,-0.610107421875,-0.116455078125,2,2.98828125,2.8359375,-0.11328125,-0.46484375,-0.5625,0.5,560,9539370,1024.45263671875,24.530000686645508,-92.64500427246094,283,0,0,0,0.0,0.0,0.0,0,0
9552376,3,4.150781154632568,9551305,0.76385498046875,-0.1727294921875,-0.6109619140625,-0.1158447265625,2,2.98828125,2.8359375,-0.11328125,-0.451171875,-0.54296875,0.5390625,562,9552370,1024.498046875,24.530000686645508,-93.017578125,284,0,0,0,0.0,0.0,0.0,0,0
9559376,3,4.137890815734863,9558305,0.7613525390625,-0.17840576171875,-0.61285400390625,-0.11370849609375,2,2.98828125,2.8359375,-0.11328125,-0.375,-0.505859375,0.671875,564,9559370,1024.498046875,24.530000686645508,-93.017578125,285,0,0,0,0.0,0.0,0.0,0,0
9567376,3,4.131445407867432,9566305,0.76019287109375,-0.181396484375,-0.61370849609375,-0.11199951171875,2,2.98828125,2.8359375,-0.11328125,-0.2734375,-0.48828125,0.8125,566,9567370,1024.479736328125,24.530000686645508,-92.8669662475586,286,0,0,0,0.0,0.0,0.0,0,0
9574376,3,4.1572265625,9573305,0.759521484375,-0.18414306640625,-0.61419677734375,-0.1094970703125,2,2.98828125,2.8359375,-0.11328125,-0.197265625,-0.45703125,1.005859375,568,9574370,1024.479736328125,24.530000686645508,-92.8669662475586,287,0,0,0,0.0,0.0,0.0,0,0
9587376,3,4.163671970367432,9586305,0.75897216796875,-0.186279296875,-0.61456298828125,-0.10748291015625,2,2.98828125,2.8359375,-0.11328125,-0.166015625,-0.44921875,1.095703125,570,9587370,1024.46142578125,24.530000686645508,-92.71634674072266,288,0,0,0,0.0,0.0,0.0,0,0
9595322,3,4.150781154632568,9594251,0.75897216796875,-0.186279296875,-0.61456298828125,-0.10748291015625,0,4.51953125,-0.8828125,0.15234375,-0.2265625,-0.447265625,1.3671875,572,9595316,1024.46142578125,24.530000686645508,-92.71634674072266,289,0,0,0,0.0,0.0,0.0,0,0
9601322,3,4.131445407867432,9600251,0.757568359375,-0.19268798828125,-0.61553955078125,-0.1004638671875,0,4.51953125,-0.8828125,0.15234375,-0.283203125,-0.4609375,1.4296875,574,9601316,1024.46142578125,24.530000686645508,-92.71634674072266,290,0,0,0,0.0,0.0,0.0,0,0
9616322,3,4.144335746765137,9615251,0.7568359375,-0.19683837890625,-0.61572265625,-0.09674072265625,0,4.51953125,-0.8828125,0.15234375,-0.546875,-0.5078125,1.525390625,576,9616316,1024.45068359375,24.530000686645508,-92.629150390625,291,0,0,0,0.0,0.0,0.0,0,0
9624322,3,4.144335746765137,9623251,0.75482177734375,-0.2071533203125,-0.61590576171875,-0.08917236328125,0,4.51953125,-0.8828125,0.15234375,-0.765625,-0.533203125,1.53515625,578,9624316,1024.483642578125,24.530000686645508,-92.89867401123047,292,0,0,0,0.0,0.0,0.0,0,0
9630322,3,4.163671970367432,9629251,0.7535400390625,-0.21295166015625,-0.615966796875,-0.0859375,0,4.51953125,-0.8828125,0.15234375,-0.875,-0.5390625,1.525390625,580,9630316,1024.483642578125,24.530000686645508,-92.89867401123047,293,0,0,0,0.0,0.0,0.0,0,0
9636322,3,4.144335746765137,9635251,0.75262451171875,-0.21697998046875,-0.615966796875,-0.08404541015625,0,4.51953125,-0.8828125,0.15234375,-0.947265625,-0.5390625,1.458984375,582,9636316,1024.483642578125,24.530000686645508,-92.89867401123047,294,0,0,0,0.0,0.0,0.0,0,0
9652322,3,4.137890815734863,9651251,0.751708984375,-0.22076416015625,-0.615966796875,-0.08251953125,0,4.51953125,-0.8828125,0.15234375,-1.263671875,-0.630859375,1.091796875,584,9652316,1024.46142578125,24.520000457763672,-92.71634674072266,295,0,0,0,0.0,0.0,0.0,0,0
9659322,3,4.144335746765137,9658251,0.7467041015625,-0.23638916015625,-0.61669921875,-0.07879638671875,0,4.51953125,-0.8828125,0.15234375,-1.369140625,-0.65625,1.0234375,586,9659316,1024.46142578125,24.520000457763672,-92.71634674072266,296,0,0,0,0.0,0.0,0.0,0,0
9666322,3,4.144335746765137,9665251,0.74468994140625,-0.2410888671875,-0.61737060546875,-0.07806396484375,0,4.51953125,-0.8828125,0.15234375,-1.478515625,-0.6796875,0.9140625,588,9666316,1024.47412109375,24.520000457763672,-92.8220443725586,297,0,0,0,0.0,0.0,0.0,0,0
9672322,3,4.144335746765137,9671251,0.7415771484375,-0.24822998046875,-0.61846923828125,-0.077392578125,0,4.51953125,-0.8828125,0.15234375,-1.51171875,-0.69921875,0.865234375,590,9672316,1024.47412109375,24.520000457763672,-92.8220443725586,298,0,0,0,0.0,0.0,0.0,0,0
9689322,3,4.137890815734863,9688251,0.7396240234375,-0.25244140625,-0.6190185546875,-0.07733154296875,0,4.51953125,-0.8828125,0.15234375,-1.501953125,-0.7421875,0.767578125,592,9689316,1024.4814453125,24.530000686645508,-92.88017272949219,299,0,0,0,0.0,0.0,0.0,0,0
9695322,3,4.144335746765137,9694251,0.7333984375,-0.26593017578125,-0.62066650390625,-0.07861328125,0,4.51953125,-0.8828125,0.15234375,-1.392578125,-0.689453125,0.609375,594,9695316,1024.4814453125,24.530000686645508,-92.88017272949219,300,0,0,0,0.0,0.0,0.0,0,0
9701322,3,4.163671970367432,9700251,0.73114013671875,-0.27032470703125,-0.621337890625,-0.07916259765625,2,12.7890625,-8.08203125,1.07421875,-1.392578125,-0.689453125,0.609375,596,9701316,1024.4814453125,24.530000686645508,-92.88017272949219,301,0,0,0,0.0,0.0,0.0,0,0
9709376,3,4.144335746765137,9708305,0.72796630859375,-0.275634765625,-0.62274169921875,-0.07958984375,2,12.7890625,-8.08203125,1.07421875,-1.291015625,-0.6796875,0.5078125,598,9709370,1024.447265625,24.520000457763672,-92.60009002685547,302,0,0,0,0.0,0.0,0.0,0,0
9721376,3,4.137890815734863,9720305,0.725341796875,-0.27996826171875,-0.62371826171875,-0.08038330078125,2,12.7890625,-8.08203125,1.07421875,-1.111328125,-0.724609375,0.43359375,600,9721370,1024.447265625,24.520000457763672,-92.60009002685547,303,0,0,0,0.0,0.0,0.0,0,0
9729376,3,4.144335746765137,9728305,0.71917724609375,-0.2891845703125,-0.62646484375,-0.0816650390625,2,12.7890625,-8.08203125,1.07421875,-0.98046875,-0.724609375,0.38671875,602,9729370,1024.48779296875,24.530000686645508,-92.93302154541016,304,0,0,0,0.0,0.0,0.0,0,0
9735376,3,4.150781154632568,9734305,0.71697998046875,-0.2923583984375,-0.62744140625,-0.08209228515625,2,12.7890625,-8.08203125,1.07421875,-1.005859375,-0.69921875,0.384765625,604,9735370,1024.48779296875,24.530000686645508,-92.93302154541016,305,0,0,0,0.0,0.0,0.0,0,0
9747376,3,4.1572265625,9746305,0.714599609375,-0.29595947265625,-0.62841796875,-0.08270263671875,2,12.7890625,-8.08203125,1.07421875,-1.076171875,-0.650390625,0.40234375,606,9747370,1024.486083984375,24.520000457763672,-92.91980743408203,306,0,0,0,0.0,0.0,0.0,0,0
9755376,3,4.137890815734863,9754305,0.7100830078125,-0.30419921875,-0.62945556640625,-0.08428955078125,2,12.7890625,-8.08203125,1.07421875,-1.3203125,-0.611328125,0.693359375,608,9755370,1024.486083984375,24.520000457763672,-92.91980743408203,307,0,0,0,0.0,0.0,0.0,0,0
9762376,3,4.137890815734863,9761305,0.70770263671875,-0.30865478515625,-0.62994384765625,-0.08404541015625,2,12.7890625,-8.08203125,1.07421875,-1.1875,-0.603515625,0.76953125,610,9762370,1024.486083984375,24.520000457763672,-92.91980743408203,308,0,0,0,0.0,0.0,0.0,0,0
9772376,3,4.137890815734863,9771305,0.70538330078125,-0.31365966796875,-0.630126953125,-0.08367919921875,2,12.7890625,-8.08203125,1.07421875,-0.876953125,-0.548828125,0.837890625,612,9772370,1024.47705078125,24.520000457763672,-92.8458251953125,309,0,0,0,0.0,0.0,0.0,0,0
9784376,3,4.144335746765137,9783305,0.70281982421875,-0.3199462890625,-0.6300048828125,-0.0826416015625,2,12.7890625,-8.08203125,1.07421875,-0.80859375,-0.265625,0.837890625,614,9784370,1024.47607421875,24.520000457763672,-92.83789825439453,310,0,0,0,0.0,0.0,0.0,0,0
9791376,3,4.144335746765137,9790305,0.70166015625,-0.3251953125,-0.62860107421875,-0.08209228515625,2,12.7890625,-8.08203125,1.07421875,-0.66015625,0.060546875,0.693359375,616,9791370,1024.47607421875,24.520000457763672,-92.83789825439453,311,0,0,0,0.0,0.0,0.0,0,0
9799376,3,4.150781154632568,9798305,0.70172119140625,-0.32861328125,-0.62677001953125,-0.08233642578125,2,12.7890625,-8.08203125,1.07421875,-0.4296875,0.259765625,0.40625,618,9799370,1024.47607421875,24.520000457763672,-92.83789825439453,312,0,0,0,0.0,0.0,0.0,0,0
9805376,3,4.137890815734863,9804305,0.701904296875,-0.32958984375,-0.62603759765625,-0.08251953125,2,12.7890625,-8.08203125,1.07421875,-0.28125,0.291015625,0.244140625,620,9805370,1024.498046875,24.520000457763672,-93.017578125,313,0,0,0,0.0,0.0,0.0,0,0
9817376,3,4.137890815734863,9816305,0.70233154296875,-0.33026123046875,-0.6251220703125,-0.0831298828125,2,12.7890625,-8.08203125,1.07421875,-0.185546875,0.3125,0.072265625,622,9817370,1024.498046875,24.520000457763672,-93.017578125,314,0,0,0,0.0,0.0,0.0,0,0
9824322,3,4.170117378234863,9823251,0.70233154296875,-0.33026123046875,-0.6251220703125,-0.0831298828125,0,22.3671875,-10.265625,0.57421875,-0.1015625,0.484375,-0.244140625,624,9824316,1024.509765625,24.520000457763672,-93.11534118652344,315,0,0,0,0.0,0.0,0.0,0,0
9831322,3,4.137890815734863,9830251,0.7034912109375,-0.3299560546875,-0.62371826171875,-0.08489990234375,0,22.3671875,-10.265625,0.57421875,0.267578125,0.4921875,-0.484375,626,9831316,1024.509765625,24.520000457763672,-93.11534118652344,316,0,0,0,0.0,0.0,0.0,0,0
9837322,3,4.144335746765137,9836251,0.7049560546875,-0.32818603515625,-0.62286376953125,-0.08612060546875,0,22.3671875,-10.265625,0.57421875,0.365234375,0.474609375,-0.591796875,628,9837316,1024.509765625,24.520000457763672,-93.11534118652344,317,0,0,0,0.0,0.0,0.0,0,0
9852322,3,4.1572265625,9851251,0.70574951171875,-0.32696533203125,-0.62249755859375,-0.08673095703125,0,22.3671875,-10.265625,0.57421875,0.33203125,0.4296875,-1.078125,630,9852316,1024.506591796875,24.520000457763672,-93.08627319335938,318,0,0,0,0.0,0.0,0.0,0,0
9859322,3,4.144335746765137,9858251,0.7086181640625,-0.31988525390625,-0.6221923828125,-0.09173583984375,0,22.3671875,-10.265625,0.57421875,0.29296875,0.357421875,-1.25390625,632,9859316,1024.506591796875,24.520000457763672,-93.08627319335938,319,0,0,0,0.0,0.0,0.0,0,0
9865322,3,4.1572265625,9864251,0.709228515625,-0.31781005859375,-0.622314453125,-0.09332275390625,0,22.3671875,-10.265625,0.57421875,0.234375,0.318359375,-1.443359375,634,9865316,1024.496826171875,24.520000457763672,-93.00700378417969,320,0,0,0,0.0,0.0,0.0,0,0
9871322,3,4.163671970367432,9870251,0.70928955078125,-0.31622314453125,-0.622802734375,-0.0950927734375,0,22.3671875,-10.265625,0.57421875,0.158203125,0.255859375,-1.8046875,636,9871316,1024.496826171875,24.520000457763672,-93.00700378417969,321,0,0,0,0.0,0.0,0.0,0,0
9885322,3,4.144335746765137,9884251,0.70953369140625,-0.31231689453125,-0.62396240234375,-0.09881591796875,0,22.3671875,-10.265625,0.57421875,0.158203125,0.291015625,-2.064453125,638,9885316,1024.49609375,24.530000686645508,-93.00172424316406,322,0,0,0,0.0,0.0,0.0,0,0
9891322,3,4.137890815734863,9890251,0.70953369140625,-0.30267333984375,-0.626953125,-0.10882568359375,0,22.3671875,-10.265625,0.57421875,0.189453125,0.333984375,-2.162109375,640,9891316,1024.49609375,24.530000686645508,-93.00172424316406,323,0,0,0,0.0,0.0,0.0,0,0
9898322,3,4.144335746765137,9897251,0.709716796875,-0.3004150390625,-0.62750244140625,-0.11077880859375,0,22.3671875,-10.265625,0.57421875,0.341796875,0.419921875,-2.380859375,642,9898316,1024.49609375,24.530000686645508,-93.00172424316406,324,0,0,0,0.0,0.0,0.0,0,0
9911322,3,4.137890815734863,9910251,0.7098388671875,-0.2955322265625,-0.62884521484375,-0.1156005859375,0,22.3671875,-10.265625,0.57421875,0.578125,0.46875,-2.59765625,644,9911316,1024.506103515625,24.530000686645508,-93.08363342285156,325,0,0,0,0.0,0.0,0.0,0,0
9918322,3,4.1572265625,9917251,0.710693359375,-0.2796630859375,-0.632568359375,-0.1287841796875,0,22.3671875,-10.265625,0.57421875,0.796875,0.470703125,-2.74609375,646,9918316,1024.506103515625,24.530000686645508,-93.08363342285156,326,0,0,0,0.0,0.0,0.0,0,0
9925322,3,4.144335746765137,9924251,0.7108154296875,-0.277587890625,-0.63299560546875,-0.13031005859375,0,22.3671875,-10.265625,0.57421875,0.890625,0.47265625,-2.798828125,648,9925316,1024.500732421875,24.530000686645508,-93.03871154785156,327,0,0,0,0.0,0.0,0.0,0,0
9932322,3,4.144335746765137,9931251,0.71142578125,-0.267822265625,-0.6351318359375,-0.13690185546875,0,22.3671875,-10.265625,0.57421875,0.96875,0.51953125,-2.84375,650,9932316,1024.500732421875,24.530000686645508,-93.03871154785156,328,0,0,0,0.0,0.0,0.0,0,0
9946322,3,4.150781154632568,9945251,0.7120361328125,-0.25860595703125,-0.6370849609375,-0.142578125,2,6.78125,-4.3671875,-0.19140625,0.96875,0.51953125,-2.84375,652,9946316,1024.475830078125,24.530000686645508,-92.83525085449219,329,0,0,0,0.0,0.0,0.0,0,0
9951376,3,4.137890815734863,9950305,0.71343994140625,-0.237548828125,-0.640625,-0.1556396484375,2,6.78125,-4.3671875,-0.19140625,0.98828125,0.578125,-2.876953125,654,9951370,1024.475830078125,24.530000686645508,-92.83525085449219,330,0,0,0,0.0,0.0,0.0,0,0
9959376,3,4.1572265625,9958305,0.71417236328125,-0.22637939453125,-0.64215087890625,-0.16229248046875,2,6.78125,-4.3671875,-0.19140625,0.9296875,0.671875,-2.82421875,656,9959370,1024.475830078125,24.530000686645508,-92.83525085449219,331,0,0,0,0.0,0.0,0.0,0,0
9965376,3,4.131445407867432,9964305,0.71466064453125,-0.21881103515625,-0.64306640625,-0.16693115234375,2,6.78125,-4.3671875,-0.19140625,0.89453125,0.697265625,-2.791015625,658,9965370,1024.498291015625,24.540000915527344,-93.02021789550781,332,0,0,0,0.0,0.0,0.0,0,0
9976376,3,4.144335746765137,9975305,0.71527099609375,-0.2093505859375,-0.64398193359375,-0.1727294921875,2,6.78125,-4.3671875,-0.19140625,0.859375,0.716796875,-2.767578125,660,9976370,1024.498291015625,24.540000915527344,-93.02021789550781,333,0,0,0,0.0,0.0,0.0,0,0
9983376,3,4.144335746765137,9982305,0.71600341796875,-0.1959228515625,-0.64501953125,-0.1812744140625,2,6.78125,-4.3671875,-0.19140625,0.79296875,0.69921875,-2.73046875,662,9983370,1024.470703125,24.540000915527344,-92.79297637939453,334,0,0,0,0.0,0.0,0.0,0,0
9991376,3,4.1572265625,9990305,0.71636962890625,-0.1876220703125,-0.64556884765625,-0.1866455078125,2,6.78125,-4.3671875,-0.19140625,0.740234375,0.68359375,-2.63671875,664,9991370,1024.470703125,24.540000915527344,-92.79297637939453,335,0,0,0,0.0,0.0,0.0,0,0
9998376,3,4.1572265625,9997305,0.71673583984375,-0.17974853515625,-0.64556884765625,-0.1929931640625,2,6.78125,-4.3671875,-0.19140625,0.720703125,0.673828125,-2.580078125,666,9998370,1024.470703125,24.540000915527344,-92.79297637939453,336,0,0,0,0.0,0.0,0.0,0,0
10010376,3,4.137890815734863,10009305,0.7169189453125,-0.1719970703125,-0.64593505859375,-0.19793701171875,2,6.78125,-4.3671875,-0.19140625,0.673828125,0.654296875,-2.435546875,668,10010370,1024.45361328125,24.530000686645508,-92.6529312133789,337,0,0,0,0.0,0.0,0.0,0,0
10018376,3,4.1572265625,10017305,0.71728515625,-0.15606689453125,-0.6463623046875,-0.20831298828125,2,6.78125,-4.3671875,-0.19140625,0.58984375,0.6328125,-2.248046875,670,10018370,1024.45361328125,24.530000686645508,-92.6529312133789,338,0,0,0,0.0,0.0,0.0,0,0
10025376,3,4.150781154632568,10024305,0.7174072265625,-0.148681640625,-0.6463623046875,-0.21319580078125,2,6.78125,-4.3671875,-0.19140625,0.505859375,0.59765625,-2.044921875,672,10025370,1024.468505859375,24.540000915527344,-92.77448272705078,339,0,0,0,0.0,0.0,0.0,0,0
10036376,3,4.150781154632568,10035305,0.71746826171875,-0.140869140625,-0.646240234375,-0.21856689453125,2,6.78125,-4.3671875,-0.19140625,0.43359375,0.5390625,-1.794921875,674,10036370,1024.468505859375,24.540000915527344,-92.77448272705078,340,0,0,0,0.0,0.0,0.0,0,0
10044376,3,4.144335746765137,10043305,0.71759033203125,-0.1334228515625,-0.64599609375,-0.22357177734375,2,6.78125,-4.3671875,-0.19140625,0.3671875,0.48046875,-1.466796875,676,10044370,1024.4658203125,24.530000686645508,-92.75334167480469,341,0,0,0,0.0,0.0,0.0,0,0
10049322,4,4.137890815734863,10048251,0.71759033203125,-0.1334228515625,-0.64599609375,-0.22357177734375,0,-0.8828125,3.984375,-0.3828125,0.3359375,0.451171875,-1.296875,678,10049316,1024.4658203125,24.530000686645508,-92.75334167480469,342,0,0,0,0.0,0.0,0.0,0,0
10057322,4,4.150781154632568,10056251,0.71771240234375,-0.13128662109375,-0.64569091796875,-0.225341796875,0,-0.8828125,3.984375,-0.3828125,0.27734375,0.380859375,-0.990234375,680,10057316,1024.4658203125,24.530000686645508,-92.75334167480469,343,0,0,0,0.0,0.0,0.0,0,0
10070322,4,4.144335746765137,10069251,0.71795654296875,-0.12664794921875,-0.64495849609375,-0.2291259765625,0,-0.8828125,3.984375,-0.3828125,0.251953125,0.162109375,-0.48046875,682,10070316,1024.443359375,24.530000686645508,-92.5683822631836,344,0,0,0,0.0,0.0,0.0,0,0
10076322,4,4.150781154632568,10075251,0.71826171875,-0.1221923828125,-0.64471435546875,-0.2314453125,0,-0.8828125,3.984375,-0.3828125,0.2578125,0.07421875,-0.294921875,684,10076316,1024.443359375,24.530000686645508,-92.5683822631836,345,0,0,0,0.0,0.0,0.0,0,0
10084322,4,4.137890815734863,10083251,0.71826171875,-0.1209716796875,-0.644775390625,-0.23175048828125,0,-0.8828125,3.984375,-0.3828125,0.265625,-0.01953125,-0.099609375,686,10084316,1024.49267578125,24.540000915527344,-92.97265625,346,0,0,0,0.0,0.0,0.0,0,0
10091322,4,4.144335746765137,10090251,0.71826171875,-0.12017822265625,-0.64501953125,-0.2315673828125,0,-0.8828125,3.984375,-0.3828125,0.296875,-0.1484375,0.25390625,688,10091316,1024.49267578125,24.540000915527344,-92.97265625,347,0,0,0,0.0,0.0,0.0,0,0
10108322,4,4.150781154632568,10107251,0.71832275390625,-0.11993408203125,-0.64556884765625,-0.22998046875,0,-0.8828125,3.984375,-0.3828125,0.291015625,-0.236328125,0.51953125,690,10108316,1024.47265625,24.540000915527344,-92.80883026123047,348,0,0,0,0.0,0.0,0.0,0,0
10116322,4,4.150781154632568,10115251,0.71844482421875,-0.12078857421875,-0.646484375,-0.22662353515625,0,-0.8828125,3.984375,-0.3828125,0.283203125,-0.29296875,0.666015625,692,10116316,1024.47265625,24.540000915527344,-92.80883026123047,349,0,0,0,0.0,0.0,0.0,0,0
10122322,4,4.137890815734863,10121251,0.71826171875,-0.1224365234375,-0.6473388671875,-0.2237548828125,0,-0.8828125,3.984375,-0.3828125,0.2734375,-0.341796875,0.681640625,694,10122316,1024.47607421875,24.540000915527344,-92.83789825439453,350,0,0,0,0.0,0.0,0.0,0,0
10130322,4,4.131445407867432,10129251,0.71826171875,-0.12286376953125,-0.64776611328125,-0.2222900390625,0,-0.8828125,3.984375,-0.3828125,0.26171875,-0.361328125,0.638671875,696,10130316,1024.47607421875,24.540000915527344,-92.83789825439453,351,0,0,0,0.0,0.0,0.0,0,0
10145322,4,4.163671970367432,10144251,0.718017578125,-0.1243896484375,-0.64886474609375,-0.21893310546875,0,-0.8828125,3.984375,-0.3828125,0.244140625,-0.3203125,0.59375,698,10145316,1024.453369140625,24.530000686645508,-92.6502914428711,352,0,0,0,0.0,0.0,0.0,0,0
10151322,4,4.150781154632568,10150251,0.71759033203125,-0.12646484375,-0.6505126953125,-0.21429443359375,2,4.90234375,1.45703125,-0.11328125,0.244140625,-0.3203125,0.59375,700,10151316,1024.453369140625,24.530000686645508,-92.6502914428711,353,0,0,0,0.0,0.0,0.0,0,0
10158376,4,4.137890815734863,10157305,0.717529296875,-0.12811279296875,-0.65106201171875,-0.211669921875,2,4.90234375,1.45703125,-0.11328125,0.224609375,-0.236328125,0.60546875,702,10158370,1024.4638671875,24.530000686645508,-92.73748779296875,354,0,0,0,0.0,0.0,0.0,0,0
10170376,4,4.137890815734863,10169305,0.71783447265625,-0.12969970703125,-0.65130615234375,-0.20916748046875,2,4.90234375,1.45703125,-0.11328125,0.203125,-0.091796875,0.67578125,704,10170370,1024.4638671875,24.530000686645508,-92.73748779296875,355,0,0,0,0.0,0.0,0.0,0,0
10178376,4,4.144335746765137,10177305,0.7188720703125,-0.13201904296875,-0.65106201171875,-0.20477294921875,2,4.90234375,1.45703125,-0.11328125,0.15234375,0.0390625,0.779296875,706,10178370,1024.467529296875,24.540000915527344,-92.76655578613281,356,0,0,0,0.0,0.0,0.0,0,0
10185376,4,4.163671970367432,10184305,0.7196044921875,-0.13336181640625,-0.65057373046875,-0.2027587890625,2,4.90234375,1.45703125,-0.11328125,0.08984375,0.15234375,0.90625,708,10185370,1024.467529296875,24.540000915527344,-92.76655578613281,357,0,0,0,0.0,0.0,0.0,0,0
10192376,4,4.144335746765137,10191305,0.72052001953125,-0.13494873046875,-0.64984130859375,-0.20074462890625,2,4.90234375,1.45703125,-0.11328125,0.03515625,0.201171875,0.982421875,710,10192370,1024.467529296875,24.540000915527344,-92.76655578613281,358,0,0,0,0.0,0.0,0.0,0,0
10205376,4,4.131445407867432,10204305,0.722412109375,-0.13824462890625,-0.648193359375,-0.1971435546875,2,4.90234375,1.45703125,-0.11328125,-0.07421875,0.2890625,1.13671875,712,10205370,1024.44482421875,24.530000686645508,-92.58158874511719,359,0,0,0,0.0,0.0,0.0,0,0
10213376,4,4.144335746765137,10212305,0.72503662109375,-0.143310546875,-0.64556884765625,-0.1923828125,2,4.90234375,1.45703125,-0.11328125,-0.177734375,0.326171875,1.24609375,714,10213370,1024.44482421875,24.530000686645508,-92.58158874511719,360,0,0,0,0.0,0.0,0.0,0,0
10220376,4,4.144335746765137,10219305,0.72650146484375,-0.146484375,-0.64398193359375,-0.1898193359375,2,4.90234375,1.45703125,-0.11328125,-0.248046875,0.31640625,1.30078125,716,10220370,1024.44677734375,24.530000686645508,-92.59744262695312,361,0,0,0,0.0,0.0,0.0,0,0
10227376,4,4.144335746765137,10226305,0.7275390625,-0.14898681640625,-0.64276123046875,-0.18798828125,2,4.90234375,1.45703125,-0.11328125,-0.279296875,0.310546875,1.271484375,718,10227370,1024.44677734375,24.530000686645508,-92.59744262695312,362,0,0,0,0.0,0.0,0.0,0,0
10238376,4,4.1572265625,10237305,0.72943115234375,-0.15380859375,-0.64044189453125,-0.1846923828125,2,4.90234375,1.45703125,-0.11328125,-0.353515625,0.259765625,1.279296875,720,10238370,1024.47412109375,24.530000686645508,-92.8220443725586,363,0,0,0,0.0,0.0,0.0,0,0
10246376,4,4.125,10245305,0.73126220703125,-0.15838623046875,-0.6380615234375,-0.18182373046875,2,4.90234375,1.45703125,-0.11328125,-0.4375,0.517578125,1.21875,722,10246370,1024.47412109375,24.530000686645508,-92.8220443725586,364,0,0,0,0.0,0.0,0.0,0,0
10253376,4,4.137890815734863,10252305,0.73333740234375,-0.16302490234375,-0.63543701171875,-0.1785888671875,2,4.90234375,1.45703125,-0.11328125,-0.171875,0.251953125,1.19921875,724,10253370,1024.47412109375,24.530000686645508,-92.8220443725586,365,0,0,0,0.0,0.0,0.0,0,0
10260376,4,4.1572265625,10259305,0.73419189453125,-0.1654052734375,-0.63433837890625,-0.1766357421875,2,4.90234375,1.45703125,-0.11328125,-0.1640625,0.16015625,1.0859375,726,10260370,1024.438720703125,24.530000686645508,-92.52874755859375,366,0,0,0,0.0,0.0,0.0,0,0
10273322,4,4.1572265625,10272251,0.73419189453125,-0.1654052734375,-0.63433837890625,-0.1766357421875,0,8.81640625,-1.953125,0.0,-0.138671875,0.08203125,0.994140625,728,10273316,1024.438720703125,24.530000686645508,-92.52874755859375,367,0,0,0,0.0,0.0,0.0,0,0
10282322,4,4.1572265625,10281251,0.73468017578125,-0.16680908203125,-0.63385009765625,-0.175048828125,0,8.81640625,-1.953125,0.0,-0.275390625,0.06640625,0.884765625,730,10282316,1024.474365234375,24.530000686645508,-92.8246841430664,368,0,0,0,0.0,0.0,0.0,0,0
10289322,4,4.131445407867432,10288251,0.7362060546875,-0.17333984375,-0.63177490234375,-0.16973876953125,0,8.81640625,-1.953125,0.0,-0.328125,0.083984375,0.861328125,732,10289316,1024.474365234375,24.530000686645508,-92.8246841430664,369,0,0,0,0.0,0.0,0.0,0,0
10304322,4,4.150781154632568,10303251,0.7366943359375,-0.175537109375,-0.63104248046875,-0.16815185546875,0,8.81640625,-1.953125,0.0,-0.484375,0.25390625,0.87890625,734,10304316,1024.478515625,24.530000686645508,-92.85639190673828,370,0,0,0,0.0,0.0,0.0,0,0
10311322,4,4.150781154632568,10310251,0.738037109375,-0.1817626953125,-0.62841796875,-0.16546630859375,0,8.81640625,-1.953125,0.0,-0.546875,0.44140625,0.9609375,736,10311316,1024.478515625,24.530000686645508,-92.85639190673828,371,0,0,0,0.0,0.0,0.0,0,0
10317322,4,4.1572265625,10316251,0.73907470703125,-0.1849365234375,-0.6265869140625,-0.16400146484375,0,8.81640625,-1.953125,0.0,-0.57421875,0.576171875,1.052734375,738,10317316,1024.459228515625,24.530000686645508,-92.6978530883789,372,0,0,0,0.0,0.0,0.0,0,0
10324322,4,4.137890815734863,10323251,0.7398681640625,-0.1868896484375,-0.62530517578125,-0.1630859375,0,8.81640625,-1.953125,0.0,-0.57421875,0.685546875,1.154296875,740,10324316,1024.459228515625,24.530000686645508,-92.6978530883789,373,0,0,0,0.0,0.0,0.0,0,0
10339322,4,4.144335746765137,10338251,0.74169921875,-0.19091796875,-0.62255859375,-0.16107177734375,0,8.81640625,-1.953125,0.0,-0.484375,0.94921875,1.443359375,742,10339316,1024.451171875,24.530000686645508,-92.63179779052734,374,0,0,0,0.0,0.0,0.0,0,0
10345322,4,4.163671970367432,10344251,0.74652099609375,-0.19921875,-0.6151123046875,-0.1571044921875,0,8.81640625,-1.953125,0.0,-0.421875,1.029296875,1.490234375,744,10345316,1024.451171875,24.530000686645508,-92.63179779052734,375,0,0,0,0.0,0.0,0.0,0,0
10351322,4,4.144335746765137,10350251,0.7490234375,-0.203125,-0.61126708984375,-0.15496826171875,2,8.69921875,-2.91015625,1.83984375,-0.421875,1.029296875,1.490234375,746,10351316,1024.451171875,24.530000686645508,-92.63179779052734,376,0,0,0,0.0,0.0,0.0,0,0
10356376,4,4.150781154632568,10355305,0.75067138671875,-0.20513916015625,-0.60906982421875,-0.1531982421875,2,8.69921875,-2.91015625,1.83984375,-0.3984375,1.048828125,1.482421875,748,10356370,1024.46240234375,24.530000686645508,-92.72427368164062,377,0,0,0,0.0,0.0,0.0,0,0
10368376,4,4.131445407867432,10367305,0.753662109375,-0.20880126953125,-0.60491943359375,-0.14984130859375,2,8.69921875,-2.91015625,1.83984375,-0.38671875,1.0234375,1.44140625,750,10368370,1024.46240234375,24.530000686645508,-92.72427368164062,378,0,0,0,0.0,0.0,0.0,0,0
10376376,4,4.150781154632568,10375305,0.75738525390625,-0.21417236328125,-0.59918212890625,-0.1466064453125,2,8.69921875,-2.91015625,1.83984375,-0.4765625,0.7890625,1.21875,752,10376370,1024.459716796875,24.530000686645508,-92.70314025878906,379,0,0,0,0.0,0.0,0.0,0,0
10383376,4,4.144335746765137,10382305,0.75927734375,-0.21783447265625,-0.59588623046875,-0.14495849609375,2,8.69921875,-2.91015625,1.83984375,-0.537109375,0.66015625,1.12109375,754,10383370,1024.459716796875,24.530000686645508,-92.70314025878906,380,0,0,0,0.0,0.0,0.0,0,0
10391376,4,4.144335746765137,10390305,0.76043701171875,-0.22198486328125,-0.5931396484375,-0.1439208984375,2,8.69921875,-2.91015625,1.83984375,-0.734375,0.392578125,0.927734375,756,10391370,1024.459716796875,24.530000686645508,-92.70314025878906,381,0,0,0,0.0,0.0,0.0,0,0
10403376,4,4.137890815734863,10402305,0.76092529296875,-0.2254638671875,-0.59130859375,-0.1434326171875,2,8.69921875,-2.91015625,1.83984375,-0.84375,0.267578125,0.859375,758,10403370,1024.464111328125,24.530000686645508,-92.74012756347656,382,0,0,0,0.0,0.0,0.0,0,0
10411376,4,4.137890815734863,10410305,0.76068115234375,-0.233642578125,-0.58831787109375,-0.1435546875,2,8.69921875,-2.91015625,1.83984375,-1.171875,0.09765625,0.837890625,760,10411370,1024.464111328125,24.530000686645508,-92.74012756347656,383,0,0,0,0.0,0.0,0.0,0,0
10418376,4,4.144335746765137,10417305,0.76019287109375,-0.23870849609375,-0.58709716796875,-0.14324951171875,2,8.69921875,-2.91015625,1.83984375,-1.228515625,0.099609375,0.884765625,762,10418370,1024.502197265625,24.530000686645508,-93.05192565917969,384,0,0,0,0.0,0.0,0.0,0,0
10426376,4,4.150781154632568,10425305,0.759765625,-0.24456787109375,-0.58514404296875,-0.14324951171875,2,8.69921875,-2.91015625,1.83984375,-1.240234375,0.16015625,0.98046875,764,10426370,1024.502197265625,24.530000686645508,-93.05192565917969,385,0,0,0,0.0,0.0,0.0,0,0
10438376,4,4.137890815734863,10437305,0.759521484375,-0.25018310546875,-0.58306884765625,-0.14324951171875,2,8.69921875,-2.91015625,1.83984375,-1.205078125,0.1796875,1.02734375,766,10438370,1024.471435546875,24.520000457763672,-92.79826354980469,386,0,0,0,0.0,0.0,0.0,0,0
10445376,4,4.131445407867432,10444305,0.759521484375,-0.25872802734375,-0.57958984375,-0.14239501953125,2,8.69921875,-2.91015625,1.83984375,-0.98046875,0.1796875,1.1328125,768,10445370,1024.471435546875,24.520000457763672,-92.79826354980469,387,0,0,0,0.0,0.0,0.0,0,0
10452376,4,4.137890815734863,10451305,0.759521484375,-0.26336669921875,-0.57769775390625,-0.14141845703125,2,8.69921875,-2.91015625,1.83984375,-0.8828125,0.14453125,1.1484375,770,10452370,1024.471435546875,24.520000457763672,-92.79826354980469,388,0,0,0,0.0,0.0,0.0,0,0
10465376,4,4.144335746765137,10464305,0.75958251953125,-0.2684326171875,-0.57568359375,-0.1396484375,2,8.69921875,-2.91015625,1.83984375,-0.6953125,0.064453125,1.1796875,772,10465370,1024.496826171875,24.530000686645508,-93.00700378417969,389,0,0,0,0.0,0.0,0.0,0,0
10472376,4,4.144335746765137,10471305,0.75958251953125,-0.27642822265625,-0.57281494140625,-0.13616943359375,2,8.69921875,-2.91015625,1.83984375,-0.603515625,-0.05859375,1.146484375,774,10472370,1024.496826171875,24.530000686645508,-93.00700378417969,390,0,0,0,0.0,0.0,0.0,0,0
10479322,4,4.144335746765137,10478251,0.75958251953125,-0.27642822265625,-0.57281494140625,-0.13616943359375,0,8.50390625,-3.1015625,2.453125,-0.587890625,-0.125,1.119140625,776,10479316,1024.50927734375,24.530000686645508,-93.11005401611328,391,0,0,0,0.0,0.0,0.0,0,0
10488322,4,4.144335746765137,10487251,0.75921630859375,-0.27935791015625,-0.57232666015625,-0.1343994140625,0,8.50390625,-3.1015625,2.453125,-0.7421875,-0.337890625,1.017578125,778,10488316,1024.50927734375,24.530000686645508,-93.11005401611328,392,0,0,0,0.0,0.0,0.0,0,0
10501322,4,4.137890815734863,10500251,0.75811767578125,-0.28570556640625,-0.5711669921875,-0.1317138671875,0,8.50390625,-3.1015625,2.453125,-0.92578125,-0.52734375,1.052734375,780,10501316,1024.472900390625,24.530000686645508,-92.81147003173828,393,0,0,0,0.0,0.0,0.0,0,0
10507322,4,4.150781154632568,10506251,0.75531005859375,-0.295654296875,-0.5706787109375,-0.12841796875,0,8.50390625,-3.1015625,2.453125,-0.931640625,-0.625,1.201171875,782,10507316,1024.472900390625,24.530000686645508,-92.81147003173828,394,0,0,0,0.0,0.0,0.0,0,0
10515322,4,4.1572265625,10514251,0.75469970703125,-0.29730224609375,-0.5706787109375,-0.12786865234375,0,8.50390625,-3.1015625,2.453125,-0.912109375,-0.58203125,1.271484375,784,10515316,1024.46875,24.530000686645508,-92.7771224975586,395,0,0,0,0.0,0.0,0.0,0,0
10521322,4,4.137890815734863,10520251,0.75286865234375,-0.3031005859375,-0.570556640625,-0.12567138671875,0,8.50390625,-3.1015625,2.453125,-0.865234375,-0.5,1.357421875,786,10521316,1024.46875,24.530000686645508,-92.7771224975586,396,0,0,0,0.0,0.0,0.0,0,0
10536322,4,4.163671970367432,10535251,0.751953125,-0.306396484375,-0.5703125,-0.124267578125,0,8.50390625,-3.1015625,2.453125,-0.6015625,-0.259765625,1.447265625,788,10536316,1024.45703125,24.520000457763672,-92.67935943603516,397,0,0,0,0.0,0.0,0.0,0,0
10545322,4,4.150781154632568,10544251,0.74951171875,-0.3187255859375,-0.56829833984375,-0.11700439453125,0,8.50390625,-3.1015625,2.453125,-0.470703125,-0.173828125,1.390625,790,10545316,1024.45703125,24.520000457763672,-92.67935943603516,398,0,0,0,0.0,0.0,0.0,0,0
10551322,4,4.150781154632568,10550251,0.74896240234375,-0.32293701171875,-0.56719970703125,-0.1142578125,0,8.50390625,-3.1015625,2.453125,-0.427734375,-0.150390625,1.345703125,792,10551316,1024.45703125,24.520000457763672,-92.67935943603516,399,0,0,0,0.0,0.0,0.0,0,0
10557322,4,4.144335746765137,10556251,0.74847412109375,-0.3280029296875,-0.565673828125,-0.1107177734375,0,8.50390625,-3.1015625,2.453125,-0.37890625,-0.1640625,1.220703125,794,10557316,1024.469482421875,24.520000457763672,-92.78240966796875,400,0,0,0,0.0,0.0,0.0,0,0
10572322,4,4.137890815734863,10571251,0.74822998046875,-0.3310546875,-0.56463623046875,-0.1083984375,0,8.50390625,-3.1015625,2.453125,-0.349609375,-0.271484375,0.98046875,796,10572316,1024.5029296875,24.520000457763672,-93.05721282958984,401,0,0,0,0.0,0.0,0.0,0,0
10578322,4,4.144335746765137,10577251,0.74737548828125,-0.3385009765625,-0.5623779296875,-0.10272216796875,0,8.50390625,-3.1015625,2.453125,-0.396484375,-0.28515625,0.908203125,798,10578316,1024.5029296875,24.530000686645508,-93.05721282958984,402,0,0,0,0.0,0.0,0.0,0,0
10586322,4,4.144335746765137,10585251,0.74688720703125,-0.34130859375,-0.561767578125,-0.1007080078125,0,8.50390625,-3.1015625,2.453125,-0.451171875,-0.33984375,0.84375,800,10586316,1024.5029296875,24.530000686645508,-93.05721282958984,403,0,0,0,0.0,0.0,0.0,0,0
10601322,4,4.1572265625,10600251,0.74609375,-0.34442138671875,-0.56121826171875,-0.0986328125,2,17.9296875,-8.390625,3.5234375,-0.451171875,-0.33984375,0.84375,802,10601316,1024.516845703125,24.530000686645508,-93.17082977294922,404,0,0,0,0.0,0.0,0.0,0,0
10607376,4,4.131445407867432,10606305,0.7427978515625,-0.3524169921875,-0.5614013671875,-0.0943603515625,2,17.9296875,-8.390625,3.5234375,-0.517578125,-0.50390625,0.654296875,804,10607370,1024.516845703125,24.530000686645508,-93.17082977294922,405,0,0,0,0.0,0.0,0.0,0,0
10615376,4,4.1572265625,10614305,0.73980712890625,-0.356201171875,-0.56304931640625,-0.0938720703125,2,17.9296875,-8.390625,3.5234375,-0.64453125,-0.646484375,0.171875,806,10615370,1024.5009765625,24.530000686645508,-93.0413589477539,406,0,0,0,0.0,0.0,0.0,0,0
10622376,4,4.144335746765137,10621305,0.73822021484375,-0.3577880859375,-0.56402587890625,-0.0941162109375,2,17.9296875,-8.390625,3.5234375,-0.693359375,-0.671875,-0.01953125,808,10622370,1024.5009765625,24.530000686645508,-93.0413589477539,407,0,0,0,0.0,0.0,0.0,0,0
10635376,4,4.150781154632568,10634305,0.73541259765625,-0.35980224609375,-0.56622314453125,-0.09564208984375,2,17.9296875,-8.390625,3.5234375,-0.76171875,-0.671875,-0.400390625,810,10635370,1024.5185546875,24.530000686645508,-93.18668365478516,408,0,0,0,0.0,0.0,0.0,0,0
10643376,4,4.137890815734863,10642305,0.7318115234375,-0.36126708984375,-0.5692138671875,-0.09954833984375,2,17.9296875,-8.390625,3.5234375,-0.76953125,-0.49609375,-0.78515625,812,10643370,1024.5185546875,24.530000686645508,-93.18668365478516,409,0,0,0,0.0,0.0,0.0,0,0
10651376,4,4.137890815734863,10650305,0.73028564453125,-0.36126708984375,-0.5706787109375,-0.10260009765625,2,17.9296875,-8.390625,3.5234375,-0.693359375,-0.1875,-1.16015625,814,10651370,1024.513916015625,24.530000686645508,-93.14704895019531,410,0,0,0,0.0,0.0,0.0,0,0
10658376,4,4.1572265625,10657305,0.72857666015625,-0.360595703125,-0.5723876953125,-0.107421875,2,17.9296875,-8.390625,3.5234375,-0.5859375,-0.01953125,-1.3359375,816,10658370,1024.513916015625,24.530000686645508,-93.14704895019531,411,0,0,0,0.0,0.0,0.0,0,0
10671376,4,4.144335746765137,10670305,0.72802734375,-0.35906982421875,-0.5733642578125,-0.11083984375,2,17.9296875,-8.390625,3.5234375,-0.20703125,0.25390625,-1.68359375,818,10671370,1024.501953125,24.530000686645508,-93.04928588867188,412,0,0,0,0.0,0.0,0.0,0,0
10679376,4,4.137890815734863,10678305,0.727783203125,-0.35174560546875,-0.57635498046875,-0.1201171875,2,17.9296875,-8.390625,3.5234375,0.30078125,0.3984375,-2.07421875,820,10679370,1024.501953125,24.530000686645508,-93.04928588867188,413,0,0,0,0.0,0.0,0.0,0,0
10686376,4,4.131445407867432,10685305,0.727783203125,-0.34674072265625,-0.57843017578125,-0.124755859375,2,17.9296875,-8.390625,3.5234375,0.76171875,0.365234375,-2.50390625,822,10686370,1024.501953125,24.530000686645508,-93.04928588867188,414,0,0,0,0.0,0.0,0.0,0,0
10693376,4,4.131445407867432,10692305,0.72772216796875,-0.33978271484375,-0.58123779296875,-0.13079833984375,2,17.9296875,-8.390625,3.5234375,0.927734375,0.337890625,-2.75,824,10693370,1024.479248046875,24.530000686645508,-92.86431884765625,415,0,0,0,0.0,0.0,0.0,0,0
10705376,4,4.144335746765137,10704305,0.728271484375,-0.33013916015625,-0.58465576171875,-0.13690185546875,2,17.9296875,-8.390625,3.5234375,1.142578125,0.283203125,-3.291015625,826,10705370,1024.479248046875,24.530000686645508,-92.86431884765625,416,0,0,0,0.0,0.0,0.0,0,0
10713376,4,4.1572265625,10712305,0.7283935546875,-0.3089599609375,-0.5926513671875,-0.1507568359375,2,17.9296875,-8.390625,3.5234375,1.21484375,0.1796875,-3.826171875,828,10713370,1024.505615234375,24.530000686645508,-93.0783462524414,417,0,0,0,0.0,0.0,0.0,0,0
10720322,4,4.150781154632568,10719251,0.7283935546875,-0.3089599609375,-0.5926513671875,-0.1507568359375,0,12.6796875,-9.4609375,2.0703125,1.26953125,0.0078125,-4.14453125,830,10720316,1024.505615234375,24.530000686645508,-93.0783462524414,418,0,0,0,0.0,0.0,0.0,0,0
10735322,4,4.1572265625,10734251,0.72784423828125,-0.29888916015625,-0.59661865234375,-0.157958984375,0,12.6796875,-9.4609375,2.0703125,1.474609375,-0.11328125,-3.916015625,832,10735316,1024.469482421875,24.530000686645508,-92.78240966796875,419,0,0,0,0.0,0.0,0.0,0,0
10743322,4,4.144335746765137,10742251,0.7244873046875,-0.265869140625,-0.6104736328125,-0.17816162109375,0,12.6796875,-9.4609375,2.0703125,1.599609375,-0.095703125,-3.634765625,834,10743316,1024.469482421875,24.530000686645508,-92.78240966796875,420,0,0,0,0.0,0.0,0.0,0,0
10751322,4,4.144335746765137,10750251,0.7232666015625,-0.2548828125,-0.61444091796875,-0.185302734375,0,12.6796875,-9.4609375,2.0703125,1.666015625,-0.103515625,-3.29296875,836,10751316,1024.501220703125,24.530000686645508,-93.04399871826172,421,0,0,0,0.0,0.0,0.0,0,0
10757322,4,4.1572265625,10756251,0.7220458984375,-0.241455078125,-0.6195068359375,-0.19122314453125,2,2.37890625,-0.8828125,-1.72265625,1.666015625,-0.103515625,-3.29296875,838,10757316,1024.501220703125,24.530000686645508,-93.04399871826172,422,0,0,0,0.0,0.0,0.0,0,0
10768376,4,4.131445407867432,10767305,0.720947265625,-0.230224609375,-0.62322998046875,-0.19720458984375,2,2.37890625,-0.8828125,-1.72265625,1.6171875,-0.087890625,-3.171875,840,10768370,1024.501220703125,24.530000686645508,-93.04399871826172,423,0,0,0,0.0,0.0,0.0,0,0
10775376,4,4.1572265625,10774305,0.71929931640625,-0.215087890625,-0.62860107421875,-0.20294189453125,2,2.37890625,-0.8828125,-1.72265625,1.43359375,-0.078125,-2.994140625,842,10775370,1024.481201171875,24.530000686645508,-92.88017272949219,424,0,0,0,0.0,0.0,0.0,0,0
10782376,4,4.144335746765137,10781305,0.718017578125,-0.2059326171875,-0.6317138671875,-0.20733642578125,2,2.37890625,-0.8828125,-1.72265625,1.13671875,-0.080078125,-2.92578125,844,10782370,1024.481201171875,24.530000686645508,-92.88017272949219,425,0,0,0,0.0,0.0,0.0,0,0
10789376,4,4.144335746765137,10788305,0.71551513671875,-0.1922607421875,-0.63629150390625,-0.215087890625,2,2.37890625,-0.8828125,-1.72265625,0.78515625,-0.080078125,-2.828125,846,10789370,1024.42236328125,24.530000686645508,-92.3966293334961,426,0,0,0,0.0,0.0,0.0,0,0
10801376,4,4.144335746765137,10800305,0.71405029296875,-0.18603515625,-0.6383056640625,-0.21929931640625,2,2.37890625,-0.8828125,-1.72265625,0.615234375,-0.087890625,-2.765625,848,10801370,1024.42236328125,24.530000686645508,-92.3966293334961,427,0,0,0,0.0,0.0,0.0,0,0
10809376,4,4.131445407867432,10808305,0.7100830078125,-0.17218017578125,-0.64276123046875,-0.23016357421875,2,2.37890625,-0.8828125,-1.72265625,0.21875,-0.1015625,-2.443359375,850,10809370,1024.461669921875,24.530000686645508,-92.718994140625,428,0,0,0,0.0,0.0,0.0,0,0
10816376,4,4.137890815734863,10815305,0.70867919921875,-0.1688232421875,-0.6436767578125,-0.23443603515625,2,2.37890625,-0.8828125,-1.72265625,0.125,-0.087890625,-2.27734375,852,10816370,1024.461669921875,24.530000686645508,-92.718994140625,429,0,0,0,0.0,0.0,0.0,0,0
10824376,4,4.144335746765137,10823305,0.70611572265625,-0.1627197265625,-0.64544677734375,-0.24151611328125,2,2.37890625,-0.8828125,-1.72265625,-0.009765625,-0.037109375,-1.86328125,854,10824370,1024.461669921875,24.530000686645508,-92.718994140625,430,0,0,0,0.0,0.0,0.0,0,0
10836376,4,4.163671970367432,10835305,0.7047119140625,-0.1591796875,-0.6463623046875,-0.24554443359375,2,2.37890625,-0.8828125,-1.72265625,-0.0390625,0.009765625,-1.630859375,856,10836370,1024.435791015625,24.530000686645508,-92.50496673583984,431,0,0,0,0.0,0.0,0.0,0,0
10844376,4,4.144335746765137,10843305,0.7034912109375,-0.15509033203125,-0.64691162109375,-0.2501220703125,2,2.37890625,-0.8828125,-1.72265625,0.00390625,0.169921875,-0.90625,858,10844370,1024.435791015625,24.530000686645508,-92.50496673583984,432,0,0,0,0.0,0.0,0.0,0,0
10851376,4,4.131445407867432,10850305,0.7032470703125,-0.1536865234375,-0.64697265625,-0.25152587890625,2,2.37890625,-0.8828125,-1.72265625,0.052734375,0.205078125,-0.654296875,860,10851370,1024.43212890625,24.530000686645508,-92.47589874267578,433,0,0,0,0.0,0.0,0.0,0,0
10863376,4,4.1572265625,10862305,0.703857421875,-0.15167236328125,-0.64654541015625,-0.25213623046875,2,2.37890625,-0.8828125,-1.72265625,0.1953125,0.228515625,-0.2109375,862,10863370,1024.43212890625,24.530000686645508,-92.47589874267578,434,0,0,0,0.0,0.0,0.0,0,0
10870322,4,4.1572265625,10869251,0.703857421875,-0.15167236328125,-0.64654541015625,-0.25213623046875,0,0.69140625,2.98828125,0.11328125,0.318359375,0.234375,0.125,864,10870316,1024.448974609375,24.540000915527344,-92.61329650878906,435,0,0,0,0.0,0.0,0.0,0,0
10878322,4,4.137890815734863,10877251,0.70477294921875,-0.1507568359375,-0.6461181640625,-0.251220703125,0,0.69140625,2.98828125,0.11328125,0.369140625,0.228515625,0.26171875,866,10878316,1024.448974609375,24.540000915527344,-92.61329650878906,436,0,0,0,0.0,0.0,0.0,0,0
10886322,4,4.137890815734863,10885251,0.70599365234375,-0.14996337890625,-0.64556884765625,-0.249755859375,0,0.69140625,2.98828125,0.11328125,0.4375,0.22265625,0.47265625,868,10886316,1024.448974609375,24.540000915527344,-92.61329650878906,437,0,0,0,0.0,0.0,0.0,0,0
10902322,4,4.144335746765137,10901251,0.70709228515625,-0.14959716796875,-0.64501953125,-0.24810791015625,0,0.69140625,2.98828125,0.11328125,0.43359375,0.130859375,0.5703125,870,10902316,1024.40087890625,24.530000686645508,-92.21959686279297,438,0,0,0,0.0,0.0,0.0,0,0
10910322,4,4.163671970367432,10909251,0.71002197265625,-0.14935302734375,-0.64398193359375,-0.2425537109375,0,0.69140625,2.98828125,0.11328125,0.34375,0.056640625,0.5078125,872,10910316,1024.39990234375,24.530000686645508,-92.211669921875,439,0,0,0,0.0,0.0,0.0,0,0
10916322,4,4.150781154632568,10915251,0.7100830078125,-0.1494140625,-0.64398193359375,-0.2423095703125,0,0.69140625,2.98828125,0.11328125,0.28515625,0.025390625,0.458984375,874,10916316,1024.39990234375,24.530000686645508,-92.211669921875,440,0,0,0,0.0,0.0,0.0,0,0
10922322,4,4.137890815734863,10921251,0.71075439453125,-0.14971923828125,-0.6439208984375,-0.2403564453125,0,0.69140625,2.98828125,0.11328125,0.158203125,0.0,0.375,876,10922316,1024.39990234375,24.530000686645508,-92.211669921875,441,0,0,0,0.0,0.0,0.0,0,0
10937322,4,4.144335746765137,10936251,0.71099853515625,-0.150146484375,-0.6439208984375,-0.239501953125,0,0.69140625,2.98828125,0.11328125,0.005859375,0.041015625,0.30859375,878,10937316,1024.370849609375,24.530000686645508,-91.97386169433594,442,0,0,0,0.0,0.0,0.0,0,0
10946322,4,4.150781154632568,10945251,0.7115478515625,-0.15167236328125,-0.64349365234375,-0.238037109375,0,0.69140625,2.98828125,0.11328125,-0.02734375,0.05859375,0.318359375,880,10946316,1024.370849609375,24.530000686645508,-91.97386169433594,443,0,0,0,0.0,0.0,0.0,0,0
10953322,4,4.1572265625,10952251,0.7117919921875,-0.15228271484375,-0.64324951171875,-0.23748779296875,0,0.69140625,2.98828125,0.11328125,-0.056640625,0.08203125,0.39453125,882,10953316,1024.36376953125,24.530000686645508,-91.91572570800781,444,0,0,0,0.0,0.0,0.0,0,0
10960322,4,4.137890815734863,10959251,0.71234130859375,-0.15350341796875,-0.6427001953125,-0.23651123046875,0,0.69140625,2.98828125,0.11328125,-0.029296875,0.12890625,0.490234375,884,10960316,1024.36376953125,24.530000686645508,-91.91572570800781,445,0,0,0,0.0,0.0,0.0,0,0
10973322,4,4.131445407867432,10972251,0.713134765625,-0.15496826171875,-0.6419677734375,-0.235107421875,0,0.69140625,2.98828125,0.11328125,0.013671875,0.19140625,0.591796875,886,10973316,1024.392578125,24.530000686645508,-92.15089416503906,446,0,0,0,0.0,0.0,0.0,0,0
10978322,4,4.150781154632568,10977251,0.71490478515625,-0.15740966796875,-0.64044189453125,-0.232421875,2,7.58984375,0.3046875,0.3046875,0.013671875,0.19140625,0.591796875,888,10978316,1024.392578125,24.530000686645508,-92.15089416503906,447,0,0,0,0.0,0.0,0.0,0,0
10985376,4,4.144335746765137,10984305,0.71551513671875,-0.157958984375,-0.63995361328125,-0.2313232421875,2,7.58984375,0.3046875,0.3046875,0.05078125,0.263671875,0.654296875,890,10985370,1024.392578125,24.530000686645508,-92.15089416503906,448,0,0,0,0.0,0.0,0.0,0,0
10991376,4,4.163671970367432,10990305,0.71636962890625,-0.15875244140625,-0.6392822265625,-0.23004150390625,2,7.58984375,0.3046875,0.3046875,0.080078125,0.291015625,0.662109375,892,10991370,1024.37451171875,24.530000686645508,-92.00292205810547,449,0,0,0,0.0,0.0,0.0,0,0
11003376,4,4.1572265625,11002305,0.7181396484375,-0.16015625,-0.6378173828125,-0.2276611328125,2,7.58984375,0.3046875,0.3046875,0.09375,0.310546875,0.68359375,894,11003370,1024.37451171875,24.530000686645508,-92.00292205810547,450,0,0,0,0.0,0.0,0.0,0,0
11011376,4,4.137890815734863,11010305,0.719970703125,-0.1617431640625,-0.63623046875,-0.22515869140625,2,7.58984375,0.3046875,0.3046875,0.060546875,0.298828125,0.6953125,896,11011370,1024.358154296875,24.530000686645508,-91.8681640625,451,0,0,0,0.0,0.0,0.0,0,0
11019376,4,4.150781154632568,11018305,0.72161865234375,-0.16357421875,-0.63470458984375,-0.2227783203125,2,7.58984375,0.3046875,0.3046875,-0.01953125,0.244140625,0.689453125,898,11019370,1024.358154296875,24.530000686645508,-91.8681640625,452,0,0,0,0.0,0.0,0.0,0,0
11031376,4,4.150781154632568,11030305,0.72222900390625,-0.16436767578125,-0.63421630859375,-0.2218017578125,2,7.58984375,0.3046875,0.3046875,-0.076171875,0.1953125,0.673828125,900,11031370,1024.359130859375,24.530000686645508,-91.87609100341797,453,0,0,0,0.0,0.0,0.0,0,0
11039376,4,4.150781154632568,11038305,0.7236328125,-0.16796875,-0.63250732421875,-0.2193603515625,2,7.58984375,0.3046875,0.3046875,-0.23828125,0.11328125,0.609375,902,11039370,1024.359130859375,24.530000686645508,-91.87609100341797,454,0,0,0,0.0,0.0,0.0,0,0
11046376,4,4.131445407867432,11045305,0.72393798828125,-0.16949462890625,-0.6319580078125,-0.21868896484375,2,7.58984375,0.3046875,0.3046875,-0.400390625,0.037109375,0.615234375,904,11046370,1024.380615234375,24.530000686645508,-92.05313110351562,455,0,0,0,0.0,0.0,0.0,0,0
11053376,4,4.137890815734863,11052305,0.72454833984375,-0.17218017578125,-0.63079833984375,-0.21795654296875,2,7.58984375,0.3046875,0.3046875,-0.5,0.134765625,0.6015625,906,11053370,1024.380615234375,24.530000686645508,-92.05313110351562,456,0,0,0,0.0,0.0,0.0,0,0
11098137,4,4.137890815734863,11097067,0.724853515625,-0.18743896484375,-0.62744140625,-0.2138671875,2,7.58984375,0.3046875,0.3046875,-0.439453125,-0.044921875,0.685546875,908,11098132,1024.410400390625,24.530000686645508,-92.29621887207031,457,0,0,0,0.0,0.0,0.0,0,0
11108376,4,4.150781154632568,11107305,0.72686767578125,-0.19610595703125,-0.62408447265625,-0.208984375,2,7.58984375,0.3046875,0.3046875,-0.224609375,0.154296875,0.93359375,910,11108370,1024.395751953125,24.520000457763672,-92.17731475830078,458,0,0,0,0.0,0.0,0.0,0,0
11119376,4,4.137890815734863,11118305,0.7274169921875,-0.1976318359375,-0.62335205078125,-0.20782470703125,2,7.58984375,0.3046875,0.3046875,-0.119140625,0.248046875,1.044921875,912,11119370,1024.395751953125,24.520000457763672,-92.17731475830078,459,0,0,0,0.0,0.0,0.0,0,0
11126376,4,4.144335746765137,11125305,0.7281494140625,-0.1993408203125,-0.6224365234375,-0.20648193359375,2,7.58984375,0.3046875,0.3046875,-0.072265625,0.2890625,1.068359375,914,11126370,1024.400390625,24.520000457763672,-92.21430969238281,460,0,0,0,0.0,0.0,0.0,0,0
11137322,4,4.144335746765137,11136251,0.7281494140625,-0.1993408203125,-0.6224365234375,-0.20648193359375,0,7.31640625,-0.34375,0.3828125,-0.078125,0.271484375,1.07421875,916,11137316,1024.400390625,24.520000457763672,-92.21430969238281,461,0,0,0,0.0,0.0,0.0,0,0
11145322,4,4.144335746765137,11144251,0.72894287109375,-0.20135498046875,-0.62139892578125,-0.20489501953125,0,7.31640625,-0.34375,0.3828125,-0.2109375,0.189453125,1.015625,918,11145316,1024.4384765625,24.520000457763672,-92.52874755859375,462,0,0,0,0.0,0.0,0.0,0,0
11151322,4,4.150781154632568,11150251,0.73126220703125,-0.2069091796875,-0.61834716796875,-0.2000732421875,0,7.31640625,-0.34375,0.3828125,-0.3984375,0.134765625,0.921875,920,11151316,1024.4384765625,24.530000686645508,-92.52874755859375,463,0,0,0,0.0,0.0,0.0,0,0
11158322,4,4.137890815734863,11157251,0.73223876953125,-0.210205078125,-0.61676025390625,-0.19805908203125,0,7.31640625,-0.34375,0.3828125,-0.49609375,0.107421875,0.884765625,922,11158316,1024.4384765625,24.530000686645508,-92.52874755859375,464,0,0,0,0.0,0.0,0.0,0,0
11172322,4,4.144335746765137,11171251,0.7327880859375,-0.212890625,-0.6156005859375,-0.19683837890625,0,7.31640625,-0.34375,0.3828125,-0.775390625,0.044921875,0.85546875,924,11172316,1024.4091796875,24.520000457763672,-92.28829193115234,465,0,0,0,0.0,0.0,0.0,0,0
11178322,4,4.137890815734863,11177251,0.7335205078125,-0.22222900390625,-0.61212158203125,-0.1947021484375,0,7.31640625,-0.34375,0.3828125,-0.8515625,0.0390625,0.875,926,11178316,1024.4091796875,24.520000457763672,-92.28829193115234,466,0,0,0,0.0,0.0,0.0,0,0
11185322,4,4.144335746765137,11184251,0.7335205078125,-0.22296142578125,-0.61187744140625,-0.194580078125,0,7.31640625,-0.34375,0.3828125,-0.908203125,0.060546875,0.9140625,928,11185316,1024.433837890625,24.530000686645508,-92.4891128540039,467,0,0,0,0.0,0.0,0.0,0,0
11201322,4,4.144335746765137,11200251,0.7335205078125,-0.22576904296875,-0.61090087890625,-0.1943359375,0,7.31640625,-0.34375,0.3828125,-0.953125,0.228515625,1.0859375,930,11201316,1024.433837890625,24.530000686645508,-92.4891128540039,468,0,0,0,0.0,0.0,0.0,0,0
11206322,4,4.137890815734863,11205251,0.734130859375,-0.2388916015625,-0.60552978515625,-0.193115234375,2,8.42578125,-2.10546875,1.609375,-0.953125,0.228515625,1.0859375,932,11206316,1024.392333984375,24.520000457763672,-92.14825439453125,469,0,0,0,0.0,0.0,0.0,0,0
11212376,4,4.131445407867432,11211305,0.7344970703125,-0.2420654296875,-0.60400390625,-0.192626953125,2,8.42578125,-2.10546875,1.609375,-0.90625,0.349609375,1.19921875,934,11212370,1024.392333984375,24.520000457763672,-92.14825439453125,470,0,0,0,0.0,0.0,0.0,0,0
11220376,4,4.144335746765137,11219305,0.7359619140625,-0.2484130859375,-0.60009765625,-0.19110107421875,2,8.42578125,-2.10546875,1.609375,-0.8046875,0.490234375,1.341796875,936,11220370,1024.392333984375,24.520000457763672,-92.14825439453125,471,0,0,0,0.0,0.0,0.0,0,0
11233376,4,4.144335746765137,11232305,0.73687744140625,-0.25164794921875,-0.59796142578125,-0.1900634765625,2,8.42578125,-2.10546875,1.609375,-0.736328125,0.529296875,1.396484375,938,11233370,1024.41650390625,24.530000686645508,-92.34906768798828,472,0,0,0,0.0,0.0,0.0,0,0
11238321,4,4.137890815734863,11232305,0.73687744140625,-0.25164794921875,-0.59796142578125,-0.1900634765625,2,8.42578125,-2.10546875,1.609375,-0.736328125,0.529296875,1.396484375,938,11238316,1024.41650390625,24.530000686645508,-92.34906768798828,473,0,0,0,0.0,0.0,0.0,0,0
11246322,4,4.150781154632568,11245251,0.7401123046875,-0.26153564453125,-0.5909423828125,-0.18603515625,0,8.42578125,-2.10546875,1.609375,-0.5859375,0.4140625,1.482421875,940,11246316,1024.42822265625,24.530000686645508,-92.4441909790039,474,0,0,0,0.0,0.0,0.0,0,0
11252322,4,4.137890815734863,11251251,0.74090576171875,-0.26416015625,-0.58917236328125,-0.1846923828125,0,8.42578125,-2.10546875,1.609375,-0.60546875,0.232421875,1.48046875,942,11252316,1024.42822265625,24.530000686645508,-92.4441909790039,475,0,0,0,0.0,0.0,0.0,0,0
11266322,4,4.144335746765137,11265251,0.7420654296875,-0.268798828125,-0.58642578125,-0.1822509765625,0,8.42578125,-2.10546875,1.609375,-0.6640625,-0.021484375,1.400390625,944,11266316,1024.4228515625,24.530000686645508,-92.3992691040039,476,0,0,0,0.0,0.0,0.0,0,0
11272322,4,4.1572265625,11271251,0.74334716796875,-0.2783203125,-0.58184814453125,-0.17730712890625,0,8.42578125,-2.10546875,1.609375,-0.80078125,-0.2265625,1.2890625,946,11272316,1024.4228515625,24.530000686645508,-92.3992691040039,477,0,0,0,0.0,0.0,0.0,0,0
11279322,4,4.137890815734863,11278251,0.74322509765625,-0.2816162109375,-0.58087158203125,-0.17584228515625,0,8.42578125,-2.10546875,1.609375,-0.83984375,-0.310546875,1.228515625,948,11279316,1024.4228515625,24.530000686645508,-92.3992691040039,478,0,0,0,0.0,0.0,0.0,0,0
11286322,4,4.137890815734863,11285251,0.74285888671875,-0.2855224609375,-0.5799560546875,-0.1741943359375,0,8.42578125,-2.10546875,1.609375,-0.791015625,-0.478515625,1.1640625,950,11286316,1024.42041015625,24.530000686645508,-92.38077545166016,479,0,0,0,0.0,0.0,0.0,0,0
11300322,4,4.144335746765137,11299251,0.741455078125,-0.29364013671875,-0.57861328125,-0.1710205078125,0,8.42578125,-2.10546875,1.609375,-0.69921875,-0.521484375,1.146484375,952,11300316,1024.42041015625,24.530000686645508,-92.38077545166016,480,0,0,0,0.0,0.0,0.0,0,0
11306322,4,4.144335746765137,11305251,0.73870849609375,-0.30499267578125,-0.57763671875,-0.16619873046875,0,8.42578125,-2.10546875,1.609375,-0.607421875,-0.486328125,1.19140625,954,11306316,1024.451416015625,24.530000686645508,-92.63443756103516,481,0,0,0,0.0,0.0,0.0,0,0
11311322,4,4.144335746765137,11310251,0.73822021484375,-0.3070068359375,-0.5775146484375,-0.1651611328125,2,11.15234375,-5.25,2.71875,-0.607421875,-0.486328125,1.19140625,956,11311316,1024.451416015625,24.530000686645508,-92.63443756103516,482,0,0,0,0.0,0.0,0.0,0,0
11324376,4,4.137890815734863,11323305,0.73760986328125,-0.31005859375,-0.57720947265625,-0.163330078125,2,11.15234375,-5.25,2.71875,-0.51171875,-0.4453125,1.251953125,958,11324370,1024.4404296875,24.520000457763672,-92.54460144042969,483,0,0,0,0.0,0.0,0.0,0,0
11333376,4,4.137890815734863,11332305,0.73626708984375,-0.31842041015625,-0.5760498046875,-0.15716552734375,2,11.15234375,-5.25,2.71875,-0.375,-0.453125,1.28515625,960,11333370,1024.4404296875,24.520000457763672,-92.54460144042969,484,0,0,0,0.0,0.0,0.0,0,0
11340376,4,4.150781154632568,11339305,0.73504638671875,-0.3243408203125,-0.5755615234375,-0.15234375,2,11.15234375,-5.25,2.71875,-0.38671875,-0.556640625,1.224609375,962,11340370,1024.4404296875,24.520000457763672,-92.54460144042969,485,0,0,0,0.0,0.0,0.0,0,0
11346376,4,4.144335746765137,11345305,0.7344970703125,-0.32647705078125,-0.57550048828125,-0.150634765625,2,11.15234375,-5.25,2.71875,-0.39453125,-0.623046875,1.162109375,964,11346370,1024.453369140625,24.530000686645508,-92.6502914428711,486,0,0,0,0.0,0.0,0.0,0,0
11357376,4,4.144335746765137,11356305,0.7332763671875,-0.33013916015625,-0.57568359375,-0.14776611328125,2,11.15234375,-5.25,2.71875,-0.400390625,-0.685546875,1.08203125,966,11357370,1024.453369140625,24.530000686645508,-92.6502914428711,487,0,0,0,0.0,0.0,0.0,0,0
11365376,4,4.137890815734863,11364305,0.73046875,-0.336181640625,-0.5770263671875,-0.14306640625,2,11.15234375,-5.25,2.71875,-0.3515625,-0.90625,0.84765625,968,11365370,1024.431396484375,24.530000686645508,-92.47061157226562,488,0,0,0,0.0,0.0,0.0,0,0
11371376,4,4.131445407867432,11370305,0.72906494140625,-0.33831787109375,-0.57794189453125,-0.1412353515625,2,11.15234375,-5.25,2.71875,-0.353515625,-0.966796875,0.798828125,970,11371370,1024.431396484375,24.530000686645508,-92.47061157226562,489,0,0,0,0.0,0.0,0.0,0,0
11376376,4,4.144335746765137,11375305,0.727294921875,-0.3409423828125,-0.57916259765625,-0.13916015625,2,11.15234375,-5.25,2.71875,-0.361328125,-1.037109375,0.767578125,972,11376370,1024.431396484375,24.530000686645508,-92.47061157226562,490,0,0,0,0.0,0.0,0.0,0,0
11388376,4,4.163671970367432,11387305,0.72430419921875,-0.34466552734375,-0.5814208984375,-0.1361083984375,2,11.15234375,-5.25,2.71875,-0.37890625,-1.146484375,0.662109375,974,11388370,1024.434814453125,24.530000686645508,-92.49703979492188,491,0,0,0,0.0,0.0,0.0,0,0
11395376,4,4.150781154632568,11394305,0.7200927734375,-0.3492431640625,-0.58465576171875,-0.13262939453125,2,11.15234375,-5.25,2.71875,-0.48046875,-1.224609375,0.603515625,976,11395370,1024.434814453125,24.530000686645508,-92.49703979492188,492,0,0,0,0.0,0.0,0.0,0,0
11402322,4,4.137890815734863,11401251,0.7200927734375,-0.3492431640625,-0.58465576171875,-0.13262939453125,0,14.29296875,-3.75390625,0.765625,-0.548828125,-1.263671875,0.59765625,978,11402316,1024.4580078125,24.520000457763672,-92.68728637695312,493,0,0,0,0.0,0.0,0.0,0,0
11409322,4,4.150781154632568,11408251,0.718505859375,-0.3509521484375,-0.58587646484375,-0.13153076171875,0,14.29296875,-3.75390625,0.765625,-0.623046875,-1.244140625,0.638671875,980,11409316,1024.4580078125,24.520000457763672,-92.68728637695312,494,0,0,0,0.0,0.0,0.0,0,0
11424322,4,4.144335746765137,11423251,0.714111328125,-0.355712890625,-0.58905029296875,-0.128662109375,0,14.29296875,-3.75390625,0.765625,-0.748046875,-1.20703125,0.638671875,982,11424316,1024.431396484375,24.530000686645508,-92.47061157226562,495,0,0,0,0.0,0.0,0.0,0,0
11431322,4,4.144335746765137,11430251,0.70751953125,-0.3634033203125,-0.59307861328125,-0.1251220703125,0,14.29296875,-3.75390625,0.765625,-0.935546875,-1.16796875,0.5,984,11431316,1024.431396484375,24.530000686645508,-92.47061157226562,496,0,0,0,0.0,0.0,0.0,0,0
11437322,4,4.150781154632568,11436251,0.70416259765625,-0.36724853515625,-0.594970703125,-0.12371826171875,0,14.29296875,-3.75390625,0.765625,-1.060546875,-1.111328125,0.37109375,986,11437316,1024.431396484375,24.530000686645508,-92.47061157226562,497,0,0,0,0.0,0.0,0.0,0,0
11452322,4,4.137890815734863,11451251,0.70257568359375,-0.36895751953125,-0.59576416015625,-0.12371826171875,0,14.29296875,-3.75390625,0.765625,-1.39453125,-0.88671875,-0.19140625,988,11452316,1024.44091796875,24.530000686645508,-92.54988098144531,498,0,0,0,0.0,0.0,0.0,0,0
11459322,4,4.144335746765137,11458251,0.6929931640625,-0.378173828125,-0.600341796875,-0.1275634765625,0,14.29296875,-3.75390625,0.765625,-1.4765625,-0.67578125,-0.599609375,990,11459316,1024.44091796875,24.530000686645508,-92.54988098144531,499,0,0,0,0.0,0.0,0.0,0,0
11465322,4,4.150781154632568,11464251,0.68939208984375,-0.3812255859375,-0.60211181640625,-0.12982177734375,0,14.29296875,-3.75390625,0.765625,-1.458984375,-0.548828125,-0.833984375,992,11465316,1024.480224609375,24.530000686645508,-92.87224578857422,500,0,0,0,0.0,0.0,0.0,0,0
11471322,4,4.150781154632568,11470251,0.6829833984375,-0.3843994140625,-0.60595703125,-0.13641357421875,0,14.29296875,-3.75390625,0.765625,-1.373046875,-0.43359375,-1.1015625,994,11471316,1024.480224609375,24.530000686645508,-92.87224578857422,501,0,0,0,0.0,0.0,0.0,0,0
11486322,4,4.131445407867432,11485251,0.68023681640625,-0.38519287109375,-0.6077880859375,-0.1397705078125,0,14.29296875,-3.75390625,0.765625,-1.048828125,-0.275390625,-1.708984375,996,11486316,1024.440185546875,24.520000457763672,-92.54195404052734,502,0,0,0,0.0,0.0,0.0,0,0
11492322,4,4.137890815734863,11491251,0.670654296875,-0.38299560546875,-0.61602783203125,-0.15509033203125,0,14.29296875,-3.75390625,0.765625,-0.30078125,-0.142578125,-2.5078125,998,11492316,1024.440185546875,24.520000457763672,-92.54195404052734,503,0,0,0,0.0,0.0,0.0,0,0
11498322,4,4.1572265625,11497251,0.66851806640625,-0.37982177734375,-0.619140625,-0.15966796875,0,14.29296875,-3.75390625,0.765625,0.109375,-0.0703125,-2.7421875,1000,11498316,1024.440185546875,24.520000457763672,-92.54195404052734,504,0,0,0,0.0,0.0,0.0,0,0
11506322,4,4.144335746765137,11505251,0.66644287109375,-0.37506103515625,-0.62298583984375,-0.16461181640625,0,14.29296875,-3.75390625,0.765625,0.421875,0.0390625,-2.888671875,1002,11506316,1024.445556640625,24.530000686645508,-92.58687591552734,505,0,0,0,0.0,0.0,0.0,0,0
11521322,4,4.137890815734863,11520251,0.66424560546875,-0.367431640625,-0.62811279296875,-0.17095947265625,0,14.29296875,-3.75390625,0.765625,1.09375,0.126953125,-3.091796875,1004,11521316,1024.46240234375,24.530000686645508,-92.72427368164062,506,0,0,0,0.0,0.0,0.0,0,0
11528322,4,4.144335746765137,11527251,0.66156005859375,-0.34942626953125,-0.638427734375,-0.1807861328125,2,13.02734375,-11.76171875,-0.69140625,1.09375,0.126953125,-3.091796875,1006,11528316,1024.46240234375,24.530000686645508,-92.72427368164062,507,0,0,0,0.0,0.0,0.0,0,0
11534376,4,4.150781154632568,11533305,0.6607666015625,-0.3375244140625,-0.64434814453125,-0.18511962890625,2,13.02734375,-11.76171875,-0.69140625,1.7578125,0.216796875,-3.283203125,1008,11534370,1024.46240234375,24.530000686645508,-92.72427368164062,508,0,0,0,0.0,0.0,0.0,0,0
11542376,4,4.144335746765137,11541305,0.65985107421875,-0.3203125,-0.65228271484375,-0.191162109375,2,13.02734375,-11.76171875,-0.69140625,1.865234375,0.341796875,-3.439453125,1010,11542370,1024.446533203125,24.530000686645508,-92.59480285644531,509,0,0,0,0.0,0.0,0.0,0,0
11554376,4,4.144335746765137,11553305,0.6588134765625,-0.3045654296875,-0.6588134765625,-0.19775390625,2,13.02734375,-11.76171875,-0.69140625,1.642578125,0.517578125,-3.564453125,1012,11554370,1024.446533203125,24.530000686645508,-92.59480285644531,510,0,0,0,0.0,0.0,0.0,0,0
11561376,4,4.1572265625,11560305,0.6575927734375,-0.287841796875,-0.66497802734375,-0.20623779296875,2,13.02734375,-11.76171875,-0.69140625,1.28125,0.689453125,-3.634765625,1014,11561370,1024.43994140625,24.540000915527344,-92.54195404052734,511,0,0,0,0.0,0.0,0.0,0,0
11568376,4,4.131445407867432,11567305,0.65667724609375,-0.2781982421875,-0.66827392578125,-0.21148681640625,2,13.02734375,-11.76171875,-0.69140625,1.111328125,0.732421875,-3.640625,1016,11568370,1024.43994140625,24.540000915527344,-92.54195404052734,512,0,0,0,0.0,0.0,0.0,0,0
11576376,4,4.137890815734863,11575305,0.655029296875,-0.2625732421875,-0.67315673828125,-0.2210693359375,2,13.02734375,-11.76171875,-0.69140625,0.84375,0.791015625,-3.548828125,1018,11576370,1024.43994140625,24.540000915527344,-92.54195404052734,513,0,0,0,0.0,0.0,0.0,0,0
11588376,4,4.144335746765137,11587305,0.65411376953125,-0.25494384765625,-0.6754150390625,-0.22576904296875,2,13.02734375,-11.76171875,-0.69140625,0.76171875,0.79296875,-3.478515625,1020,11588370,1024.4716796875,24.540000915527344,-92.8009033203125,514,0,0,0,0.0,0.0,0.0,0,0
11596376,4,4.150781154632568,11595305,0.65234375,-0.232177734375,-0.680908203125,-0.238525390625,2,13.02734375,-11.76171875,-0.69140625,0.642578125,0.80078125,-3.16015625,1022,11596370,1024.4716796875,24.540000915527344,-92.8009033203125,515,0,0,0,0.0,0.0,0.0,0,0
11604376,4,4.144335746765137,11603305,0.6517333984375,-0.22509765625,-0.6824951171875,-0.242431640625,2,13.02734375,-11.76171875,-0.69140625,0.62109375,0.79296875,-3.041015625,1024,11604370,1024.405517578125,24.530000686645508,-92.25658416748047,516,0,0,0,0.0,0.0,0.0,0,0
11616376,4,4.144335746765137,11615305,0.65081787109375,-0.2120361328125,-0.6849365234375,-0.24969482421875,2,13.02734375,-11.76171875,-0.69140625,0.611328125,0.728515625,-2.75,1026,11616370,1024.405517578125,24.530000686645508,-92.25658416748047,517,0,0,0,0.0,0.0,0.0,0,0
11624376,4,4.1572265625,11623305,0.65045166015625,-0.19580078125,-0.6865234375,-0.25946044921875,2,13.02734375,-11.76171875,-0.69140625,0.595703125,0.69921875,-2.46484375,1028,11624370,1024.417236328125,24.530000686645508,-92.35435485839844,518,0,0,0,0.0,0.0,0.0,0,0
11631376,4,4.150781154632568,11630305,0.65032958984375,-0.189208984375,-0.68701171875,-0.26324462890625,2,13.02734375,-11.76171875,-0.69140625,0.55078125,0.607421875,-2.130859375,1030,11631370,1024.417236328125,24.530000686645508,-92.35435485839844,519,0,0,0,0.0,0.0,0.0,0,0
11636376,4,4.1572265625,11635305,0.65020751953125,-0.18438720703125,-0.6873779296875,-0.26593017578125,2,13.02734375,-11.76171875,-0.69140625,0.5234375,0.5234375,-1.900390625,1032,11636370,1024.417236328125,24.530000686645508,-92.35435485839844,520,0,0,0,0.0,0.0,0.0,0,0
11648376,4,4.137890815734863,11647305,0.65008544921875,-0.18084716796875,-0.687744140625,-0.267822265625,2,13.02734375,-11.76171875,-0.69140625,0.478515625,0.4140625,-1.65234375,1034,11648370,1024.423095703125,24.530000686645508,-92.40191650390625,521,0,0,0,0.0,0.0,0.0,0,0
11656322,4,4.144335746765137,11655251,0.65008544921875,-0.18084716796875,-0.687744140625,-0.267822265625,0,-4.2890625,6.85546875,-1.1875,0.28515625,0.1484375,-0.94140625,1036,11656316,1024.423095703125,24.530000686645508,-92.40191650390625,522,0,0,0,0.0,0.0,0.0,0,0
11663322,4,4.163671970367432,11662251,0.6495361328125,-0.17236328125,-0.689208984375,-0.27093505859375,0,-4.2890625,6.85546875,-1.1875,0.20703125,0.076171875,-0.7265625,1038,11663316,1024.435546875,24.530000686645508,-92.50496673583984,523,0,0,0,0.0,0.0,0.0,0,0
11671322,4,4.144335746765137,11670251,0.64923095703125,-0.1690673828125,-0.6898193359375,-0.27215576171875,0,-4.2890625,6.85546875,-1.1875,0.060546875,-0.125,-0.212890625,1040,11671316,1024.435546875,24.530000686645508,-92.50496673583984,524,0,0,0,0.0,0.0,0.0,0,0
11686322,4,4.1572265625,11685251,0.6484375,-0.1678466796875,-0.690673828125,-0.27264404296875,0,-4.2890625,6.85546875,-1.1875,-0.009765625,-0.166015625,-0.087890625,1042,11686316,1024.434814453125,24.530000686645508,-92.49703979492188,525,0,0,0,0.0,0.0,0.0,0,0
11693322,4,4.137890815734863,11692251,0.6474609375,-0.1676025390625,-0.69158935546875,-0.27288818359375,0,-4.2890625,6.85546875,-1.1875,-0.029296875,-0.25,0.052734375,1044,11693316,1024.434814453125,24.530000686645508,-92.49703979492188,526,0,0,0,0.0,0.0,0.0,0,0
11700322,4,4.150781154632568,11699251,0.64691162109375,-0.16790771484375,-0.69207763671875,-0.27264404296875,0,-4.2890625,6.85546875,-1.1875,-0.01953125,-0.330078125,0.162109375,1046,11700316,1024.424072265625,24.530000686645508,-92.40984344482422,527,0,0,0,0.0,0.0,0.0,0,0
11706322,4,4.150781154632568,11705251,0.646484375,-0.1683349609375,-0.6925048828125,-0.27227783203125,0,-4.2890625,6.85546875,-1.1875,0.017578125,-0.400390625,0.298828125,1048,11706316,1024.424072265625,24.530000686645508,-92.40984344482422,528,0,0,0,0.0,0.0,0.0,0,0
11721322,4,4.1572265625,11720251,0.645751953125,-0.16925048828125,-0.69342041015625,-0.27117919921875,0,-4.2890625,6.85546875,-1.1875,0.08203125,-0.345703125,0.404296875,1050,11721316,1024.4296875,24.530000686645508,-92.45740509033203,529,0,0,0,0.0,0.0,0.0,0,0
11727322,4,4.137890815734863,11726251,0.64520263671875,-0.17059326171875,-0.69439697265625,-0.2691650390625,2,6.015625,-0.765625,0.8828125,0.08203125,-0.345703125,0.404296875,1052,11727316,1024.4296875,24.530000686645508,-92.45740509033203,530,0,0,0,0.0,0.0,0.0,0,0
11734376,4,4.137890815734863,11733305,0.645263671875,-0.17181396484375,-0.6949462890625,-0.26678466796875,2,6.015625,-0.765625,0.8828125,0.13671875,-0.2109375,0.494140625,1054,11734370,1024.4296875,24.530000686645508,-92.45740509033203,531,0,0,0,0.0,0.0,0.0,0,0
11750376,4,4.150781154632568,11749305,0.64569091796875,-0.17230224609375,-0.6949462890625,-0.265380859375,2,6.015625,-0.765625,0.8828125,0.220703125,-0.046875,0.572265625,1056,11750370,1024.429931640625,24.520000457763672,-92.45740509033203,532,0,0,0,0.0,0.0,0.0,0,0
11757376,4,4.144335746765137,11756305,0.6478271484375,-0.17364501953125,-0.69451904296875,-0.26043701171875,2,6.015625,-0.765625,0.8828125,0.255859375,0.078125,0.587890625,1058,11757370,1024.421875,24.520000457763672,-92.39134216308594,533,0,0,0,0.0,0.0,0.0,0,0
11764376,4,4.137890815734863,11763305,0.64874267578125,-0.17401123046875,-0.6942138671875,-0.25872802734375,2,6.015625,-0.765625,0.8828125,0.263671875,0.1484375,0.58984375,1060,11764370,1024.421875,24.520000457763672,-92.39134216308594,534,0,0,0,0.0,0.0,0.0,0,0
11771376,4,4.131445407867432,11770305,0.64990234375,-0.1744384765625,-0.69378662109375,-0.2567138671875,2,6.015625,-0.765625,0.8828125,0.26171875,0.181640625,0.587890625,1062,11771370,1024.421875,24.520000457763672,-92.39134216308594,535,0,0,0,0.0,0.0,0.0,0,0
11784376,4,4.1572265625,11783305,0.650634765625,-0.1746826171875,-0.6934814453125,-0.25537109375,2,6.015625,-0.765625,0.8828125,0.2578125,0.173828125,0.5625,1064,11784370,1024.4091796875,24.520000457763672,-92.28829193115234,536,0,0,0,0.0,0.0,0.0,0,0
11792376,4,4.137890815734863,11791305,0.65289306640625,-0.175537109375,-0.6927490234375,-0.25103759765625,2,6.015625,-0.765625,0.8828125,0.240234375,0.12890625,0.498046875,1066,11792370,1024.4091796875,24.520000457763672,-92.28829193115234,537,0,0,0,0.0,0.0,0.0,0,0
11799376,4,4.144335746765137,11798305,0.6539306640625,-0.1759033203125,-0.69244384765625,-0.24896240234375,2,6.015625,-0.765625,0.8828125,0.232421875,0.12109375,0.484375,1068,11799370,1024.435546875,24.520000457763672,-92.50496673583984,538,0,0,0,0.0,0.0,0.0,0,0
11806376,4,4.137890815734863,11805305,0.65472412109375,-0.17620849609375,-0.692138671875,-0.24737548828125,2,6.015625,-0.765625,0.8828125,0.236328125,0.130859375,0.458984375,1070,11806370,1024.435546875,24.520000457763672,-92.50496673583984,539,0,0,0,0.0,0.0,0.0,0,0
11819376,4,4.150781154632568,11818305,0.655517578125,-0.17633056640625,-0.69189453125,-0.24591064453125,2,6.015625,-0.765625,0.8828125,0.2421875,0.134765625,0.443359375,1072,11819370,1024.451416015625,24.530000686645508,-92.63443756103516,540,0,0,0,0.0,0.0,0.0,0,0
11826376,4,4.144335746765137,11825305,0.65777587890625,-0.1766357421875,-0.69110107421875,-0.24176025390625,2,6.015625,-0.765625,0.8828125,0.25390625,0.14453125,0.416015625,1074,11826370,1024.451416015625,24.530000686645508,-92.63443756103516,541,0,0,0,0.0,0.0,0.0,0,0
11834376,4,4.144335746765137,11833305,0.6585693359375,-0.17669677734375,-0.69085693359375,-0.24041748046875,2,6.015625,-0.765625,0.8828125,0.240234375,0.1640625,0.400390625,1076,11834370,1024.451416015625,24.530000686645508,-92.63443756103516,542,0,0,0,0.0,0.0,0.0,0,0
11841376,4,4.150781154632568,11840305,0.659423828125,-0.17681884765625,-0.69049072265625,-0.23895263671875,2,6.015625,-0.765625,0.8828125,0.220703125,0.166015625,0.388671875,1078,11841370,1024.43115234375,24.520000457763672,-92.46797180175781,543,0,0,0,0.0,0.0,0.0,0,0
11854322,4,4.137890815734863,11853251,0.659423828125,-0.17681884765625,-0.69049072265625,-0.23895263671875,0,10.69140625,0.8046875,-0.765625,0.19921875,0.166015625,0.384765625,1080,11854316,1024.43115234375,24.520000457763672,-92.46797180175781,544,0,0,0,0.0,0.0,0.0,0,0
11862322,4,4.150781154632568,11861251,0.66015625,-0.17694091796875,-0.69012451171875,-0.23779296875,0,10.69140625,0.8046875,-0.765625,0.03125,0.134765625,0.28515625,1082,11862316,1024.424072265625,24.530000686645508,-92.40984344482422,545,0,0,0,0.0,0.0,0.0,0,0
11868322,4,4.144335746765137,11867251,0.6614990234375,-0.1778564453125,-0.689208984375,-0.23614501953125,0,10.69140625,0.8046875,-0.765625,-0.052734375,0.13671875,0.244140625,1084,11868316,1024.424072265625,24.530000686645508,-92.40984344482422,546,0,0,0,0.0,0.0,0.0,0,0
11882322,4,4.1572265625,11881251,0.66180419921875,-0.17816162109375,-0.68890380859375,-0.23590087890625,0,10.69140625,0.8046875,-0.765625,-0.16015625,0.146484375,0.212890625,1086,11882316,1024.4306640625,24.520000457763672,-92.46533203125,547,0,0,0,0.0,0.0,0.0,0,0
11889322,4,4.137890815734863,11888251,0.6627197265625,-0.17950439453125,-0.687744140625,-0.23565673828125,0,10.69140625,0.8046875,-0.765625,-0.23046875,0.177734375,0.193359375,1088,11889316,1024.4306640625,24.520000457763672,-92.46533203125,548,0,0,0,0.0,0.0,0.0,0,0
11897322,4,4.137890815734863,11896251,0.6629638671875,-0.1798095703125,-0.68743896484375,-0.2357177734375,0,10.69140625,0.8046875,-0.765625,-0.25390625,0.203125,0.185546875,1090,11897316,1024.46337890625,24.530000686645508,-92.7322006225586,549,0,0,0,0.0,0.0,0.0,0,0
11903322,4,4.144335746765137,11902251,0.66357421875,-0.18072509765625,-0.6865234375,-0.23590087890625,0,10.69140625,0.8046875,-0.765625,-0.267578125,0.22265625,0.1796875,1092,11903316,1024.46337890625,24.530000686645508,-92.7322006225586,550,0,0,0,0.0,0.0,0.0,0,0
11918321,4,4.144335746765137,11911306,0.6639404296875,-0.18121337890625,-0.68597412109375,-0.236083984375,2,10.69140625,0.8046875,-0.765625,-0.267578125,0.22265625,0.1796875,1093,11918316,1024.44140625,24.530000686645508,-92.55252838134766,551,0,0,0,0.0,0.0,0.0,0,0
11925322,4,4.137890815734863,11924251,0.66534423828125,-0.18267822265625,-0.68408203125,-0.236572265625,0,10.69140625,0.8046875,-0.765625,-0.251953125,0.240234375,0.16796875,1095,11925316,1024.44140625,24.530000686645508,-92.55252838134766,552,0,0,0,0.0,0.0,0.0,0,0
11931322,4,4.131445407867432,11930251,0.66552734375,-0.182861328125,-0.683837890625,-0.23663330078125,0,10.69140625,0.8046875,-0.765625,-0.23828125,0.236328125,0.13671875,1097,11931316,1024.44140625,24.530000686645508,-92.55252838134766,553,0,0,0,0.0,0.0,0.0,0,0
11937322,4,4.144335746765137,11936251,0.66619873046875,-0.18353271484375,-0.68292236328125,-0.2369384765625,2,9.6875,0.3046875,0.0,-0.23828125,0.236328125,0.13671875,1099,11937316,1024.41845703125,24.520000457763672,-92.36492156982422,554,0,0,0,0.0,0.0,0.0,0,0
11949376,4,4.163671970367432,11948305,0.666748046875,-0.18408203125,-0.68212890625,-0.23724365234375,2,9.6875,0.3046875,0.0,-0.234375,0.21875,0.12890625,1101,11949370,1024.41845703125,24.520000457763672,-92.36492156982422,555,0,0,0,0.0,0.0,0.0,0,0
11956376,4,4.1572265625,11955305,0.66748046875,-0.18505859375,-0.6810302734375,-0.2376708984375,2,9.6875,0.3046875,0.0,-0.232421875,0.189453125,0.126953125,1103,11956370,1024.381591796875,24.520000457763672,-92.0610580444336,556,0,0,0,0.0,0.0,0.0,0,0
11963376,4,4.137890815734863,11962305,0.6678466796875,-0.1856689453125,-0.680419921875,-0.2379150390625,2,9.6875,0.3046875,0.0,-0.24609375,0.169921875,0.12890625,1105,11963370,1024.381591796875,24.520000457763672,-92.0610580444336,557,0,0,0,0.0,0.0,0.0,0,0
11970376,4,4.131445407867432,11969305,0.66815185546875,-0.186279296875,-0.67987060546875,-0.2381591796875,2,9.6875,0.3046875,0.0,-0.2578125,0.150390625,0.13671875,1107,11970370,1024.381591796875,24.520000457763672,-92.0610580444336,558,0,0,0,0.0,0.0,0.0,0,0
11983376,4,4.150781154632568,11982305,0.66827392578125,-0.18670654296875,-0.67950439453125,-0.23828125,2,9.6875,0.3046875,0.0,-0.279296875,0.11328125,0.138671875,1109,11983370,1024.428955078125,24.520000457763672,-92.44947814941406,559,0,0,0,0.0,0.0,0.0,0,0
11991376,4,4.144335746765137,11990305,0.66851806640625,-0.18853759765625,-0.6785888671875,-0.2388916015625,2,9.6875,0.3046875,0.0,-0.314453125,0.056640625,0.13671875,1111,11991370,1024.428955078125,24.520000457763672,-92.44947814941406,560,0,0,0,0.0,0.0,0.0,0,0
11999376,4,4.144335746765137,11998305,0.66845703125,-0.18975830078125,-0.67816162109375,-0.2392578125,2,9.6875,0.3046875,0.0,-0.337890625,-0.001953125,0.142578125,1113,11999370,1024.4482421875,24.520000457763672,-92.60801696777344,561,0,0,0,0.0,0.0,0.0,0,0
12011376,4,4.137890815734863,12010305,0.66839599609375,-0.1905517578125,-0.67791748046875,-0.23944091796875,2,9.6875,0.3046875,0.0,-0.3515625,-0.03515625,0.158203125,1115,12011370,1024.4482421875,24.520000457763672,-92.60801696777344,562,0,0,0,0.0,0.0,0.0,0,0
12018376,4,4.137890815734863,12017305,0.66802978515625,-0.19268798828125,-0.6776123046875,-0.23968505859375,2,9.6875,0.3046875,0.0,-0.376953125,-0.091796875,0.208984375,1117,12018370,1024.438720703125,24.520000457763672,-92.52874755859375,563,0,0,0,0.0,0.0,0.0,0,0
12025376,4,4.144335746765137,12024305,0.66778564453125,-0.19427490234375,-0.6773681640625,-0.2396240234375,2,9.6875,0.3046875,0.0,-0.404296875,-0.12109375,0.29296875,1119,12025370,1024.438720703125,24.520000457763672,-92.52874755859375,564,0,0,0,0.0,0.0,0.0,0,0
12032376,4,4.144335746765137,12031305,0.667724609375,-0.1953125,-0.67724609375,-0.23944091796875,2,9.6875,0.3046875,0.0,-0.400390625,-0.126953125,0.408203125,1121,12032370,1024.438720703125,24.520000457763672,-92.52874755859375,565,0,0,0,0.0,0.0,0.0,0,0
12044376,4,4.1572265625,12043305,0.6678466796875,-0.19775390625,-0.6767578125,-0.23846435546875,2,9.6875,0.3046875,0.0,-0.34765625,-0.09375,0.5703125,1123,12044370,1024.43896484375,24.510000228881836,-92.53138732910156,566,0,0,0,0.0,0.0,0.0,0,0
12052376,4,4.137890815734863,12051305,0.66839599609375,-0.20025634765625,-0.67596435546875,-0.237060546875,2,9.6875,0.3046875,0.0,-0.27734375,0.001953125,0.708984375,1125,12052370,1024.43896484375,24.510000228881836,-92.53138732910156,567,0,0,0,0.0,0.0,0.0,0,0
12059322,4,4.144335746765137,12058251,0.66839599609375,-0.20025634765625,-0.67596435546875,-0.237060546875,0,5.171875,0.7265625,-0.8046875,-0.208984375,0.111328125,0.880859375,1127,12059316,1024.435302734375,24.520000457763672,-92.5023193359375,568,0,0,0,0.0,0.0,0.0,0,0
12089507,4,4.131445407867432,12088436,0.676025390625,-0.213623046875,-0.66949462890625,-0.2216796875,2,5.171875,0.7265625,-0.8046875,-0.208984375,0.111328125,0.880859375,1129,12089501,1024.406005859375,24.520000457763672,-92.26187133789062,569,0,0,0,0.0,0.0,0.0,0,0
12099376,4,4.144335746765137,12098305,0.6766357421875,-0.214599609375,-0.6689453125,-0.220458984375,2,5.171875,0.7265625,-0.8046875,-0.037109375,0.28125,1.353515625,1131,12099370,1024.4521484375,24.520000457763672,-92.63972473144531,570,0,0,0,0.0,0.0,0.0,0,0
12106376,4,4.144335746765137,12105305,0.67919921875,-0.21868896484375,-0.66656494140625,-0.21575927734375,2,5.171875,0.7265625,-0.8046875,-0.099609375,0.318359375,1.42578125,1133,12106370,1024.4521484375,24.520000457763672,-92.63972473144531,571,0,0,0,0.0,0.0,0.0,0,0
12114376,4,4.144335746765137,12113305,0.68084716796875,-0.2215576171875,-0.6649169921875,-0.21258544921875,2,5.171875,0.7265625,-0.8046875,-0.130859375,0.310546875,1.443359375,1135,12114370,1024.443603515625,24.520000457763672,-92.5710220336914,572,0,0,0,0.0,0.0,0.0,0,0
12121376,4,4.150781154632568,12120305,0.68280029296875,-0.225341796875,-0.66290283203125,-0.208740234375,2,5.171875,0.7265625,-0.8046875,-0.197265625,0.263671875,1.474609375,1137,12121370,1024.443603515625,24.520000457763672,-92.5710220336914,573,0,0,0,0.0,0.0,0.0,0,0
12134376,4,4.137890815734863,12133305,0.68402099609375,-0.22808837890625,-0.6614990234375,-0.206298828125,2,5.171875,0.7265625,-0.8046875,-0.228515625,0.2265625,1.48046875,1139,12134370,1024.464599609375,24.520000457763672,-92.7427749633789,574,0,0,0,0.0,0.0,0.0,0,0
12142322,4,4.1572265625,12141251,0.68402099609375,-0.22808837890625,-0.6614990234375,-0.206298828125,0,6.47265625,-1.37890625,0.91796875,-0.36328125,0.13671875,1.49609375,1141,12142316,1024.464599609375,24.520000457763672,-92.7427749633789,575,0,0,0,0.0,0.0,0.0,0,0
12149322,4,4.150781154632568,12148251,0.68670654296875,-0.23602294921875,-0.65789794921875,-0.19976806640625,0,6.47265625,-1.37890625,0.91796875,-0.390625,0.10546875,1.52734375,1143,12149316,1024.464599609375,24.520000457763672,-92.7427749633789,576,0,0,0,0.0,0.0,0.0,0,0
12156322,4,4.137890815734863,12155251,0.688232421875,-0.24200439453125,-0.65533447265625,-0.19580078125,0,6.47265625,-1.37890625,0.91796875,-0.376953125,0.08984375,1.580078125,1145,12156316,1024.42529296875,24.520000457763672,-92.42041015625,577,0,0,0,0.0,0.0,0.0,0,0
12170321,4,4.131445407867432,12164306,0.6895751953125,-0.24822998046875,-0.6527099609375,-0.19189453125,2,6.47265625,-1.37890625,0.91796875,-0.376953125,0.08984375,1.580078125,1146,12170316,1024.42529296875,24.520000457763672,-92.42041015625,578,0,0,0,0.0,0.0,0.0,0,0
12180322,4,4.150781154632568,12179251,0.69171142578125,-0.25860595703125,-0.6484375,-0.18505859375,0,6.47265625,-1.37890625,0.91796875,-0.396484375,0.087890625,1.787109375,1148,12180316,1024.44580078125,24.520000457763672,-92.58951568603516,579,0,0,0,0.0,0.0,0.0,0,0
12186322,4,4.144335746765137,12185251,0.69232177734375,-0.2611083984375,-0.6473388671875,-0.18280029296875,0,6.47265625,-1.37890625,0.91796875,-0.3984375,0.072265625,1.853515625,1150,12186316,1024.44580078125,24.520000457763672,-92.58951568603516,580,0,0,0,0.0,0.0,0.0,0,0
12201322,4,4.137890815734863,12200251,0.6932373046875,-0.265380859375,-0.64556884765625,-0.1795654296875,0,6.47265625,-1.37890625,0.91796875,-0.412109375,-0.041015625,1.994140625,1152,12201316,1024.427490234375,24.520000457763672,-92.43626403808594,581,0,0,0,0.0,0.0,0.0,0,0
12207322,4,4.137890815734863,12206251,0.695556640625,-0.28033447265625,-0.6395263671875,-0.1690673828125,0,6.47265625,-1.37890625,0.91796875,-0.42578125,-0.140625,2.021484375,1154,12207316,1024.427490234375,24.520000457763672,-92.43626403808594,582,0,0,0,0.0,0.0,0.0,0,0
12212322,4,4.150781154632568,12211251,0.6959228515625,-0.28411865234375,-0.63818359375,-0.16632080078125,2,10.03515625,-4.94140625,0.11328125,-0.42578125,-0.140625,2.021484375,1156,12212316,1024.449462890625,24.520000457763672,-92.61858367919922,583,0,0,0,0.0,0.0,0.0,0,0
12222376,4,4.144335746765137,12221305,0.69635009765625,-0.28961181640625,-0.63653564453125,-0.1612548828125,2,10.03515625,-4.94140625,0.11328125,-0.45703125,-0.216796875,1.98828125,1158,12222370,1024.449462890625,24.520000457763672,-92.61858367919922,584,0,0,0,0.0,0.0,0.0,0,0
12234376,4,4.144335746765137,12233305,0.69586181640625,-0.29925537109375,-0.6341552734375,-0.155029296875,2,10.03515625,-4.94140625,0.11328125,-0.552734375,-0.443359375,1.771484375,1160,12234370,1024.429931640625,24.520000457763672,-92.45740509033203,585,0,0,0,0.0,0.0,0.0,0,0
12241376,4,4.144335746765137,12240305,0.6947021484375,-0.3072509765625,-0.6328125,-0.15008544921875,2,10.03515625,-4.94140625,0.11328125,-0.65234375,-0.58203125,1.62109375,1162,12241370,1024.429931640625,24.520000457763672,-92.45740509033203,586,0,0,0,0.0,0.0,0.0,0,0
12247376,4,4.137890815734863,12246305,0.69378662109375,-0.311279296875,-0.63238525390625,-0.1478271484375,2,10.03515625,-4.94140625,0.11328125,-0.67578125,-0.642578125,1.57421875,1164,12247370,1024.429931640625,24.520000457763672,-92.45740509033203,587,0,0,0,0.0,0.0,0.0,0,0
12254376,4,4.137890815734863,12253305,0.69232177734375,-0.3170166015625,-0.63189697265625,-0.1446533203125,2,10.03515625,-4.94140625,0.11328125,-0.689453125,-0.673828125,1.55078125,1166,12254370,1024.441650390625,24.520000457763672,-92.55516815185547,588,0,0,0,0.0,0.0,0.0,0,0
12267376,4,4.150781154632568,12266305,0.690673828125,-0.32281494140625,-0.6314697265625,-0.1414794921875,2,10.03515625,-4.94140625,0.11328125,-0.689453125,-0.666015625,1.546875,1168,12267370,1024.441650390625,24.520000457763672,-92.55516815185547,589,0,0,0,0.0,0.0,0.0,0,0
12274376,4,4.150781154632568,12273305,0.687744140625,-0.33343505859375,-0.63055419921875,-0.1351318359375,2,10.03515625,-4.94140625,0.11328125,-0.75390625,-0.625,1.5390625,1170,12274370,1024.4521484375,24.520000457763672,-92.63972473144531,590,0,0,0,0.0,0.0,0.0,0,0
12282376,4,4.144335746765137,12281305,0.68634033203125,-0.338134765625,-0.6300048828125,-0.13311767578125,2,10.03515625,-4.94140625,0.11328125,-0.900390625,-0.609375,1.462890625,1172,12282370,1024.4521484375,24.520000457763672,-92.63972473144531,591,0,0,0,0.0,0.0,0.0,0,0
12289376,4,4.144335746765137,12288305,0.6846923828125,-0.3433837890625,-0.62933349609375,-0.1312255859375,2,10.03515625,-4.94140625,0.11328125,-1.009765625,-0.609375,1.392578125,1174,12289370,1024.4521484375,24.520000457763672,-92.63972473144531,592,0,0,0,0.0,0.0,0.0,0,0
12302376,4,4.1572265625,12301305,0.6824951171875,-0.3492431640625,-0.6287841796875,-0.1300048828125,2,10.03515625,-4.94140625,0.11328125,-1.28125,-0.64453125,1.203125,1176,12302370,1024.4658203125,24.520000457763672,-92.75334167480469,593,0,0,0,0.0,0.0,0.0,0,0
12310376,4,4.144335746765137,12309305,0.67572021484375,-0.363525390625,-0.62799072265625,-0.12982177734375,2,10.03515625,-4.94140625,0.11328125,-1.779296875,-0.78125,0.916015625,1178,12310370,1024.48193359375,24.520000457763672,-92.88545989990234,594,0,0,0,0.0,0.0,0.0,0,0
12318322,4,4.1572265625,12317251,0.67572021484375,-0.363525390625,-0.62799072265625,-0.12982177734375,0,16.890625,-6.12890625,-3.37109375,-1.927734375,-0.8203125,0.81640625,1180,12318316,1024.48193359375,24.520000457763672,-92.88545989990234,595,0,0,0,0.0,0.0,0.0,0,0
12355507,4,4.163671970367432,12354436,0.6495361328125,-0.40301513671875,-0.62908935546875,-0.1412353515625,2,16.890625,-6.12890625,-3.37109375,-1.927734375,-0.8203125,0.81640625,1182,12355501,1024.4814453125,24.520000457763672,-92.88017272949219,596,0,0,0,0.0,0.0,0.0,0,0
12365376,4,4.137890815734863,12364305,0.63873291015625,-0.4146728515625,-0.63079833984375,-0.14892578125,2,16.890625,-6.12890625,-3.37109375,-2.7265625,-1.107421875,-0.25390625,1184,12365370,1024.4814453125,24.520000457763672,-92.88017272949219,597,0,0,0,0.0,0.0,0.0,0,0
12372376,4,4.144335746765137,12371305,0.63238525390625,-0.4202880859375,-0.63226318359375,-0.15386962890625,2,16.890625,-6.12890625,-3.37109375,-2.83984375,-1.1328125,-0.423828125,1186,12372370,1024.47021484375,24.530000686645508,-92.78768920898438,598,0,0,0,0.0,0.0,0.0,0,0
12378376,4,4.1572265625,12377305,0.62762451171875,-0.42431640625,-0.63336181640625,-0.15765380859375,2,16.890625,-6.12890625,-3.37109375,-2.876953125,-1.15625,-0.49609375,1188,12378370,1024.47021484375,24.530000686645508,-92.78768920898438,599,0,0,0,0.0,0.0,0.0,0,0
12391376,4,4.144335746765137,12390305,0.61859130859375,-0.431396484375,-0.6356201171875,-0.16497802734375,2,16.890625,-6.12890625,-3.37109375,-2.904296875,-1.216796875,-0.65234375,1190,12391370,1024.4912109375,24.530000686645508,-92.96208953857422,600,0,0,0,0.0,0.0,0.0,0,0
12398376,4,4.144335746765137,12397305,0.6082763671875,-0.43890380859375,-0.63824462890625,-0.17327880859375,2,16.890625,-6.12890625,-3.37109375,-2.92578125,-1.25,-0.728515625,1192,12398370,1024.4912109375,24.530000686645508,-92.96208953857422,601,0,0,0,0.0,0.0,0.0,0,0
12404322,4,4.137890815734863,12403251,0.6082763671875,-0.43890380859375,-0.63824462890625,-0.17327880859375,0,14.6328125,-5.25,-2.453125,-2.921875,-1.271484375,-0.869140625,1194,12404316,1024.4912109375,24.530000686645508,-92.96208953857422,602,0,0,0,0.0,0.0,0.0,0,0
12414322,4,4.137890815734863,12413251,0.6007080078125,-0.44342041015625,-0.6407470703125,-0.17889404296875,0,14.6328125,-5.25,-2.453125,-2.84375,-1.171875,-1.0234375,1196,12414316,1024.464599609375,24.520000457763672,-92.7427749633789,603,0,0,0,0.0,0.0,0.0,0,0
12428322,4,4.163671970367432,12427251,0.58746337890625,-0.45123291015625,-0.6444091796875,-0.1898193359375,0,14.6328125,-5.25,-2.453125,-2.763671875,-0.87890625,-1.076171875,1198,12428316,1024.464599609375,24.520000457763672,-92.7427749633789,604,0,0,0,0.0,0.0,0.0,0,0
12434322,4,4.137890815734863,12433251,0.5682373046875,-0.4615478515625,-0.649169921875,-0.20648193359375,0,14.6328125,-5.25,-2.453125,-2.767578125,-0.74609375,-1.17578125,1200,12434316,1024.474365234375,24.520000457763672,-92.8246841430664,605,0,0,0,0.0,0.0,0.0,0,0
12441322,4,4.137890815734863,12440251,0.56219482421875,-0.46453857421875,-0.650390625,-0.21246337890625,0,14.6328125,-5.25,-2.453125,-2.69921875,-0.65234375,-1.236328125,1202,12441316,1024.474365234375,24.520000457763672,-92.8246841430664,606,0,0,0,0.0,0.0,0.0,0,0
12448322,4,4.150781154632568,12447251,0.55511474609375,-0.46771240234375,-0.65167236328125,-0.22003173828125,0,14.6328125,-5.25,-2.453125,-2.36328125,-0.4609375,-1.060546875,1204,12448316,1024.474365234375,24.520000457763672,-92.8246841430664,607,0,0,0,0.0,0.0,0.0,0,0
12462322,4,4.150781154632568,12461251,0.5489501953125,-0.47027587890625,-0.652587890625,-0.22711181640625,0,14.6328125,-5.25,-2.453125,-1.853515625,-0.1875,-0.7734375,1206,12462316,1024.488037109375,24.530000686645508,-92.93566131591797,608,0,0,0,0.0,0.0,0.0,0,0
12469322,4,4.150781154632568,12468251,0.5394287109375,-0.4744873046875,-0.6534423828125,-0.23858642578125,0,14.6328125,-5.25,-2.453125,-1.361328125,0.171875,-0.572265625,1208,12469316,1024.44482421875,24.530000686645508,-92.58158874511719,609,0,0,0,0.0,0.0,0.0,0,0
12477322,4,4.144335746765137,12476251,0.53729248046875,-0.4752197265625,-0.65338134765625,-0.24200439453125,0,14.6328125,-5.25,-2.453125,-1.14453125,0.37109375,-0.48828125,1210,12477316,1024.44482421875,24.530000686645508,-92.58158874511719,610,0,0,0,0.0,0.0,0.0,0,0
12491322,4,4.150781154632568,12490251,0.5352783203125,-0.47601318359375,-0.65289306640625,-0.24627685546875,0,14.6328125,-5.25,-2.453125,-0.818359375,0.841796875,-0.419921875,1212,12491316,1024.460205078125,24.530000686645508,-92.70578002929688,611,0,0,0,0.0,0.0,0.0,0,0
12496322,4,4.131445407867432,12495251,0.53466796875,-0.47613525390625,-0.6497802734375,-0.25555419921875,0,14.6328125,-5.25,-2.453125,-0.701171875,1.078125,-0.4375,1214,12496316,1024.460205078125,24.530000686645508,-92.70578002929688,612,0,0,0,0.0,0.0,0.0,0,0
12502322,4,4.144335746765137,12501251,0.5347900390625,-0.4759521484375,-0.64898681640625,-0.25750732421875,0,14.6328125,-5.25,-2.453125,-0.478515625,1.578125,-0.62890625,1216,12502316,1024.460205078125,24.530000686645508,-92.70578002929688,613,0,0,0,0.0,0.0,0.0,0,0
12508322,4,4.150781154632568,12507251,0.53680419921875,-0.4739990234375,-0.6461181640625,-0.263916015625,2,10.765625,-5.515625,1.53125,-0.478515625,1.578125,-0.62890625,1218,12508316,1024.448486328125,24.530000686645508,-92.61065673828125,614,0,0,0,0.0,0.0,0.0,0,0
12521376,4,4.137890815734863,12520305,0.53985595703125,-0.470703125,-0.64300537109375,-0.27105712890625,2,10.765625,-5.515625,1.53125,-0.388671875,1.732421875,-0.7265625,1220,12521370,1024.448486328125,24.530000686645508,-92.61065673828125,615,0,0,0,0.0,0.0,0.0,0,0
12529376,4,4.131445407867432,12528305,0.54364013671875,-0.46685791015625,-0.63958740234375,-0.27825927734375,2,10.765625,-5.515625,1.53125,-0.28125,1.80078125,-0.80078125,1222,12529370,1024.4609375,24.530000686645508,-92.71106719970703,616,0,0,0,0.0,0.0,0.0,0,0
12536376,4,4.1572265625,12535305,0.54779052734375,-0.46221923828125,-0.63623046875,-0.2855224609375,2,10.765625,-5.515625,1.53125,-0.1484375,1.82421875,-0.861328125,1224,12536370,1024.4609375,24.530000686645508,-92.71106719970703,617,0,0,0,0.0,0.0,0.0,0,0
12542376,4,4.150781154632568,12541305,0.5499267578125,-0.4595947265625,-0.63458251953125,-0.28912353515625,2,10.765625,-5.515625,1.53125,-0.091796875,1.826171875,-0.896484375,1226,12542370,1024.4609375,24.530000686645508,-92.71106719970703,618,0,0,0,0.0,0.0,0.0,0,0
12554376,4,4.144335746765137,12553305,0.55303955078125,-0.45574951171875,-0.6324462890625,-0.29400634765625,2,10.765625,-5.515625,1.53125,-0.029296875,1.810546875,-0.921875,1228,12554370,1024.4736328125,24.540000915527344,-92.81675720214844,619,0,0,0,0.0,0.0,0.0,0,0
12562376,4,4.144335746765137,12561305,0.55712890625,-0.4501953125,-0.6298828125,-0.3001708984375,2,10.765625,-5.515625,1.53125,0.119140625,1.76171875,-0.970703125,1230,12562370,1024.4736328125,24.540000915527344,-92.81675720214844,620,0,0,0,0.0,0.0,0.0,0,0
12568376,4,4.150781154632568,12567305,0.56097412109375,-0.44482421875,-0.628173828125,-0.30474853515625,2,10.765625,-5.515625,1.53125,0.287109375,1.6875,-0.962890625,1232,12568370,1024.45751953125,24.540000915527344,-92.68463897705078,621,0,0,0,0.0,0.0,0.0,0,0
12575376,4,4.1572265625,12574305,0.5650634765625,-0.43902587890625,-0.62640380859375,-0.30926513671875,2,10.765625,-5.515625,1.53125,0.478515625,1.611328125,-0.896484375,1234,12575370,1024.45751953125,24.540000915527344,-92.68463897705078,622,0,0,0,0.0,0.0,0.0,0,0
12588376,4,4.1572265625,12587305,0.568115234375,-0.4345703125,-0.62518310546875,-0.312255859375,2,10.765625,-5.515625,1.53125,0.572265625,1.58203125,-0.880859375,1236,12588370,1024.4521484375,24.530000686645508,-92.63972473144531,623,0,0,0,0.0,0.0,0.0,0,0
12595376,4,4.137890815734863,12594305,0.5751953125,-0.42462158203125,-0.6229248046875,-0.31756591796875,2,10.765625,-5.515625,1.53125,0.79296875,1.5390625,-0.837890625,1238,12595370,1024.4521484375,24.530000686645508,-92.63972473144531,624,0,0,0,0.0,0.0,0.0,0,0
12602376,4,4.144335746765137,12601305,0.57855224609375,-0.4197998046875,-0.6221923828125,-0.31915283203125,2,10.765625,-5.515625,1.53125,1.021484375,1.515625,-0.8046875,1240,12602370,1024.4521484375,24.530000686645508,-92.63972473144531,625,0,0,0,0.0,0.0,0.0,0,0
12614376,4,4.1572265625,12613305,0.5814208984375,-0.41571044921875,-0.6217041015625,-0.32025146484375,2,10.765625,-5.515625,1.53125,1.126953125,1.486328125,-0.787109375,1242,12614370,1024.472900390625,24.540000915527344,-92.81147003173828,626,0,0,0,0.0,0.0,0.0,0,0
12622376,4,4.150781154632568,12621305,0.5902099609375,-0.4031982421875,-0.62091064453125,-0.32177734375,2,10.765625,-5.515625,1.53125,1.4453125,1.330078125,-0.681640625,1244,12622370,1024.472900390625,24.540000915527344,-92.81147003173828,627,0,0,0,0.0,0.0,0.0,0,0
12628322,4,4.144335746765137,12627251,0.5902099609375,-0.4031982421875,-0.62091064453125,-0.32177734375,0,5.4765625,-3.06640625,4.90234375,1.55078125,1.2578125,-0.626953125,1246,12628316,1024.452880859375,24.530000686645508,-92.64765167236328,628,0,0,0,0.0,0.0,0.0,0,0
12635322,4,4.137890815734863,12634251,0.5943603515625,-0.3973388671875,-0.6209716796875,-0.32135009765625,0,5.4765625,-3.06640625,4.90234375,1.759765625,1.08984375,-0.50390625,1248,12635316,1024.452880859375,24.530000686645508,-92.64765167236328,629,0,0,0,0.0,0.0,0.0,0,0
12649322,4,4.137890815734863,12648251,0.59844970703125,-0.3914794921875,-0.6212158203125,-0.32049560546875,0,5.4765625,-3.06640625,4.90234375,1.92578125,0.896484375,-0.38671875,1250,12649316,1024.474609375,24.530000686645508,-92.8246841430664,630,0,0,0,0.0,0.0,0.0,0,0
12656322,4,4.1572265625,12655251,0.60748291015625,-0.3785400390625,-0.6224365234375,-0.316650390625,0,5.4765625,-3.06640625,4.90234375,2.0390625,0.673828125,-0.271484375,1252,12656316,1024.474609375,24.530000686645508,-92.8246841430664,631,0,0,0,0.0,0.0,0.0,0,0
12662322,4,4.1572265625,12661251,0.6090087890625,-0.37628173828125,-0.622802734375,-0.31573486328125,0,5.4765625,-3.06640625,4.90234375,2.072265625,0.57421875,-0.216796875,1254,12662316,1024.474609375,24.530000686645508,-92.8246841430664,632,0,0,0,0.0,0.0,0.0,0,0
12668322,4,4.163671970367432,12667251,0.61322021484375,-0.37005615234375,-0.62396240234375,-0.3126220703125,0,5.4765625,-3.06640625,4.90234375,2.0859375,0.349609375,-0.115234375,1256,12668316,1024.4560546875,24.540000915527344,-92.67143249511719,633,0,0,0,0.0,0.0,0.0,0,0
12682322,4,4.144335746765137,12681251,0.6163330078125,-0.365234375,-0.625244140625,-0.30938720703125,0,5.4765625,-3.06640625,4.90234375,2.095703125,0.09375,-0.00390625,1258,12682316,1024.4560546875,24.540000915527344,-92.67143249511719,634,0,0,0,0.0,0.0,0.0,0,0
12690322,4,4.131445407867432,12689251,0.62359619140625,-0.35382080078125,-0.62921142578125,-0.2999267578125,0,5.4765625,-3.06640625,4.90234375,2.06640625,-0.1640625,0.130859375,1260,12690316,1024.44091796875,24.530000686645508,-92.54988098144531,635,0,0,0,0.0,0.0,0.0,0,0
12696322,4,4.150781154632568,12695251,0.62628173828125,-0.34918212890625,-0.631591796875,-0.2947998046875,0,5.4765625,-3.06640625,4.90234375,2.060546875,-0.3046875,0.20703125,1262,12696316,1024.44091796875,24.530000686645508,-92.54988098144531,636,0,0,0,0.0,0.0,0.0,0,0
12702322,4,4.150781154632568,12701251,0.628662109375,-0.344970703125,-0.6341552734375,-0.28924560546875,0,5.4765625,-3.06640625,4.90234375,2.0703125,-0.453125,0.3125,1264,12702316,1024.44091796875,24.530000686645508,-92.54988098144531,637,0,0,0,0.0,0.0,0.0,0,0
12717322,4,4.150781154632568,12716251,0.62939453125,-0.343505859375,-0.6353759765625,-0.28668212890625,0,5.4765625,-3.06640625,4.90234375,2.111328125,-0.740234375,0.5234375,1266,12717316,1024.457275390625,24.530000686645508,-92.68199920654297,638,0,0,0,0.0,0.0,0.0,0,0
12723322,4,4.137890815734863,12722251,0.6329345703125,-0.33648681640625,-0.64208984375,-0.2718505859375,0,5.4765625,-3.06640625,4.90234375,2.19140625,-1.1484375,0.98046875,1268,12723316,1024.457275390625,24.530000686645508,-92.68199920654297,639,0,0,0,0.0,0.0,0.0,0,0
12729322,4,4.137890815734863,12728251,0.6339111328125,-0.33441162109375,-0.6448974609375,-0.26544189453125,0,5.4765625,-3.06640625,4.90234375,2.208984375,-1.318359375,1.177734375,1270,12729316,1024.45947265625,24.530000686645508,-92.70049285888672,640,0,0,0,0.0,0.0,0.0,0,0
12736322,4,4.163671970367432,12735251,0.63470458984375,-0.3328857421875,-0.64794921875,-0.2578125,2,3.21875,-0.19140625,0.0390625,2.208984375,-1.318359375,1.177734375,1272,12736316,1024.45947265625,24.530000686645508,-92.70049285888672,641,0,0,0,0.0,0.0,0.0,0,0
12749376,4,4.150781154632568,12748305,0.63555908203125,-0.331787109375,-0.65185546875,-0.24713134765625,2,3.21875,-0.19140625,0.0390625,2.22265625,-1.416015625,1.333984375,1274,12749370,1024.441162109375,24.530000686645508,-92.54988098144531,642,0,0,0,0.0,0.0,0.0,0,0
12761376,4,4.1572265625,12760305,0.6363525390625,-0.3314208984375,-0.66131591796875,-0.21881103515625,2,3.21875,-0.19140625,0.0390625,2.263671875,-1.697265625,1.82421875,1276,12761370,1024.441162109375,24.530000686645508,-92.54988098144531,643,0,0,0,0.0,0.0,0.0,0,0
12767376,4,4.1572265625,12766305,0.6363525390625,-0.332275390625,-0.66571044921875,-0.20367431640625,2,3.21875,-0.19140625,0.0390625,2.26953125,-1.759765625,1.97265625,1278,12767370,1024.4453125,24.530000686645508,-92.58423614501953,644,0,0,0,0.0,0.0,0.0,0,0
12780376,4,4.144335746765137,12779305,0.63629150390625,-0.33282470703125,-0.66796875,-0.1953125,2,3.21875,-0.19140625,0.0390625,2.291015625,-1.78515625,2.01953125,1280,12780370,1024.4453125,24.530000686645508,-92.58423614501953,645,0,0,0,0.0,0.0,0.0,0,0
12789376,4,4.144335746765137,12788305,0.63580322265625,-0.3349609375,-0.67474365234375,-0.16815185546875,2,3.21875,-0.19140625,0.0390625,2.26953125,-1.787109375,2.12890625,1282,12789370,1024.44482421875,24.530000686645508,-92.58158874511719,646,0,0,0,0.0,0.0,0.0,0,0
12796376,4,4.1572265625,12795305,0.63531494140625,-0.336669921875,-0.6785888671875,-0.150146484375,2,3.21875,-0.19140625,0.0390625,2.21875,-1.75390625,2.236328125,1284,12796370,1024.44482421875,24.530000686645508,-92.58158874511719,647,0,0,0,0.0,0.0,0.0,0,0
12803376,4,4.144335746765137,12802305,0.6351318359375,-0.33746337890625,-0.679931640625,-0.14306640625,2,3.21875,-0.19140625,0.0390625,2.19140625,-1.728515625,2.302734375,1286,12803370,1024.44482421875,24.530000686645508,-92.58158874511719,648,0,0,0,0.0,0.0,0.0,0,0
12816376,4,4.125,12815305,0.6348876953125,-0.3389892578125,-0.68170166015625,-0.13134765625,2,3.21875,-0.19140625,0.0390625,2.15234375,-1.705078125,2.365234375,1288,12816370,1024.45068359375,24.530000686645508,-92.629150390625,649,0,0,0,0.0,0.0,0.0,0,0
12824376,4,4.144335746765137,12823305,0.63385009765625,-0.34283447265625,-0.68499755859375,-0.1072998046875,2,3.21875,-0.19140625,0.0390625,1.96484375,-1.666015625,2.53515625,1290,12824370,1024.462890625,24.530000686645508,-92.72956085205078,650,0,0,0,0.0,0.0,0.0,0,0
12831376,4,4.150781154632568,12830305,0.6324462890625,-0.34674072265625,-0.68695068359375,-0.08856201171875,2,3.21875,-0.19140625,0.0390625,1.755859375,-1.685546875,2.5078125,1292,12831370,1024.462890625,24.530000686645508,-92.72956085205078,651,0,0,0,0.0,0.0,0.0,0,0
12836376,4,4.144335746765137,12835305,0.63165283203125,-0.34832763671875,-0.687744140625,-0.08160400390625,2,3.21875,-0.19140625,0.0390625,1.62890625,-1.716796875,2.4375,1294,12836370,1024.462890625,24.530000686645508,-92.72956085205078,652,0,0,0,0.0,0.0,0.0,0,0
12849376,4,4.144335746765137,12848305,0.63055419921875,-0.35028076171875,-0.688720703125,-0.07373046875,2,3.21875,-0.19140625,0.0390625,1.509765625,-1.7578125,2.306640625,1296,12849370,1024.462890625,24.520000457763672,-92.72956085205078,653,0,0,0,0.0,0.0,0.0,0,0
12857376,4,4.1572265625,12856305,0.62603759765625,-0.3558349609375,-0.6920166015625,-0.050537109375,2,3.21875,-0.19140625,0.0390625,1.296875,-1.73828125,1.939453125,1298,12857370,1024.462890625,24.520000457763672,-92.72956085205078,654,0,0,0,0.0,0.0,0.0,0,0
12864376,4,4.144335746765137,12863305,0.6240234375,-0.357177734375,-0.69366455078125,-0.0430908203125,2,3.21875,-0.19140625,0.0390625,1.189453125,-1.689453125,1.486328125,1300,12864370,1024.453857421875,24.520000457763672,-92.65557861328125,655,0,0,0,0.0,0.0,0.0,0,0
12871322,4,4.150781154632568,12870251,0.6240234375,-0.357177734375,-0.69366455078125,-0.0430908203125,0,15.4765625,-11.30078125,-3.33203125,1.16796875,-1.615234375,1.263671875,1302,12871316,1024.453857421875,24.520000457763672,-92.65557861328125,656,0,0,0,0.0,0.0,0.0,0,0
12887322,4,4.137890815734863,12886251,0.62249755859375,-0.35797119140625,-0.695068359375,-0.035400390625,0,15.4765625,-11.30078125,-3.33203125,1.51171875,-1.1484375,0.56640625,1304,12887316,1024.458251953125,24.530000686645508,-92.68992614746094,657,0,0,0,0.0,0.0,0.0,0,0
12894322,4,4.137890815734863,12893251,0.61859130859375,-0.354736328125,-0.700927734375,-0.01409912109375,0,15.4765625,-11.30078125,-3.33203125,1.80078125,-0.939453125,0.408203125,1306,12894316,1024.458251953125,24.530000686645508,-92.68992614746094,658,0,0,0,0.0,0.0,0.0,0,0
12901322,4,4.163671970367432,12900251,0.6182861328125,-0.3533935546875,-0.70196533203125,-0.00982666015625,0,15.4765625,-11.30078125,-3.33203125,2.060546875,-0.814453125,0.34765625,1308,12901316,1024.458251953125,24.530000686645508,-92.68992614746094,659,0,0,0,0.0,0.0,0.0,0,0
12916322,4,4.144335746765137,12915251,0.6182861328125,-0.3511962890625,-0.703125,-0.00433349609375,0,15.4765625,-11.30078125,-3.33203125,2.81640625,-0.4765625,0.1640625,1310,12916316,1024.455322265625,24.520000457763672,-92.66614532470703,660,0,0,0,0.0,0.0,0.0,0,0
12922322,4,4.144335746765137,12921251,0.62188720703125,-0.33843994140625,-0.70599365234375,0.0167236328125,2,16.125,-12.296875,-4.4453125,2.81640625,-0.4765625,0.1640625,1312,12922316,1024.455322265625,24.520000457763672,-92.66614532470703,661,0,0,0,0.0,0.0,0.0,0,0
12931376,4,4.137890815734863,12930305,0.6240234375,-0.33355712890625,-0.70623779296875,0.02294921875,2,16.125,-12.296875,-4.4453125,3.22265625,-0.12890625,0.025390625,1314,12931370,1024.476318359375,24.530000686645508,-92.84053802490234,662,0,0,0,0.0,0.0,0.0,0,0
12938376,4,4.144335746765137,12937305,0.6297607421875,-0.323486328125,-0.7054443359375,0.03363037109375,2,16.125,-12.296875,-4.4453125,3.58203125,0.34765625,-0.12890625,1316,12938370,1024.476318359375,24.530000686645508,-92.84053802490234,663,0,0,0,0.0,0.0,0.0,0,0
12950376,4,4.150781154632568,12949305,0.63580322265625,-0.313720703125,-0.70391845703125,0.04296875,2,16.125,-12.296875,-4.4453125,3.72265625,0.560546875,-0.23046875,1318,12950370,1024.4296875,24.520000457763672,-92.45740509033203,664,0,0,0,0.0,0.0,0.0,0,0
12957376,4,4.150781154632568,12956305,0.644287109375,-0.30084228515625,-0.70111083984375,0.05328369140625,2,16.125,-12.296875,-4.4453125,3.935546875,0.904296875,-0.490234375,1320,12957370,1024.4296875,24.520000457763672,-92.45740509033203,665,0,0,0,0.0,0.0,0.0,0,0
12964376,4,4.137890815734863,12963305,0.65234375,-0.28826904296875,-0.69818115234375,0.06195068359375,2,16.125,-12.296875,-4.4453125,4.0,1.09375,-0.765625,1322,12964370,1024.42822265625,24.530000686645508,-92.4441909790039,666,0,0,0,0.0,0.0,0.0,0,0
12972376,4,4.131445407867432,12971305,0.66082763671875,-0.2747802734375,-0.69488525390625,0.06988525390625,2,16.125,-12.296875,-4.4453125,3.92578125,1.19921875,-0.998046875,1324,12972370,1024.42822265625,24.530000686645508,-92.4441909790039,667,0,0,0,0.0,0.0,0.0,0,0
12983376,4,4.150781154632568,12982305,0.66705322265625,-0.26568603515625,-0.6920166015625,0.07452392578125,2,16.125,-12.296875,-4.4453125,3.8046875,1.248046875,-1.076171875,1326,12983370,1024.4609375,24.530000686645508,-92.71106719970703,668,0,0,0,0.0,0.0,0.0,0,0
12994376,4,4.150781154632568,12993305,0.68084716796875,-0.24285888671875,-0.68585205078125,0.084228515625,2,16.125,-12.296875,-4.4453125,3.22265625,1.287109375,-1.326171875,1328,12994370,1024.4609375,24.530000686645508,-92.71106719970703,669,0,0,0,0.0,0.0,0.0,0,0
13002376,4,4.144335746765137,13001305,0.68988037109375,-0.22760009765625,-0.6815185546875,0.08831787109375,2,16.125,-12.296875,-4.4453125,2.69140625,1.29296875,-1.44140625,1330,13002370,1024.447998046875,24.520000457763672,-92.6053695678711,670,0,0,0,0.0,0.0,0.0,0,0
13007376,4,4.137890815734863,13006305,0.6939697265625,-0.22076416015625,-0.679443359375,0.08941650390625,2,16.125,-12.296875,-4.4453125,2.44140625,1.3046875,-1.486328125,1332,13007370,1024.447998046875,24.520000457763672,-92.6053695678711,671,0,0,0,0.0,0.0,0.0,0,0
13018376,4,4.1572265625,13017305,0.69720458984375,-0.2154541015625,-0.67779541015625,0.0899658203125,2,16.125,-12.296875,-4.4453125,2.216796875,1.318359375,-1.5234375,1334,13018370,1024.447998046875,24.520000457763672,-92.6053695678711,672,0,0,0,0.0,0.0,0.0,0,0
13026376,4,4.144335746765137,13025305,0.7080078125,-0.19842529296875,-0.67181396484375,0.0894775390625,2,16.125,-12.296875,-4.4453125,1.634765625,1.37109375,-1.552734375,1336,13026370,1024.43798828125,24.530000686645508,-92.5234603881836,673,0,0,0,0.0,0.0,0.0,0,0
13033376,4,4.163671970367432,13032305,0.7115478515625,-0.19317626953125,-0.669677734375,0.08868408203125,2,16.125,-12.296875,-4.4453125,1.458984375,1.392578125,-1.5234375,1338,13033370,1024.43798828125,24.530000686645508,-92.5234603881836,674,0,0,0,0.0,0.0,0.0,0,0
13045322,4,4.137890815734863,13044251,0.7115478515625,-0.19317626953125,-0.669677734375,0.08868408203125,0,9.9609375,-3.484375,-6.2421875,1.1953125,1.45703125,-1.453125,1340,13045316,1024.46337890625,24.530000686645508,-92.7322006225586,675,0,0,0,0.0,0.0,0.0,0,0
13054322,4,4.137890815734863,13053251,0.71844482421875,-0.18450927734375,-0.66510009765625,0.086181640625,0,9.9609375,-3.484375,-6.2421875,0.98046875,1.5859375,-1.4140625,1342,13054316,1024.46337890625,24.530000686645508,-92.7322006225586,676,0,0,0,0.0,0.0,0.0,0,0
13060322,4,4.150781154632568,13059251,0.728271484375,-0.1724853515625,-0.65814208984375,0.08184814453125,0,9.9609375,-3.484375,-6.2421875,0.919921875,1.65234375,-1.423828125,1344,13060316,1024.46337890625,24.530000686645508,-92.7322006225586,677,0,0,0,0.0,0.0,0.0,0,0
13081322,4,4.137890815734863,13080251,0.73211669921875,-0.168212890625,-0.6552734375,0.07989501953125,0,9.9609375,-3.484375,-6.2421875,0.705078125,2.00390625,-1.4453125,1346,13081316,1024.475341796875,24.530000686645508,-92.83261108398438,678,0,0,0,0.0,0.0,0.0,0,0
13096322,4,4.137890815734863,13095251,0.75238037109375,-0.14788818359375,-0.6383056640625,0.0679931640625,0,9.9609375,-3.484375,-6.2421875,0.51953125,2.189453125,-1.3203125,1348,13096316,1024.475341796875,24.530000686645508,-92.83261108398438,679,0,0,0,0.0,0.0,0.0,0,0
13103322,4,4.137890815734863,13102251,0.76043701171875,-0.1414794921875,-0.63067626953125,0.06280517578125,0,9.9609375,-3.484375,-6.2421875,0.326171875,2.267578125,-1.216796875,1350,13103316,1024.417724609375,24.530000686645508,-92.35699462890625,680,0,0,0,0.0,0.0,0.0,0,0
13108322,4,4.1572265625,13107251,0.76458740234375,-0.13909912109375,-0.62646484375,0.06011962890625,0,9.9609375,-3.484375,-6.2421875,0.1875,2.32421875,-1.1328125,1352,13108316,1024.417724609375,24.530000686645508,-92.35699462890625,681,0,0,0,0.0,0.0,0.0,0,0
13115322,4,4.144335746765137,13114251,0.76837158203125,-0.13714599609375,-0.62249755859375,0.05755615234375,2,5.4765625,-0.69140625,-3.1015625,0.1875,2.32421875,-1.1328125,1354,13115316,1024.417724609375,24.530000686645508,-92.35699462890625,682,0,0,0,0.0,0.0,0.0,0,0
13128376,4,4.137890815734863,13127305,0.7723388671875,-0.13568115234375,-0.61810302734375,0.05474853515625,2,5.4765625,-0.69140625,-3.1015625,0.078125,2.3515625,-1.0625,1356,13128370,1024.396240234375,24.520000457763672,-92.18260192871094,683,0,0,0,0.0,0.0,0.0,0,0
13136376,4,4.150781154632568,13135305,0.7867431640625,-0.13177490234375,-0.6014404296875,0.04425048828125,2,5.4765625,-0.69140625,-3.1015625,-0.203125,2.365234375,-0.78515625,1358,13136370,1024.396240234375,24.520000457763672,-92.18260192871094,684,0,0,0,0.0,0.0,0.0,0,0
13143376,4,4.144335746765137,13142305,0.7906494140625,-0.131591796875,-0.5965576171875,0.0413818359375,2,5.4765625,-0.69140625,-3.1015625,-0.373046875,2.287109375,-0.603515625,1360,13143370,1024.427978515625,24.530000686645508,-92.4415512084961,685,0,0,0,0.0,0.0,0.0,0,0
13150376,4,4.144335746765137,13149305,0.794921875,-0.13189697265625,-0.59100341796875,0.03814697265625,2,5.4765625,-0.69140625,-3.1015625,-0.45703125,2.224609375,-0.529296875,1362,13150370,1024.427978515625,24.530000686645508,-92.4415512084961,686,0,0,0,0.0,0.0,0.0,0,0
13163376,4,4.150781154632568,13162305,0.79901123046875,-0.13287353515625,-0.58544921875,0.03485107421875,2,5.4765625,-0.69140625,-3.1015625,-0.63671875,2.068359375,-0.365234375,1364,13163370,1024.46435546875,24.530000686645508,-92.74012756347656,687,0,0,0,0.0,0.0,0.0,0,0
13171376,4,4.137890815734863,13170305,0.80755615234375,-0.1363525390625,-0.57318115234375,0.02740478515625,2,5.4765625,-0.69140625,-3.1015625,-0.849609375,1.85546875,-0.23828125,1366,13171370,1024.46435546875,24.530000686645508,-92.74012756347656,688,0,0,0,0.0,0.0,0.0,0,0
13178376,4,4.144335746765137,13177305,0.8101806640625,-0.1387939453125,-0.56903076171875,0.02435302734375,2,5.4765625,-0.69140625,-3.1015625,-1.111328125,1.60546875,-0.146484375,1368,13178370,1024.46435546875,24.530000686645508,-92.74012756347656,689,0,0,0,0.0,0.0,0.0,0,0
13190376,4,4.163671970367432,13189305,0.8121337890625,-0.14141845703125,-0.565673828125,0.02166748046875,2,5.4765625,-0.69140625,-3.1015625,-1.25,1.46875,-0.08984375,1370,13190370,1024.44287109375,24.530000686645508,-92.56573486328125,690,0,0,0,0.0,0.0,0.0,0,0
13198376,4,4.150781154632568,13197305,0.815185546875,-0.14947509765625,-0.55938720703125,0.01495361328125,2,5.4765625,-0.69140625,-3.1015625,-1.708984375,1.0703125,0.052734375,1372,13198370,1024.44287109375,24.530000686645508,-92.56573486328125,691,0,0,0,0.0,0.0,0.0,0,0
13205376,4,4.137890815734863,13204305,0.816650390625,-0.1551513671875,-0.55572509765625,0.0106201171875,2,5.4765625,-0.69140625,-3.1015625,-1.8671875,0.943359375,0.107421875,1374,13205370,1024.440185546875,24.530000686645508,-92.54195404052734,692,0,0,0,0.0,0.0,0.0,0,0
13212376,4,4.137890815734863,13211305,0.81707763671875,-0.16162109375,-0.55340576171875,0.00665283203125,2,5.4765625,-0.69140625,-3.1015625,-2.20703125,0.732421875,0.2734375,1376,13212370,1024.440185546875,24.530000686645508,-92.54195404052734,693,0,0,0,0.0,0.0,0.0,0,0
13223376,4,4.150781154632568,13222305,0.817138671875,-0.16815185546875,-0.5513916015625,0.00311279296875,2,5.4765625,-0.69140625,-3.1015625,-2.37890625,0.64453125,0.392578125,1378,13223370,1024.44775390625,24.530000686645508,-92.6053695678711,694,0,0,0,0.0,0.0,0.0,0,0
13231376,4,4.144335746765137,13230305,0.81591796875,-0.18621826171875,-0.54730224609375,-0.00433349609375,2,5.4765625,-0.69140625,-3.1015625,-2.80859375,0.427734375,0.89453125,1380,13231370,1024.44775390625,24.530000686645508,-92.6053695678711,695,0,0,0,0.0,0.0,0.0,0,0
13240322,4,4.1572265625,13239251,0.81591796875,-0.18621826171875,-0.54730224609375,-0.00433349609375,0,2.45703125,-1.83984375,0.95703125,-2.90625,0.337890625,1.09375,1382,13240316,1024.407470703125,24.520000457763672,-92.2724380493164,696,0,0,0,0.0,0.0,0.0,0,0
13248322,4,4.150781154632568,13247251,0.81536865234375,-0.19696044921875,-0.5443115234375,-0.00677490234375,0,2.45703125,-1.83984375,0.95703125,-3.080078125,0.064453125,1.703125,1384,13248316,1024.407470703125,24.520000457763672,-92.2724380493164,697,0,0,0,0.0,0.0,0.0,0,0
13263322,4,4.144335746765137,13262251,0.812744140625,-0.21771240234375,-0.540283203125,-0.00970458984375,0,2.45703125,-1.83984375,0.95703125,-3.08984375,-0.1171875,2.076171875,1386,13263316,1024.47216796875,24.530000686645508,-92.80354309082031,698,0,0,0,0.0,0.0,0.0,0,0
13269322,4,4.144335746765137,13268251,0.80816650390625,-0.24072265625,-0.53741455078125,-0.010498046875,0,2.45703125,-1.83984375,0.95703125,-3.076171875,-0.208984375,2.25,1388,13269316,1024.47216796875,24.530000686645508,-92.80354309082031,699,0,0,0,0.0,0.0,0.0,0,0
13276322,4,4.144335746765137,13275251,0.80682373046875,-0.24639892578125,-0.536865234375,-0.009765625,0,2.45703125,-1.83984375,0.95703125,-3.033203125,-0.384765625,2.552734375,1390,13276316,1024.47216796875,24.530000686645508,-92.80354309082031,700,0,0,0,0.0,0.0,0.0,0,0
13283322,4,4.150781154632568,13282251,0.80364990234375,-0.25946044921875,-0.53546142578125,-0.00848388671875,0,2.45703125,-1.83984375,0.95703125,-3.009765625,-0.57421875,2.783203125,1392,13283316,1024.47607421875,24.530000686645508,-92.83789825439453,701,0,0,0,0.0,0.0,0.0,0,0
13298322,4,4.150781154632568,13297251,0.797607421875,-0.28192138671875,-0.53326416015625,-0.0050048828125,0,2.45703125,-1.83984375,0.95703125,-3.0390625,-0.771484375,2.900390625,1394,13298316,1024.423095703125,24.530000686645508,-92.40191650390625,702,0,0,0,0.0,0.0,0.0,0,0
13307322,4,4.150781154632568,13306251,0.79046630859375,-0.30780029296875,-0.52960205078125,0.0013427734375,0,2.45703125,-1.83984375,0.95703125,-3.140625,-1.001953125,2.90234375,1396,13307316,1024.423095703125,24.530000686645508,-92.40191650390625,703,0,0,0,0.0,0.0,0.0,0,0
13314322,4,4.150781154632568,13313251,0.786865234375,-0.31707763671875,-0.5294189453125,0.00347900390625,0,2.45703125,-1.83984375,0.95703125,-3.29296875,-1.25390625,2.83203125,1398,13314316,1024.423095703125,24.530000686645508,-92.40191650390625,704,0,0,0,0.0,0.0,0.0,0,0
13320322,4,4.137890815734863,13319251,0.7762451171875,-0.3426513671875,-0.52911376953125,0.00933837890625,0,2.45703125,-1.83984375,0.95703125,-3.400390625,-1.3984375,2.775390625,1400,13320316,1024.437744140625,24.540000915527344,-92.52082061767578,705,0,0,0,0.0,0.0,0.0,0,0
13335321,4,4.150781154632568,13328306,0.77117919921875,-0.35357666015625,-0.529296875,0.01165771484375,2,2.45703125,-1.83984375,0.95703125,-3.400390625,-1.3984375,2.775390625,1401,13335316,1024.437744140625,24.540000915527344,-92.52082061767578,706,0,0,0,0.0,0.0,0.0,0,0
13342322,4,4.163671970367432,13341251,0.74993896484375,-0.392333984375,-0.53228759765625,0.0185546875,0,2.45703125,-1.83984375,0.95703125,-3.947265625,-2.076171875,2.357421875,1403,13342316,1024.441162109375,24.530000686645508,-92.54988098144531,707,0,0,0,0.0,0.0,0.0,0,0
13348322,4,4.144335746765137,13347251,0.744140625,-0.4014892578125,-0.5335693359375,0.019775390625,0,2.45703125,-1.83984375,0.95703125,-4.279296875,-2.458984375,2.0,1405,13348316,1024.441162109375,24.530000686645508,-92.54988098144531,708,0,0,0,0.0,0.0,0.0,0,0
13363322,4,4.150781154632568,13362251,0.7337646484375,-0.4156494140625,-0.537109375,0.02044677734375,2,10.03515625,-10.99609375,-2.6796875,-4.279296875,-2.458984375,2.0,1407,13363316,1024.4619140625,24.530000686645508,-92.718994140625,709,0,0,0,0.0,0.0,0.0,0,0
13368376,4,4.1572265625,13367305,0.708984375,-0.44573974609375,-0.546142578125,0.02044677734375,2,10.03515625,-10.99609375,-2.6796875,-4.779296875,-2.970703125,1.291015625,1409,13368370,1024.4619140625,24.530000686645508,-92.718994140625,710,0,0,0,0.0,0.0,0.0,0,0
13375376,4,4.137890815734863,13374305,0.69427490234375,-0.4608154296875,-0.552490234375,0.01873779296875,2,10.03515625,-10.99609375,-2.6796875,-4.90625,-3.10546875,1.03515625,1411,13375370,1024.4619140625,24.530000686645508,-92.718994140625,711,0,0,0,0.0,0.0,0.0,0,0
13383376,4,4.150781154632568,13382305,0.6781005859375,-0.47540283203125,-0.56024169921875,0.0157470703125,2,10.03515625,-10.99609375,-2.6796875,-5.041015625,-3.314453125,0.619140625,1413,13383370,1024.45947265625,24.530000686645508,-92.70049285888672,712,0,0,0,0.0,0.0,0.0,0,0
13396376,4,4.1572265625,13395305,0.66314697265625,-0.488037109375,-0.56732177734375,0.0126953125,2,10.03515625,-10.99609375,-2.6796875,-5.078125,-3.375,0.44921875,1415,13396370,1024.45703125,24.530000686645508,-92.67935943603516,713,0,0,0,0.0,0.0,0.0,0,0
13404376,4,4.137890815734863,13403305,0.63604736328125,-0.508544921875,-0.580322265625,0.00616455078125,2,10.03515625,-10.99609375,-2.6796875,-5.099609375,-3.388671875,0.07421875,1417,13404370,1024.45703125,24.530000686645508,-92.67935943603516,714,0,0,0,0.0,0.0,0.0,0,0
13411376,4,4.1572265625,13410305,0.61688232421875,-0.52191162109375,-0.589111328125,0.00115966796875,2,10.03515625,-10.99609375,-2.6796875,-5.091796875,-3.3671875,-0.0078125,1419,13411370,1024.45703125,24.530000686645508,-92.67935943603516,715,0,0,0,0.0,0.0,0.0,0,0
13418376,4,4.144335746765137,13417305,0.60430908203125,-0.5302734375,-0.59466552734375,-0.0025634765625,2,10.03515625,-10.99609375,-2.6796875,-5.095703125,-3.17578125,-0.109375,1421,13418370,1024.454833984375,24.530000686645508,-92.66350555419922,716,0,0,0,0.0,0.0,0.0,0,0
13430376,4,4.150781154632568,13429305,0.5860595703125,-0.5426025390625,-0.60174560546875,-0.00726318359375,2,10.03515625,-10.99609375,-2.6796875,-5.103515625,-3.083984375,-0.09765625,1423,13430370,1024.454833984375,24.530000686645508,-92.66350555419922,717,0,0,0,0.0,0.0,0.0,0,0
13438376,4,4.1572265625,13437305,0.55804443359375,-0.5604248046875,-0.61175537109375,-0.0166015625,2,10.03515625,-10.99609375,-2.6796875,-5.150390625,-2.76953125,0.0078125,1425,13438370,1024.44970703125,24.530000686645508,-92.62122344970703,718,0,0,0,0.0,0.0,0.0,0,0
13445376,4,4.144335746765137,13444305,0.54107666015625,-0.571044921875,-0.616943359375,-0.0224609375,2,10.03515625,-10.99609375,-2.6796875,-5.208984375,-2.6796875,0.068359375,1427,13445370,1024.44970703125,24.530000686645508,-92.62122344970703,719,0,0,0,0.0,0.0,0.0,0,0
13452376,4,4.150781154632568,13451305,0.5247802734375,-0.5814208984375,-0.62109375,-0.0284423828125,2,10.03515625,-10.99609375,-2.6796875,-5.314453125,-2.513671875,0.162109375,1429,13452370,1024.44970703125,24.530000686645508,-92.62122344970703,720,0,0,0,0.0,0.0,0.0,0,0
13465376,4,4.150781154632568,13464305,0.5103759765625,-0.5904541015625,-0.62432861328125,-0.03387451171875,2,10.03515625,-10.99609375,-2.6796875,-5.384765625,-2.392578125,0.173828125,1431,13465370,1024.44482421875,24.530000686645508,-92.58158874511719,721,0,0,0,0.0,0.0,0.0,0,0
13472376,4,4.150781154632568,13471305,0.46893310546875,-0.61578369140625,-0.631103515625,-0.05084228515625,2,10.03515625,-10.99609375,-2.6796875,-5.54296875,-2.103515625,0.2578125,1433,13472370,1024.44482421875,24.530000686645508,-92.58158874511719,722,0,0,0,0.0,0.0,0.0,0,0
13478322,4,4.144335746765137,13477251,0.46893310546875,-0.61578369140625,-0.631103515625,-0.05084228515625,0,12.5234375,-12.06640625,-8.04296875,-5.62109375,-1.837890625,0.181640625,1435,13478316,1024.439697265625,24.530000686645508,-92.53931427001953,723,0,0,0,0.0,0.0,0.0,0,0
13494322,4,4.131445407867432,13493251,0.4595947265625,-0.62152099609375,-0.63201904296875,-0.05517578125,0,12.5234375,-12.06640625,-8.04296875,-5.662109375,-1.58984375,-0.0390625,1437,13494316,1024.439697265625,24.530000686645508,-92.53931427001953,724,0,0,0,0.0,0.0,0.0,0,0
13502322,4,4.163671970367432,13501251,0.42071533203125,-0.643798828125,-0.63470458984375,-0.07586669921875,0,12.5234375,-12.06640625,-8.04296875,-5.697265625,-1.376953125,-0.3984375,1439,13502316,1024.479248046875,24.540000915527344,-92.86431884765625,725,0,0,0,0.0,0.0,0.0,0,0
13508322,4,4.144335746765137,13507251,0.4013671875,-0.65325927734375,-0.635986328125,-0.08746337890625,0,12.5234375,-12.06640625,-8.04296875,-5.748046875,-1.177734375,-0.6015625,1441,13508316,1024.479248046875,24.540000915527344,-92.86431884765625,726,0,0,0,0.0,0.0,0.0,0,0
13514322,4,4.163671970367432,13513251,0.3885498046875,-0.65899658203125,-0.6368408203125,-0.0958251953125,0,12.5234375,-12.06640625,-8.04296875,-5.8125,-0.8828125,-0.8125,1443,13514316,1024.479248046875,24.540000915527344,-92.86431884765625,727,0,0,0,0.0,0.0,0.0,0,0
13529322,4,4.144335746765137,13528251,0.37835693359375,-0.66314697265625,-0.63751220703125,-0.103271484375,0,12.5234375,-12.06640625,-8.04296875,-5.92578125,0.103515625,-1.396484375,1445,13529316,1024.441162109375,24.530000686645508,-92.54988098144531,728,0,0,0,0.0,0.0,0.0,0,0
13536322,4,4.144335746765137,13535251,0.3409423828125,-0.675537109375,-0.6390380859375,-0.1378173828125,0,12.5234375,-12.06640625,-8.04296875,-5.78125,0.55859375,-1.67578125,1447,13536316,1024.455322265625,24.530000686645508,-92.66614532470703,729,0,0,0,0.0,0.0,0.0,0,0
13543322,4,4.150781154632568,13542251,0.326171875,-0.67889404296875,-0.63934326171875,-0.15472412109375,0,12.5234375,-12.06640625,-8.04296875,-5.615234375,0.869140625,-1.912109375,1449,13543316,1024.455322265625,24.530000686645508,-92.66614532470703,730,0,0,0,0.0,0.0,0.0,0,0
13551322,4,4.163671970367432,13550251,0.30780029296875,-0.68157958984375,-0.63958740234375,-0.1778564453125,0,12.5234375,-12.06640625,-8.04296875,-5.5,1.013671875,-2.01953125,1451,13551316,1024.455322265625,24.530000686645508,-92.66614532470703,731,0,0,0,0.0,0.0,0.0,0,0
13565322,4,4.150781154632568,13564251,0.29901123046875,-0.68218994140625,-0.6396484375,-0.18975830078125,0,12.5234375,-12.06640625,-8.04296875,-5.224609375,1.28125,-2.140625,1453,13565316,1024.445556640625,24.530000686645508,-92.58687591552734,732,0,0,0,0.0,0.0,0.0,0,0
13573322,4,4.137890815734863,13572251,0.27423095703125,-0.68182373046875,-0.63958740234375,-0.2255859375,0,12.5234375,-12.06640625,-8.04296875,-4.736328125,1.6171875,-2.234375,1455,13573316,1024.445556640625,24.530000686645508,-92.58687591552734,733,0,0,0,0.0,0.0,0.0,0,0
13579322,4,4.137890815734863,13578251,0.263671875,-0.68035888671875,-0.63934326171875,-0.24249267578125,2,9.609375,-7.66015625,-4.63671875,-4.736328125,1.6171875,-2.234375,1457,13579316,1024.460205078125,24.530000686645508,-92.70578002929688,734,0,0,0,0.0,0.0,0.0,0,0
13588376,4,4.1572265625,13587305,0.24615478515625,-0.6771240234375,-0.63873291015625,-0.27008056640625,2,9.609375,-7.66015625,-4.63671875,-4.5,1.77734375,-2.28515625,1459,13588370,1024.460205078125,24.530000686645508,-92.70578002929688,735,0,0,0,0.0,0.0,0.0,0,0
13600376,4,4.1572265625,13599305,0.2332763671875,-0.67242431640625,-0.63812255859375,-0.29364013671875,2,9.609375,-7.66015625,-4.63671875,-4.404296875,1.822265625,-2.37109375,1461,13600370,1024.485107421875,24.540000915527344,-92.91188049316406,736,0,0,0,0.0,0.0,0.0,0,0
13607376,4,4.144335746765137,13606305,0.2208251953125,-0.6669921875,-0.63751220703125,-0.316162109375,2,9.609375,-7.66015625,-4.63671875,-4.376953125,1.783203125,-2.4921875,1463,13607370,1024.485107421875,24.540000915527344,-92.91188049316406,737,0,0,0,0.0,0.0,0.0,0,0
13613376,4,4.131445407867432,13612305,0.21392822265625,-0.6636962890625,-0.63720703125,-0.328125,2,9.609375,-7.66015625,-4.63671875,-4.3359375,1.7578125,-2.541015625,1465,13613370,1024.485107421875,24.540000915527344,-92.91188049316406,738,0,0,0,0.0,0.0,0.0,0,0
13624376,4,4.144335746765137,13623305,0.20465087890625,-0.65899658203125,-0.63677978515625,-0.343994140625,2,9.609375,-7.66015625,-4.63671875,-4.2890625,1.73046875,-2.58203125,1467,13624370,1024.440185546875,24.530000686645508,-92.54195404052734,739,0,0,0,0.0,0.0,0.0,0,0
13632376,4,4.144335746765137,13631305,0.18896484375,-0.64996337890625,-0.6363525390625,-0.37005615234375,2,9.609375,-7.66015625,-4.63671875,-3.74609375,1.61328125,-2.55078125,1469,13632370,1024.440185546875,24.530000686645508,-92.54195404052734,740,0,0,0,0.0,0.0,0.0,0,0
13638376,4,4.144335746765137,13637305,0.18304443359375,-0.64599609375,-0.63629150390625,-0.37994384765625,2,9.609375,-7.66015625,-4.63671875,-3.466796875,1.583984375,-2.5,1471,13638370,1024.44921875,24.530000686645508,-92.6159439086914,741,0,0,0,0.0,0.0,0.0,0,0
13645376,4,4.137890815734863,13644305,0.17327880859375,-0.63818359375,-0.63653564453125,-0.39691162109375,2,9.609375,-7.66015625,-4.63671875,-2.84765625,1.521484375,-2.34375,1473,13645370,1024.44921875,24.530000686645508,-92.6159439086914,742,0,0,0,0.0,0.0,0.0,0,0
13660322,4,4.150781154632568,13659251,0.17327880859375,-0.63818359375,-0.63653564453125,-0.39691162109375,0,5.90234375,-2.26171875,0.26953125,-2.185546875,1.416015625,-2.142578125,1475,13660316,1024.44580078125,24.530000686645508,-92.58951568603516,743,0,0,0,0.0,0.0,0.0,0,0
13667322,4,4.144335746765137,13666251,0.158447265625,-0.622802734375,-0.63800048828125,-0.42425537109375,0,5.90234375,-2.26171875,0.26953125,-2.001953125,1.369140625,-2.087890625,1477,13667316,1024.44580078125,24.530000686645508,-92.58951568603516,744,0,0,0,0.0,0.0,0.0,0,0
13672322,4,4.150781154632568,13671251,0.15576171875,-0.6195068359375,-0.63836669921875,-0.429443359375,0,5.90234375,-2.26171875,0.26953125,-1.8125,1.326171875,-2.025390625,1479,13672316,1024.44580078125,24.530000686645508,-92.58951568603516,745,0,0,0,0.0,0.0,0.0,0,0
13678322,4,4.1572265625,13677251,0.154052734375,-0.616943359375,-0.638916015625,-0.43292236328125,0,5.90234375,-2.26171875,0.26953125,-1.357421875,1.26171875,-1.853515625,1481,13678316,1024.488037109375,24.540000915527344,-92.93566131591797,746,0,0,0,0.0,0.0,0.0,0,0
13693322,4,4.137890815734863,13692251,0.15020751953125,-0.61090087890625,-0.64007568359375,-0.44110107421875,0,5.90234375,-2.26171875,0.26953125,-0.7890625,1.2109375,-1.62890625,1483,13693316,1024.460205078125,24.530000686645508,-92.70578002929688,747,0,0,0,0.0,0.0,0.0,0,0
13703322,4,4.1572265625,13702251,0.1455078125,-0.6007080078125,-0.642578125,-0.45281982421875,0,5.90234375,-2.26171875,0.26953125,-0.177734375,1.171875,-1.38671875,1485,13703316,1024.460205078125,24.530000686645508,-92.70578002929688,748,0,0,0,0.0,0.0,0.0,0,0
13709322,4,4.1572265625,13708251,0.144775390625,-0.59454345703125,-0.64483642578125,-0.4580078125,0,5.90234375,-2.26171875,0.26953125,0.572265625,1.130859375,-1.07421875,1487,13709316,1024.460205078125,24.530000686645508,-92.70578002929688,749,0,0,0,0.0,0.0,0.0,0,0
13715322,4,4.144335746765137,13714251,0.14642333984375,-0.589599609375,-0.64739990234375,-0.460205078125,0,5.90234375,-2.26171875,0.26953125,0.890625,1.12890625,-0.931640625,1489,13715316,1024.47119140625,24.530000686645508,-92.79561614990234,750,0,0,0,0.0,0.0,0.0,0,0
13730322,4,4.150781154632568,13729251,0.1483154296875,-0.58587646484375,-0.6495361328125,-0.4613037109375,0,5.90234375,-2.26171875,0.26953125,1.509765625,1.126953125,-0.6796875,1491,13730316,1024.47119140625,24.530000686645508,-92.79561614990234,751,0,0,0,0.0,0.0,0.0,0,0
13738322,4,4.137890815734863,13737251,0.155517578125,-0.577880859375,-0.65521240234375,-0.4610595703125,0,5.90234375,-2.26171875,0.26953125,2.12109375,1.064453125,-0.4140625,1493,13738316,1024.449951171875,24.530000686645508,-92.62122344970703,752,0,0,0,0.0,0.0,0.0,0,0
13744322,4,4.137890815734863,13743251,0.16131591796875,-0.57330322265625,-0.6590576171875,-0.45928955078125,2,3.828125,-0.19140625,2.453125,2.12109375,1.064453125,-0.4140625,1495,13744316,1024.449951171875,24.530000686645508,-92.62122344970703,753,0,0,0,0.0,0.0,0.0,0,0
13755376,4,4.163671970367432,13754305,0.16925048828125,-0.56866455078125,-0.66363525390625,-0.45550537109375,2,3.828125,-0.19140625,2.453125,2.771484375,0.962890625,-0.126953125,1497,13755370,1024.447265625,24.530000686645508,-92.60009002685547,754,0,0,0,0.0,0.0,0.0,0,0
13765376,4,4.137890815734863,13764305,0.18896484375,-0.5609130859375,-0.673583984375,-0.442626953125,2,3.828125,-0.19140625,2.453125,3.72265625,0.8515625,0.34765625,1499,13765370,1024.447265625,24.530000686645508,-92.60009002685547,755,0,0,0,0.0,0.0,0.0,0,0
13772376,4,4.131445407867432,13771305,0.20428466796875,-0.556884765625,-0.68023681640625,-0.4306640625,2,3.828125,-0.19140625,2.453125,4.373046875,0.806640625,0.666015625,1501,13772370,1024.474609375,24.530000686645508,-92.8246841430664,756,0,0,0,0.0,0.0,0.0,0,0
13778376,4,4.137890815734863,13777305,0.2110595703125,-0.5552978515625,-0.6829833984375,-0.42498779296875,2,3.828125,-0.19140625,2.453125,4.720703125,0.77734375,0.818359375,1503,13778370,1024.474609375,24.530000686645508,-92.8246841430664,757,0,0,0,0.0,0.0,0.0,0,0
13790376,4,4.144335746765137,13789305,0.22198486328125,-0.552978515625,-0.68719482421875,-0.41558837890625,2,3.828125,-0.19140625,2.453125,5.044921875,0.7578125,0.974609375,1505,13790370,1024.474609375,24.530000686645508,-92.8246841430664,758,0,0,0,0.0,0.0,0.0,0,0
13798376,4,4.144335746765137,13797305,0.2523193359375,-0.54736328125,-0.697509765625,-0.3875732421875,2,3.828125,-0.19140625,2.453125,6.0078125,0.697265625,1.509765625,1507,13798370,1024.4794921875,24.520000457763672,-92.86431884765625,759,0,0,0,0.0,0.0,0.0,0,0
13804376,4,4.137890815734863,13803305,0.263427734375,-0.54559326171875,-0.70068359375,-0.37677001953125,2,3.828125,-0.19140625,2.453125,6.3203125,0.67578125,1.734375,1509,13804370,1024.4794921875,24.520000457763672,-92.86431884765625,760,0,0,0,0.0,0.0,0.0,0,0
13812376,4,4.131445407867432,13811305,0.28607177734375,-0.543212890625,-0.70538330078125,-0.354248046875,2,3.828125,-0.19140625,2.453125,6.89453125,0.5859375,2.2578125,1511,13812370,1024.451171875,24.520000457763672,-92.63179779052734,761,0,0,0,0.0,0.0,0.0,0,0
13824376,4,4.144335746765137,13823305,0.29852294921875,-0.5418701171875,-0.70782470703125,-0.34100341796875,2,3.828125,-0.19140625,2.453125,7.15234375,0.509765625,2.52734375,1513,13824370,1024.451171875,24.520000457763672,-92.63179779052734,762,0,0,0,0.0,0.0,0.0,0,0
13831376,4,4.144335746765137,13830305,0.32891845703125,-0.53857421875,-0.71246337890625,-0.306884765625,2,3.828125,-0.19140625,2.453125,7.36328125,0.42578125,2.765625,1515,13831370,1024.475830078125,24.530000686645508,-92.83525085449219,763,0,0,0,0.0,0.0,0.0,0,0
13838376,4,4.144335746765137,13837305,0.3485107421875,-0.5367431640625,-0.71435546875,-0.282958984375,2,3.828125,-0.19140625,2.453125,7.62890625,0.12890625,3.216796875,1517,13838370,1024.475830078125,24.530000686645508,-92.83525085449219,764,0,0,0,0.0,0.0,0.0,0,0
13845376,4,4.137890815734863,13844305,0.365234375,-0.5352783203125,-0.71539306640625,-0.26123046875,2,3.828125,-0.19140625,2.453125,7.640625,-0.03125,3.333984375,1519,13845370,1024.475830078125,24.530000686645508,-92.83525085449219,765,0,0,0,0.0,0.0,0.0,0,0
13861376,4,4.144335746765137,13860305,0.3848876953125,-0.53363037109375,-0.71612548828125,-0.23297119140625,2,3.828125,-0.19140625,2.453125,7.560546875,-0.34765625,3.322265625,1521,13861370,1024.456298828125,24.520000457763672,-92.674072265625,766,0,0,0,0.0,0.0,0.0,0,0
13868376,4,4.144335746765137,13867305,0.421875,-0.52850341796875,-0.7158203125,-0.174072265625,2,3.828125,-0.19140625,2.453125,7.455078125,-0.603515625,3.193359375,1523,13868370,1024.456298828125,24.520000457763672,-92.674072265625,767,0,0,0,0.0,0.0,0.0,0,0
13874322,4,4.144335746765137,13873251,0.421875,-0.52850341796875,-0.7158203125,-0.174072265625,0,7.046875,-9.765625,-6.97265625,7.359375,-0.728515625,3.048828125,1525,13874316,1024.45166015625,24.520000457763672,-92.63707733154297,768,0,0,0,0.0,0.0,0.0,0,0
13882322,4,4.137890815734863,13881251,0.4296875,-0.52838134765625,-0.71441650390625,-0.16058349609375,0,7.046875,-9.765625,-6.97265625,7.310546875,-0.751953125,2.92578125,1527,13882316,1024.45166015625,24.520000457763672,-92.63707733154297,769,0,0,0,0.0,0.0,0.0,0,0
13897322,4,4.137890815734863,13896251,0.44744873046875,-0.5262451171875,-0.71148681640625,-0.1290283203125,0,7.046875,-9.765625,-6.97265625,7.36328125,-0.705078125,2.947265625,1529,13897316,1024.434814453125,24.520000457763672,-92.49703979492188,770,0,0,0,0.0,0.0,0.0,0,0
13904322,4,4.144335746765137,13903251,0.4755859375,-0.51666259765625,-0.7080078125,-0.074951171875,0,7.046875,-9.765625,-6.97265625,7.5859375,-0.671875,3.07421875,1531,13904316,1024.434814453125,24.520000457763672,-92.49703979492188,771,0,0,0,0.0,0.0,0.0,0,0
13911322,4,4.150781154632568,13910251,0.48907470703125,-0.51116943359375,-0.70513916015625,-0.04791259765625,0,7.046875,-9.765625,-6.97265625,7.669921875,-0.67578125,3.119140625,1533,13911316,1024.4521484375,24.520000457763672,-92.63972473144531,772,0,0,0,0.0,0.0,0.0,0,0
13927322,4,4.137890815734863,13926251,0.498046875,-0.5072021484375,-0.70269775390625,-0.029541015625,0,7.046875,-9.765625,-6.97265625,7.7109375,-0.876953125,3.025390625,1535,13927316,1024.4521484375,24.520000457763672,-92.63972473144531,773,0,0,0,0.0,0.0,0.0,0,0
13933322,4,4.137890815734863,13932251,0.53302001953125,-0.48773193359375,-0.689697265625,0.0484619140625,0,7.046875,-9.765625,-6.97265625,7.6953125,-0.998046875,2.9375,1537,13933316,1024.45849609375,24.520000457763672,-92.69256591796875,774,0,0,0,0.0,0.0,0.0,0,0
13939322,4,4.137890815734863,13938251,0.53778076171875,-0.48486328125,-0.68731689453125,0.057373046875,0,7.046875,-9.765625,-6.97265625,7.662109375,-1.201171875,2.7265625,1539,13939316,1024.45849609375,24.520000457763672,-92.69256591796875,775,0,0,0,0.0,0.0,0.0,0,0
13946322,4,4.144335746765137,13945251,0.54974365234375,-0.47509765625,-0.68145751953125,0.08746337890625,0,7.046875,-9.765625,-6.97265625,7.61328125,-1.27734375,2.615234375,1541,13946316,1024.45849609375,24.520000457763672,-92.69256591796875,776,0,0,0,0.0,0.0,0.0,0,0
13960322,4,4.1572265625,13959251,0.55596923828125,-0.46881103515625,-0.67822265625,0.10546875,0,7.046875,-9.765625,-6.97265625,7.396484375,-1.41796875,2.306640625,1543,13960316,1024.483642578125,24.520000457763672,-92.89867401123047,777,0,0,0,0.0,0.0,0.0,0,0
13968322,4,4.150781154632568,13967251,0.5721435546875,-0.4486083984375,-0.66839599609375,0.15716552734375,0,7.046875,-9.765625,-6.97265625,7.060546875,-1.6015625,1.65234375,1545,13968316,1024.483642578125,24.520000457763672,-92.89867401123047,778,0,0,0,0.0,0.0,0.0,0,0
13974322,4,4.137890815734863,13973251,0.5791015625,-0.43707275390625,-0.6636962890625,0.1820068359375,0,7.046875,-9.765625,-6.97265625,7.0,-1.640625,1.423828125,1547,13974316,1024.451904296875,24.520000457763672,-92.63972473144531,779,0,0,0,0.0,0.0,0.0,0,0
13981322,4,4.144335746765137,13980251,0.5841064453125,-0.42742919921875,-0.66021728515625,0.2005615234375,2,10.7265625,-17.81640625,-8.3515625,7.0,-1.640625,1.423828125,1549,13981316,1024.451904296875,24.520000457763672,-92.63972473144531,780,0,0,0,0.0,0.0,0.0,0,0
13994376,4,4.144335746765137,13993305,0.58966064453125,-0.41705322265625,-0.6563720703125,0.21807861328125,2,10.7265625,-17.81640625,-8.3515625,6.94140625,-1.677734375,1.189453125,1551,13994370,1024.475341796875,24.520000457763672,-92.83261108398438,781,0,0,0,0.0,0.0,0.0,0,0
14005376,4,4.150781154632568,14004305,0.60504150390625,-0.37640380859375,-0.64501953125,0.27593994140625,2,10.7265625,-17.81640625,-8.3515625,6.046875,-1.095703125,0.033203125,1553,14005370,1024.475341796875,24.520000457763672,-92.83261108398438,782,0,0,0,0.0,0.0,0.0,0,0
14012376,4,4.131445407867432,14011305,0.61181640625,-0.35894775390625,-0.640380859375,0.29449462890625,2,10.7265625,-17.81640625,-8.3515625,6.0,-1.001953125,-0.16796875,1555,14012370,1024.452392578125,24.510000228881836,-92.64236450195312,783,0,0,0,0.0,0.0,0.0,0,0
14018376,4,4.144335746765137,14017305,0.6158447265625,-0.34869384765625,-0.6378173828125,0.30389404296875,2,10.7265625,-17.81640625,-8.3515625,5.98828125,-0.88671875,-0.515625,1557,14018370,1024.452392578125,24.510000228881836,-92.64236450195312,784,0,0,0,0.0,0.0,0.0,0,0
14029376,4,4.150781154632568,14028305,0.6221923828125,-0.3323974609375,-0.633544921875,0.31793212890625,2,10.7265625,-17.81640625,-8.3515625,5.986328125,-0.779296875,-0.732421875,1559,14029370,1024.4365234375,24.510000228881836,-92.51289367675781,785,0,0,0,0.0,0.0,0.0,0,0
14036376,4,4.144335746765137,14035305,0.6317138671875,-0.30914306640625,-0.626953125,0.33514404296875,2,10.7265625,-17.81640625,-8.3515625,5.962890625,-0.419921875,-1.12109375,1561,14036370,1024.4365234375,24.510000228881836,-92.51289367675781,786,0,0,0,0.0,0.0,0.0,0,0
14044376,4,4.137890815734863,14043305,0.638916015625,-0.293212890625,-0.621826171875,0.34515380859375,2,10.7265625,-17.81640625,-8.3515625,5.9296875,0.01171875,-1.462890625,1563,14044370,1024.4365234375,24.510000228881836,-92.51289367675781,787,0,0,0,0.0,0.0,0.0,0,0
14055376,4,4.137890815734863,14054305,0.6485595703125,-0.2740478515625,-0.6143798828125,0.35601806640625,2,10.7265625,-17.81640625,-8.3515625,5.857421875,0.234375,-1.630859375,1565,14055370,1024.4541015625,24.520000457763672,-92.65557861328125,788,0,0,0,0.0,0.0,0.0,0,0
14065376,4,4.150781154632568,14064305,0.662841796875,-0.2467041015625,-0.603271484375,0.36865234375,2,10.7265625,-17.81640625,-8.3515625,5.572265625,0.65625,-1.9609375,1567,14065370,1024.4541015625,24.520000457763672,-92.65557861328125,789,0,0,0,0.0,0.0,0.0,0,0
14098137,4,4.1572265625,14097067,0.720703125,-0.1478271484375,-0.5550537109375,0.38818359375,2,10.7265625,-17.81640625,-8.3515625,5.044921875,1.1328125,-2.4453125,1569,14098132,1024.43017578125,24.510000228881836,-92.46004486083984,790,0,0,0,0.0,0.0,0.0,0,0
14106376,4,4.144335746765137,14105305,0.72265625,-0.144775390625,-0.5533447265625,0.38812255859375,2,10.7265625,-17.81640625,-8.3515625,3.64453125,1.330078125,-3.423828125,1571,14106370,1024.43017578125,24.510000228881836,-92.46004486083984,791,0,0,0,0.0,0.0,0.0,0,0
14119376,4,4.144335746765137,14118305,0.73138427734375,-0.13134765625,-0.54656982421875,0.3861083984375,2,10.7265625,-17.81640625,-8.3515625,3.40234375,1.46484375,-3.552734375,1573,14119370,1024.45166015625,24.520000457763672,-92.63707733154297,792,0,0,0,0.0,0.0,0.0,0,0
14127376,4,4.137890815734863,14126305,0.7518310546875,-0.10150146484375,-0.53076171875,0.3778076171875,2,10.7265625,-17.81640625,-8.3515625,3.09765625,1.84375,-3.783203125,1575,14127370,1024.43896484375,24.510000228881836,-92.53138732910156,793,0,0,0,0.0,0.0,0.0,0,0
14134376,4,4.1572265625,14133305,0.7586669921875,-0.09246826171875,-0.52520751953125,0.37420654296875,2,10.7265625,-17.81640625,-8.3515625,3.037109375,1.955078125,-3.849609375,1577,14134370,1024.43896484375,24.510000228881836,-92.53138732910156,794,0,0,0,0.0,0.0,0.0,0,0
14141376,4,4.144335746765137,14140305,0.76812744140625,-0.080078125,-0.5172119140625,0.36883544921875,2,10.7265625,-17.81640625,-8.3515625,3.0,2.052734375,-3.8984375,1579,14141370,1024.43896484375,24.510000228881836,-92.53138732910156,795,0,0,0,0.0,0.0,0.0,0,0
14154322,4,4.150781154632568,14153251,0.76812744140625,-0.080078125,-0.5172119140625,0.36883544921875,0,7.0859375,-8.3125,-1.80078125,2.95703125,2.2421875,-3.951171875,1581,14154316,1024.423583984375,24.510000228881836,-92.40455627441406,796,0,0,0,0.0,0.0,0.0,0,0
14163322,4,4.150781154632568,14162251,0.77984619140625,-0.0655517578125,-0.50628662109375,0.36224365234375,0,7.0859375,-8.3125,-1.80078125,2.93359375,2.533203125,-3.98046875,1583,14163316,1024.423583984375,24.510000228881836,-92.40455627441406,797,0,0,0,0.0,0.0,0.0,0,0
14169322,4,4.131445407867432,14168251,0.80072021484375,-0.038818359375,-0.48565673828125,0.34857177734375,0,7.0859375,-8.3125,-1.80078125,2.921875,2.63671875,-3.955078125,1585,14169316,1024.444580078125,24.510000228881836,-92.57894897460938,798,0,0,0,0.0,0.0,0.0,0,0
14176322,4,4.137890815734863,14175251,0.8114013671875,-0.02545166015625,-0.47393798828125,0.34112548828125,0,7.0859375,-8.3125,-1.80078125,2.96484375,2.818359375,-3.845703125,1587,14176316,1024.444580078125,24.510000228881836,-92.57894897460938,799,0,0,0,0.0,0.0,0.0,0,0
14190322,4,4.144335746765137,14189251,0.81964111328125,-0.015380859375,-0.464111328125,0.33544921875,0,7.0859375,-8.3125,-1.80078125,2.958984375,2.98046875,-3.70703125,1589,14190316,1024.4033203125,24.510000228881836,-92.23809051513672,800,0,0,0,0.0,0.0,0.0,0,0
14198322,4,4.150781154632568,14197251,0.83892822265625,0.0087890625,-0.43878173828125,0.3218994140625,0,7.0859375,-8.3125,-1.80078125,2.65625,3.314453125,-3.50390625,1591,14198316,1024.4033203125,24.510000228881836,-92.23809051513672,801,0,0,0,0.0,0.0,0.0,0,0
14208322,4,4.144335746765137,14207251,0.84912109375,0.02105712890625,-0.42376708984375,0.3145751953125,0,7.0859375,-8.3125,-1.80078125,2.47265625,3.4296875,-3.427734375,1593,14208316,1024.441650390625,24.520000457763672,-92.55516815185547,802,0,0,0,0.0,0.0,0.0,0,0
14222322,4,4.1572265625,14221251,0.8582763671875,0.03143310546875,-0.40948486328125,0.30767822265625,0,7.0859375,-8.3125,-1.80078125,1.974609375,3.583984375,-3.25,1595,14222316,1024.441650390625,24.520000457763672,-92.55516815185547,803,0,0,0,0.0,0.0,0.0,0,0
14228322,4,4.144335746765137,14227251,0.877197265625,0.049072265625,-0.37774658203125,0.29217529296875,0,7.0859375,-8.3125,-1.80078125,1.685546875,3.60546875,-3.17578125,1597,14228316,1024.4208984375,24.510000228881836,-92.38341522216797,804,0,0,0,0.0,0.0,0.0,0,0
14234322,4,4.144335746765137,14233251,0.88037109375,0.05157470703125,-0.37225341796875,0.2894287109375,0,7.0859375,-8.3125,-1.80078125,1.16796875,3.5625,-3.041015625,1599,14234316,1024.4208984375,24.510000228881836,-92.38341522216797,805,0,0,0,0.0,0.0,0.0,0,0
14241322,4,4.163671970367432,14240251,0.88677978515625,0.05621337890625,-0.36077880859375,0.2833251953125,0,7.0859375,-8.3125,-1.80078125,0.51171875,3.419921875,-2.896484375,1601,14241316,1024.4208984375,24.510000228881836,-92.38341522216797,806,0,0,0,0.0,0.0,0.0,0,0
14255322,4,4.137890815734863,14254251,0.89178466796875,0.05816650390625,-0.35223388671875,0.278076171875,2,1.37890625,1.9140625,0.23046875,0.51171875,3.419921875,-2.896484375,1603,14255316,1024.448974609375,24.520000457763672,-92.61329650878906,807,0,0,0,0.0,0.0,0.0,0,0
14260376,4,4.1572265625,14259305,0.90972900390625,0.0618896484375,-0.320556640625,0.25640869140625,2,1.37890625,1.9140625,0.23046875,-0.037109375,3.16015625,-2.734375,1605,14260370,1024.448974609375,24.520000457763672,-92.61329650878906,808,0,0,0,0.0,0.0,0.0,0,0
14272376,4,4.163671970367432,14271305,0.916259765625,0.060546875,-0.30963134765625,0.24688720703125,2,1.37890625,1.9140625,0.23046875,-0.84375,2.625,-2.48828125,1607,14272370,1024.435791015625,24.520000457763672,-92.50496673583984,809,0,0,0,0.0,0.0,0.0,0,0
14279376,4,4.150781154632568,14278305,0.925048828125,0.0557861328125,-0.29559326171875,0.2320556640625,2,1.37890625,1.9140625,0.23046875,-1.3359375,2.267578125,-2.3046875,1609,14279370,1024.435791015625,24.520000457763672,-92.50496673583984,810,0,0,0,0.0,0.0,0.0,0,0
14291376,4,4.131445407867432,14290305,0.9298095703125,0.0509033203125,-0.28863525390625,0.22259521484375,2,1.37890625,1.9140625,0.23046875,-1.71484375,1.955078125,-2.0859375,1611,14291370,1024.4375,24.520000457763672,-92.52082061767578,811,0,0,0,0.0,0.0,0.0,0,0
14298376,4,4.144335746765137,14297305,0.93609619140625,0.0419921875,-0.27984619140625,0.20892333984375,2,1.37890625,1.9140625,0.23046875,-2.072265625,1.72265625,-1.8046875,1613,14298370,1024.4375,24.520000457763672,-92.52082061767578,812,0,0,0,0.0,0.0,0.0,0,0
14304376,4,4.1572265625,14303305,0.93878173828125,0.03643798828125,-0.2762451171875,0.20257568359375,2,1.37890625,1.9140625,0.23046875,-2.265625,1.650390625,-1.634765625,1615,14304370,1024.460693359375,24.520000457763672,-92.71106719970703,813,0,0,0,0.0,0.0,0.0,0,0
14311376,4,4.150781154632568,14310305,0.94158935546875,0.029296875,-0.27252197265625,0.19573974609375,2,1.37890625,1.9140625,0.23046875,-2.49609375,1.623046875,-1.45703125,1617,14311370,1024.460693359375,24.530000686645508,-92.71106719970703,814,0,0,0,0.0,0.0,0.0,0,0
14323376,4,4.150781154632568,14322305,0.94415283203125,0.02001953125,-0.26898193359375,0.1893310546875,2,1.37890625,1.9140625,0.23046875,-2.982421875,1.615234375,-1.076171875,1619,14323370,1024.460693359375,24.530000686645508,-92.71106719970703,815,0,0,0,0.0,0.0,0.0,0,0
14331376,4,4.144335746765137,14330305,0.9478759765625,0.00262451171875,-0.26336669921875,0.17926025390625,2,1.37890625,1.9140625,0.23046875,-3.546875,1.623046875,-0.689453125,1621,14331370,1024.442626953125,24.520000457763672,-92.56309509277344,816,0,0,0,0.0,0.0,0.0,0,0
14338376,4,4.150781154632568,14337305,0.94989013671875,-0.01373291015625,-0.260009765625,0.173095703125,2,1.37890625,1.9140625,0.23046875,-4.130859375,1.51171875,-0.296875,1623,14338370,1024.442626953125,24.520000457763672,-92.56309509277344,817,0,0,0,0.0,0.0,0.0,0,0
14350376,4,4.163671970367432,14349305,0.950927734375,-0.02679443359375,-0.25787353515625,0.16888427734375,2,1.37890625,1.9140625,0.23046875,-4.404296875,1.4296875,-0.08984375,1625,14350370,1024.455810546875,24.520000457763672,-92.67143249511719,818,0,0,0,0.0,0.0,0.0,0,0
14358376,4,4.144335746765137,14357305,0.95147705078125,-0.0626220703125,-0.25445556640625,0.1612548828125,2,1.37890625,1.9140625,0.23046875,-5.013671875,1.171875,0.583984375,1627,14358370,1024.455810546875,24.520000457763672,-92.67143249511719,819,0,0,0,0.0,0.0,0.0,0,0
14365376,4,4.137890815734863,14364305,0.9510498046875,-0.0755615234375,-0.253662109375,0.15948486328125,2,1.37890625,1.9140625,0.23046875,-5.15625,1.10546875,0.81640625,1629,14365370,1024.432373046875,24.520000457763672,-92.4785385131836,820,0,0,0,0.0,0.0,0.0,0,0
14373376,4,4.137890815734863,14372305,0.94921875,-0.10284423828125,-0.25238037109375,0.15740966796875,2,1.37890625,1.9140625,0.23046875,-5.3046875,0.982421875,1.27734375,1631,14373370,1024.432373046875,24.520000457763672,-92.4785385131836,821,0,0,0,0.0,0.0,0.0,0,0
14388322,4,4.137890815734863,14387251,0.94921875,-0.10284423828125,-0.25238037109375,0.15740966796875,0,-1.37890625,-4.25390625,6.359375,-5.283203125,0.75,1.87109375,1633,14388316,1024.447265625,24.520000457763672,-92.60009002685547,822,0,0,0,0.0,0.0,0.0,0,0
14396322,4,4.1572265625,14395251,0.941650390625,-0.160400390625,-0.250244140625,0.157958984375,0,-1.37890625,-4.25390625,6.359375,-5.154296875,0.494140625,2.099609375,1635,14396316,1024.447265625,24.520000457763672,-92.60009002685547,823,0,0,0,0.0,0.0,0.0,0,0
14404322,4,4.137890815734863,14403251,0.93939208984375,-0.1724853515625,-0.25,0.158935546875,0,-1.37890625,-4.25390625,6.359375,-4.94921875,0.13671875,2.208984375,1637,14404316,1024.42919921875,24.520000457763672,-92.45211791992188,824,0,0,0,0.0,0.0,0.0,0,0
14410322,4,4.150781154632568,14409251,0.93377685546875,-0.19732666015625,-0.25054931640625,0.16229248046875,0,-1.37890625,-4.25390625,6.359375,-4.841796875,-0.041015625,2.1640625,1639,14410316,1024.42919921875,24.520000457763672,-92.45211791992188,825,0,0,0,0.0,0.0,0.0,0,0
14425322,4,4.163671970367432,14424251,0.93048095703125,-0.2099609375,-0.25128173828125,0.16424560546875,0,-1.37890625,-4.25390625,6.359375,-4.7109375,-0.419921875,1.9296875,1641,14425316,1024.43359375,24.530000686645508,-92.4891128540039,826,0,0,0,0.0,0.0,0.0,0,0
14433322,4,4.1572265625,14432251,0.92041015625,-0.2430419921875,-0.25506591796875,0.1693115234375,0,-1.37890625,-4.25390625,6.359375,-4.6875,-0.771484375,1.556640625,1643,14433316,1024.43359375,24.530000686645508,-92.4891128540039,827,0,0,0,0.0,0.0,0.0,0,0
14439322,4,4.170117378234863,14438251,0.91497802734375,-0.2587890625,-0.25799560546875,0.17132568359375,2,3.41015625,-11.8359375,9.1171875,-4.6875,-0.771484375,1.556640625,1645,14439316,1024.43359375,24.530000686645508,-92.4891128540039,828,0,0,0,0.0,0.0,0.0,0,0
14444376,4,4.150781154632568,14443305,0.906005859375,-0.28179931640625,-0.2646484375,0.17242431640625,2,3.41015625,-11.8359375,9.1171875,-4.728515625,-1.107421875,1.060546875,1647,14444370,1024.441162109375,24.530000686645508,-92.54988098144531,829,0,0,0,0.0,0.0,0.0,0,0
14456376,4,4.150781154632568,14455305,0.899169921875,-0.29766845703125,-0.27069091796875,0.17218017578125,2,3.41015625,-11.8359375,9.1171875,-4.75,-1.30859375,0.814453125,1649,14456370,1024.441162109375,24.530000686645508,-92.54988098144531,830,0,0,0,0.0,0.0,0.0,0,0
14464376,4,4.163671970367432,14463305,0.88671875,-0.32318115234375,-0.2843017578125,0.168701171875,2,3.41015625,-11.8359375,9.1171875,-4.90234375,-1.876953125,-0.044921875,1651,14464370,1024.478271484375,24.530000686645508,-92.85639190673828,831,0,0,0,0.0,0.0,0.0,0,0
14471376,4,4.1572265625,14470305,0.879638671875,-0.336181640625,-0.2928466796875,0.16571044921875,2,3.41015625,-11.8359375,9.1171875,-4.9765625,-2.05859375,-0.26171875,1653,14471370,1024.478271484375,24.530000686645508,-92.85639190673828,832,0,0,0,0.0,0.0,0.0,0,0
14478376,4,4.144335746765137,14477305,0.86956787109375,-0.35308837890625,-0.305419921875,0.1607666015625,2,3.41015625,-11.8359375,9.1171875,-5.205078125,-2.310546875,-0.55078125,1655,14478370,1024.478271484375,24.530000686645508,-92.85639190673828,833,0,0,0,0.0,0.0,0.0,0,0
14491376,4,4.150781154632568,14490305,0.8629150390625,-0.36376953125,-0.3135986328125,0.15728759765625,2,3.41015625,-11.8359375,9.1171875,-5.3203125,-2.384765625,-0.6328125,1657,14491370,1024.44921875,24.530000686645508,-92.6159439086914,834,0,0,0,0.0,0.0,0.0,0,0
14500376,4,4.144335746765137,14499305,0.84259033203125,-0.39373779296875,-0.33685302734375,0.146728515625,2,3.41015625,-11.8359375,9.1171875,-5.671875,-2.48828125,-0.67578125,1659,14500370,1024.44921875,24.530000686645508,-92.6159439086914,835,0,0,0,0.0,0.0,0.0,0,0
14508376,4,4.163671970367432,14507305,0.826416015625,-0.4158935546875,-0.35321044921875,0.1390380859375,2,3.41015625,-11.8359375,9.1171875,-6.06640625,-2.576171875,-0.525390625,1661,14508370,1024.423583984375,24.530000686645508,-92.40455627441406,836,0,0,0,0.0,0.0,0.0,0,0
14520376,4,4.144335746765137,14519305,0.81781005859375,-0.4271240234375,-0.36114501953125,0.13531494140625,2,3.41015625,-11.8359375,9.1171875,-6.279296875,-2.658203125,-0.427734375,1663,14520370,1024.423583984375,24.530000686645508,-92.40455627441406,837,0,0,0,0.0,0.0,0.0,0,0
14528376,4,4.137890815734863,14527305,0.78753662109375,-0.46380615234375,-0.38623046875,0.12451171875,2,3.41015625,-11.8359375,9.1171875,-6.98828125,-3.16796875,-0.185546875,1665,14528370,1024.46435546875,24.530000686645508,-92.74012756347656,838,0,0,0,0.0,0.0,0.0,0,0
14534376,4,4.137890815734863,14533305,0.77606201171875,-0.4764404296875,-0.39501953125,0.12103271484375,2,3.41015625,-11.8359375,9.1171875,-7.271484375,-3.40234375,-0.1640625,1667,14534370,1024.46435546875,24.530000686645508,-92.74012756347656,839,0,0,0,0.0,0.0,0.0,0,0
14541376,4,4.137890815734863,14540305,0.7603759765625,-0.4927978515625,-0.4066162109375,0.11669921875,2,3.41015625,-11.8359375,9.1171875,-7.552734375,-3.671875,-0.1875,1669,14541370,1024.452392578125,24.530000686645508,-92.64236450195312,840,0,0,0,0.0,0.0,0.0,0,0
14554322,4,4.150781154632568,14553251,0.7603759765625,-0.4927978515625,-0.4066162109375,0.11669921875,0,7.35546875,-11.76171875,-1.609375,-8.154296875,-4.220703125,-0.376953125,1671,14554316,1024.452392578125,24.520000457763672,-92.64236450195312,841,0,0,0,0.0,0.0,0.0,0,0
14564322,4,4.137890815734863,14563251,0.73626708984375,-0.5157470703125,-0.4239501953125,0.1103515625,0,7.35546875,-11.76171875,-1.609375,-8.66015625,-4.576171875,-0.724609375,1673,14564316,1024.43359375,24.530000686645508,-92.4891128540039,842,0,0,0,0.0,0.0,0.0,0,0
14570322,4,4.137890815734863,14569251,0.68994140625,-0.55426025390625,-0.45513916015625,0.0980224609375,0,7.35546875,-11.76171875,-1.609375,-8.953125,-4.591796875,-0.7890625,1675,14570316,1024.43359375,24.530000686645508,-92.4891128540039,843,0,0,0,0.0,0.0,0.0,0,0
14577322,4,4.144335746765137,14576251,0.662841796875,-0.57427978515625,-0.47198486328125,0.09027099609375,0,7.35546875,-11.76171875,-1.609375,-9.1875,-5.01171875,-0.99609375,1677,14577316,1024.43359375,24.530000686645508,-92.4891128540039,844,0,0,0,0.0,0.0,0.0,0,0
14591322,4,4.1572265625,14590251,0.6358642578125,-0.59246826171875,-0.4876708984375,0.08258056640625,0,7.35546875,-11.76171875,-1.609375,-9.123046875,-5.203125,-1.296875,1679,14591316,1024.46728515625,24.530000686645508,-92.76390838623047,845,0,0,0,0.0,0.0,0.0,0,0
14599322,4,4.1572265625,14598251,0.5758056640625,-0.62628173828125,-0.5213623046875,0.0662841796875,0,7.35546875,-11.76171875,-1.609375,-8.615234375,-4.703125,-1.146484375,1681,14599316,1024.46728515625,24.530000686645508,-92.76390838623047,846,0,0,0,0.0,0.0,0.0,0,0
14605322,4,4.137890815734863,14604251,0.5452880859375,-0.6412353515625,-0.5367431640625,0.05816650390625,0,7.35546875,-11.76171875,-1.609375,-8.478515625,-4.318359375,-1.01171875,1683,14605316,1024.462890625,24.530000686645508,-92.72956085205078,847,0,0,0,0.0,0.0,0.0,0,0
14611322,4,4.150781154632568,14610251,0.52215576171875,-0.6519775390625,-0.54736328125,0.0517578125,0,7.35546875,-11.76171875,-1.609375,-8.3671875,-3.984375,-0.873046875,1685,14611316,1024.462890625,24.530000686645508,-92.72956085205078,848,0,0,0,0.0,0.0,0.0,0,0
14625322,4,4.150781154632568,14624251,0.49676513671875,-0.66339111328125,-0.557861328125,0.044189453125,0,7.35546875,-11.76171875,-1.609375,-8.142578125,-3.314453125,-0.744140625,1687,14625316,1024.456298828125,24.530000686645508,-92.674072265625,849,0,0,0,0.0,0.0,0.0,0,0
14631322,4,4.1572265625,14630251,0.4351806640625,-0.6895751953125,-0.57843017578125,0.0238037109375,0,7.35546875,-11.76171875,-1.609375,-8.083984375,-3.146484375,-0.755859375,1689,14631316,1024.456298828125,24.530000686645508,-92.674072265625,850,0,0,0,0.0,0.0,0.0,0,0
14638322,4,4.1572265625,14637251,0.41510009765625,-0.69744873046875,-0.58392333984375,0.01629638671875,0,7.35546875,-11.76171875,-1.609375,-8.01171875,-3.033203125,-0.779296875,1691,14638316,1024.456298828125,24.530000686645508,-92.674072265625,851,0,0,0,0.0,0.0,0.0,0,0
14653322,4,4.150781154632568,14652251,0.38848876953125,-0.707275390625,-0.59063720703125,0.006103515625,0,7.35546875,-11.76171875,-1.609375,-8.0078125,-2.9140625,-0.92578125,1693,14653316,1024.4599609375,24.530000686645508,-92.70314025878906,852,0,0,0,0.0,0.0,0.0,0,0
14659322,4,4.137890815734863,14658251,0.33795166015625,-0.72344970703125,-0.601806640625,-0.0140380859375,0,7.35546875,-11.76171875,-1.609375,-8.05859375,-2.876953125,-1.072265625,1695,14659316,1024.4599609375,24.530000686645508,-92.70314025878906,853,0,0,0,0.0,0.0,0.0,0,0
14665322,4,4.144335746765137,14664251,0.32275390625,-0.7276611328125,-0.60491943359375,-0.02020263671875,0,7.35546875,-11.76171875,-1.609375,-8.130859375,-2.794921875,-1.654296875,1697,14665316,1024.424560546875,24.530000686645508,-92.41248321533203,854,0,0,0,0.0,0.0,0.0,0,0
14671322,4,4.163671970367432,14670251,0.29217529296875,-0.73468017578125,-0.61138916015625,-0.033203125,2,10.11328125,-9.34765625,-10.45703125,-8.130859375,-2.794921875,-1.654296875,1699,14671316,1024.424560546875,24.530000686645508,-92.41248321533203,855,0,0,0,0.0,0.0,0.0,0,0
14684376,4,4.144335746765137,14683305,0.26739501953125,-0.73785400390625,-0.6181640625,-0.04345703125,2,10.11328125,-9.34765625,-10.45703125,-8.080078125,-2.767578125,-1.8203125,1701,14684370,1024.46728515625,24.530000686645508,-92.76390838623047,856,0,0,0,0.0,0.0,0.0,0,0
14692376,4,4.137890815734863,14691305,0.1917724609375,-0.7451171875,-0.6341552734375,-0.07684326171875,2,10.11328125,-9.34765625,-10.45703125,-7.62890625,-2.6171875,-2.115234375,1703,14692370,1024.46728515625,24.530000686645508,-92.76390838623047,857,0,0,0,0.0,0.0,0.0,0,0
14699376,4,4.1572265625,14698305,0.179931640625,-0.74542236328125,-0.6365966796875,-0.082275390625,2,10.11328125,-9.34765625,-10.45703125,-7.248046875,-2.259765625,-2.220703125,1705,14699370,1024.451171875,24.530000686645508,-92.63179779052734,858,0,0,0,0.0,0.0,0.0,0,0
14705376,4,4.163671970367432,14704305,0.1529541015625,-0.745361328125,-0.64190673828125,-0.0950927734375,2,10.11328125,-9.34765625,-10.45703125,-7.0546875,-2.0390625,-2.205078125,1707,14705370,1024.451171875,24.530000686645508,-92.63179779052734,859,0,0,0,0.0,0.0,0.0,0,0
14718376,4,4.1572265625,14717305,0.13214111328125,-0.74462890625,-0.6456298828125,-0.1058349609375,2,10.11328125,-9.34765625,-10.45703125,-6.703125,-1.599609375,-2.076171875,1709,14718370,1024.451171875,24.530000686645508,-92.63179779052734,860,0,0,0,0.0,0.0,0.0,0,0
14726376,4,4.137890815734863,14725305,0.090087890625,-0.74188232421875,-0.65185546875,-0.12890625,2,10.11328125,-9.34765625,-10.45703125,-6.423828125,-1.15234375,-1.8984375,1711,14726370,1024.465576171875,24.530000686645508,-92.75070190429688,861,0,0,0,0.0,0.0,0.0,0,0
14734376,4,4.131445407867432,14733305,0.0709228515625,-0.739990234375,-0.65374755859375,-0.1414794921875,2,10.11328125,-9.34765625,-10.45703125,-6.302734375,-0.625,-1.720703125,1713,14734370,1024.465576171875,24.530000686645508,-92.75070190429688,862,0,0,0,0.0,0.0,0.0,0,0
14740376,4,4.144335746765137,14739305,0.0494384765625,-0.7364501953125,-0.65625,-0.1566162109375,2,10.11328125,-9.34765625,-10.45703125,-6.25390625,-0.3515625,-1.638671875,1715,14740370,1024.451171875,24.530000686645508,-92.63179779052734,863,0,0,0,0.0,0.0,0.0,0,0
14753376,4,4.150781154632568,14752305,0.03802490234375,-0.73480224609375,-0.6566162109375,-0.165771484375,2,10.11328125,-9.34765625,-10.45703125,-6.189453125,-0.099609375,-1.552734375,1717,14753370,1024.451171875,24.530000686645508,-92.63179779052734,864,0,0,0,0.0,0.0,0.0,0,0
14761376,4,4.1572265625,14760305,0.00274658203125,-0.72808837890625,-0.6563720703125,-0.19757080078125,2,10.11328125,-9.34765625,-10.45703125,-5.888671875,0.521484375,-1.318359375,1719,14761370,1024.42822265625,24.530000686645508,-92.4441909790039,865,0,0,0,0.0,0.0,0.0,0,0
14768376,4,4.137890815734863,14767305,0.01116943359375,0.72479248046875,0.65533447265625,0.2125244140625,2,10.11328125,-9.34765625,-10.45703125,-5.7265625,0.8515625,-1.09375,1721,14768370,1024.42822265625,24.530000686645508,-92.4441909790039,866,0,0,0,0.0,0.0,0.0,0,0
14781376,4,4.137890815734863,14780305,0.02276611328125,0.72174072265625,0.65399169921875,0.22564697265625,2,10.11328125,-9.34765625,-10.45703125,-5.638671875,0.990234375,-0.962890625,1723,14781370,1024.441650390625,24.530000686645508,-92.55516815185547,867,0,0,0,0.0,0.0,0.0,0,0
14788376,4,4.163671970367432,14787305,0.04864501953125,0.714111328125,0.6490478515625,0.25762939453125,2,10.11328125,-9.34765625,-10.45703125,-5.40625,1.220703125,-0.71875,1725,14788370,1024.441650390625,24.530000686645508,-92.55516815185547,868,0,0,0,0.0,0.0,0.0,0,0
14796376,4,4.150781154632568,14795305,0.06207275390625,0.7095947265625,0.64569091796875,0.27520751953125,2,10.11328125,-9.34765625,-10.45703125,-5.2265625,1.37890625,-0.587890625,1727,14796370,1024.441650390625,24.530000686645508,-92.55516815185547,869,0,0,0,0.0,0.0,0.0,0,0
14803322,4,4.150781154632568,14802251,0.06207275390625,0.7095947265625,0.64569091796875,0.27520751953125,0,4.48046875,-0.765625,-8.12109375,-5.060546875,1.572265625,-0.494140625,1729,14803316,1024.44970703125,24.530000686645508,-92.62122344970703,870,0,0,0,0.0,0.0,0.0,0,0
14821322,4,4.150781154632568,14820251,0.0736083984375,0.70556640625,0.6412353515625,0.29248046875,0,4.48046875,-0.765625,-8.12109375,-4.83203125,1.830078125,-0.4609375,1731,14821316,1024.43603515625,24.530000686645508,-92.50760650634766,871,0,0,0,0.0,0.0,0.0,0,0
14828322,4,4.163671970367432,14827251,0.10186767578125,0.6915283203125,0.6290283203125,0.34027099609375,0,4.48046875,-0.765625,-8.12109375,-4.6796875,1.9375,-0.515625,1733,14828316,1024.43603515625,24.530000686645508,-92.50760650634766,872,0,0,0,0.0,0.0,0.0,0,0
14833322,4,4.144335746765137,14832251,0.10919189453125,0.686767578125,0.6253662109375,0.35400390625,0,4.48046875,-0.765625,-8.12109375,-4.537109375,1.99609375,-0.55078125,1735,14833316,1024.43603515625,24.530000686645508,-92.50760650634766,873,0,0,0,0.0,0.0,0.0,0,0
14840322,4,4.144335746765137,14839251,0.1123046875,0.684326171875,0.6239013671875,0.36041259765625,0,4.48046875,-0.765625,-8.12109375,-4.2109375,2.087890625,-0.564453125,1737,14840316,1024.435302734375,24.530000686645508,-92.5023193359375,874,0,0,0,0.0,0.0,0.0,0,0
14854322,4,4.131445407867432,14853251,0.12030029296875,0.6776123046875,0.6197509765625,0.37725830078125,0,4.48046875,-0.765625,-8.12109375,-3.806640625,2.19921875,-0.54296875,1739,14854316,1024.435302734375,24.530000686645508,-92.5023193359375,875,0,0,0,0.0,0.0,0.0,0,0
14861322,4,4.137890815734863,14860251,0.13104248046875,0.66632080078125,0.613525390625,0.40301513671875,0,4.48046875,-0.765625,-8.12109375,-3.392578125,2.34375,-0.5,1741,14861316,1024.450927734375,24.530000686645508,-92.629150390625,876,0,0,0,0.0,0.0,0.0,0,0
14868322,4,4.1572265625,14867251,0.13385009765625,0.6622314453125,0.61163330078125,0.41162109375,0,4.48046875,-0.765625,-8.12109375,-3.166015625,2.404296875,-0.478515625,1743,14868316,1024.450927734375,24.530000686645508,-92.629150390625,877,0,0,0,0.0,0.0,0.0,0,0
14878322,4,4.137890815734863,14877251,0.13787841796875,0.65533447265625,0.6085205078125,0.4256591796875,0,4.48046875,-0.765625,-8.12109375,-2.673828125,2.509765625,-0.46484375,1745,14878316,1024.48193359375,24.530000686645508,-92.88545989990234,878,0,0,0,0.0,0.0,0.0,0,0
14891322,4,4.125,14890251,0.140380859375,0.64813232421875,0.60601806640625,0.43927001953125,0,4.48046875,-0.765625,-8.12109375,-2.1328125,2.57421875,-0.49609375,1747,14891316,1024.48193359375,24.530000686645508,-92.88545989990234,879,0,0,0,0.0,0.0,0.0,0,0
14896322,4,4.131445407867432,14895251,0.14239501953125,0.6326904296875,0.602294921875,0.4654541015625,0,4.48046875,-0.765625,-8.12109375,-1.890625,2.603515625,-0.5234375,1749,14896316,1024.48193359375,24.530000686645508,-92.88545989990234,880,0,0,0,0.0,0.0,0.0,0,0
14903322,4,4.137890815734863,14902251,0.142333984375,0.631591796875,0.6021728515625,0.46710205078125,0,4.48046875,-0.765625,-8.12109375,-1.521484375,2.673828125,-0.5625,1751,14903316,1024.445068359375,24.530000686645508,-92.58158874511719,881,0,0,0,0.0,0.0,0.0,0,0
14918322,4,4.137890815734863,14917251,0.14166259765625,0.6240234375,0.6014404296875,0.478271484375,0,4.48046875,-0.765625,-8.12109375,-1.05078125,2.740234375,-0.6015625,1753,14918316,1024.438232421875,24.530000686645508,-92.5261001586914,882,0,0,0,0.0,0.0,0.0,0,0
14925322,4,4.137890815734863,14924251,0.13702392578125,0.60943603515625,0.60260009765625,0.4967041015625,0,4.48046875,-0.765625,-8.12109375,-0.41015625,2.61328125,-0.615234375,1755,14925316,1024.438232421875,24.530000686645508,-92.5261001586914,883,0,0,0,0.0,0.0,0.0,0,0
14931322,4,4.144335746765137,14930251,0.13446044921875,0.60394287109375,0.60357666015625,0.50286865234375,2,1.953125,3.06640625,1.265625,-0.41015625,2.61328125,-0.615234375,1757,14931316,1024.438232421875,24.530000686645508,-92.5261001586914,884,0,0,0,0.0,0.0,0.0,0,0
14936376,4,4.137890815734863,14935305,0.131591796875,0.59893798828125,0.60498046875,0.50787353515625,2,1.953125,3.06640625,1.265625,-0.103515625,2.537109375,-0.615234375,1759,14936370,1024.441162109375,24.530000686645508,-92.54988098144531,885,0,0,0,0.0,0.0,0.0,0,0
14949376,4,4.144335746765137,14948305,0.1239013671875,0.588623046875,0.6092529296875,0.51666259765625,2,1.953125,3.06640625,1.265625,0.328125,2.322265625,-0.552734375,1761,14949370,1024.441162109375,24.520000457763672,-92.54988098144531,886,0,0,0,0.0,0.0,0.0,0,0
14957376,4,4.144335746765137,14956305,0.114501953125,0.57904052734375,0.614990234375,0.5228271484375,2,1.953125,3.06640625,1.265625,0.771484375,2.0390625,-0.48828125,1763,14957370,1024.43701171875,24.520000457763672,-92.51553344726562,887,0,0,0,0.0,0.0,0.0,0,0
14964376,4,4.144335746765137,14963305,0.10931396484375,0.5751953125,0.618408203125,0.52423095703125,2,1.953125,3.06640625,1.265625,1.2421875,1.744140625,-0.365234375,1765,14964370,1024.43701171875,24.520000457763672,-92.51553344726562,888,0,0,0,0.0,0.0,0.0,0,0
14972376,4,4.137890815734863,14971305,0.10382080078125,0.5718994140625,0.62188720703125,0.5247802734375,2,1.953125,3.06640625,1.265625,1.4921875,1.619140625,-0.26953125,1767,14972370,1024.43701171875,24.520000457763672,-92.51553344726562,889,0,0,0,0.0,0.0,0.0,0,0
14985376,4,4.150781154632568,14984305,0.09576416015625,0.56927490234375,0.626953125,0.523193359375,2,1.953125,3.06640625,1.265625,2.029296875,1.40625,-0.0546875,1769,14985370,1024.417724609375,24.510000228881836,-92.35699462890625,890,0,0,0,0.0,0.0,0.0,0,0
14993376,4,4.144335746765137,14992305,0.08062744140625,0.56610107421875,0.63604736328125,0.51812744140625,2,1.953125,3.06640625,1.265625,2.923828125,1.20703125,0.1875,1771,14993370,1024.417724609375,24.510000228881836,-92.35699462890625,891,0,0,0,0.0,0.0,0.0,0,0
14999376,4,4.144335746765137,14998305,0.07476806640625,0.5665283203125,0.63909912109375,0.51483154296875,2,1.953125,3.06640625,1.265625,3.255859375,1.1484375,0.240234375,1773,14999370,1024.432861328125,24.510000228881836,-92.48118591308594,892,0,0,0,0.0,0.0,0.0,0,0
15006376,4,4.150781154632568,15005305,0.064453125,0.56744384765625,0.64447021484375,0.50848388671875,2,1.953125,3.06640625,1.265625,3.603515625,1.09375,0.279296875,1775,15006370,1024.432861328125,24.510000228881836,-92.48118591308594,893,0,0,0,0.0,0.0,0.0,0,0
15019376,4,4.144335746765137,15018305,0.052001953125,0.56744384765625,0.65191650390625,0.50030517578125,2,1.953125,3.06640625,1.265625,4.310546875,0.9921875,0.341796875,1777,15019370,1024.46728515625,24.510000228881836,-92.76390838623047,894,0,0,0,0.0,0.0,0.0,0,0
15027376,4,4.150781154632568,15026305,0.02984619140625,0.56719970703125,0.6656494140625,0.484130859375,2,1.953125,3.06640625,1.265625,5.083984375,0.888671875,0.392578125,1779,15027370,1024.46728515625,24.510000228881836,-92.76390838623047,895,0,0,0,0.0,0.0,0.0,0,0
15034376,4,4.150781154632568,15033305,0.0162353515625,0.56732177734375,0.674072265625,0.4727783203125,2,1.953125,3.06640625,1.265625,5.8515625,0.787109375,0.4921875,1781,15034370,1024.46728515625,24.510000228881836,-92.76390838623047,896,0,0,0,0.0,0.0,0.0,0,0
15041376,4,4.150781154632568,15040305,0.00201416015625,0.56756591796875,0.6826171875,0.46038818359375,2,1.953125,3.06640625,1.265625,6.224609375,0.734375,0.572265625,1783,15041370,1024.4560546875,24.510000228881836,-92.67143249511719,897,0,0,0,0.0,0.0,0.0,0,0
15054376,4,4.137890815734863,15053305,0.0172119140625,-0.56817626953125,-0.693603515625,-0.44244384765625,2,1.953125,3.06640625,1.265625,6.90234375,0.587890625,0.796875,1785,15054370,1024.4560546875,24.510000228881836,-92.67143249511719,898,0,0,0,0.0,0.0,0.0,0,0
15061322,4,4.163671970367432,15060251,0.0172119140625,-0.56817626953125,-0.693603515625,-0.44244384765625,0,1.953125,1.07421875,-3.828125,7.453125,0.431640625,1.142578125,1787,15061316,1024.444580078125,24.510000228881836,-92.57894897460938,899,0,0,0,0.0,0.0,0.0,0,0
15071322,4,4.144335746765137,15070251,0.04833984375,-0.56951904296875,-0.70965576171875,-0.411865234375,0,1.953125,1.07421875,-3.828125,7.927734375,0.35546875,1.578125,1789,15071316,1024.444580078125,24.510000228881836,-92.57894897460938,900,0,0,0,0.0,0.0,0.0,0,0
15101506,4,4.144335746765137,15098305,0.07086181640625,-0.5712890625,-0.7193603515625,-0.38873291015625,2,1.953125,1.07421875,-3.828125,7.927734375,0.35546875,1.578125,1790,15101500,1024.454345703125,24.510000228881836,-92.65821838378906,901,0,0,0,0.0,0.0,0.0,0,0
15109376,4,4.1572265625,15108305,0.17901611328125,-0.57958984375,-0.74566650390625,-0.275634765625,2,1.953125,1.07421875,-3.828125,8.814453125,0.822265625,2.853515625,1792,15109370,1024.454345703125,24.510000228881836,-92.65821838378906,902,0,0,0,0.0,0.0,0.0,0,0
15114376,4,4.144335746765137,15113305,0.1983642578125,-0.5810546875,-0.74664306640625,-0.25604248046875,2,1.953125,1.07421875,-3.828125,8.779296875,0.90625,2.943359375,1794,15114370,1024.472412109375,24.510000228881836,-92.80619049072266,903,0,0,0,0.0,0.0,0.0,0,0
15120376,4,4.1572265625,15119305,0.2138671875,-0.58154296875,-0.7471923828125,-0.240234375,2,1.953125,1.07421875,-3.828125,8.62890625,0.94921875,2.91015625,1796,15120370,1024.472412109375,24.510000228881836,-92.80619049072266,904,0,0,0,0.0,0.0,0.0,0,0
15131376,4,4.150781154632568,15130305,0.2386474609375,-0.58154296875,-0.7474365234375,-0.2149658203125,2,1.953125,1.07421875,-3.828125,8.44140625,0.984375,2.83203125,1798,15131370,1024.472412109375,24.510000228881836,-92.80619049072266,905,0,0,0,0.0,0.0,0.0,0,0
15138376,4,4.137890815734863,15137305,0.267578125,-0.58026123046875,-0.74664306640625,-0.18499755859375,2,1.953125,1.07421875,-3.828125,8.201171875,0.951171875,2.63671875,1800,15138370,1024.4677734375,24.510000228881836,-92.76919555664062,906,0,0,0,0.0,0.0,0.0,0,0
15145322,4,4.144335746765137,15144251,0.267578125,-0.58026123046875,-0.74664306640625,-0.18499755859375,0,10.609375,-11.453125,-13.1015625,8.162109375,0.841796875,2.453125,1802,15145316,1024.4677734375,24.510000228881836,-92.76919555664062,907,0,0,0,0.0,0.0,0.0,0,0
15155322,4,4.1572265625,15154251,0.29327392578125,-0.57763671875,-0.744140625,-0.16302490234375,0,10.609375,-11.453125,-13.1015625,8.080078125,0.7421875,2.220703125,1804,15155316,1024.42333984375,24.5,-92.40455627441406,908,0,0,0,0.0,0.0,0.0,0,0
15169322,4,4.137890815734863,15168251,0.31695556640625,-0.5740966796875,-0.7423095703125,-0.13739013671875,0,10.609375,-11.453125,-13.1015625,7.98828125,0.7734375,1.810546875,1806,15169316,1024.42333984375,24.5,-92.40455627441406,909,0,0,0,0.0,0.0,0.0,0,0
15174322,4,4.150781154632568,15173251,0.36895751953125,-0.56109619140625,-0.7369384765625,-0.07696533203125,0,10.609375,-11.453125,-13.1015625,7.9609375,0.859375,1.71484375,1808,15174316,1024.47705078125,24.510000228881836,-92.8458251953125,910,0,0,0,0.0,0.0,0.0,0,0
15181322,4,4.144335746765137,15180251,0.37628173828125,-0.5587158203125,-0.7359619140625,-0.06842041015625,0,10.609375,-11.453125,-13.1015625,7.9453125,1.091796875,1.65625,1810,15181316,1024.47705078125,24.510000228881836,-92.8458251953125,911,0,0,0,0.0,0.0,0.0,0,0
15188322,4,4.144335746765137,15187251,0.3946533203125,-0.55206298828125,-0.73297119140625,-0.0474853515625,0,10.609375,-11.453125,-13.1015625,7.947265625,1.203125,1.65625,1812,15188316,1024.47705078125,24.510000228881836,-92.8458251953125,912,0,0,0,0.0,0.0,0.0,0,0
15203322,4,4.144335746765137,15202251,0.4124755859375,-0.54510498046875,-0.7293701171875,-0.02740478515625,0,10.609375,-11.453125,-13.1015625,7.92578125,1.455078125,1.6875,1814,15203316,1024.4462890625,24.510000228881836,-92.5921630859375,913,0,0,0,0.0,0.0,0.0,0,0
15210322,4,4.137890815734863,15209251,0.46807861328125,-0.5206298828125,-0.71319580078125,0.03436279296875,0,10.609375,-11.453125,-13.1015625,7.875,1.482421875,1.708984375,1816,15210316,1024.4462890625,24.510000228881836,-92.5921630859375,914,0,0,0,0.0,0.0,0.0,0,0
15216322,4,4.144335746765137,15215251,0.4779052734375,-0.51739501953125,-0.70849609375,0.044189453125,0,10.609375,-11.453125,-13.1015625,7.818359375,1.439453125,1.705078125,1818,15216316,1024.456787109375,24.5,-92.67935943603516,915,0,0,0,0.0,0.0,0.0,0,0
15231322,4,4.144335746765137,15230251,0.49151611328125,-0.5125732421875,-0.70166015625,0.057861328125,0,10.609375,-11.453125,-13.1015625,7.556640625,1.11328125,1.560546875,1820,15231316,1024.456787109375,24.5,-92.67935943603516,916,0,0,0,0.0,0.0,0.0,0,0
15237322,4,4.144335746765137,15236251,0.53570556640625,-0.49066162109375,-0.67889404296875,0.10687255859375,0,10.609375,-11.453125,-13.1015625,7.4140625,0.94921875,1.478515625,1822,15237316,1024.43359375,24.5,-92.4891128540039,917,0,0,0,0.0,0.0,0.0,0,0
15245322,4,4.137890815734863,15244251,0.54083251953125,-0.48712158203125,-0.67620849609375,0.11346435546875,0,10.609375,-11.453125,-13.1015625,7.078125,0.67578125,1.123046875,1824,15245316,1024.43359375,24.5,-92.4891128540039,918,0,0,0,0.0,0.0,0.0,0,0
15251322,4,4.144335746765137,15250251,0.5584716796875,-0.47344970703125,-0.66717529296875,0.13720703125,2,10.6875,-15.515625,-4.671875,7.078125,0.67578125,1.123046875,1826,15251316,1024.43359375,24.5,-92.4891128540039,919,0,0,0,0.0,0.0,0.0,0,0
15264376,4,4.150781154632568,15263305,0.56695556640625,-0.46728515625,-0.6622314453125,0.1473388671875,2,10.6875,-15.515625,-4.671875,6.912109375,0.466796875,0.845703125,1828,15264370,1024.4521484375,24.5,-92.63972473144531,920,0,0,0,0.0,0.0,0.0,0,0
15273376,4,4.163671970367432,15272305,0.5941162109375,-0.43035888671875,-0.652587890625,0.189697265625,2,10.6875,-15.515625,-4.671875,6.048828125,-0.765625,-0.5,1830,15273370,1024.44091796875,24.5,-92.54988098144531,921,0,0,0,0.0,0.0,0.0,0,0
15278376,4,4.163671970367432,15277305,0.5999755859375,-0.42047119140625,-0.6507568359375,0.1993408203125,2,10.6875,-15.515625,-4.671875,5.927734375,-1.046875,-0.87109375,1832,15278370,1024.44091796875,24.5,-92.54988098144531,922,0,0,0,0.0,0.0,0.0,0,0
15285376,4,4.137890815734863,15284305,0.60552978515625,-0.4097900390625,-0.64947509765625,0.20867919921875,2,10.6875,-15.515625,-4.671875,5.8125,-1.255859375,-1.228515625,1834,15285370,1024.44091796875,24.5,-92.54988098144531,923,0,0,0,0.0,0.0,0.0,0,0
15297376,4,4.150781154632568,15296305,0.61541748046875,-0.387451171875,-0.64825439453125,0.2254638671875,2,10.6875,-15.515625,-4.671875,5.595703125,-1.427734375,-1.69140625,1836,15297370,1024.4580078125,24.510000228881836,-92.68728637695312,924,0,0,0,0.0,0.0,0.0,0,0
15304376,4,4.163671970367432,15303305,0.62445068359375,-0.36297607421875,-0.648193359375,0.2412109375,2,10.6875,-15.515625,-4.671875,5.49609375,-1.3359375,-2.1171875,1838,15304370,1024.4580078125,24.510000228881836,-92.68728637695312,925,0,0,0,0.0,0.0,0.0,0,0
15310376,4,4.144335746765137,15309305,0.62933349609375,-0.34765625,-0.64892578125,0.24896240234375,2,10.6875,-15.515625,-4.671875,5.4765625,-1.20703125,-2.310546875,1840,15310370,1024.4580078125,24.510000228881836,-92.68728637695312,926,0,0,0,0.0,0.0,0.0,0,0
15317376,4,4.144335746765137,15316305,0.63726806640625,-0.32958984375,-0.64794921875,0.25579833984375,2,10.6875,-15.515625,-4.671875,5.462890625,-1.078125,-2.435546875,1842,15317370,1024.4638671875,24.510000228881836,-92.73748779296875,927,0,0,0,0.0,0.0,0.0,0,0
15329376,4,4.150781154632568,15328305,0.64422607421875,-0.310302734375,-0.64764404296875,0.26312255859375,2,10.6875,-15.515625,-4.671875,5.5546875,-0.88671875,-2.701171875,1844,15329370,1024.4638671875,24.510000228881836,-92.73748779296875,928,0,0,0,0.0,0.0,0.0,0,0
15337376,4,4.150781154632568,15336305,0.654541015625,-0.27984619140625,-0.64666748046875,0.27392578125,2,10.6875,-15.515625,-4.671875,5.671875,-0.6328125,-2.970703125,1846,15337370,1024.453369140625,24.510000228881836,-92.6502914428711,929,0,0,0,0.0,0.0,0.0,0,0
15344376,4,4.150781154632568,15343305,0.6630859375,-0.2562255859375,-0.6448974609375,0.28070068359375,2,10.6875,-15.515625,-4.671875,5.53515625,-0.25,-3.22265625,1848,15344370,1024.453369140625,24.510000228881836,-92.6502914428711,930,0,0,0,0.0,0.0,0.0,0,0
15356376,4,4.144335746765137,15355305,0.66973876953125,-0.23876953125,-0.6429443359375,0.2847900390625,2,10.6875,-15.515625,-4.671875,5.2578125,0.099609375,-3.38671875,1850,15356370,1024.463134765625,24.5,-92.7322006225586,931,0,0,0,0.0,0.0,0.0,0,0
15364376,4,4.144335746765137,15363305,0.6842041015625,-0.20367431640625,-0.6370849609375,0.2906494140625,2,10.6875,-15.515625,-4.671875,5.416015625,0.3828125,-3.53125,1852,15364370,1024.463134765625,24.5,-92.7322006225586,932,0,0,0,0.0,0.0,0.0,0,0
15372376,4,4.131445407867432,15371305,0.69403076171875,-0.18072509765625,-0.63177490234375,0.294189453125,2,10.6875,-15.515625,-4.671875,5.29296875,0.83984375,-3.49609375,1854,15372370,1024.443603515625,24.510000228881836,-92.5710220336914,933,0,0,0,0.0,0.0,0.0,0,0
15379322,4,4.137890815734863,15378251,0.69403076171875,-0.18072509765625,-0.63177490234375,0.294189453125,0,9.078125,-9.8046875,-9.1171875,4.806640625,1.53515625,-3.40625,1856,15379316,1024.443603515625,24.510000228881836,-92.5710220336914,934,0,0,0,0.0,0.0,0.0,0,0
15395322,4,4.163671970367432,15394251,0.704833984375,-0.1597900390625,-0.62445068359375,0.2962646484375,0,9.078125,-9.8046875,-9.1171875,4.248046875,2.2578125,-3.39453125,1858,15395316,1024.452392578125,24.510000228881836,-92.64236450195312,935,0,0,0,0.0,0.0,0.0,0,0
15402322,4,4.150781154632568,15401251,0.7298583984375,-0.116943359375,-0.6043701171875,0.29718017578125,0,9.078125,-9.8046875,-9.1171875,3.71484375,2.779296875,-3.3359375,1860,15402316,1024.452392578125,24.510000228881836,-92.64236450195312,936,0,0,0,0.0,0.0,0.0,0,0
15410322,4,4.137890815734863,15409251,0.74310302734375,-0.09771728515625,-0.59234619140625,0.29559326171875,0,9.078125,-9.8046875,-9.1171875,3.34375,3.072265625,-3.3046875,1862,15410316,1024.451416015625,24.510000228881836,-92.63443756103516,937,0,0,0,0.0,0.0,0.0,0,0
15417322,4,4.137890815734863,15416251,0.7579345703125,-0.07928466796875,-0.57781982421875,0.292236328125,0,9.078125,-9.8046875,-9.1171875,3.171875,3.236328125,-3.337890625,1864,15417316,1024.451416015625,24.510000228881836,-92.63443756103516,938,0,0,0,0.0,0.0,0.0,0,0
15432322,4,4.150781154632568,15431251,0.76568603515625,-0.07037353515625,-0.56982421875,0.2899169921875,0,9.078125,-9.8046875,-9.1171875,2.765625,3.544921875,-3.45703125,1866,15432316,1024.432373046875,24.510000228881836,-92.4785385131836,939,0,0,0,0.0,0.0,0.0,0,0
15442322,4,4.137890815734863,15441251,0.795166015625,-0.03924560546875,-0.537353515625,0.2781982421875,0,9.078125,-9.8046875,-9.1171875,2.78515625,3.5546875,-3.455078125,1868,15442316,1024.432373046875,24.510000228881836,-92.4785385131836,940,0,0,0,0.0,0.0,0.0,0,0
15450322,4,4.137890815734863,15449251,0.80029296875,-0.03387451171875,-0.53131103515625,0.2757568359375,0,9.078125,-9.8046875,-9.1171875,3.013671875,3.4765625,-3.33984375,1870,15450316,1024.42724609375,24.510000228881836,-92.43626403808594,941,0,0,0,0.0,0.0,0.0,0,0
15456322,4,4.144335746765137,15455251,0.81298828125,-0.019775390625,-0.5155029296875,0.26995849609375,0,9.078125,-9.8046875,-9.1171875,3.302734375,3.33203125,-3.1328125,1872,15456316,1024.42724609375,24.510000228881836,-92.43626403808594,942,0,0,0,0.0,0.0,0.0,0,0
15471322,4,4.163671970367432,15470251,0.82135009765625,-0.00909423828125,-0.504150390625,0.26666259765625,0,9.078125,-9.8046875,-9.1171875,3.267578125,3.28125,-2.970703125,1874,15471316,1024.47314453125,24.520000457763672,-92.81147003173828,943,0,0,0,0.0,0.0,0.0,0,0
15478322,4,4.144335746765137,15477251,0.84002685546875,0.0169677734375,-0.47607421875,0.25958251953125,0,9.078125,-9.8046875,-9.1171875,2.91796875,3.28515625,-2.876953125,1876,15478316,1024.47314453125,24.520000457763672,-92.81147003173828,944,0,0,0,0.0,0.0,0.0,0,0
15484322,4,4.150781154632568,15483251,0.847412109375,0.0274658203125,-0.46405029296875,0.25653076171875,0,9.078125,-9.8046875,-9.1171875,2.677734375,3.294921875,-2.87109375,1878,15484316,1024.47314453125,24.520000457763672,-92.81147003173828,945,0,0,0,0.0,0.0,0.0,0,0
15499322,4,4.1572265625,15498251,0.85516357421875,0.03790283203125,-0.45098876953125,0.25274658203125,2,4.21484375,-0.26953125,-1.9140625,2.677734375,3.294921875,-2.87109375,1880,15499316,1024.448486328125,24.510000228881836,-92.61065673828125,946,0,0,0,0.0,0.0,0.0,0,0
15504376,4,4.144335746765137,15503305,0.87420654296875,0.06011962890625,-0.41778564453125,0.239990234375,2,4.21484375,-0.26953125,-1.9140625,1.8984375,3.240234375,-2.826171875,1882,15504370,1024.448486328125,24.510000228881836,-92.61065673828125,947,0,0,0,0.0,0.0,0.0,0,0
15511376,4,4.144335746765137,15510305,0.87811279296875,0.06402587890625,-0.4107666015625,0.23687744140625,2,4.21484375,-0.26953125,-1.9140625,1.517578125,3.181640625,-2.75390625,1884,15511370,1024.4541015625,24.510000228881836,-92.65557861328125,948,0,0,0,0.0,0.0,0.0,0,0
15519376,4,4.144335746765137,15518305,0.88763427734375,0.07177734375,-0.3935546875,0.22821044921875,2,4.21484375,-0.26953125,-1.9140625,1.060546875,3.09375,-2.5859375,1886,15519370,1024.4541015625,24.510000228881836,-92.65557861328125,949,0,0,0,0.0,0.0,0.0,0,0
15532376,4,4.131445407867432,15531305,0.891845703125,0.0745849609375,-0.38580322265625,0.22406005859375,2,4.21484375,-0.26953125,-1.9140625,0.8515625,3.0390625,-2.4921875,1888,15532370,1024.44677734375,24.510000228881836,-92.59744262695312,950,0,0,0,0.0,0.0,0.0,0,0
15540376,4,4.137890815734863,15539305,0.90081787109375,0.07928466796875,-0.36895751953125,0.21466064453125,2,4.21484375,-0.26953125,-1.9140625,0.44921875,2.8671875,-2.267578125,1890,15540370,1024.44677734375,24.510000228881836,-92.59744262695312,951,0,0,0,0.0,0.0,0.0,0,0
15548376,4,4.150781154632568,15547305,0.90826416015625,0.0809326171875,-0.35504150390625,0.2061767578125,2,4.21484375,-0.26953125,-1.9140625,-0.03125,2.515625,-1.888671875,1892,15548370,1024.443115234375,24.510000228881836,-92.56573486328125,952,0,0,0,0.0,0.0,0.0,0,0
15555376,4,4.1572265625,15554305,0.91192626953125,0.081298828125,-0.34796142578125,0.20172119140625,2,4.21484375,-0.26953125,-1.9140625,-0.19921875,2.3984375,-1.7578125,1894,15555370,1024.443115234375,24.520000457763672,-92.56573486328125,953,0,0,0,0.0,0.0,0.0,0,0
15567376,4,4.137890815734863,15566305,0.91583251953125,0.0810546875,-0.34039306640625,0.19683837890625,2,4.21484375,-0.26953125,-1.9140625,-0.38671875,2.27734375,-1.623046875,1896,15567370,1024.443115234375,24.520000457763672,-92.56573486328125,954,0,0,0,0.0,0.0,0.0,0,0
15575376,4,4.144335746765137,15574305,0.92236328125,0.0780029296875,-0.32818603515625,0.188232421875,2,4.21484375,-0.26953125,-1.9140625,-0.810546875,2.029296875,-1.34375,1898,15575370,1024.437255859375,24.520000457763672,-92.51817321777344,955,0,0,0,0.0,0.0,0.0,0,0
15583376,4,4.144335746765137,15582305,0.92694091796875,0.071533203125,-0.32049560546875,0.18145751953125,2,4.21484375,-0.26953125,-1.9140625,-1.634765625,1.6640625,-0.9375,1900,15583370,1024.437255859375,24.520000457763672,-92.51817321777344,956,0,0,0,0.0,0.0,0.0,0,0
15589376,4,4.1572265625,15588305,0.929443359375,0.06671142578125,-0.31640625,0.17755126953125,2,4.21484375,-0.26953125,-1.9140625,-1.966796875,1.576171875,-0.7734375,1902,15589370,1024.42236328125,24.510000228881836,-92.3966293334961,957,0,0,0,0.0,0.0,0.0,0,0
15601376,4,4.144335746765137,15600305,0.93182373046875,0.06085205078125,-0.312744140625,0.17376708984375,2,4.21484375,-0.26953125,-1.9140625,-2.322265625,1.498046875,-0.599609375,1904,15601370,1024.42236328125,24.510000228881836,-92.3966293334961,958,0,0,0,0.0,0.0,0.0,0,0
15609376,4,4.137890815734863,15608305,0.93603515625,0.04443359375,-0.30682373046875,0.16644287109375,2,4.21484375,-0.26953125,-1.9140625,-2.955078125,1.267578125,-0.193359375,1906,15609370,1024.43896484375,24.520000457763672,-92.53138732910156,959,0,0,0,0.0,0.0,0.0,0,0
15616376,4,4.137890815734863,15615305,0.93768310546875,0.03076171875,-0.3052978515625,0.16302490234375,2,4.21484375,-0.26953125,-1.9140625,-3.607421875,0.970703125,0.28125,1908,15616370,1024.43896484375,24.520000457763672,-92.53138732910156,960,0,0,0,0.0,0.0,0.0,0,0
15622322,4,4.137890815734863,15621251,0.93768310546875,0.03076171875,-0.3052978515625,0.16302490234375,0,0.078125,0.61328125,3.1796875,-3.900390625,0.794921875,0.529296875,1910,15622316,1024.43896484375,24.520000457763672,-92.53138732910156,961,0,0,0,0.0,0.0,0.0,0,0
15640322,4,4.137890815734863,15639251,0.9383544921875,0.02215576171875,-0.30487060546875,0.161376953125,0,0.078125,0.61328125,3.1796875,-4.970703125,-0.0546875,1.41015625,1912,15640316,1024.44287109375,24.520000457763672,-92.56573486328125,962,0,0,0,0.0,0.0,0.0,0,0
15646322,4,4.137890815734863,15645251,0.9375,-0.03143310546875,-0.3092041015625,0.156494140625,0,0.078125,0.61328125,3.1796875,-5.359375,-0.533203125,1.767578125,1914,15646316,1024.44287109375,24.520000457763672,-92.56573486328125,963,0,0,0,0.0,0.0,0.0,0,0
15652322,4,4.137890815734863,15651251,0.935791015625,-0.04736328125,-0.3125,0.15631103515625,0,0.078125,0.61328125,3.1796875,-5.58984375,-0.716796875,1.892578125,1916,15652316,1024.429931640625,24.520000457763672,-92.45740509033203,964,0,0,0,0.0,0.0,0.0,0,0
15667322,4,4.144335746765137,15666251,0.93359375,-0.06268310546875,-0.31622314453125,0.15643310546875,0,0.078125,0.61328125,3.1796875,-5.95703125,-1.076171875,2.037109375,1918,15667316,1024.439208984375,24.520000457763672,-92.53402709960938,965,0,0,0,0.0,0.0,0.0,0,0
15675322,4,4.150781154632568,15674251,0.92547607421875,-0.10614013671875,-0.3280029296875,0.15679931640625,0,0.078125,0.61328125,3.1796875,-6.251953125,-1.53515625,1.98046875,1920,15675316,1024.439208984375,24.520000457763672,-92.53402709960938,966,0,0,0,0.0,0.0,0.0,0,0
15681322,4,4.144335746765137,15680251,0.91949462890625,-0.13092041015625,-0.3359375,0.15673828125,0,0.078125,0.61328125,3.1796875,-6.30078125,-1.6171875,1.951171875,1922,15681316,1024.439208984375,24.520000457763672,-92.53402709960938,967,0,0,0,0.0,0.0,0.0,0,0
15687322,4,4.144335746765137,15686251,0.91436767578125,-0.1494140625,-0.34222412109375,0.15643310546875,0,0.078125,0.61328125,3.1796875,-6.345703125,-1.669921875,1.919921875,1924,15687316,1024.439453125,24.530000686645508,-92.53667449951172,968,0,0,0,0.0,0.0,0.0,0,0
15704322,4,4.144335746765137,15703251,0.90863037109375,-0.1683349609375,-0.348876953125,0.156005859375,0,0.078125,0.61328125,3.1796875,-6.38671875,-1.544921875,1.9140625,1926,15704316,1024.439453125,24.530000686645508,-92.53667449951172,969,0,0,0,0.0,0.0,0.0,0,0
15710322,4,4.144335746765137,15709251,0.89404296875,-0.211669921875,-0.36346435546875,0.154296875,0,0.078125,0.61328125,3.1796875,-6.373046875,-1.201171875,1.9375,1928,15710316,1024.439697265625,24.530000686645508,-92.53931427001953,970,0,0,0,0.0,0.0,0.0,0,0
15717322,4,4.150781154632568,15716251,0.8878173828125,-0.22882080078125,-0.3685302734375,0.1534423828125,0,0.078125,0.61328125,3.1796875,-6.373046875,-0.822265625,1.951171875,1930,15717316,1024.439697265625,24.530000686645508,-92.53931427001953,971,0,0,0,0.0,0.0,0.0,0,0
15725322,4,4.144335746765137,15724251,0.880859375,-0.24853515625,-0.37298583984375,0.1522216796875,0,0.078125,0.61328125,3.1796875,-6.451171875,-0.763671875,1.869140625,1932,15725316,1024.439697265625,24.530000686645508,-92.53931427001953,972,0,0,0,0.0,0.0,0.0,0,0
15739322,4,4.137890815734863,15738251,0.8668212890625,-0.28607177734375,-0.38018798828125,0.149169921875,0,0.078125,0.61328125,3.1796875,-6.65625,-1.087890625,1.705078125,1934,15739316,1024.44189453125,24.530000686645508,-92.55780792236328,973,0,0,0,0.0,0.0,0.0,0,0
15745322,4,4.150781154632568,15744251,0.85015869140625,-0.3255615234375,-0.3876953125,0.14483642578125,0,0.078125,0.61328125,3.1796875,-6.8515625,-1.369140625,1.603515625,1936,15745316,1024.44189453125,24.530000686645508,-92.55780792236328,974,0,0,0,0.0,0.0,0.0,0,0
15751322,4,4.1572265625,15750251,0.8446044921875,-0.33697509765625,-0.390625,0.14324951171875,2,2.0703125,-12.30078125,4.51953125,-6.8515625,-1.369140625,1.603515625,1938,15751316,1024.427001953125,24.520000457763672,-92.43362426757812,975,0,0,0,0.0,0.0,0.0,0,0
15756376,4,4.1572265625,15755305,0.83343505859375,-0.35797119140625,-0.39703369140625,0.14007568359375,2,2.0703125,-12.30078125,4.51953125,-7.392578125,-2.068359375,1.349609375,1940,15756370,1024.427001953125,24.520000457763672,-92.43362426757812,976,0,0,0,0.0,0.0,0.0,0,0
15768376,4,4.137890815734863,15767305,0.817138671875,-0.38555908203125,-0.40655517578125,0.13543701171875,2,2.0703125,-12.30078125,4.51953125,-7.609375,-2.44140625,1.2421875,1942,15768370,1024.39453125,24.520000457763672,-92.166748046875,977,0,0,0,0.0,0.0,0.0,0,0
15776376,4,4.137890815734863,15775305,0.78436279296875,-0.4310302734375,-0.42742919921875,0.12762451171875,2,2.0703125,-12.30078125,4.51953125,-7.697265625,-3.33203125,1.12109375,1944,15776370,1024.39453125,24.520000457763672,-92.166748046875,978,0,0,0,0.0,0.0,0.0,0,0
15783376,4,4.1572265625,15782305,0.76837158203125,-0.4501953125,-0.43743896484375,0.1246337890625,2,2.0703125,-12.30078125,4.51953125,-7.5546875,-3.501953125,1.095703125,1946,15783370,1024.39453125,24.520000457763672,-92.166748046875,979,0,0,0,0.0,0.0,0.0,0,0
15796376,4,4.150781154632568,15795305,0.75482177734375,-0.46502685546875,-0.44598388671875,0.12261962890625,2,2.0703125,-12.30078125,4.51953125,-7.015625,-3.6875,0.953125,1948,15796370,1024.449951171875,24.520000457763672,-92.62122344970703,980,0,0,0,0.0,0.0,0.0,0,0
15804376,4,4.144335746765137,15803305,0.71478271484375,-0.50384521484375,-0.470458984375,0.1177978515625,2,2.0703125,-12.30078125,4.51953125,-5.6171875,-3.4453125,0.724609375,1950,15804370,1024.449951171875,24.520000457763672,-92.62122344970703,981,0,0,0,0.0,0.0,0.0,0,0
15810376,4,4.137890815734863,15809305,0.70208740234375,-0.51495361328125,-0.47784423828125,0.116455078125,2,2.0703125,-12.30078125,4.51953125,-5.333984375,-3.162109375,0.640625,1952,15810370,1024.4482421875,24.530000686645508,-92.60801696777344,982,0,0,0,0.0,0.0,0.0,0,0
15817376,4,4.137890815734863,15816305,0.6856689453125,-0.5286865234375,-0.487060546875,0.114501953125,2,2.0703125,-12.30078125,4.51953125,-5.115234375,-2.9453125,0.501953125,1954,15817370,1024.4482421875,24.530000686645508,-92.60801696777344,983,0,0,0,0.0,0.0,0.0,0,0
15830376,4,4.163671970367432,15829305,0.672607421875,-0.5390625,-0.49444580078125,0.11212158203125,2,2.0703125,-12.30078125,4.51953125,-4.939453125,-2.63671875,0.134765625,1956,15830370,1024.4375,24.530000686645508,-92.52082061767578,984,0,0,0,0.0,0.0,0.0,0,0
15838376,4,4.144335746765137,15837305,0.63677978515625,-0.56536865234375,-0.51397705078125,0.103271484375,2,2.0703125,-12.30078125,4.51953125,-5.19140625,-2.716796875,-0.1640625,1958,15838370,1024.4375,24.530000686645508,-92.52082061767578,985,0,0,0,0.0,0.0,0.0,0,0
15845376,4,4.137890815734863,15844305,0.6231689453125,-0.57421875,-0.52166748046875,0.09918212890625,2,2.0703125,-12.30078125,4.51953125,-5.51953125,-2.94140625,-0.400390625,1960,15845370,1024.455322265625,24.530000686645508,-92.66614532470703,986,0,0,0,0.0,0.0,0.0,0,0
15852376,4,4.137890815734863,15851305,0.604736328125,-0.5855712890625,-0.53167724609375,0.09326171875,2,2.0703125,-12.30078125,4.51953125,-5.849609375,-2.984375,-0.48828125,1962,15852370,1024.455322265625,24.530000686645508,-92.66614532470703,987,0,0,0,0.0,0.0,0.0,0,0
15864376,4,4.150781154632568,15863305,0.58489990234375,-0.5975341796875,-0.54180908203125,0.0858154296875,2,2.0703125,-12.30078125,4.51953125,-6.65234375,-3.056640625,-0.64453125,1964,15864370,1024.430419921875,24.520000457763672,-92.46268463134766,988,0,0,0,0.0,0.0,0.0,0,0
15872376,4,4.150781154632568,15871305,0.55621337890625,-0.61370849609375,-0.55535888671875,0.074462890625,2,2.0703125,-12.30078125,4.51953125,-7.30859375,-3.12109375,-0.8828125,1966,15872370,1024.430419921875,24.520000457763672,-92.46268463134766,989,0,0,0,0.0,0.0,0.0,0,0
15879322,4,4.137890815734863,15878251,0.55621337890625,-0.61370849609375,-0.55535888671875,0.074462890625,0,10.19140625,-12.18359375,-8.3125,-7.80859375,-2.95703125,-1.0078125,1968,15879316,1024.430419921875,24.520000457763672,-92.46268463134766,990,0,0,0,0.0,0.0,0.0,0,0
15885322,4,4.144335746765137,15884251,0.5235595703125,-0.630859375,-0.56951904296875,0.05975341796875,0,10.19140625,-12.18359375,-8.3125,-7.9296875,-2.818359375,-1.041015625,1970,15885316,1024.414306640625,24.530000686645508,-92.33057403564453,991,0,0,0,0.0,0.0,0.0,0,0
15900322,4,4.137890815734863,15899251,0.498779296875,-0.6431884765625,-0.57904052734375,0.0477294921875,0,10.19140625,-12.18359375,-8.3125,-8.06640625,-2.607421875,-1.23828125,1972,15900316,1024.414306640625,24.530000686645508,-92.33057403564453,992,0,0,0,0.0,0.0,0.0,0,0
15906322,4,4.144335746765137,15905251,0.442626953125,-0.66815185546875,-0.5977783203125,0.01849365234375,0,10.19140625,-12.18359375,-8.3125,-8.03515625,-2.595703125,-1.3359375,1974,15906316,1024.451171875,24.530000686645508,-92.63179779052734,993,0,0,0,0.0,0.0,0.0,0,0
15911322,4,4.144335746765137,15910251,0.42236328125,-0.67572021484375,-0.60406494140625,0.007568359375,0,10.19140625,-12.18359375,-8.3125,-8.033203125,-2.58203125,-1.263671875,1976,15911316,1024.451171875,24.530000686645508,-92.63179779052734,994,0,0,0,0.0,0.0,0.0,0,0
15925322,4,4.144335746765137,15924251,0.40374755859375,-0.68243408203125,-0.60931396484375,-0.0020751953125,0,10.19140625,-12.18359375,-8.3125,-8.029296875,-2.62109375,-1.080078125,1978,15925316,1024.460693359375,24.530000686645508,-92.71106719970703,995,0,0,0,0.0,0.0,0.0,0,0
15931322,4,4.150781154632568,15930251,0.35723876953125,-0.6978759765625,-0.6202392578125,-0.02545166015625,0,10.19140625,-12.18359375,-8.3125,-7.916015625,-2.666015625,-0.986328125,1980,15931316,1024.460693359375,24.530000686645508,-92.71106719970703,996,0,0,0,0.0,0.0,0.0,0,0
15938322,4,4.131445407867432,15937251,0.3404541015625,-0.70306396484375,-0.62347412109375,-0.03338623046875,0,10.19140625,-12.18359375,-8.3125,-7.865234375,-2.666015625,-0.962890625,1982,15938316,1024.460693359375,24.530000686645508,-92.71106719970703,997,0,0,0,0.0,0.0,0.0,0,0
15947322,4,4.150781154632568,15946251,0.319580078125,-0.7083740234375,-0.6279296875,-0.0426025390625,0,10.19140625,-12.18359375,-8.3125,-7.826171875,-2.578125,-1.025390625,1984,15947316,1024.42724609375,24.520000457763672,-92.43626403808594,998,0,0,0,0.0,0.0,0.0,0,0
15964322,4,4.144335746765137,15963251,0.27691650390625,-0.718994140625,-0.63446044921875,-0.06207275390625,0,10.19140625,-12.18359375,-8.3125,-7.92578125,-2.173828125,-1.365234375,1986,15964316,1024.461669921875,24.530000686645508,-92.718994140625,999,0,0,0,0.0,0.0,0.0,0,0
15970322,4,4.137890815734863,15969251,0.2005615234375,-0.73272705078125,-0.64263916015625,-0.0992431640625,2,10.6875,-6.47265625,-11.5703125,-7.92578125,-2.173828125,-1.365234375,1988,15970316,1024.461669921875,24.530000686645508,-92.718994140625,1000,0,0,0,0.0,0.0,0.0,0,0
15980376,4,4.144335746765137,15979305,0.18475341796875,-0.73577880859375,-0.64251708984375,-0.10772705078125,2,10.6875,-6.47265625,-11.5703125,-8.009765625,-1.9140625,-1.625,1990,15980370,1024.461669921875,24.530000686645508,-92.718994140625,1001,0,0,0,0.0,0.0,0.0,0,0
15988376,4,4.144335746765137,15987305,0.14288330078125,-0.7381591796875,-0.64599609375,-0.1318359375,2,10.6875,-6.47265625,-11.5703125,-7.9296875,-1.568359375,-1.802734375,1992,15988370,1024.496826171875,24.530000686645508,-93.00700378417969,1002,0,0,0,0.0,0.0,0.0,0,0
16000376,4,4.150781154632568,15999305,0.12261962890625,-0.73834228515625,-0.647216796875,-0.1446533203125,2,10.6875,-6.47265625,-11.5703125,-7.544921875,-1.1484375,-1.666015625,1994,16000370,1024.496826171875,24.530000686645508,-93.00700378417969,1003,0,0,0,0.0,0.0,0.0,0,0
16008376,4,4.144335746765137,16007305,0.071533203125,-0.73724365234375,-0.647705078125,-0.17840576171875,2,10.6875,-6.47265625,-11.5703125,-6.99609375,-0.6640625,-1.349609375,1996,16008370,1024.460693359375,24.530000686645508,-92.71106719970703,1004,0,0,0,0.0,0.0,0.0,0,0
16015376,4,4.131445407867432,16014305,0.0555419921875,-0.73638916015625,-0.64666748046875,-0.19085693359375,2,10.6875,-6.47265625,-11.5703125,-6.318359375,-0.046875,-1.005859375,1998,16015370,1024.460693359375,24.530000686645508,-92.71106719970703,1005,0,0,0,0.0,0.0,0.0,0,0
16023376,4,4.137890815734863,16022305,0.03790283203125,-0.735107421875,-0.64459228515625,-0.20648193359375,2,10.6875,-6.47265625,-11.5703125,-5.9375,0.279296875,-0.83984375,2000,16023370,1024.445556640625,24.520000457763672,-92.58687591552734,1006,0,0,0,0.0,0.0,0.0,0,0
16036376,4,4.144335746765137,16035305,0.027099609375,-0.7342529296875,-0.6422119140625,-0.21844482421875,2,10.6875,-6.47265625,-11.5703125,-5.1875,0.955078125,-0.470703125,2002,16036370,1024.445556640625,24.520000457763672,-92.58687591552734,1007,0,0,0,0.0,0.0,0.0,0,0
16047376,4,4.144335746765137,16046305,0.0032958984375,-0.73077392578125,-0.63458251953125,-0.25146484375,2,10.6875,-6.47265625,-11.5703125,-4.501953125,1.685546875,-0.12890625,2004,16047370,1024.433349609375,24.520000457763672,-92.48646545410156,1008,0,0,0,0.0,0.0,0.0,0,0
16055376,4,4.131445407867432,16054305,0.004150390625,0.7276611328125,0.6292724609375,0.27294921875,2,10.6875,-6.47265625,-11.5703125,-3.96484375,2.703125,0.009765625,2006,16055370,1024.433349609375,24.520000457763672,-92.48646545410156,1009,0,0,0,0.0,0.0,0.0,0,0
16067376,4,4.144335746765137,16066305,0.00927734375,0.72314453125,0.6239013671875,0.296142578125,2,10.6875,-6.47265625,-11.5703125,-3.91015625,3.1796875,-0.11328125,2008,16067370,1024.45654296875,24.530000686645508,-92.67671203613281,1010,0,0,0,0.0,0.0,0.0,0,0
16075376,4,4.150781154632568,16074305,0.0135498046875,0.71722412109375,0.61871337890625,0.3203125,2,10.6875,-6.47265625,-11.5703125,-3.9609375,3.404296875,-0.328125,2010,16075370,1024.45654296875,24.530000686645508,-92.67671203613281,1011,0,0,0,0.0,0.0,0.0,0,0
16082376,4,4.1572265625,16081305,0.01788330078125,0.7099609375,0.61395263671875,0.34454345703125,2,10.6875,-6.47265625,-11.5703125,-4.01171875,3.43359375,-0.546875,2012,16082370,1024.428955078125,24.520000457763672,-92.44947814941406,1012,0,0,0,0.0,0.0,0.0,0,0
16113822,4,4.144335746765137,16112751,0.0360107421875,0.67474365234375,0.59661865234375,0.4329833984375,2,10.6875,-6.47265625,-11.5703125,-3.9765625,3.408203125,-0.6328125,2014,16113817,1024.449951171875,24.520000457763672,-92.62122344970703,1013,0,0,0,0.0,0.0,0.0,0,0
16122376,4,4.144335746765137,16121305,0.036865234375,0.67266845703125,0.595947265625,0.43701171875,2,10.6875,-6.47265625,-11.5703125,-3.115234375,3.025390625,-1.09765625,2016,16122370,1024.437255859375,24.510000228881836,-92.51817321777344,1014,0,0,0,0.0,0.0,0.0,0,0
16135322,4,4.131445407867432,16134251,0.036865234375,0.67266845703125,0.595947265625,0.43701171875,0,4.2890625,0.99609375,-0.26953125,-2.498046875,2.787109375,-1.0234375,2018,16135316,1024.437255859375,24.510000228881836,-92.51817321777344,1015,0,0,0,0.0,0.0,0.0,0,0
16141322,4,4.137890815734863,16140251,0.03997802734375,0.6622314453125,0.5938720703125,0.4552001953125,0,4.2890625,0.99609375,-0.26953125,-2.21484375,2.666015625,-0.93359375,2020,16141316,1024.41650390625,24.510000228881836,-92.34906768798828,1016,0,0,0,0.0,0.0,0.0,0,0
16147322,4,4.1572265625,16146251,0.04150390625,0.65460205078125,0.59259033203125,0.46759033203125,0,4.2890625,0.99609375,-0.26953125,-1.6640625,2.48828125,-0.734375,2022,16147316,1024.41650390625,24.510000228881836,-92.34906768798828,1017,0,0,0,0.0,0.0,0.0,0,0
16162322,4,4.1572265625,16161251,0.0416259765625,0.64984130859375,0.5919189453125,0.4749755859375,0,4.2890625,0.99609375,-0.26953125,-1.150390625,2.337890625,-0.51953125,2024,16162316,1024.43701171875,24.510000228881836,-92.51553344726562,1018,0,0,0,0.0,0.0,0.0,0,0
16170322,4,4.137890815734863,16169251,0.0400390625,0.6375732421875,0.590576171875,0.49310302734375,0,4.2890625,0.99609375,-0.26953125,-0.53125,2.12109375,-0.28125,2026,16170316,1024.43701171875,24.510000228881836,-92.51553344726562,1019,0,0,0,0.0,0.0,0.0,0,0
16180322,4,4.150781154632568,16179251,0.03778076171875,0.6322021484375,0.59027099609375,0.50054931640625,0,4.2890625,0.99609375,-0.26953125,-0.34375,2.033203125,-0.23046875,2028,16180316,1024.4443359375,24.510000228881836,-92.57630920410156,1020,0,0,0,0.0,0.0,0.0,0,0
16186322,4,4.150781154632568,16185251,0.03460693359375,0.62664794921875,0.59014892578125,0.5078125,0,4.2890625,0.99609375,-0.26953125,0.056640625,1.8359375,-0.15625,2030,16186316,1024.4443359375,24.510000228881836,-92.57630920410156,1021,0,0,0,0.0,0.0,0.0,0,0
16201322,4,4.150781154632568,16200251,0.03125,0.62274169921875,0.59051513671875,0.5123291015625,0,4.2890625,0.99609375,-0.26953125,0.646484375,1.54296875,-0.083984375,2032,16201316,1024.44287109375,24.510000228881836,-92.56573486328125,1022,0,0,0,0.0,0.0,0.0,0,0
16207322,4,4.150781154632568,16206251,0.02081298828125,0.6148681640625,0.59356689453125,0.51885986328125,0,4.2890625,0.99609375,-0.26953125,0.841796875,1.47265625,-0.03515625,2034,16207316,1024.44287109375,24.510000228881836,-92.56573486328125,1023,0,0,0,0.0,0.0,0.0,0,0
16215322,4,4.150781154632568,16214251,0.01763916015625,0.61279296875,0.59454345703125,0.520263671875,0,4.2890625,0.99609375,-0.26953125,1.046875,1.41015625,0.005859375,2036,16215316,1024.44287109375,24.510000228881836,-92.56573486328125,1024,0,0,0,0.0,0.0,0.0,0,0
16221322,4,4.1572265625,16220251,0.01239013671875,0.60986328125,0.59637451171875,0.52178955078125,2,2.52734375,3.60546875,2.52734375,1.046875,1.41015625,0.005859375,2038,16221316,1024.45751953125,24.5,-92.68463897705078,1025,0,0,0,0.0,0.0,0.0,0,0
16234376,4,4.144335746765137,16233305,0.00640869140625,0.6075439453125,0.5986328125,0.52203369140625,2,2.52734375,3.60546875,2.52734375,1.4921875,1.234375,0.16015625,2040,16234370,1024.45751953125,24.5,-92.68463897705078,1026,0,0,0,0.0,0.0,0.0,0,0
16243376,4,4.144335746765137,16242305,0.01251220703125,-0.6051025390625,-0.60614013671875,-0.5159912109375,2,2.52734375,3.60546875,2.52734375,2.5,0.822265625,0.591796875,2042,16243370,1024.41259765625,24.5,-92.3147201538086,1027,0,0,0,0.0,0.0,0.0,0,0
16252376,4,4.150781154632568,16251305,0.02166748046875,-0.60430908203125,-0.60968017578125,-0.512451171875,2,2.52734375,3.60546875,2.52734375,2.79296875,0.73046875,0.748046875,2044,16252370,1024.41259765625,24.5,-92.3147201538086,1028,0,0,0,0.0,0.0,0.0,0,0
16264376,4,4.150781154632568,16263305,0.03424072265625,-0.60455322265625,-0.6143798828125,-0.505859375,2,2.52734375,3.60546875,2.52734375,3.453125,0.453125,1.125,2046,16264370,1024.458984375,24.5,-92.6952133178711,1029,0,0,0,0.0,0.0,0.0,0,0
16272376,4,4.144335746765137,16271305,0.0479736328125,-0.606689453125,-0.6190185546875,-0.49639892578125,2,2.52734375,3.60546875,2.52734375,3.98828125,0.0390625,1.59375,2048,16272370,1024.458984375,24.5,-92.6952133178711,1030,0,0,0,0.0,0.0,0.0,0,0
16279376,4,4.144335746765137,16278305,0.0628662109375,-0.61065673828125,-0.62347412109375,-0.4842529296875,2,2.52734375,3.60546875,2.52734375,4.20703125,-0.1875,1.82421875,2050,16279370,1024.435302734375,24.5,-92.5023193359375,1031,0,0,0,0.0,0.0,0.0,0,0
16285376,4,4.137890815734863,16284305,0.07122802734375,-0.61407470703125,-0.6256103515625,-0.475830078125,2,2.52734375,3.60546875,2.52734375,4.615234375,-0.837890625,2.212890625,2052,16285370,1024.435302734375,24.5,-92.5023193359375,1032,0,0,0,0.0,0.0,0.0,0,0
16296376,4,4.150781154632568,16295305,0.08416748046875,-0.61993408203125,-0.6290283203125,-0.46142578125,2,2.52734375,3.60546875,2.52734375,4.82421875,-1.203125,2.330078125,2054,16296370,1024.435302734375,24.5,-92.5023193359375,1033,0,0,0,0.0,0.0,0.0,0,0
16303376,4,4.144335746765137,16302305,0.10003662109375,-0.628662109375,-0.63360595703125,-0.439697265625,2,2.52734375,3.60546875,2.52734375,5.19921875,-1.8515625,2.43359375,2056,16303370,1024.4345703125,24.5,-92.49703979492188,1034,0,0,0,0.0,0.0,0.0,0,0
16311376,4,4.144335746765137,16310305,0.11090087890625,-0.63555908203125,-0.63720703125,-0.421630859375,2,2.52734375,3.60546875,2.52734375,5.416015625,-2.42578125,2.396484375,2058,16311370,1024.4345703125,24.5,-92.49703979492188,1035,0,0,0,0.0,0.0,0.0,0,0
16317322,4,4.150781154632568,16316251,0.11090087890625,-0.63555908203125,-0.63720703125,-0.421630859375,0,2.22265625,-3.640625,-4.51953125,5.521484375,-2.65625,2.3515625,2060,16317316,1024.4345703125,24.5,-92.49703979492188,1036,0,0,0,0.0,0.0,0.0,0,0
16333322,4,4.131445407867432,16332251,0.121826171875,-0.6427001953125,-0.640869140625,-0.4017333984375,0,2.22265625,-3.640625,-4.51953125,6.5703125,-3.142578125,2.55859375,2062,16333316,1024.44287109375,24.489999771118164,-92.56573486328125,1037,0,0,0,0.0,0.0,0.0,0,0
16340322,4,4.137890815734863,16339251,0.1544189453125,-0.66339111328125,-0.6527099609375,-0.331787109375,0,2.22265625,-3.640625,-4.51953125,6.89453125,-3.130859375,2.654296875,2064,16340316,1024.451416015625,24.5,-92.63443756103516,1038,0,0,0,0.0,0.0,0.0,0,0
16346322,4,4.150781154632568,16345251,0.15997314453125,-0.66619873046875,-0.654296875,-0.320068359375,0,2.22265625,-3.640625,-4.51953125,7.458984375,-2.974609375,2.8046875,2066,16346316,1024.451416015625,24.5,-92.63443756103516,1039,0,0,0,0.0,0.0,0.0,0,0
16353322,4,4.144335746765137,16352251,0.1748046875,-0.6722412109375,-0.6578369140625,-0.29107666015625,0,2.22265625,-3.640625,-4.51953125,7.677734375,-2.86328125,2.865234375,2068,16353316,1024.451416015625,24.5,-92.63443756103516,1040,0,0,0,0.0,0.0,0.0,0,0
16367322,4,4.137890815734863,16366251,0.18463134765625,-0.675537109375,-0.65972900390625,-0.2725830078125,0,2.22265625,-3.640625,-4.51953125,8.091796875,-2.703125,2.98828125,2070,16367316,1024.444580078125,24.5,-92.57894897460938,1041,0,0,0,0.0,0.0,0.0,0,0
16375322,4,4.131445407867432,16374251,0.21697998046875,-0.683349609375,-0.66339111328125,-0.21417236328125,0,2.22265625,-3.640625,-4.51953125,8.31640625,-2.5234375,2.88671875,2072,16375316,1024.444580078125,24.5,-92.57894897460938,1042,0,0,0,0.0,0.0,0.0,0,0
16381322,4,4.150781154632568,16380251,0.23382568359375,-0.68572998046875,-0.66412353515625,-0.18438720703125,0,2.22265625,-3.640625,-4.51953125,8.2578125,-2.37890625,2.7265625,2074,16381316,1024.442138671875,24.5,-92.55780792236328,1043,0,0,0,0.0,0.0,0.0,0,0
16397322,4,4.150781154632568,16396251,0.2476806640625,-0.68890380859375,-0.6619873046875,-0.16064453125,0,2.22265625,-3.640625,-4.51953125,8.107421875,-2.076171875,2.353515625,2076,16397316,1024.436279296875,24.5,-92.51024627685547,1044,0,0,0,0.0,0.0,0.0,0,0
16404322,4,4.137890815734863,16403251,0.2779541015625,-0.6915283203125,-0.6575927734375,-0.11004638671875,0,2.22265625,-3.640625,-4.51953125,8.06640625,-1.87109375,1.9921875,2078,16404316,1024.436279296875,24.489999771118164,-92.51024627685547,1045,0,0,0,0.0,0.0,0.0,0,0
16411322,4,4.137890815734863,16410251,0.29669189453125,-0.68853759765625,-0.65692138671875,-0.07977294921875,0,2.22265625,-3.640625,-4.51953125,8.26953125,-1.759765625,1.62890625,2080,16411316,1024.436279296875,24.489999771118164,-92.51024627685547,1046,0,0,0,0.0,0.0,0.0,0,0
16417322,4,4.137890815734863,16416251,0.314208984375,-0.6839599609375,-0.6563720703125,-0.05206298828125,0,2.22265625,-3.640625,-4.51953125,8.3359375,-1.609375,1.439453125,2082,16417316,1024.46826171875,24.489999771118164,-92.77183532714844,1047,0,0,0,0.0,0.0,0.0,0,0
16431322,4,4.150781154632568,16430251,0.3272705078125,-0.6795654296875,-0.65582275390625,-0.03173828125,0,2.22265625,-3.640625,-4.51953125,8.310546875,-1.142578125,0.966796875,2084,16431316,1024.46826171875,24.489999771118164,-92.77183532714844,1048,0,0,0,0.0,0.0,0.0,0,0
16438322,4,4.144335746765137,16437251,0.3638916015625,-0.6634521484375,-0.65338134765625,0.0216064453125,2,6.8203125,-16.43359375,-12.14453125,8.310546875,-1.142578125,0.966796875,2086,16438316,1024.48193359375,24.5,-92.88545989990234,1049,0,0,0,0.0,0.0,0.0,0,0
16444376,4,4.1572265625,16443305,0.37603759765625,-0.65887451171875,-0.6505126953125,0.03643798828125,2,6.8203125,-16.43359375,-12.14453125,8.216796875,-1.04296875,0.849609375,2088,16444370,1024.48193359375,24.5,-92.88545989990234,1050,0,0,0,0.0,0.0,0.0,0,0
16454376,4,4.137890815734863,16453305,0.39996337890625,-0.6461181640625,-0.64654541015625,0.0675048828125,2,6.8203125,-16.43359375,-12.14453125,7.984375,-0.927734375,0.6875,2090,16454370,1024.48193359375,24.5,-92.88545989990234,1051,0,0,0,0.0,0.0,0.0,0,0
16466376,4,4.1572265625,16465305,0.4215087890625,-0.631591796875,-0.6435546875,0.0965576171875,2,6.8203125,-16.43359375,-12.14453125,7.681640625,-0.953125,0.369140625,2092,16466370,1024.462158203125,24.5,-92.72163391113281,1052,0,0,0,0.0,0.0,0.0,0,0
16473376,4,4.144335746765137,16472305,0.44537353515625,-0.61181640625,-0.6407470703125,0.12939453125,2,6.8203125,-16.43359375,-12.14453125,7.4453125,-1.13671875,-0.17578125,2094,16473370,1024.462158203125,24.5,-92.72163391113281,1053,0,0,0,0.0,0.0,0.0,0,0
16481376,4,4.1572265625,16480305,0.4578857421875,-0.598876953125,-0.64044189453125,0.146728515625,2,6.8203125,-16.43359375,-12.14453125,7.205078125,-1.21484375,-0.744140625,2096,16481370,1024.47705078125,24.489999771118164,-92.8458251953125,1054,0,0,0,0.0,0.0,0.0,0,0
16487376,4,4.137890815734863,16486305,0.477783203125,-0.57598876953125,-0.64013671875,0.1737060546875,2,6.8203125,-16.43359375,-12.14453125,7.044921875,-1.158203125,-1.23828125,2098,16487370,1024.47705078125,24.489999771118164,-92.8458251953125,1055,0,0,0,0.0,0.0,0.0,0,0
16500376,4,4.137890815734863,16499305,0.4888916015625,-0.56195068359375,-0.64019775390625,0.1881103515625,2,6.8203125,-16.43359375,-12.14453125,7.03515625,-1.111328125,-1.38671875,2100,16500370,1024.49853515625,24.5,-93.02285766601562,1056,0,0,0,0.0,0.0,0.0,0,0
16508376,4,4.144335746765137,16507305,0.51220703125,-0.535888671875,-0.6365966796875,0.21258544921875,2,6.8203125,-16.43359375,-12.14453125,7.103515625,-1.0546875,-1.583984375,2102,16508370,1024.49853515625,24.5,-93.02285766601562,1057,0,0,0,0.0,0.0,0.0,0,0
16519376,4,4.144335746765137,16518305,0.524169921875,-0.51873779296875,-0.63616943359375,0.226806640625,2,6.8203125,-16.43359375,-12.14453125,7.126953125,-1.005859375,-1.85546875,2104,16519370,1024.4560546875,24.5,-92.67143249511719,1058,0,0,0,0.0,0.0,0.0,0,0
16532376,4,4.150781154632568,16531305,0.5408935546875,-0.4931640625,-0.63543701171875,0.245849609375,2,6.8203125,-16.43359375,-12.14453125,6.755859375,-0.904296875,-2.08203125,2106,16532370,1024.4560546875,24.5,-92.67143249511719,1059,0,0,0,0.0,0.0,0.0,0,0
16540376,4,4.150781154632568,16539305,0.5594482421875,-0.46185302734375,-0.6348876953125,0.2657470703125,2,6.8203125,-16.43359375,-12.14453125,6.158203125,-0.892578125,-2.38671875,2108,16540370,1024.45703125,24.5,-92.67935943603516,1060,0,0,0,0.0,0.0,0.0,0,0
16548376,4,4.150781154632568,16547305,0.57135009765625,-0.439453125,-0.63543701171875,0.27691650390625,2,6.8203125,-16.43359375,-12.14453125,5.654296875,-0.904296875,-2.736328125,2110,16548370,1024.45703125,24.5,-92.67935943603516,1061,0,0,0,0.0,0.0,0.0,0,0
16555376,4,4.163671970367432,16554305,0.58172607421875,-0.41864013671875,-0.63629150390625,0.28546142578125,2,6.8203125,-16.43359375,-12.14453125,5.228515625,-0.77734375,-3.029296875,2112,16555370,1024.456298828125,24.5,-92.674072265625,1062,0,0,0,0.0,0.0,0.0,0,0
16566376,4,4.137890815734863,16565305,0.58941650390625,-0.40289306640625,-0.63677978515625,0.29107666015625,2,6.8203125,-16.43359375,-12.14453125,5.080078125,-0.646484375,-3.1328125,2114,16566370,1024.456298828125,24.5,-92.674072265625,1063,0,0,0,0.0,0.0,0.0,0,0
16574322,4,4.137890815734863,16573251,0.58941650390625,-0.40289306640625,-0.63677978515625,0.29107666015625,0,8.6171875,-14.75,-8.12109375,4.908203125,-0.103515625,-3.4453125,2116,16574316,1024.456298828125,24.5,-92.674072265625,1064,0,0,0,0.0,0.0,0.0,0,0
16581322,4,4.150781154632568,16580251,0.61236572265625,-0.3670654296875,-0.6339111328125,0.29730224609375,0,8.6171875,-14.75,-8.12109375,4.828125,0.115234375,-3.53515625,2118,16581316,1024.454345703125,24.5,-92.65821838378906,1065,0,0,0,0.0,0.0,0.0,0,0
16588322,4,4.1572265625,16587251,0.6224365234375,-0.348388671875,-0.63311767578125,0.3006591796875,0,8.6171875,-14.75,-8.12109375,4.640625,0.51171875,-3.6953125,2120,16588316,1024.454345703125,24.5,-92.65821838378906,1066,0,0,0,0.0,0.0,0.0,0,0
16602322,4,4.150781154632568,16601251,0.633056640625,-0.32977294921875,-0.631591796875,0.3026123046875,0,8.6171875,-14.75,-8.12109375,4.375,0.865234375,-3.80078125,2122,16602316,1024.457763671875,24.5,-92.68728637695312,1067,0,0,0,0.0,0.0,0.0,0,0
16609322,4,4.1572265625,16608251,0.6558837890625,-0.2911376953125,-0.6265869140625,0.30413818359375,0,8.6171875,-14.75,-8.12109375,4.283203125,1.0234375,-3.865234375,2124,16609316,1024.457763671875,24.5,-92.68728637695312,1068,0,0,0,0.0,0.0,0.0,0,0
16615322,4,4.137890815734863,16614251,0.6595458984375,-0.2850341796875,-0.62554931640625,0.30401611328125,0,8.6171875,-14.75,-8.12109375,4.171875,1.267578125,-3.943359375,2126,16615316,1024.44189453125,24.5,-92.55780792236328,1069,0,0,0,0.0,0.0,0.0,0,0
16621322,4,4.150781154632568,16620251,0.67169189453125,-0.26531982421875,-0.6217041015625,0.30303955078125,0,8.6171875,-14.75,-8.12109375,3.998046875,1.505859375,-3.962890625,2128,16621316,1024.44189453125,24.5,-92.55780792236328,1070,0,0,0,0.0,0.0,0.0,0,0
16637322,4,4.137890815734863,16636251,0.6839599609375,-0.2464599609375,-0.61712646484375,0.301025390625,0,8.6171875,-14.75,-8.12109375,3.77734375,1.7578125,-3.904296875,2130,16637316,1024.45703125,24.510000228881836,-92.67935943603516,1071,0,0,0,0.0,0.0,0.0,0,0
16645322,4,4.150781154632568,16644251,0.7115478515625,-0.20574951171875,-0.60357666015625,0.2950439453125,0,8.6171875,-14.75,-8.12109375,3.701171875,1.865234375,-3.880859375,2132,16645316,1024.45703125,24.510000228881836,-92.67935943603516,1072,0,0,0,0.0,0.0,0.0,0,0
16651322,4,4.131445407867432,16650251,0.72283935546875,-0.18865966796875,-0.59735107421875,0.29168701171875,0,8.6171875,-14.75,-8.12109375,3.619140625,2.060546875,-3.8671875,2134,16651316,1024.45703125,24.510000228881836,-92.67935943603516,1073,0,0,0,0.0,0.0,0.0,0,0
16666322,4,4.150781154632568,16665251,0.73394775390625,-0.17236328125,-0.590576171875,0.287841796875,0,8.6171875,-14.75,-8.12109375,3.640625,2.2109375,-3.84765625,2136,16666316,1024.43310546875,24.5,-92.48382568359375,1074,0,0,0,0.0,0.0,0.0,0,0
16672322,4,4.144335746765137,16671251,0.75689697265625,-0.13787841796875,-0.57464599609375,0.27911376953125,0,8.6171875,-14.75,-8.12109375,3.662109375,2.34375,-3.798828125,2138,16672316,1024.43310546875,24.5,-92.48382568359375,1075,0,0,0,0.0,0.0,0.0,0,0
16680322,4,4.144335746765137,16679251,0.76385498046875,-0.12774658203125,-0.5689697265625,0.27655029296875,0,8.6171875,-14.75,-8.12109375,3.630859375,2.3984375,-3.767578125,2140,16680316,1024.437744140625,24.510000228881836,-92.52082061767578,1076,0,0,0,0.0,0.0,0.0,0,0
16686322,4,4.1572265625,16685251,0.7718505859375,-0.11553955078125,-0.56231689453125,0.2733154296875,2,4.0234375,-4.515625,-4.13671875,3.630859375,2.3984375,-3.767578125,2142,16686316,1024.437744140625,24.510000228881836,-92.52082061767578,1077,0,0,0,0.0,0.0,0.0,0,0
16697376,4,4.137890815734863,16696305,0.78668212890625,-0.09344482421875,-0.548583984375,0.2672119140625,2,4.0234375,-4.515625,-4.13671875,3.537109375,2.490234375,-3.68359375,2144,16697370,1024.43408203125,24.5,-92.49175262451172,1078,0,0,0,0.0,0.0,0.0,0,0
16707376,4,4.144335746765137,16706305,0.80584716796875,-0.06329345703125,-0.5289306640625,0.258544921875,2,4.0234375,-4.515625,-4.13671875,3.439453125,2.55859375,-3.44921875,2146,16707370,1024.43408203125,24.5,-92.49175262451172,1079,0,0,0,0.0,0.0,0.0,0,0
16715376,4,4.150781154632568,16714305,0.81781005859375,-0.04443359375,-0.51507568359375,0.2528076171875,2,4.0234375,-4.515625,-4.13671875,3.103515625,2.61328125,-3.251953125,2148,16715370,1024.432373046875,24.5,-92.4785385131836,1080,0,0,0,0.0,0.0,0.0,0,0
16721376,4,4.1572265625,16720305,0.82342529296875,-0.03594970703125,-0.5081787109375,0.24981689453125,2,4.0234375,-4.515625,-4.13671875,2.87109375,2.66015625,-3.150390625,2150,16721370,1024.432373046875,24.5,-92.4785385131836,1081,0,0,0,0.0,0.0,0.0,0,0
16733376,4,4.137890815734863,16732305,0.8336181640625,-0.02166748046875,-0.49505615234375,0.2440185546875,2,4.0234375,-4.515625,-4.13671875,2.494140625,2.74609375,-2.88671875,2152,16733370,1024.41650390625,24.5,-92.34906768798828,1082,0,0,0,0.0,0.0,0.0,0,0
16740376,4,4.137890815734863,16739305,0.84393310546875,-0.008056640625,-0.48052978515625,0.2381591796875,2,4.0234375,-4.515625,-4.13671875,2.33984375,2.85546875,-2.490234375,2154,16740370,1024.41650390625,24.5,-92.34906768798828,1083,0,0,0,0.0,0.0,0.0,0,0
16746376,4,4.137890815734863,16745305,0.84954833984375,-0.001220703125,-0.4720458984375,0.23553466796875,2,4.0234375,-4.515625,-4.13671875,2.279296875,2.9375,-2.26171875,2156,16746370,1024.41650390625,24.5,-92.34906768798828,1084,0,0,0,0.0,0.0,0.0,0,0
16753376,4,4.163671970367432,16752305,0.85638427734375,0.0068359375,-0.46087646484375,0.2327880859375,2,4.0234375,-4.515625,-4.13671875,2.234375,3.0234375,-2.025390625,2158,16753370,1024.446533203125,24.510000228881836,-92.59480285644531,1085,0,0,0,0.0,0.0,0.0,0,0
16764376,4,4.144335746765137,16763305,0.8621826171875,0.01263427734375,-0.45050048828125,0.23126220703125,2,4.0234375,-4.515625,-4.13671875,2.017578125,3.142578125,-1.5625,2160,16764370,1024.446533203125,24.510000228881836,-92.59480285644531,1086,0,0,0,0.0,0.0,0.0,0,0
16771376,4,4.150781154632568,16770305,0.87115478515625,0.0206298828125,-0.4334716796875,0.22967529296875,2,4.0234375,-4.515625,-4.13671875,1.7109375,3.19921875,-1.107421875,2162,16771370,1024.446533203125,24.510000228881836,-92.59480285644531,1087,0,0,0,0.0,0.0,0.0,0,0
16777376,4,4.137890815734863,16776305,0.87469482421875,0.02313232421875,-0.42626953125,0.22943115234375,2,4.0234375,-4.515625,-4.13671875,1.5234375,3.18359375,-0.904296875,2164,16777370,1024.43603515625,24.510000228881836,-92.50760650634766,1088,0,0,0,0.0,0.0,0.0,0,0
16784376,4,4.144335746765137,16783305,0.8795166015625,0.02606201171875,-0.4161376953125,0.22930908203125,2,4.0234375,-4.515625,-4.13671875,1.359375,3.150390625,-0.736328125,2166,16784370,1024.43603515625,24.510000228881836,-92.50760650634766,1089,0,0,0,0.0,0.0,0.0,0,0
16797376,4,4.1572265625,16796305,0.883056640625,0.0274658203125,-0.40850830078125,0.22943115234375,2,4.0234375,-4.515625,-4.13671875,0.9609375,3.052734375,-0.486328125,2168,16797370,1024.42431640625,24.5,-92.41248321533203,1090,0,0,0,0.0,0.0,0.0,0,0
16805376,4,4.137890815734863,16804305,0.8941650390625,0.0296630859375,-0.38311767578125,0.22979736328125,2,4.0234375,-4.515625,-4.13671875,0.55859375,2.87890625,-0.25390625,2170,16805370,1024.42431640625,24.5,-92.41248321533203,1091,0,0,0,0.0,0.0,0.0,0,0
16811322,4,4.150781154632568,16810251,0.8941650390625,0.0296630859375,-0.38311767578125,0.22979736328125,0,2.03125,2.03125,-0.61328125,0.025390625,2.712890625,0.017578125,2172,16811316,1024.42431640625,24.5,-92.41248321533203,1092,0,0,0,0.0,0.0,0.0,0,0
16830322,4,4.1572265625,16829251,0.89727783203125,0.02886962890625,-0.375732421875,0.23004150390625,0,2.03125,2.03125,-0.61328125,-1.2890625,2.228515625,0.5703125,2174,16830316,1024.431396484375,24.510000228881836,-92.47061157226562,1093,0,0,0,0.0,0.0,0.0,0,0
16836322,4,4.1572265625,16835251,0.9049072265625,0.01312255859375,-0.35736083984375,0.2308349609375,0,2.03125,2.03125,-0.61328125,-1.599609375,2.099609375,0.75390625,2176,16836316,1024.400146484375,24.510000228881836,-92.21430969238281,1094,0,0,0,0.0,0.0,0.0,0,0
16842322,4,4.144335746765137,16841251,0.907470703125,0.00555419921875,-0.3505859375,0.23138427734375,0,2.03125,2.03125,-0.61328125,-2.08984375,1.87890625,1.123046875,2178,16842316,1024.400146484375,24.510000228881836,-92.21430969238281,1095,0,0,0,0.0,0.0,0.0,0,0
16848322,4,4.137890815734863,16847251,0.9090576171875,-0.00225830078125,-0.3458251953125,0.2322998046875,0,2.03125,2.03125,-0.61328125,-2.298828125,1.802734375,1.3828125,2180,16848316,1024.400146484375,24.510000228881836,-92.21430969238281,1096,0,0,0,0.0,0.0,0.0,0,0
16862322,4,4.137890815734863,16861251,0.91015625,-0.00958251953125,-0.342041015625,0.23345947265625,0,2.03125,2.03125,-0.61328125,-2.7109375,1.869140625,1.802734375,2182,16862316,1024.42822265625,24.510000228881836,-92.4441909790039,1097,0,0,0,0.0,0.0,0.0,0,0
16869322,4,4.144335746765137,16868251,0.91241455078125,-0.03338623046875,-0.331298828125,0.2379150390625,0,2.03125,2.03125,-0.61328125,-2.953125,1.908203125,2.04296875,2184,16869316,1024.42822265625,24.510000228881836,-92.4441909790039,1098,0,0,0,0.0,0.0,0.0,0,0
16876322,4,4.144335746765137,16875251,0.91253662109375,-0.03851318359375,-0.3297119140625,0.23895263671875,0,2.03125,2.03125,-0.61328125,-3.419921875,1.8515625,2.46484375,2186,16876316,1024.4462890625,24.510000228881836,-92.5921630859375,1099,0,0,0,0.0,0.0,0.0,0,0
16882322,4,4.137890815734863,16881251,0.91229248046875,-0.0528564453125,-0.32598876953125,0.24224853515625,0,2.03125,2.03125,-0.61328125,-4.044921875,1.654296875,2.751953125,2188,16882316,1024.4462890625,24.510000228881836,-92.5921630859375,1100,0,0,0,0.0,0.0,0.0,0,0
16896322,4,4.131445407867432,16895251,0.91107177734375,-0.0712890625,-0.3226318359375,0.24652099609375,0,2.03125,2.03125,-0.61328125,-4.919921875,1.2421875,2.90625,2190,16896316,1024.43896484375,24.510000228881836,-92.53138732910156,1101,0,0,0,0.0,0.0,0.0,0,0
16902322,4,4.137890815734863,16901251,0.90631103515625,-0.11126708984375,-0.31878662109375,0.254150390625,0,2.03125,2.03125,-0.61328125,-5.998046875,0.5,2.89453125,2192,16902316,1024.43896484375,24.510000228881836,-92.53138732910156,1102,0,0,0,0.0,0.0,0.0,0,0
16909322,4,4.144335746765137,16908251,0.904296875,-0.1220703125,-0.3194580078125,0.2554931640625,0,2.03125,2.03125,-0.61328125,-6.63671875,0.017578125,2.830078125,2194,16909316,1024.43896484375,24.510000228881836,-92.53138732910156,1103,0,0,0,0.0,0.0,0.0,0,0
16916322,4,4.144335746765137,16915251,0.89935302734375,-0.14508056640625,-0.32208251953125,0.2576904296875,0,2.03125,2.03125,-0.61328125,-7.875,-1.056640625,2.697265625,2196,16916316,1024.427001953125,24.510000228881836,-92.43362426757812,1104,0,0,0,0.0,0.0,0.0,0,0
16932322,4,4.137890815734863,16931251,0.8880615234375,-0.18511962890625,-0.33172607421875,0.25897216796875,0,2.03125,2.03125,-0.61328125,-8.615234375,-2.6171875,2.734375,2198,16932316,1024.433837890625,24.510000228881836,-92.4891128540039,1105,0,0,0,0.0,0.0,0.0,0,0
16939322,4,4.137890815734863,16938251,0.86456298828125,-0.24334716796875,-0.3558349609375,0.2581787109375,2,-0.34375,-11.95703125,8.390625,-8.615234375,-2.6171875,2.734375,2200,16939316,1024.433837890625,24.510000228881836,-92.4891128540039,1106,0,0,0,0.0,0.0,0.0,0,0
16944376,4,4.144335746765137,16943305,0.85125732421875,-0.269287109375,-0.36907958984375,0.258056640625,2,-0.34375,-11.95703125,8.390625,-8.58984375,-3.0,2.783203125,2202,16944370,1024.433837890625,24.510000228881836,-92.4891128540039,1107,0,0,0,0.0,0.0,0.0,0,0
16956376,4,4.144335746765137,16955305,0.83294677734375,-0.2996826171875,-0.3865966796875,0.2586669921875,2,-0.34375,-11.95703125,8.390625,-8.416015625,-3.55078125,2.853515625,2204,16956370,1024.443603515625,24.510000228881836,-92.5710220336914,1108,0,0,0,0.0,0.0,0.0,0,0
16964376,4,4.144335746765137,16963305,0.80780029296875,-0.33587646484375,-0.40887451171875,0.25982666015625,2,-0.34375,-11.95703125,8.390625,-8.373046875,-3.96484375,2.908203125,2206,16964370,1024.443603515625,24.510000228881836,-92.5710220336914,1109,0,0,0,0.0,0.0,0.0,0,0
16971376,4,4.137890815734863,16970305,0.78570556640625,-0.36322021484375,-0.4271240234375,0.26129150390625,2,-0.34375,-11.95703125,8.390625,-8.138671875,-4.470703125,2.994140625,2208,16971370,1024.452392578125,24.5,-92.64236450195312,1110,0,0,0,0.0,0.0,0.0,0,0
16978376,4,4.137890815734863,16977305,0.76580810546875,-0.3853759765625,-0.442626953125,0.262939453125,2,-0.34375,-11.95703125,8.390625,-8.04296875,-4.70703125,3.041015625,2210,16978370,1024.452392578125,24.5,-92.64236450195312,1111,0,0,0,0.0,0.0,0.0,0,0
16991376,4,4.150781154632568,16990305,0.74481201171875,-0.4061279296875,-0.4581298828125,0.2652587890625,2,-0.34375,-11.95703125,8.390625,-7.8515625,-5.01171875,3.119140625,2212,16991370,1024.433349609375,24.510000228881836,-92.48646545410156,1112,0,0,0,0.0,0.0,0.0,0,0
16999376,4,4.150781154632568,16998305,0.6884765625,-0.45489501953125,-0.495361328125,0.2713623046875,2,-0.34375,-11.95703125,8.390625,-7.61328125,-5.21875,3.197265625,2214,16999370,1024.433349609375,24.510000228881836,-92.48646545410156,1113,0,0,0,0.0,0.0,0.0,0,0
17006376,4,4.144335746765137,17005305,0.66790771484375,-0.47039794921875,-0.50762939453125,0.2738037109375,2,-0.34375,-11.95703125,8.390625,-7.703125,-5.45703125,3.224609375,2216,17006370,1024.433349609375,24.510000228881836,-92.48646545410156,1114,0,0,0,0.0,0.0,0.0,0,0
17015376,4,4.150781154632568,17014305,0.6390380859375,-0.49041748046875,-0.52392578125,0.27679443359375,2,-0.34375,-11.95703125,8.390625,-7.830078125,-5.6875,3.220703125,2218,17015370,1024.442138671875,24.510000228881836,-92.55780792236328,1115,0,0,0,0.0,0.0,0.0,0,0
17027376,4,4.163671970367432,17026305,0.610595703125,-0.50823974609375,-0.53924560546875,0.27947998046875,2,-0.34375,-11.95703125,8.390625,-8.017578125,-6.01953125,3.23828125,2220,17027370,1024.442138671875,24.510000228881836,-92.55780792236328,1116,0,0,0,0.0,0.0,0.0,0,0
17035376,4,4.163671970367432,17034305,0.54254150390625,-0.5457763671875,-0.57196044921875,0.28399658203125,2,-0.34375,-11.95703125,8.390625,-8.328125,-6.30859375,3.291015625,2222,17035370,1024.4501953125,24.510000228881836,-92.62387084960938,1117,0,0,0,0.0,0.0,0.0,0,0
17041376,4,4.144335746765137,17040305,0.51953125,-0.55712890625,-0.58172607421875,0.28509521484375,2,-0.34375,-11.95703125,8.390625,-8.36328125,-6.392578125,3.349609375,2224,17041370,1024.4501953125,24.510000228881836,-92.62387084960938,1118,0,0,0,0.0,0.0,0.0,0,0
17048376,4,4.137890815734863,17047305,0.4853515625,-0.57281494140625,-0.59521484375,0.28643798828125,2,-0.34375,-11.95703125,8.390625,-8.447265625,-6.44140625,3.34375,2226,17048370,1024.4501953125,24.510000228881836,-92.62387084960938,1119,0,0,0,0.0,0.0,0.0,0,0
17060376,4,4.144335746765137,17059305,0.44818115234375,-0.5880126953125,-0.6087646484375,0.2877197265625,2,-0.34375,-11.95703125,8.390625,-8.263671875,-6.6796875,3.28515625,2228,17060370,1024.44384765625,24.5,-92.57366180419922,1120,0,0,0,0.0,0.0,0.0,0,0
17066322,4,4.1572265625,17065251,0.44818115234375,-0.5880126953125,-0.6087646484375,0.2877197265625,0,-1.30078125,-14.328125,-11.30078125,-7.798828125,-7.130859375,3.40625,2230,17066316,1024.44384765625,24.5,-92.57366180419922,1121,0,0,0,0.0,0.0,0.0,0,0
17076322,4,4.144335746765137,17075251,0.39892578125,-0.60345458984375,-0.6260986328125,0.29107666015625,0,-1.30078125,-14.328125,-11.30078125,-7.39453125,-7.3125,3.498046875,2232,17076316,1024.43017578125,24.510000228881836,-92.46004486083984,1122,0,0,0,0.0,0.0,0.0,0,0
17091322,4,4.137890815734863,17090251,0.34735107421875,-0.61810302734375,-0.6402587890625,0.2955322265625,0,-1.30078125,-14.328125,-11.30078125,-6.701171875,-7.31640625,3.4375,2234,17091316,1024.46533203125,24.510000228881836,-92.74805450439453,1123,0,0,0,0.0,0.0,0.0,0,0
17097322,4,4.131445407867432,17096251,0.26422119140625,-0.63616943359375,-0.65789794921875,0.30438232421875,0,-1.30078125,-14.328125,-11.30078125,-6.25390625,-7.26171875,3.5078125,2236,17097316,1024.46533203125,24.510000228881836,-92.74805450439453,1124,0,0,0,0.0,0.0,0.0,0,0
17103322,4,4.137890815734863,17102251,0.22613525390625,-0.642333984375,-0.66375732421875,0.30926513671875,0,-1.30078125,-14.328125,-11.30078125,-6.048828125,-7.15625,3.5859375,2238,17103316,1024.46533203125,24.510000228881836,-92.74805450439453,1125,0,0,0,0.0,0.0,0.0,0,0
17111322,4,4.163671970367432,17110251,0.20782470703125,-0.64501953125,-0.666015625,0.31170654296875,0,-1.30078125,-14.328125,-11.30078125,-5.83984375,-7.060546875,3.57421875,2240,17111316,1024.430419921875,24.5,-92.46268463134766,1126,0,0,0,0.0,0.0,0.0,0,0
17126322,4,4.144335746765137,17125251,0.17083740234375,-0.64984130859375,-0.6695556640625,0.31646728515625,0,-1.30078125,-14.328125,-11.30078125,-4.494140625,-7.09765625,4.560546875,2242,17126316,1024.430419921875,24.5,-92.46268463134766,1127,0,0,0,0.0,0.0,0.0,0,0
17131322,4,4.137890815734863,17130251,0.101318359375,-0.65777587890625,-0.66998291015625,0.32891845703125,0,-1.30078125,-14.328125,-11.30078125,-4.16796875,-6.919921875,5.013671875,2244,17131316,1024.437255859375,24.5,-92.51817321777344,1128,0,0,0,0.0,0.0,0.0,0,0
17141322,4,4.137890815734863,17140251,0.083984375,-0.658935546875,-0.669189453125,0.3331298828125,0,-1.30078125,-14.328125,-11.30078125,-4.103515625,-5.833984375,5.484375,2246,17141316,1024.437255859375,24.5,-92.51817321777344,1129,0,0,0,0.0,0.0,0.0,0,0
17147322,4,4.137890815734863,17146251,0.05462646484375,-0.66302490234375,-0.6649169921875,0.33953857421875,0,-1.30078125,-14.328125,-11.30078125,-4.541015625,-5.05078125,5.560546875,2248,17147316,1024.449462890625,24.5,-92.61858367919922,1130,0,0,0,0.0,0.0,0.0,0,0
17162322,4,4.1572265625,17161251,0.01141357421875,-0.67034912109375,-0.6561279296875,0.346435546875,0,-1.30078125,-14.328125,-11.30078125,-6.197265625,-2.724609375,5.228515625,2250,17162316,1024.449462890625,24.489999771118164,-92.61858367919922,1131,0,0,0,0.0,0.0,0.0,0,0
17169322,4,4.137890815734863,17168251,0.06109619140625,0.68963623046875,0.6392822265625,-0.33465576171875,0,-1.30078125,-14.328125,-11.30078125,-5.9765625,-2.58984375,5.21484375,2252,17169316,1024.440673828125,24.5,-92.5472412109375,1132,0,0,0,0.0,0.0,0.0,0,0
17176322,4,4.131445407867432,17175251,0.0858154296875,0.69525146484375,0.6326904296875,-0.33001708984375,0,-1.30078125,-14.328125,-11.30078125,-5.015625,-2.64453125,5.3984375,2254,17176316,1024.440673828125,24.5,-92.5472412109375,1133,0,0,0,0.0,0.0,0.0,0,0
17182322,4,4.1572265625,17181251,0.12542724609375,0.70550537109375,0.62054443359375,-0.31854248046875,2,-2.91015625,-8.7734375,-16.39453125,-5.015625,-2.64453125,5.3984375,2256,17182316,1024.440673828125,24.5,-92.5472412109375,1134,0,0,0,0.0,0.0,0.0,0,0
17195376,4,4.144335746765137,17194305,0.14697265625,0.71380615234375,0.609130859375,-0.31280517578125,2,-2.91015625,-8.7734375,-16.39453125,-4.849609375,-2.42578125,5.421875,2258,17195370,1024.425537109375,24.5,-92.42041015625,1135,0,0,0,0.0,0.0,0.0,0,0
17203376,4,4.163671970367432,17202305,0.1878662109375,0.7249755859375,0.59283447265625,-0.296142578125,2,-2.91015625,-8.7734375,-16.39453125,-5.244140625,-1.169921875,5.041015625,2260,17203370,1024.425537109375,24.5,-92.42041015625,1136,0,0,0,0.0,0.0,0.0,0,0
17210376,4,4.137890815734863,17209305,0.208740234375,0.7303466796875,0.5853271484375,-0.28350830078125,2,-2.91015625,-8.7734375,-16.39453125,-5.53515625,-0.55859375,4.560546875,2262,17210370,1024.457763671875,24.5,-92.68728637695312,1137,0,0,0,0.0,0.0,0.0,0,0
17222376,4,4.137890815734863,17221305,0.22576904296875,0.73431396484375,0.57940673828125,-0.27227783203125,2,-2.91015625,-8.7734375,-16.39453125,-5.529296875,-0.431640625,4.34375,2264,17222370,1024.457763671875,24.5,-92.68728637695312,1138,0,0,0,0.0,0.0,0.0,0,0
17228376,4,4.144335746765137,17227305,0.2640380859375,0.74127197265625,0.56646728515625,-0.244873046875,2,-2.91015625,-8.7734375,-16.39453125,-5.369140625,-0.400390625,3.98828125,2266,17228370,1024.44775390625,24.5,-92.6053695678711,1139,0,0,0,0.0,0.0,0.0,0,0
17235376,4,4.163671970367432,17234305,0.2843017578125,0.74395751953125,0.55938720703125,-0.2298583984375,2,-2.91015625,-8.7734375,-16.39453125,-5.392578125,-0.34765625,3.724609375,2268,17235370,1024.44775390625,24.5,-92.6053695678711,1140,0,0,0,0.0,0.0,0.0,0,0
17241376,4,4.144335746765137,17240305,0.29754638671875,0.7447509765625,0.555419921875,-0.2198486328125,2,-2.91015625,-8.7734375,-16.39453125,-5.533203125,-0.189453125,3.5390625,2270,17241370,1024.44775390625,24.5,-92.6053695678711,1141,0,0,0,0.0,0.0,0.0,0,0
17253376,4,4.137890815734863,17252305,0.3094482421875,0.74517822265625,0.5521240234375,-0.2100830078125,2,-2.91015625,-8.7734375,-16.39453125,-5.76953125,0.01171875,3.404296875,2272,17253370,1024.414306640625,24.5,-92.33057403564453,1142,0,0,0,0.0,0.0,0.0,0,0
17261376,4,4.137890815734863,17260305,0.34698486328125,0.7435302734375,0.54412841796875,-0.1751708984375,2,-2.91015625,-8.7734375,-16.39453125,-6.57421875,0.69921875,2.875,2274,17261370,1024.414306640625,24.5,-92.33057403564453,1143,0,0,0,0.0,0.0,0.0,0,0
17267376,4,4.144335746765137,17266305,0.366943359375,0.74066162109375,0.541259765625,-0.15411376953125,2,-2.91015625,-8.7734375,-16.39453125,-6.671875,0.91796875,2.7421875,2276,17267370,1024.45947265625,24.489999771118164,-92.70049285888672,1144,0,0,0,0.0,0.0,0.0,0,0
17274376,4,4.144335746765137,17273305,0.37445068359375,0.7391357421875,0.54071044921875,-0.14520263671875,2,-2.91015625,-8.7734375,-16.39453125,-6.720703125,1.12890625,2.6484375,2278,17274370,1024.45947265625,24.489999771118164,-92.70049285888672,1145,0,0,0,0.0,0.0,0.0,0,0
17286376,4,4.150781154632568,17285305,0.39117431640625,0.73565673828125,0.53863525390625,-0.1251220703125,2,-2.91015625,-8.7734375,-16.39453125,-6.65625,1.384765625,2.626953125,2280,17286370,1024.432861328125,24.5,-92.48118591308594,1146,0,0,0,0.0,0.0,0.0,0,0
17293376,4,4.137890815734863,17292305,0.42645263671875,0.726318359375,0.5333251953125,-0.078369140625,2,-2.91015625,-8.7734375,-16.39453125,-6.568359375,1.681640625,2.685546875,2282,17293370,1024.432861328125,24.5,-92.48118591308594,1147,0,0,0,0.0,0.0,0.0,0,0
17300322,4,4.144335746765137,17299251,0.42645263671875,0.726318359375,0.5333251953125,-0.078369140625,0,-2.22265625,0.61328125,-11.57421875,-6.64453125,2.029296875,2.7109375,2284,17300316,1024.432861328125,24.5,-92.48118591308594,1148,0,0,0,0.0,0.0,0.0,0,0
17308322,4,4.144335746765137,17307251,0.43731689453125,0.72119140625,0.5338134765625,-0.06072998046875,0,-2.22265625,0.61328125,-11.57421875,-6.763671875,2.1796875,2.66796875,2286,17308316,1024.4326171875,24.5,-92.48118591308594,1149,0,0,0,0.0,0.0,0.0,0,0
17323322,4,4.144335746765137,17322251,0.4490966796875,0.71624755859375,0.53253173828125,-0.04119873046875,0,-2.22265625,0.61328125,-11.57421875,-7.33984375,2.87890625,2.5390625,2288,17323316,1024.4326171875,24.5,-92.48118591308594,1150,0,0,0,0.0,0.0,0.0,0,0
17329322,4,4.137890815734863,17328251,0.49005126953125,0.69451904296875,0.525634765625,0.0343017578125,0,-2.22265625,0.61328125,-11.57421875,-7.42578125,3.091796875,2.5234375,2290,17329316,1024.45947265625,24.5,-92.70049285888672,1151,0,0,0,0.0,0.0,0.0,0,0
17336322,4,4.125,17335251,0.49267578125,0.69268798828125,0.52520751953125,0.03973388671875,0,-2.22265625,0.61328125,-11.57421875,-7.375,3.583984375,2.486328125,2292,17336316,1024.45947265625,24.5,-92.70049285888672,1152,0,0,0,0.0,0.0,0.0,0,0
17343322,4,4.137890815734863,17342251,0.50848388671875,0.67987060546875,0.5228271484375,0.076416015625,0,-2.22265625,0.61328125,-11.57421875,-7.2734375,3.890625,2.505859375,2294,17343316,1024.45947265625,24.5,-92.70049285888672,1153,0,0,0,0.0,0.0,0.0,0,0
17360322,4,4.144335746765137,17359251,0.51580810546875,0.6737060546875,0.5206298828125,0.09503173828125,0,-2.22265625,0.61328125,-11.57421875,-6.791015625,5.052734375,2.52734375,2296,17360316,1024.437744140625,24.489999771118164,-92.52082061767578,1154,0,0,0,0.0,0.0,0.0,0,0
17367322,4,4.137890815734863,17366251,0.53167724609375,0.65167236328125,0.5185546875,0.15411376953125,0,-2.22265625,0.61328125,-11.57421875,-6.291015625,5.845703125,2.46484375,2298,17367316,1024.43701171875,24.5,-92.51553344726562,1155,0,0,0,0.0,0.0,0.0,0,0
17373322,4,4.150781154632568,17372251,0.5364990234375,0.63568115234375,0.51934814453125,0.19586181640625,0,-2.22265625,0.61328125,-11.57421875,-5.9921875,6.2109375,2.38671875,2300,17373316,1024.43701171875,24.5,-92.51553344726562,1156,0,0,0,0.0,0.0,0.0,0,0
17388322,4,4.150781154632568,17387251,0.537109375,0.6275634765625,0.5203857421875,0.21649169921875,0,-2.22265625,0.61328125,-11.57421875,-4.90234375,7.15625,2.0859375,2302,17388316,1024.41064453125,24.5,-92.29886627197266,1157,0,0,0,0.0,0.0,0.0,0,0
17396322,4,4.163671970367432,17395251,0.5302734375,0.59490966796875,0.5281982421875,0.29315185546875,0,-2.22265625,0.61328125,-11.57421875,-4.029296875,7.498046875,1.8046875,2304,17396316,1024.41064453125,24.5,-92.29886627197266,1158,0,0,0,0.0,0.0,0.0,0,0
17402322,4,4.144335746765137,17401251,0.52447509765625,0.5841064453125,0.53240966796875,0.316650390625,0,-2.22265625,0.61328125,-11.57421875,-3.59375,7.541015625,1.662109375,2306,17402316,1024.41064453125,24.5,-92.29886627197266,1159,0,0,0,0.0,0.0,0.0,0,0
17408322,4,4.144335746765137,17407251,0.5181884765625,0.57470703125,0.536865234375,0.3360595703125,2,-5.70703125,-1.609375,2.4140625,-3.59375,7.541015625,1.662109375,2308,17408316,1024.447021484375,24.5,-92.59744262695312,1160,0,0,0,0.0,0.0,0.0,0,0
17421376,4,4.137890815734863,17420305,0.5123291015625,0.56768798828125,0.5400390625,0.35162353515625,2,-5.70703125,-1.609375,2.4140625,-3.169921875,7.5078125,1.55859375,2310,17421370,1024.447021484375,24.5,-92.59744262695312,1161,0,0,0,0.0,0.0,0.0,0,0
17432376,4,4.144335746765137,17431305,0.4827880859375,0.5372314453125,0.55767822265625,0.4090576171875,2,-5.70703125,-1.609375,2.4140625,-1.875,7.046875,1.279296875,2312,17432370,1024.4423828125,24.5,-92.56045532226562,1162,0,0,0,0.0,0.0,0.0,0,0
17440376,4,4.163671970367432,17439305,0.466552734375,0.5252685546875,0.567138671875,0.4298095703125,2,-5.70703125,-1.609375,2.4140625,-0.412109375,5.896484375,0.955078125,2314,17440370,1024.4423828125,24.5,-92.56045532226562,1163,0,0,0,0.0,0.0,0.0,0,0
17446376,4,4.137890815734863,17445305,0.456787109375,0.519287109375,0.57269287109375,0.4400634765625,2,-5.70703125,-1.609375,2.4140625,0.212890625,5.43359375,0.888671875,2316,17446370,1024.43505859375,24.5,-92.49967956542969,1164,0,0,0,0.0,0.0,0.0,0,0
17458376,4,4.137890815734863,17457305,0.44464111328125,0.51348876953125,0.5797119140625,0.45001220703125,2,-5.70703125,-1.609375,2.4140625,0.880859375,5.015625,0.84375,2318,17458370,1024.43505859375,24.5,-92.49967956542969,1165,0,0,0,0.0,0.0,0.0,0,0
17466376,4,4.144335746765137,17465305,0.4124755859375,0.5096435546875,0.599365234375,0.459228515625,2,-5.70703125,-1.609375,2.4140625,2.90625,4.03515625,0.798828125,2320,17466370,1024.44677734375,24.489999771118164,-92.59744262695312,1166,0,0,0,0.0,0.0,0.0,0,0
17473376,4,4.1572265625,17472305,0.40191650390625,0.509033203125,0.605712890625,0.4609375,2,-5.70703125,-1.609375,2.4140625,3.46875,3.8203125,0.82421875,2322,17473370,1024.44677734375,24.489999771118164,-92.59744262695312,1167,0,0,0,0.0,0.0,0.0,0,0
17481376,4,4.144335746765137,17480305,0.38018798828125,0.51104736328125,0.6177978515625,0.4610595703125,2,-5.70703125,-1.609375,2.4140625,4.447265625,3.466796875,0.85546875,2324,17481370,1024.44677734375,24.489999771118164,-92.59744262695312,1168,0,0,0,0.0,0.0,0.0,0,0
17492376,4,4.137890815734863,17491305,0.367431640625,0.512939453125,0.62548828125,0.458984375,2,-5.70703125,-1.609375,2.4140625,4.92578125,3.306640625,0.908203125,2326,17492370,1024.42578125,24.479999542236328,-92.42304992675781,1169,0,0,0,0.0,0.0,0.0,0,0
17500376,4,4.137890815734863,17499305,0.33026123046875,0.52032470703125,0.64727783203125,0.4486083984375,2,-5.70703125,-1.609375,2.4140625,6.103515625,3.220703125,1.01171875,2328,17500370,1024.42578125,24.479999542236328,-92.42304992675781,1170,0,0,0,0.0,0.0,0.0,0,0
17505376,4,4.1572265625,17504305,0.31573486328125,0.5234375,0.655517578125,0.4434814453125,2,-5.70703125,-1.609375,2.4140625,6.466796875,3.23046875,1.021484375,2330,17505370,1024.440185546875,24.489999771118164,-92.54195404052734,1171,0,0,0,0.0,0.0,0.0,0,0
17518376,4,4.150781154632568,17517305,0.3001708984375,0.5267333984375,0.6641845703125,0.4373779296875,2,-5.70703125,-1.609375,2.4140625,6.833984375,3.228515625,1.03125,2332,17518370,1024.440185546875,24.489999771118164,-92.54195404052734,1172,0,0,0,0.0,0.0,0.0,0,0
17526376,4,4.150781154632568,17525305,0.2496337890625,0.53704833984375,0.690673828125,0.41497802734375,2,-5.70703125,-1.609375,2.4140625,7.56640625,3.1640625,1.078125,2334,17526370,1024.431640625,24.5,-92.47325897216797,1173,0,0,0,0.0,0.0,0.0,0,0
17534376,4,4.150781154632568,17533305,0.23193359375,0.54083251953125,0.69952392578125,0.4053955078125,2,-5.70703125,-1.609375,2.4140625,8.328125,2.95703125,1.126953125,2336,17534370,1024.431640625,24.5,-92.47325897216797,1174,0,0,0,0.0,0.0,0.0,0,0
17541322,4,4.131445407867432,17540251,0.23193359375,0.54083251953125,0.69952392578125,0.4053955078125,0,0.61328125,-1.6796875,-1.45703125,9.052734375,2.603515625,1.130859375,2338,17541316,1024.431640625,24.5,-92.47325897216797,1175,0,0,0,0.0,0.0,0.0,0,0
17555322,4,4.137890815734863,17554251,0.20257568359375,0.5504150390625,0.7120361328125,0.385986328125,0,0.61328125,-1.6796875,-1.45703125,10.13671875,1.818359375,1.18359375,2340,17555316,1024.492431640625,24.5,-92.97265625,1176,0,0,0,0.0,0.0,0.0,0,0
17561322,4,4.144335746765137,17560251,0.122314453125,0.56781005859375,0.74591064453125,0.32598876953125,0,0.61328125,-1.6796875,-1.45703125,10.765625,1.302734375,1.3671875,2342,17561316,1024.492431640625,24.5,-92.97265625,1177,0,0,0,0.0,0.0,0.0,0,0
17568322,4,4.163671970367432,17567251,0.10821533203125,0.57086181640625,0.75115966796875,0.31329345703125,0,0.61328125,-1.6796875,-1.45703125,11.162109375,0.9609375,1.515625,2344,17568316,1024.46337890625,24.5,-92.7322006225586,1178,0,0,0,0.0,0.0,0.0,0,0
17574322,4,4.131445407867432,17573251,0.08807373046875,0.57574462890625,0.758056640625,0.29345703125,0,0.61328125,-1.6796875,-1.45703125,11.345703125,0.712890625,1.59375,2346,17574316,1024.46337890625,24.5,-92.7322006225586,1179,0,0,0,0.0,0.0,0.0,0,0
17591322,4,4.1572265625,17590251,0.06707763671875,0.5826416015625,0.7633056640625,0.27081298828125,0,0.61328125,-1.6796875,-1.45703125,11.388671875,0.177734375,1.49609375,2348,17591316,1024.478271484375,24.5,-92.85639190673828,1180,0,0,0,0.0,0.0,0.0,0,0
17597322,4,4.144335746765137,17596251,0.01544189453125,0.59368896484375,0.7762451171875,0.21148681640625,0,0.61328125,-1.6796875,-1.45703125,11.126953125,-0.33203125,1.060546875,2350,17597316,1024.478271484375,24.5,-92.85639190673828,1181,0,0,0,0.0,0.0,0.0,0,0
17604322,4,4.137890815734863,17603251,0.00274658203125,-0.59661865234375,-0.780029296875,-0.18865966796875,0,0.61328125,-1.6796875,-1.45703125,10.671875,-0.791015625,0.458984375,2352,17604316,1024.46826171875,24.5,-92.77183532714844,1182,0,0,0,0.0,0.0,0.0,0,0
17612322,4,4.1572265625,17611251,0.020751953125,-0.5982666015625,-0.7843017578125,-0.162841796875,0,0.61328125,-1.6796875,-1.45703125,10.146484375,-1.15625,-0.212890625,2354,17612316,1024.46826171875,24.5,-92.77183532714844,1183,0,0,0,0.0,0.0,0.0,0,0
17626322,4,4.150781154632568,17625251,0.05389404296875,-0.59808349609375,-0.79180908203125,-0.1114501953125,0,0.61328125,-1.6796875,-1.45703125,9.828125,-1.2578125,-0.75,2356,17626316,1024.43798828125,24.5,-92.5234603881836,1184,0,0,0,0.0,0.0,0.0,0,0
17632322,4,4.150781154632568,17631251,0.092041015625,-0.59088134765625,-0.8001708984375,-0.0457763671875,0,0.61328125,-1.6796875,-1.45703125,9.705078125,-1.107421875,-0.896484375,2358,17632316,1024.43798828125,24.5,-92.5234603881836,1185,0,0,0,0.0,0.0,0.0,0,0
17638322,4,4.163671970367432,17637251,0.09869384765625,-0.5887451171875,-0.80157470703125,-0.03399658203125,2,1.03515625,-8.0078125,-13.14453125,9.705078125,-1.107421875,-0.896484375,2360,17638316,1024.43798828125,24.5,-92.5234603881836,1186,0,0,0,0.0,0.0,0.0,0,0
17651376,4,4.150781154632568,17650305,0.11334228515625,-0.5849609375,-0.80303955078125,-0.01080322265625,2,1.03515625,-8.0078125,-13.14453125,9.662109375,-0.47265625,-0.791015625,2362,17651370,1024.438720703125,24.5,-92.52874755859375,1187,0,0,0,0.0,0.0,0.0,0,0
17663376,4,4.137890815734863,17662305,0.18048095703125,-0.56378173828125,-0.80169677734375,0.0828857421875,2,1.03515625,-8.0078125,-13.14453125,10.544921875,0.7421875,0.064453125,2364,17663370,1024.4580078125,24.489999771118164,-92.68728637695312,1188,0,0,0,0.0,0.0,0.0,0,0
17670376,4,4.144335746765137,17669305,0.205322265625,-0.5567626953125,-0.79681396484375,0.11383056640625,2,1.03515625,-8.0078125,-13.14453125,10.845703125,0.8125,0.33984375,2366,17670370,1024.4580078125,24.489999771118164,-92.68728637695312,1189,0,0,0,0.0,0.0,0.0,0,0
17676376,4,4.144335746765137,17675305,0.2281494140625,-0.55072021484375,-0.79010009765625,0.14288330078125,2,1.03515625,-8.0078125,-13.14453125,11.126953125,0.677734375,0.744140625,2368,17676370,1024.4580078125,24.489999771118164,-92.68728637695312,1190,0,0,0,0.0,0.0,0.0,0,0
17688376,4,4.137890815734863,17687305,0.25347900390625,-0.5428466796875,-0.78094482421875,0.17657470703125,2,1.03515625,-8.0078125,-13.14453125,11.048828125,0.5234375,0.75,2370,17688370,1024.45263671875,24.5,-92.64500427246094,1191,0,0,0,0.0,0.0,0.0,0,0
17696376,4,4.150781154632568,17695305,0.29052734375,-0.5272216796875,-0.76495361328125,0.22894287109375,2,1.03515625,-8.0078125,-13.14453125,10.32421875,0.08984375,0.287109375,2372,17696370,1024.45263671875,24.5,-92.64500427246094,1192,0,0,0,0.0,0.0,0.0,0,0
17704376,4,4.1572265625,17703305,0.318603515625,-0.5140380859375,-0.750244140625,0.26727294921875,2,1.03515625,-8.0078125,-13.14453125,9.8203125,-0.056640625,0.044921875,2374,17704370,1024.4453125,24.5,-92.58423614501953,1193,0,0,0,0.0,0.0,0.0,0,0
17713376,4,4.150781154632568,17712305,0.3323974609375,-0.5050048828125,-0.7425537109375,0.28814697265625,2,1.03515625,-8.0078125,-13.14453125,9.595703125,-0.201171875,0.04296875,2376,17713370,1024.4453125,24.5,-92.58423614501953,1194,0,0,0,0.0,0.0,0.0,0,0
17726376,4,4.163671970367432,17725305,0.3507080078125,-0.49163818359375,-0.73126220703125,0.31707763671875,2,1.03515625,-8.0078125,-13.14453125,9.375,-0.337890625,0.029296875,2378,17726370,1024.45166015625,24.489999771118164,-92.63707733154297,1195,0,0,0,0.0,0.0,0.0,0,0
17733376,4,4.1572265625,17732305,0.383056640625,-0.46356201171875,-0.70770263671875,0.37078857421875,2,1.03515625,-8.0078125,-13.14453125,8.587890625,-0.427734375,-0.0625,2380,17733370,1024.45166015625,24.489999771118164,-92.63707733154297,1196,0,0,0,0.0,0.0,0.0,0,0
17742322,4,4.137890815734863,17741251,0.383056640625,-0.46356201171875,-0.70770263671875,0.37078857421875,0,6.7421875,-18.921875,-9.578125,8.384765625,-0.53125,-0.146484375,2382,17742316,1024.456298828125,24.5,-92.674072265625,1197,0,0,0,0.0,0.0,0.0,0,0
17748322,4,4.1572265625,17747251,0.3994140625,-0.45172119140625,-0.69403076171875,0.393310546875,0,6.7421875,-18.921875,-9.578125,7.919921875,-0.642578125,-0.55859375,2384,17748316,1024.456298828125,24.5,-92.674072265625,1198,0,0,0,0.0,0.0,0.0,0,0
17762322,4,4.144335746765137,17761251,0.4090576171875,-0.43988037109375,-0.6859130859375,0.41070556640625,0,6.7421875,-18.921875,-9.578125,7.48046875,-0.60546875,-0.98046875,2386,17762316,1024.4462890625,24.5,-92.5921630859375,1199,0,0,0,0.0,0.0,0.0,0,0
17769322,4,4.137890815734863,17768251,0.43292236328125,-0.40948486328125,-0.6654052734375,0.44964599609375,0,6.7421875,-18.921875,-9.578125,7.076171875,-0.5,-1.3203125,2388,17769316,1024.4462890625,24.5,-92.5921630859375,1200,0,0,0,0.0,0.0,0.0,0,0
17776322,4,4.137890815734863,17775251,0.4417724609375,-0.39739990234375,-0.65777587890625,0.462890625,0,6.7421875,-18.921875,-9.578125,6.900390625,-0.4453125,-1.494140625,2390,17776316,1024.4462890625,24.5,-92.5921630859375,1201,0,0,0,0.0,0.0,0.0,0,0
17791322,4,4.150781154632568,17790251,0.45159912109375,-0.38385009765625,-0.649658203125,0.47613525390625,0,6.7421875,-18.921875,-9.578125,6.484375,-0.0703125,-2.02734375,2392,17791316,1024.466064453125,24.5,-92.7559814453125,1202,0,0,0,0.0,0.0,0.0,0,0
17797322,4,4.144335746765137,17796251,0.48388671875,-0.33807373046875,-0.623291015625,0.5128173828125,0,6.7421875,-18.921875,-9.578125,6.537109375,0.171875,-2.4140625,2394,17797316,1024.466064453125,24.5,-92.7559814453125,1203,0,0,0,0.0,0.0,0.0,0,0
17804322,4,4.144335746765137,17803251,0.49169921875,-0.32891845703125,-0.61767578125,0.5181884765625,0,6.7421875,-18.921875,-9.578125,6.697265625,0.345703125,-2.62890625,2396,17804316,1024.45849609375,24.5,-92.69256591796875,1204,0,0,0,0.0,0.0,0.0,0,0
17811322,4,4.144335746765137,17810251,0.50213623046875,-0.3154296875,-0.60968017578125,0.52593994140625,0,6.7421875,-18.921875,-9.578125,6.8828125,0.5234375,-2.728515625,2398,17811316,1024.45849609375,24.5,-92.69256591796875,1205,0,0,0,0.0,0.0,0.0,0,0
17826321,4,4.1572265625,17819306,0.51446533203125,-0.29962158203125,-0.59991455078125,0.53448486328125,2,6.7421875,-18.921875,-9.578125,6.8828125,0.5234375,-2.728515625,2399,17826316,1024.440185546875,24.5,-92.54195404052734,1206,0,0,0,0.0,0.0,0.0,0,0
17832322,4,4.144335746765137,17831251,0.55523681640625,-0.2491455078125,-0.56427001953125,0.55792236328125,0,6.7421875,-18.921875,-9.578125,7.30859375,1.408203125,-3.328125,2401,17832316,1024.440185546875,24.5,-92.54195404052734,1207,0,0,0,0.0,0.0,0.0,0,0
17838322,4,4.1572265625,17837251,0.56304931640625,-0.23968505859375,-0.55694580078125,0.5615234375,0,6.7421875,-18.921875,-9.578125,7.2578125,1.564453125,-3.521484375,2403,17838316,1024.45556640625,24.5,-92.66878509521484,1208,0,0,0,0.0,0.0,0.0,0,0
17845322,4,4.137890815734863,17844251,0.57293701171875,-0.22821044921875,-0.54779052734375,0.5653076171875,0,6.7421875,-18.921875,-9.578125,7.1640625,1.6328125,-3.65625,2405,17845316,1024.45556640625,24.5,-92.66878509521484,1209,0,0,0,0.0,0.0,0.0,0,0
17860322,4,4.137890815734863,17859251,0.58648681640625,-0.21246337890625,-0.5350341796875,0.56976318359375,2,5.1328125,-13.87109375,-4.55859375,7.1640625,1.6328125,-3.65625,2407,17860316,1024.4638671875,24.510000228881836,-92.73748779296875,1210,0,0,0,0.0,0.0,0.0,0,0
17865376,4,4.150781154632568,17864305,0.61968994140625,-0.173583984375,-0.502685546875,0.57720947265625,2,5.1328125,-13.87109375,-4.55859375,6.828125,1.8125,-3.875,2409,17865370,1024.4638671875,24.510000228881836,-92.73748779296875,1211,0,0,0,0.0,0.0,0.0,0,0
17874376,4,4.150781154632568,17873305,0.634521484375,-0.1566162109375,-0.48785400390625,0.57867431640625,2,5.1328125,-13.87109375,-4.55859375,6.283203125,2.162109375,-4.263671875,2411,17874370,1024.4638671875,24.510000228881836,-92.73748779296875,1212,0,0,0,0.0,0.0,0.0,0,0
17882376,4,4.144335746765137,17881305,0.6646728515625,-0.1243896484375,-0.457763671875,0.57720947265625,2,5.1328125,-13.87109375,-4.55859375,5.89453125,2.546875,-4.5859375,2413,17882370,1024.427490234375,24.5,-92.43626403808594,1213,0,0,0,0.0,0.0,0.0,0,0
17893376,4,4.137890815734863,17892305,0.68682861328125,-0.1033935546875,-0.43548583984375,0.5726318359375,2,5.1328125,-13.87109375,-4.55859375,5.66015625,3.0390625,-4.8984375,2415,17893370,1024.427490234375,24.5,-92.43626403808594,1214,0,0,0,0.0,0.0,0.0,0,0
17901376,4,4.150781154632568,17900305,0.711669921875,-0.08074951171875,-0.4090576171875,0.56536865234375,2,5.1328125,-13.87109375,-4.55859375,5.720703125,3.30859375,-5.064453125,2417,17901370,1024.467529296875,24.5,-92.76655578613281,1215,0,0,0,0.0,0.0,0.0,0,0
17907376,4,4.163671970367432,17906305,0.72320556640625,-0.070068359375,-0.39599609375,0.56146240234375,2,5.1328125,-13.87109375,-4.55859375,5.83984375,3.41796875,-5.126953125,2419,17907370,1024.467529296875,24.5,-92.76655578613281,1216,0,0,0,0.0,0.0,0.0,0,0
17914376,4,4.1572265625,17913305,0.74017333984375,-0.053955078125,-0.37554931640625,0.55517578125,2,5.1328125,-13.87109375,-4.55859375,5.96484375,3.5390625,-5.17578125,2421,17914370,1024.467529296875,24.5,-92.76655578613281,1217,0,0,0,0.0,0.0,0.0,0,0
17927376,4,4.137890815734863,17926305,0.757568359375,-0.03631591796875,-0.3525390625,0.54815673828125,2,5.1328125,-13.87109375,-4.55859375,6.201171875,3.767578125,-5.259765625,2423,17927370,1024.423828125,24.5,-92.40719604492188,1218,0,0,0,0.0,0.0,0.0,0,0
17938376,4,4.131445407867432,17937305,0.7877197265625,-0.00433349609375,-0.30853271484375,0.533203125,2,5.1328125,-13.87109375,-4.55859375,6.263671875,3.91015625,-5.40234375,2425,17938370,1024.429443359375,24.5,-92.45475769042969,1219,0,0,0,0.0,0.0,0.0,0,0
17946376,4,4.144335746765137,17945305,0.80560302734375,0.0145263671875,-0.2803955078125,0.521728515625,2,5.1328125,-13.87109375,-4.55859375,5.841796875,4.0234375,-5.533203125,2427,17946370,1024.429443359375,24.5,-92.45475769042969,1220,0,0,0,0.0,0.0,0.0,0,0
17958376,4,4.144335746765137,17957305,0.81695556640625,0.02569580078125,-0.26226806640625,0.512939453125,2,5.1328125,-13.87109375,-4.55859375,5.2734375,4.03515625,-5.580078125,2429,17958370,1024.43212890625,24.510000228881836,-92.47589874267578,1221,0,0,0,0.0,0.0,0.0,0,0
17966376,4,4.144335746765137,17965305,0.83935546875,0.04644775390625,-0.22515869140625,0.4925537109375,2,5.1328125,-13.87109375,-4.55859375,4.400390625,4.0703125,-5.662109375,2431,17966370,1024.43212890625,24.510000228881836,-92.47589874267578,1222,0,0,0,0.0,0.0,0.0,0,0
17972376,4,4.137890815734863,17971305,0.84967041015625,0.0540771484375,-0.20831298828125,0.4814453125,2,5.1328125,-13.87109375,-4.55859375,3.638671875,4.2265625,-5.759765625,2433,17972370,1024.43212890625,24.510000228881836,-92.47589874267578,1223,0,0,0,0.0,0.0,0.0,0,0
17980376,4,4.131445407867432,17979305,0.86212158203125,0.0626220703125,-0.1868896484375,0.46673583984375,2,5.1328125,-13.87109375,-4.55859375,3.353515625,4.361328125,-5.703125,2435,17980370,1024.443603515625,24.510000228881836,-92.5710220336914,1224,0,0,0,0.0,0.0,0.0,0,0
17993322,4,4.144335746765137,17992251,0.86212158203125,0.0626220703125,-0.1868896484375,0.46673583984375,0,-4.25390625,-4.59765625,-0.34375,3.041015625,4.697265625,-5.3046875,2437,17993316,1024.443603515625,24.510000228881836,-92.5710220336914,1225,0,0,0,0.0,0.0,0.0,0,0
18006322,4,4.150781154632568,18005251,0.8717041015625,0.067626953125,-0.16949462890625,0.454833984375,0,-4.25390625,-4.59765625,-0.34375,3.14453125,4.826171875,-4.326171875,2439,18006316,1024.44091796875,24.510000228881836,-92.54988098144531,1226,0,0,0,0.0,0.0,0.0,0,0
18012322,4,4.137890815734863,18011251,0.90228271484375,0.0841064453125,-0.0989990234375,0.41107177734375,0,-4.25390625,-4.59765625,-0.34375,3.02734375,4.67578125,-4.14453125,2441,18012316,1024.44091796875,24.510000228881836,-92.54988098144531,1227,0,0,0,0.0,0.0,0.0,0,0
18019322,4,4.150781154632568,18018251,0.908935546875,0.0885009765625,-0.07818603515625,0.39984130859375,0,-4.25390625,-4.59765625,-0.34375,2.515625,4.189453125,-3.923828125,2443,18019316,1024.41162109375,24.510000228881836,-92.30679321289062,1228,0,0,0,0.0,0.0,0.0,0,0
18032321,4,4.150781154632568,18026306,0.91375732421875,0.09161376953125,-0.0621337890625,0.39093017578125,2,-4.25390625,-4.59765625,-0.34375,2.515625,4.189453125,-3.923828125,2444,18032316,1024.41162109375,24.510000228881836,-92.30679321289062,1229,0,0,0,0.0,0.0,0.0,0,0
18038322,4,4.163671970367432,18037251,0.925537109375,0.09674072265625,-0.02288818359375,0.36529541015625,0,-4.25390625,-4.59765625,-0.34375,0.40234375,3.1875,-3.9609375,2446,18038316,1024.44482421875,24.510000228881836,-92.58158874511719,1230,0,0,0,0.0,0.0,0.0,0,0
18045322,4,4.1572265625,18044251,0.92718505859375,0.0965576171875,-0.01824951171875,0.36138916015625,0,-4.25390625,-4.59765625,-0.34375,-0.203125,3.140625,-3.953125,2448,18045316,1024.44482421875,24.510000228881836,-92.58158874511719,1231,0,0,0,0.0,0.0,0.0,0,0
18051322,4,4.150781154632568,18050251,0.9317626953125,0.09429931640625,-0.0067138671875,0.3505859375,0,-4.25390625,-4.59765625,-0.34375,-0.720703125,3.15625,-3.8984375,2450,18051316,1024.44482421875,24.510000228881836,-92.58158874511719,1232,0,0,0,0.0,0.0,0.0,0,0
18066322,4,4.144335746765137,18065251,0.93658447265625,0.090087890625,0.00518798828125,0.338623046875,0,-4.25390625,-4.59765625,-0.34375,-1.34375,3.251953125,-3.59375,2452,18066316,1024.439453125,24.510000228881836,-92.53667449951172,1233,0,0,0,0.0,0.0,0.0,0,0
18072322,4,4.144335746765137,18071251,0.94683837890625,0.07275390625,0.0299072265625,0.3118896484375,0,-4.25390625,-4.59765625,-0.34375,-1.376953125,3.689453125,-3.080078125,2454,18072316,1024.439453125,24.510000228881836,-92.53667449951172,1234,0,0,0,0.0,0.0,0.0,0,0
18077322,4,4.144335746765137,18076251,0.95001220703125,0.06500244140625,0.039306640625,0.3028564453125,0,-4.25390625,-4.59765625,-0.34375,-1.1484375,3.90234375,-2.884765625,2456,18077316,1024.421875,24.520000457763672,-92.39134216308594,1235,0,0,0,0.0,0.0,0.0,0,0
18114637,4,4.137890815734863,18113567,0.9522705078125,0.0584716796875,0.04791259765625,0.2957763671875,2,-3.37109375,-4.4453125,5.66796875,-1.1484375,3.90234375,-2.884765625,2458,18114632,1024.447265625,24.520000457763672,-92.60009002685547,1236,0,0,0,0.0,0.0,0.0,0,0
18122376,4,4.144335746765137,18121305,0.9598388671875,0.01629638671875,0.1322021484375,0.246826171875,2,-3.37109375,-4.4453125,5.66796875,-0.369140625,4.3671875,-2.541015625,2460,18122370,1024.4580078125,24.520000457763672,-92.68728637695312,1237,0,0,0,0.0,0.0,0.0,0,0
18128376,4,4.144335746765137,18127305,0.9599609375,0.010986328125,0.14349365234375,0.240234375,2,-3.37109375,-4.4453125,5.66796875,-0.63671875,4.267578125,-2.671875,2462,18128370,1024.4580078125,24.520000457763672,-92.68728637695312,1238,0,0,0,0.0,0.0,0.0,0,0
18136376,4,4.137890815734863,18135305,0.96014404296875,-0.0006103515625,0.16229248046875,0.22760009765625,2,-3.37109375,-4.4453125,5.66796875,-1.22265625,4.185546875,-3.005859375,2464,18136370,1024.447998046875,24.510000228881836,-92.6053695678711,1239,0,0,0,0.0,0.0,0.0,0,0
18149376,4,4.144335746765137,18148305,0.9600830078125,-0.00738525390625,0.1715087890625,0.22088623046875,2,-3.37109375,-4.4453125,5.66796875,-1.4453125,4.19921875,-3.080078125,2466,18149370,1024.447998046875,24.510000228881836,-92.6053695678711,1240,0,0,0,0.0,0.0,0.0,0,0
18157376,4,4.144335746765137,18156305,0.95855712890625,-0.02960205078125,0.200439453125,0.20025634765625,2,-3.37109375,-4.4453125,5.66796875,-1.3359375,4.712890625,-3.13671875,2468,18157370,1024.461669921875,24.520000457763672,-92.718994140625,1241,0,0,0,0.0,0.0,0.0,0,0
18165376,4,4.144335746765137,18164305,0.95672607421875,-0.04022216796875,0.22088623046875,0.18511962890625,2,-3.37109375,-4.4453125,5.66796875,0.03515625,4.6953125,-3.603515625,2470,18165370,1024.461669921875,24.520000457763672,-92.718994140625,1242,0,0,0,0.0,0.0,0.0,0,0
18177376,4,4.144335746765137,18176305,0.95697021484375,-0.0394287109375,0.2337646484375,0.167236328125,2,-3.37109375,-4.4453125,5.66796875,1.552734375,1.859375,-2.818359375,2472,18177370,1024.435791015625,24.520000457763672,-92.50496673583984,1243,0,0,0,0.0,0.0,0.0,0,0
18190376,4,4.144335746765137,18189305,0.95654296875,-0.04107666015625,0.24554443359375,0.15185546875,2,-3.37109375,-4.4453125,5.66796875,1.052734375,1.9375,-2.7578125,2474,18190370,1024.435791015625,24.520000457763672,-92.50496673583984,1244,0,0,0,0.0,0.0,0.0,0,0
18198376,4,4.144335746765137,18197305,0.9561767578125,-0.0423583984375,0.2550048828125,0.13739013671875,2,-3.37109375,-4.4453125,5.66796875,0.69140625,1.572265625,-2.880859375,2476,18198370,1024.46142578125,24.530000686645508,-92.71634674072266,1245,0,0,0,0.0,0.0,0.0,0,0
18205376,4,4.1572265625,18204305,0.95623779296875,-0.0439453125,0.260986328125,0.12469482421875,2,-3.37109375,-4.4453125,5.66796875,0.513671875,1.515625,-2.994140625,2478,18205370,1024.46142578125,24.530000686645508,-92.71634674072266,1246,0,0,0,0.0,0.0,0.0,0,0
18212376,4,4.150781154632568,18211305,0.956298828125,-0.0455322265625,0.26446533203125,0.1162109375,2,-3.37109375,-4.4453125,5.66796875,0.458984375,1.40234375,-3.044921875,2480,18212370,1024.46142578125,24.530000686645508,-92.71634674072266,1247,0,0,0,0.0,0.0,0.0,0,0
18224322,4,4.144335746765137,18223251,0.956298828125,-0.0455322265625,0.26446533203125,0.1162109375,0,-8.0078125,-2.10546875,10.609375,0.248046875,1.6171875,-3.173828125,2482,18224316,1024.471435546875,24.520000457763672,-92.79826354980469,1248,0,0,0,0.0,0.0,0.0,0,0
18236322,4,4.144335746765137,18235251,0.9560546875,-0.04913330078125,0.271728515625,0.09881591796875,0,-8.0078125,-2.10546875,10.609375,0.40234375,1.705078125,-3.24609375,2484,18236316,1024.469970703125,24.520000457763672,-92.78768920898438,1249,0,0,0,0.0,0.0,0.0,0,0
18242322,4,4.144335746765137,18241251,0.9547119140625,-0.0550537109375,0.2828369140625,0.07440185546875,0,-8.0078125,-2.10546875,10.609375,0.515625,1.65234375,-3.22265625,2486,18242316,1024.469970703125,24.520000457763672,-92.78768920898438,1250,0,0,0,0.0,0.0,0.0,0,0
18257322,4,4.137890815734863,18256251,0.95391845703125,-0.05706787109375,0.287841796875,0.06304931640625,0,-8.0078125,-2.10546875,10.609375,0.953125,1.3984375,-2.9453125,2488,18257316,1024.49365234375,24.520000457763672,-92.98058319091797,1251,0,0,0,0.0,0.0,0.0,0,0
18259376,4,4.131445407867432,18256251,0.95391845703125,-0.05706787109375,0.287841796875,0.06304931640625,0,-8.0078125,-2.10546875,10.609375,0.953125,1.3984375,-2.9453125,2488,18259370,1024.49365234375,24.520000457763672,-92.98058319091797,1252,0,0,0,0.0,0.0,0.0,0,0
18266376,4,4.137890815734863,18265305,0.95135498046875,-0.0579833984375,0.30157470703125,0.02618408203125,2,-8.0078125,-2.10546875,10.609375,1.271484375,0.919921875,-2.671875,2490,18266370,1024.49365234375,24.520000457763672,-92.98058319091797,1253,0,0,0,0.0,0.0,0.0,0,0
18272376,4,4.137890815734863,18271305,0.9510498046875,-0.056884765625,0.30328369140625,0.0181884765625,2,-8.0078125,-2.10546875,10.609375,1.259765625,0.654296875,-2.572265625,2492,18272370,1024.49365234375,24.520000457763672,-92.98058319091797,1254,0,0,0,0.0,0.0,0.0,0,0
18284376,4,4.144335746765137,18283305,0.9508056640625,-0.05560302734375,0.30462646484375,0.008056640625,2,-8.0078125,-2.10546875,10.609375,1.16015625,0.4140625,-2.58203125,2494,18284370,1024.46484375,24.520000457763672,-92.74541473388672,1255,0,0,0,0.0,0.0,0.0,0,0
18291376,4,4.144335746765137,18290305,0.950927734375,-0.05572509765625,0.30438232421875,-0.005126953125,2,-8.0078125,-2.10546875,10.609375,0.6640625,0.00390625,-2.568359375,2496,18291370,1024.46484375,24.520000457763672,-92.74541473388672,1256,0,0,0,0.0,0.0,0.0,0,0
18299376,4,4.131445407867432,18298305,0.951171875,-0.0572509765625,0.30291748046875,-0.01544189453125,2,-8.0078125,-2.10546875,10.609375,0.2734375,-0.38671875,-2.576171875,2498,18299370,1024.44921875,24.520000457763672,-92.6159439086914,1257,0,0,0,0.0,0.0,0.0,0,0
18306376,4,4.1572265625,18305305,0.95172119140625,-0.06005859375,0.29998779296875,-0.02545166015625,2,-8.0078125,-2.10546875,10.609375,-0.087890625,-0.80859375,-2.537109375,2500,18306370,1024.44921875,24.520000457763672,-92.6159439086914,1258,0,0,0,0.0,0.0,0.0,0,0
18319376,4,4.163671970367432,18318305,0.95220947265625,-0.06280517578125,0.2972412109375,-0.03240966796875,2,-8.0078125,-2.10546875,10.609375,-0.376953125,-0.912109375,-2.4140625,2502,18319370,1024.450927734375,24.530000686645508,-92.629150390625,1259,0,0,0,0.0,0.0,0.0,0,0
18326376,4,4.163671970367432,18325305,0.95294189453125,-0.07073974609375,0.29119873046875,-0.04541015625,2,-8.0078125,-2.10546875,10.609375,-0.802734375,-0.85546875,-2.470703125,2504,18326370,1024.450927734375,24.530000686645508,-92.629150390625,1260,0,0,0,0.0,0.0,0.0,0,0
18333376,4,4.137890815734863,18332305,0.9532470703125,-0.0770263671875,0.2872314453125,-0.05322265625,2,-8.0078125,-2.10546875,10.609375,-0.982421875,-1.5,-3.134765625,2506,18333370,1024.48291015625,24.530000686645508,-92.89338684082031,1261,0,0,0,0.0,0.0,0.0,0,0
18341376,4,4.137890815734863,18340305,0.95477294921875,-0.087646484375,0.27557373046875,-0.06951904296875,2,-8.0078125,-2.10546875,10.609375,-0.6484375,-2.4921875,-3.751953125,2508,18341370,1024.48291015625,24.530000686645508,-92.89338684082031,1262,0,0,0,0.0,0.0,0.0,0,0
18354322,4,4.150781154632568,18353251,0.95477294921875,-0.087646484375,0.27557373046875,-0.06951904296875,0,-9.34765625,-1.76171875,11.8359375,-0.607421875,-2.935546875,-3.900390625,2510,18354316,1024.471923828125,24.530000686645508,-92.80354309082031,1263,0,0,0,0.0,0.0,0.0,0,0
18361322,4,4.1572265625,18360251,0.95574951171875,-0.09234619140625,0.26837158203125,-0.07763671875,0,-9.34765625,-1.76171875,11.8359375,-0.814453125,-3.421875,-3.982421875,2512,18361316,1024.471923828125,24.530000686645508,-92.80354309082031,1264,0,0,0,0.0,0.0,0.0,0,0
18368322,4,4.144335746765137,18367251,0.958740234375,-0.10784912109375,0.24163818359375,-0.10382080078125,0,-9.34765625,-1.76171875,11.8359375,-1.4140625,-3.626953125,-4.03515625,2514,18368316,1024.471923828125,24.530000686645508,-92.80354309082031,1265,0,0,0,0.0,0.0,0.0,0,0
18382322,4,4.137890815734863,18381251,0.95989990234375,-0.1190185546875,0.22454833984375,-0.11834716796875,0,-9.34765625,-1.76171875,11.8359375,-1.65625,-3.990234375,-3.7734375,2516,18382316,1024.4599609375,24.520000457763672,-92.70314025878906,1266,0,0,0,0.0,0.0,0.0,0,0
18388322,4,4.150781154632568,18387251,0.9605712890625,-0.136474609375,0.199951171875,-0.13653564453125,0,-9.34765625,-1.76171875,11.8359375,-1.767578125,-4.53515625,-3.4296875,2518,18388316,1024.4599609375,24.520000457763672,-92.70314025878906,1267,0,0,0,0.0,0.0,0.0,0,0
18394322,4,4.150781154632568,18393251,0.96087646484375,-0.14642333984375,0.18524169921875,-0.14483642578125,0,-9.34765625,-1.76171875,11.8359375,-1.8671875,-4.85546875,-3.275390625,2520,18394316,1024.45751953125,24.520000457763672,-92.68463897705078,1268,0,0,0,0.0,0.0,0.0,0,0
18402322,4,4.144335746765137,18401251,0.9610595703125,-0.1551513671875,0.171630859375,-0.1512451171875,0,-9.34765625,-1.76171875,11.8359375,-2.052734375,-5.1875,-3.20703125,2522,18402316,1024.45751953125,24.520000457763672,-92.68463897705078,1269,0,0,0,0.0,0.0,0.0,0,0
18416322,4,4.137890815734863,18415251,0.96099853515625,-0.16754150390625,0.1519775390625,-0.15899658203125,0,-9.34765625,-1.76171875,11.8359375,-3.078125,-6.33203125,-3.2421875,2524,18416316,1024.4951171875,24.520000457763672,-92.9937973022461,1270,0,0,0,0.0,0.0,0.0,0,0
18424322,4,4.144335746765137,18423251,0.9583740234375,-0.20379638671875,0.09759521484375,-0.1744384765625,0,-9.34765625,-1.76171875,11.8359375,-3.794921875,-6.939453125,-3.505859375,2526,18424316,1024.4951171875,24.520000457763672,-92.9937973022461,1271,0,0,0,0.0,0.0,0.0,0,0
18431322,4,4.144335746765137,18430251,0.95709228515625,-0.2125244140625,0.0858154296875,-0.17724609375,0,-9.34765625,-1.76171875,11.8359375,-4.30078125,-7.26953125,-3.732421875,2528,18431316,1024.491943359375,24.520000457763672,-92.96736907958984,1272,0,0,0,0.0,0.0,0.0,0,0
18437322,4,4.144335746765137,18436251,0.95330810546875,-0.2325439453125,0.06036376953125,-0.18310546875,0,-9.34765625,-1.76171875,11.8359375,-5.05078125,-7.61328125,-4.150390625,2530,18437316,1024.491943359375,24.520000457763672,-92.96736907958984,1273,0,0,0,0.0,0.0,0.0,0,0
18452322,4,4.137890815734863,18451251,0.94757080078125,-0.25494384765625,0.03448486328125,-0.18939208984375,0,-9.34765625,-1.76171875,11.8359375,-5.73046875,-7.9765625,-4.66015625,2532,18452316,1024.442138671875,24.520000457763672,-92.55780792236328,1274,0,0,0,0.0,0.0,0.0,0,0
18458322,4,4.144335746765137,18457251,0.92803955078125,-0.3096923828125,-0.02789306640625,-0.20513916015625,0,-9.34765625,-1.76171875,11.8359375,-6.025390625,-8.556640625,-5.0703125,2534,18458316,1024.442138671875,24.520000457763672,-92.55780792236328,1275,0,0,0,0.0,0.0,0.0,0,0
18465322,4,4.137890815734863,18464251,0.92193603515625,-0.3231201171875,-0.043212890625,-0.20916748046875,0,-9.34765625,-1.76171875,11.8359375,-6.185546875,-9.0234375,-5.3515625,2536,18465316,1024.442138671875,24.520000457763672,-92.55780792236328,1276,0,0,0,0.0,0.0,0.0,0,0
18473322,4,4.150781154632568,18472251,0.91339111328125,-0.34027099609375,-0.0634765625,-0.21435546875,2,-1.37890625,-6.51171875,12.14453125,-6.185546875,-9.0234375,-5.3515625,2538,18473316,1024.461669921875,24.520000457763672,-92.718994140625,1277,0,0,0,0.0,0.0,0.0,0,0
18486376,4,4.163671970367432,18485305,0.89178466796875,-0.37689208984375,-0.1094970703125,-0.22503662109375,2,-1.37890625,-6.51171875,12.14453125,-6.34375,-9.87109375,-5.673828125,2540,18486370,1024.461669921875,24.520000457763672,-92.718994140625,1278,0,0,0,0.0,0.0,0.0,0,0
18497376,4,4.131445407867432,18496305,0.85498046875,-0.4259033203125,-0.17578125,-0.23822021484375,2,-1.37890625,-6.51171875,12.14453125,-6.56640625,-10.345703125,-5.900390625,2542,18497370,1024.442626953125,24.520000457763672,-92.56309509277344,1279,0,0,0,0.0,0.0,0.0,0,0
18504376,4,4.137890815734863,18503305,0.8187255859375,-0.464599609375,-0.229736328125,-0.24700927734375,2,-1.37890625,-6.51171875,12.14453125,-6.841796875,-10.525390625,-5.845703125,2544,18504370,1024.442626953125,24.520000457763672,-92.56309509277344,1280,0,0,0,0.0,0.0,0.0,0,0
18511376,4,4.150781154632568,18510305,0.79278564453125,-0.48846435546875,-0.2633056640625,-0.25213623046875,2,-1.37890625,-6.51171875,12.14453125,-7.08984375,-10.4453125,-5.921875,2546,18511370,1024.45849609375,24.520000457763672,-92.69256591796875,1281,0,0,0,0.0,0.0,0.0,0,0
18524376,4,4.163671970367432,18523305,0.768310546875,-0.50860595703125,-0.29193115234375,-0.25640869140625,2,-1.37890625,-6.51171875,12.14453125,-7.216796875,-10.33984375,-5.978515625,2548,18524370,1024.45849609375,24.520000457763672,-92.69256591796875,1282,0,0,0,0.0,0.0,0.0,0,0
18532376,4,4.144335746765137,18531305,0.69439697265625,-0.5589599609375,-0.3651123046875,-0.2684326171875,2,-1.37890625,-6.51171875,12.14453125,-7.5546875,-9.8828125,-6.21875,2550,18532370,1024.433837890625,24.520000457763672,-92.4891128540039,1283,0,0,0,0.0,0.0,0.0,0,0
18540376,4,4.131445407867432,18539305,0.65826416015625,-0.5791015625,-0.3951416015625,-0.274169921875,2,-1.37890625,-6.51171875,12.14453125,-7.8046875,-9.79296875,-6.365234375,2552,18540370,1024.433837890625,24.520000457763672,-92.4891128540039,1284,0,0,0,0.0,0.0,0.0,0,0
18553376,4,4.144335746765137,18552305,0.614501953125,-0.60040283203125,-0.427001953125,-0.28204345703125,2,-1.37890625,-6.51171875,12.14453125,-8.37890625,-9.619140625,-6.79296875,2554,18553370,1024.47119140625,24.520000457763672,-92.79561614990234,1285,0,0,0,0.0,0.0,0.0,0,0
18563376,4,4.1572265625,18562305,0.52880859375,-0.633544921875,-0.480224609375,-0.2972412109375,2,-1.37890625,-6.51171875,12.14453125,-9.24609375,-9.224609375,-7.404296875,2556,18563370,1024.47119140625,24.520000457763672,-92.79561614990234,1286,0,0,0,0.0,0.0,0.0,0,0
18570376,4,4.150781154632568,18569305,0.47833251953125,-0.6485595703125,-0.50604248046875,-0.30731201171875,2,-1.37890625,-6.51171875,12.14453125,-9.53125,-8.939453125,-7.513671875,2558,18570370,1024.4560546875,24.510000228881836,-92.67143249511719,1287,0,0,0,0.0,0.0,0.0,0,0
18577376,4,4.144335746765137,18576305,0.43988037109375,-0.6580810546875,-0.52288818359375,-0.31634521484375,2,-1.37890625,-6.51171875,12.14453125,-9.802734375,-8.19140625,-7.548828125,2560,18577370,1024.4560546875,24.510000228881836,-92.67143249511719,1288,0,0,0,0.0,0.0,0.0,0,0
18588376,4,4.137890815734863,18587305,0.38824462890625,-0.6683349609375,-0.5430908203125,-0.32806396484375,2,-1.37890625,-6.51171875,12.14453125,-9.771484375,-7.783203125,-7.5,2562,18588370,1024.4560546875,24.510000228881836,-92.67143249511719,1289,0,0,0,0.0,0.0,0.0,0,0
18596376,4,4.163671970367432,18595305,0.315185546875,-0.6781005859375,-0.56842041015625,-0.34320068359375,2,-1.37890625,-6.51171875,12.14453125,-8.267578125,-7.212890625,-6.849609375,2564,18596370,1024.4638671875,24.510000228881836,-92.73748779296875,1290,0,0,0,0.0,0.0,0.0,0,0
18602376,4,4.1572265625,18601305,0.28118896484375,-0.68096923828125,-0.5794677734375,-0.34844970703125,2,-1.37890625,-6.51171875,12.14453125,-7.5546875,-7.07421875,-6.537109375,2566,18602370,1024.4638671875,24.510000228881836,-92.73748779296875,1291,0,0,0,0.0,0.0,0.0,0,0
18608322,4,4.150781154632568,18607251,0.28118896484375,-0.68096923828125,-0.5794677734375,-0.34844970703125,0,3.484375,-4.09765625,1.953125,-6.763671875,-6.962890625,-6.166015625,2568,18608316,1024.441650390625,24.510000228881836,-92.55516815185547,1292,0,0,0,0.0,0.0,0.0,0,0
18624322,4,4.137890815734863,18623251,0.2396240234375,-0.68328857421875,-0.5928955078125,-0.3524169921875,0,3.484375,-4.09765625,1.953125,-3.328125,-6.21875,-4.49609375,2570,18624316,1024.441650390625,24.510000228881836,-92.55516815185547,1293,0,0,0,0.0,0.0,0.0,0,0
18632322,4,4.144335746765137,18631251,0.164306640625,-0.6846923828125,-0.61865234375,-0.3485107421875,0,3.484375,-4.09765625,1.953125,-1.798828125,-5.583984375,-3.875,2572,18632316,1024.459716796875,24.510000228881836,-92.70314025878906,1294,0,0,0,0.0,0.0,0.0,0,0
18639322,4,4.144335746765137,18638251,0.12548828125,-0.68353271484375,-0.63360595703125,-0.3399658203125,0,3.484375,-4.09765625,1.953125,-1.1796875,-5.26953125,-3.57421875,2574,18639316,1024.459716796875,24.510000228881836,-92.70314025878906,1295,0,0,0,0.0,0.0,0.0,0,0
18646322,4,4.144335746765137,18645251,0.1083984375,-0.6826171875,-0.6405029296875,-0.334716796875,0,3.484375,-4.09765625,1.953125,-0.685546875,-4.9140625,-3.330078125,2576,18646316,1024.459716796875,24.510000228881836,-92.70314025878906,1296,0,0,0,0.0,0.0,0.0,0,0
18661322,4,4.131445407867432,18660251,0.08990478515625,-0.68115234375,-0.6488037109375,-0.32708740234375,0,3.484375,-4.09765625,1.953125,0.12109375,-3.904296875,-2.98046875,2578,18661316,1024.443115234375,24.510000228881836,-92.56573486328125,1297,0,0,0,0.0,0.0,0.0,0,0
18667322,4,4.1572265625,18666251,0.046875,-0.6741943359375,-0.6734619140625,-0.2994384765625,0,3.484375,-4.09765625,1.953125,0.271484375,-3.392578125,-2.837890625,2580,18667316,1024.443115234375,24.510000228881836,-92.56573486328125,1298,0,0,0,0.0,0.0,0.0,0,0
18674322,4,4.150781154632568,18673251,0.0394287109375,-0.67218017578125,-0.67852783203125,-0.293701171875,2,2.0703125,-0.8046875,-3.48828125,0.271484375,-3.392578125,-2.837890625,2582,18674316,1024.461669921875,24.510000228881836,-92.718994140625,1299,0,0,0,0.0,0.0,0.0,0,0
18686376,4,4.144335746765137,18685305,0.03216552734375,-0.669677734375,-0.683837890625,-0.2877197265625,2,2.0703125,-0.8046875,-3.48828125,0.384765625,-3.140625,-2.73046875,2584,18686370,1024.461669921875,24.510000228881836,-92.718994140625,1300,0,0,0,0.0,0.0,0.0,0,0
18696376,4,4.137890815734863,18695305,0.013671875,-0.66253662109375,-0.69866943359375,-0.2696533203125,2,2.0703125,-0.8046875,-3.48828125,0.958984375,-3.23046875,-2.486328125,2586,18696370,1024.498779296875,24.510000228881836,-93.02285766601562,1301,0,0,0,0.0,0.0,0.0,0,0
18703376,4,4.131445407867432,18702305,0.00494384765625,-0.659423828125,-0.7060546875,-0.25811767578125,2,2.0703125,-0.8046875,-3.48828125,1.234375,-3.431640625,-2.28515625,2588,18703370,1024.498779296875,24.510000228881836,-93.02285766601562,1302,0,0,0,0.0,0.0,0.0,0,0
18710376,4,4.137890815734863,18709305,0.00396728515625,0.6563720703125,0.71343994140625,0.245361328125,2,2.0703125,-0.8046875,-3.48828125,1.302734375,-3.50390625,-2.203125,2590,18710370,1024.453125,24.510000228881836,-92.64765167236328,1303,0,0,0,0.0,0.0,0.0,0,0
18723376,4,4.150781154632568,18722305,0.0113525390625,0.65399169921875,0.71917724609375,0.23431396484375,2,2.0703125,-0.8046875,-3.48828125,1.306640625,-3.49609375,-2.134765625,2592,18723370,1024.453125,24.510000228881836,-92.64765167236328,1304,0,0,0,0.0,0.0,0.0,0,0
18731376,4,4.1572265625,18730305,0.02960205078125,0.6475830078125,0.7330322265625,0.2060546875,2,2.0703125,-0.8046875,-3.48828125,1.560546875,-3.443359375,-2.078125,2594,18731370,1024.5009765625,24.5,-93.0413589477539,1305,0,0,0,0.0,0.0,0.0,0,0
18738376,4,4.137890815734863,18737305,0.03424072265625,0.64569091796875,0.73687744140625,0.1973876953125,2,2.0703125,-0.8046875,-3.48828125,1.69921875,-3.416015625,-2.033203125,2596,18738370,1024.5009765625,24.5,-93.0413589477539,1306,0,0,0,0.0,0.0,0.0,0,0
18745376,4,4.1572265625,18744305,0.04132080078125,0.64263916015625,0.742919921875,0.18280029296875,2,2.0703125,-0.8046875,-3.48828125,1.890625,-3.419921875,-1.94921875,2598,18745370,1024.5009765625,24.5,-93.0413589477539,1307,0,0,0,0.0,0.0,0.0,0,0
18757376,4,4.144335746765137,18756305,0.04644775390625,0.64013671875,0.7479248046875,0.1693115234375,2,2.0703125,-0.8046875,-3.48828125,2.216796875,-3.322265625,-1.84375,2600,18757370,1024.462158203125,24.510000228881836,-92.72163391113281,1308,0,0,0,0.0,0.0,0.0,0,0
18765376,4,4.1572265625,18764305,0.0531005859375,0.6361083984375,0.75543212890625,0.1478271484375,2,2.0703125,-0.8046875,-3.48828125,2.59375,-3.2421875,-1.884765625,2602,18765370,1024.462158203125,24.510000228881836,-92.72163391113281,1309,0,0,0,0.0,0.0,0.0,0,0
18772376,4,4.150781154632568,18771305,0.05694580078125,0.63232421875,0.7615966796875,0.13006591796875,2,2.0703125,-0.8046875,-3.48828125,2.953125,-3.19140625,-2.064453125,2604,18772370,1024.452392578125,24.510000228881836,-92.64236450195312,1310,0,0,0,0.0,0.0,0.0,0,0
18779376,4,4.131445407867432,18778305,0.05950927734375,0.629150390625,0.7662353515625,0.11627197265625,2,2.0703125,-0.8046875,-3.48828125,3.107421875,-3.154296875,-2.154296875,2606,18779370,1024.452392578125,24.510000228881836,-92.64236450195312,1311,0,0,0,0.0,0.0,0.0,0,0
18792376,4,4.144335746765137,18791305,0.0626220703125,0.622802734375,0.77447509765625,0.09197998046875,2,2.0703125,-0.8046875,-3.48828125,3.37109375,-3.048828125,-2.322265625,2608,18792370,1024.5107421875,24.510000228881836,-93.1232681274414,1312,0,0,0,0.0,0.0,0.0,0,0
18800376,4,4.150781154632568,18799305,0.06494140625,0.61376953125,0.78436279296875,0.062255859375,2,2.0703125,-0.8046875,-3.48828125,3.57421875,-2.87890625,-2.505859375,2610,18800370,1024.5107421875,24.510000228881836,-93.1232681274414,1313,0,0,0,0.0,0.0,0.0,0,0
18807322,4,4.137890815734863,18806251,0.06494140625,0.61376953125,0.78436279296875,0.062255859375,0,0.91796875,-3.06640625,-9.54296875,3.794921875,-2.6015625,-2.603515625,2612,18807316,1024.486083984375,24.510000228881836,-92.91980743408203,1314,0,0,0,0.0,0.0,0.0,0,0
18824322,4,4.131445407867432,18823251,0.06488037109375,0.60858154296875,0.7894287109375,0.04705810546875,0,0.91796875,-3.06640625,-9.54296875,4.0078125,-2.140625,-2.66015625,2614,18824316,1024.486083984375,24.510000228881836,-92.91980743408203,1315,0,0,0,0.0,0.0,0.0,0,0
18831322,4,4.144335746765137,18830251,0.0615234375,0.59393310546875,0.8021240234375,0.00848388671875,0,0.91796875,-3.06640625,-9.54296875,4.380859375,-1.302734375,-2.8828125,2616,18831316,1024.490478515625,24.510000228881836,-92.95680236816406,1316,0,0,0,0.0,0.0,0.0,0,0
18837322,4,4.144335746765137,18836251,0.0567626953125,0.5845947265625,0.8092041015625,-0.01324462890625,0,0.91796875,-3.06640625,-9.54296875,4.724609375,-0.58203125,-3.00390625,2618,18837316,1024.490478515625,24.510000228881836,-92.95680236816406,1317,0,0,0,0.0,0.0,0.0,0,0
18845322,4,4.1572265625,18844251,0.0494384765625,0.5765380859375,0.81500244140625,-0.02947998046875,0,0.91796875,-3.06640625,-9.54296875,4.91015625,-0.287109375,-3.029296875,2620,18845316,1024.501953125,24.510000228881836,-93.04928588867188,1318,0,0,0,0.0,0.0,0.0,0,0
18858322,4,4.137890815734863,18857251,0.04107666015625,0.5712890625,0.81854248046875,-0.0435791015625,0,0.91796875,-3.06640625,-9.54296875,5.38671875,0.19140625,-3.080078125,2622,18858316,1024.501953125,24.510000228881836,-93.04928588867188,1319,0,0,0,0.0,0.0,0.0,0,0
18865322,4,4.131445407867432,18864251,0.01910400390625,0.55596923828125,0.82757568359375,-0.07525634765625,0,0.91796875,-3.06640625,-9.54296875,5.90234375,0.541015625,-3.11328125,2624,18865316,1024.479736328125,24.510000228881836,-92.8669662475586,1320,0,0,0,0.0,0.0,0.0,0,0
18873322,4,4.150781154632568,18872251,0.0072021484375,0.5478515625,0.83172607421875,-0.090087890625,0,0.91796875,-3.06640625,-9.54296875,6.302734375,0.6875,-3.2265625,2626,18873316,1024.479736328125,24.510000228881836,-92.8669662475586,1321,0,0,0,0.0,0.0,0.0,0,0
18879322,4,4.144335746765137,18878251,0.0107421875,-0.53680419921875,-0.83636474609375,0.1104736328125,2,-2.10546875,-9.8046875,-10.9921875,6.302734375,0.6875,-3.2265625,2628,18879316,1024.479736328125,24.510000228881836,-92.8669662475586,1322,0,0,0,0.0,0.0,0.0,0,0
18892376,4,4.137890815734863,18891305,0.03662109375,-0.52587890625,-0.83837890625,0.13848876953125,2,-2.10546875,-9.8046875,-10.9921875,6.6171875,0.701171875,-3.208984375,2630,18892370,1024.47119140625,24.5,-92.79561614990234,1323,0,0,0,0.0,0.0,0.0,0,0
18900376,4,4.125,18899305,0.06707763671875,-0.50885009765625,-0.84075927734375,0.17218017578125,2,-2.10546875,-9.8046875,-10.9921875,6.908203125,0.5625,-3.228515625,2632,18900370,1024.47119140625,24.5,-92.79561614990234,1324,0,0,0,0.0,0.0,0.0,0,0
18907376,4,4.137890815734863,18906305,0.08251953125,-0.49755859375,-0.842041015625,0.1912841796875,2,-2.10546875,-9.8046875,-10.9921875,7.087890625,0.21484375,-3.37890625,2634,18907370,1024.4814453125,24.5,-92.88017272949219,1325,0,0,0,0.0,0.0,0.0,0,0
18915376,4,4.144335746765137,18914305,0.097900390625,-0.48486328125,-0.84295654296875,0.21142578125,2,-2.10546875,-9.8046875,-10.9921875,7.08203125,0.02734375,-3.5234375,2636,18915370,1024.4814453125,24.5,-92.88017272949219,1326,0,0,0,0.0,0.0,0.0,0,0
18927376,4,4.144335746765137,18926305,0.11279296875,-0.470703125,-0.843994140625,0.23095703125,2,-2.10546875,-9.8046875,-10.9921875,6.79296875,0.08203125,-3.90234375,2638,18927370,1024.513916015625,24.510000228881836,-93.14704895019531,1327,0,0,0,0.0,0.0,0.0,0,0
18935376,4,4.150781154632568,18934305,0.1441650390625,-0.44708251953125,-0.842529296875,0.2635498046875,2,-2.10546875,-9.8046875,-10.9921875,6.431640625,0.43359375,-4.22265625,2640,18935370,1024.513916015625,24.510000228881836,-93.14704895019531,1328,0,0,0,0.0,0.0,0.0,0,0
18943376,4,4.144335746765137,18942305,0.16046142578125,-0.43505859375,-0.84130859375,0.27777099609375,2,-2.10546875,-9.8046875,-10.9921875,6.171875,0.97265625,-4.435546875,2642,18943370,1024.513916015625,24.510000228881836,-93.14704895019531,1329,0,0,0,0.0,0.0,0.0,0,0
18954376,4,4.1572265625,18953305,0.1793212890625,-0.419921875,-0.83990478515625,0.29327392578125,2,-2.10546875,-9.8046875,-10.9921875,6.1484375,1.265625,-4.458984375,2644,18954370,1024.47998046875,24.510000228881836,-92.8696060180664,1330,0,0,0,0.0,0.0,0.0,0,0
18961376,4,4.144335746765137,18960305,0.20465087890625,-0.3985595703125,-0.838623046875,0.309814453125,2,-2.10546875,-9.8046875,-10.9921875,6.169921875,2.021484375,-4.67578125,2646,18961370,1024.47998046875,24.510000228881836,-92.8696060180664,1331,0,0,0,0.0,0.0,0.0,0,0
18968376,4,4.144335746765137,18967305,0.226318359375,-0.38153076171875,-0.83624267578125,0.32244873046875,2,-2.10546875,-9.8046875,-10.9921875,6.361328125,2.263671875,-4.4140625,2648,18968370,1024.4775390625,24.5,-92.84846496582031,1332,0,0,0,0.0,0.0,0.0,0,0
18974376,4,4.1572265625,18973305,0.24114990234375,-0.37060546875,-0.83343505859375,0.3314208984375,2,-2.10546875,-9.8046875,-10.9921875,6.5546875,2.505859375,-4.00390625,2650,18974370,1024.4775390625,24.5,-92.84846496582031,1333,0,0,0,0.0,0.0,0.0,0,0
18987376,4,4.137890815734863,18986305,0.2586669921875,-0.3587646484375,-0.8292236328125,0.34161376953125,2,-2.10546875,-9.8046875,-10.9921875,6.6796875,2.943359375,-4.029296875,2652,18987370,1024.5048828125,24.510000228881836,-93.07306671142578,1334,0,0,0,0.0,0.0,0.0,0,0
18994322,4,4.144335746765137,18993251,0.2586669921875,-0.3587646484375,-0.8292236328125,0.34161376953125,0,1.33984375,-18.4609375,-14.40234375,6.927734375,4.1171875,-4.56640625,2654,18994316,1024.5048828125,24.510000228881836,-93.07306671142578,1335,0,0,0,0.0,0.0,0.0,0,0
19003322,4,4.150781154632568,19002251,0.32183837890625,-0.32708740234375,-0.8087158203125,0.36798095703125,0,1.33984375,-18.4609375,-14.40234375,6.953125,4.138671875,-4.5390625,2656,19003316,1024.486572265625,24.510000228881836,-92.92245483398438,1336,0,0,0,0.0,0.0,0.0,0,0
19010322,4,4.137890815734863,19009251,0.34893798828125,-0.31085205078125,-0.79901123046875,0.37835693359375,0,1.33984375,-18.4609375,-14.40234375,7.107421875,3.955078125,-4.451171875,2658,19010316,1024.486572265625,24.510000228881836,-92.92245483398438,1337,0,0,0,0.0,0.0,0.0,0,0
19024322,4,4.137890815734863,19023251,0.37298583984375,-0.29534912109375,-0.78948974609375,0.3876953125,0,1.33984375,-18.4609375,-14.40234375,7.38671875,3.6484375,-4.453125,2660,19024316,1024.513427734375,24.520000457763672,-93.1444091796875,1338,0,0,0,0.0,0.0,0.0,0,0
19031322,4,4.144335746765137,19030251,0.42889404296875,-0.255126953125,-0.76300048828125,0.4107666015625,0,1.33984375,-18.4609375,-14.40234375,7.357421875,3.41796875,-4.80078125,2662,19031316,1024.513427734375,24.520000457763672,-93.1444091796875,1339,0,0,0,0.0,0.0,0.0,0,0
19037322,4,4.144335746765137,19036251,0.44732666015625,-0.24017333984375,-0.75299072265625,0.41864013671875,0,1.33984375,-18.4609375,-14.40234375,7.1640625,3.43359375,-4.87890625,2664,19037316,1024.513427734375,24.520000457763672,-93.1444091796875,1340,0,0,0,0.0,0.0,0.0,0,0
19043322,4,4.150781154632568,19042251,0.4678955078125,-0.2222900390625,-0.74139404296875,0.4266357421875,0,1.33984375,-18.4609375,-14.40234375,6.55859375,3.73828125,-4.96875,2666,19043316,1024.4521484375,24.510000228881836,-92.63972473144531,1341,0,0,0,0.0,0.0,0.0,0,0
19058322,4,4.137890815734863,19057251,0.49017333984375,-0.203125,-0.728515625,0.433349609375,0,1.33984375,-18.4609375,-14.40234375,5.8203125,4.21875,-5.396484375,2668,19058316,1024.4521484375,24.510000228881836,-92.63972473144531,1342,0,0,0,0.0,0.0,0.0,0,0
19067322,4,4.150781154632568,19066251,0.54278564453125,-0.15966796875,-0.6959228515625,0.44232177734375,0,1.33984375,-18.4609375,-14.40234375,5.49609375,4.353515625,-5.490234375,2670,19067316,1024.478759765625,24.520000457763672,-92.85903930664062,1343,0,0,0,0.0,0.0,0.0,0,0
19074322,4,4.144335746765137,19073251,0.55841064453125,-0.147216796875,-0.685791015625,0.4429931640625,0,1.33984375,-18.4609375,-14.40234375,4.763671875,4.5703125,-5.474609375,2672,19074316,1024.478759765625,24.520000457763672,-92.85903930664062,1344,0,0,0,0.0,0.0,0.0,0,0
19080322,4,4.150781154632568,19079251,0.5892333984375,-0.12353515625,-0.66522216796875,0.44158935546875,0,1.33984375,-18.4609375,-14.40234375,4.38671875,4.720703125,-5.4296875,2674,19080316,1024.478759765625,24.520000457763672,-92.85903930664062,1345,0,0,0,0.0,0.0,0.0,0,0
19110637,4,4.1572265625,19107305,0.6063232421875,-0.111328125,-0.65338134765625,0.43939208984375,2,1.33984375,-18.4609375,-14.40234375,4.38671875,4.720703125,-5.4296875,2675,19110631,1024.453125,24.510000228881836,-92.64765167236328,1346,0,0,0,0.0,0.0,0.0,0,0
19118376,4,4.144335746765137,19117305,0.69677734375,-0.048828125,-0.58056640625,0.41839599609375,2,1.33984375,-18.4609375,-14.40234375,4.046875,5.119140625,-4.599609375,2677,19118370,1024.453125,24.510000228881836,-92.64765167236328,1347,0,0,0,0.0,0.0,0.0,0,0
19125376,4,4.1572265625,19124305,0.71551513671875,-0.0357666015625,-0.561279296875,0.414306640625,2,1.33984375,-18.4609375,-14.40234375,4.205078125,5.20703125,-4.357421875,2679,19125370,1024.489501953125,24.520000457763672,-92.94623565673828,1348,0,0,0,0.0,0.0,0.0,0,0
19138376,4,4.137890815734863,19137305,0.7318115234375,-0.0245361328125,-0.54266357421875,0.4114990234375,2,1.33984375,-18.4609375,-14.40234375,4.416015625,5.30859375,-4.068359375,2681,19138370,1024.489501953125,24.520000457763672,-92.94623565673828,1349,0,0,0,0.0,0.0,0.0,0,0
19146376,4,4.137890815734863,19145305,0.77001953125,0.003173828125,-0.49298095703125,0.405029296875,2,1.33984375,-18.4609375,-14.40234375,4.57421875,5.5078125,-3.82421875,2683,19146370,1024.511962890625,24.520000457763672,-93.13119506835938,1350,0,0,0,0.0,0.0,0.0,0,0
19153322,4,4.1572265625,19152251,0.77001953125,0.003173828125,-0.49298095703125,0.405029296875,0,4.0625,-8.66015625,-3.33203125,4.6953125,5.697265625,-3.755859375,2685,19153316,1024.511962890625,24.520000457763672,-93.13119506835938,1351,0,0,0,0.0,0.0,0.0,0,0
19160322,4,4.144335746765137,19159251,0.7828369140625,0.0128173828125,-0.47393798828125,0.40301513671875,0,4.0625,-8.66015625,-3.33203125,4.625,5.921875,-3.6796875,2687,19160316,1024.511962890625,24.520000457763672,-93.13119506835938,1352,0,0,0,0.0,0.0,0.0,0,0
19175322,4,4.137890815734863,19174251,0.80279541015625,0.02813720703125,-0.44158935546875,0.39959716796875,0,4.0625,-8.66015625,-3.33203125,4.255859375,6.568359375,-3.513671875,2689,19175316,1024.462158203125,24.520000457763672,-92.72163391113281,1353,0,0,0,0.0,0.0,0.0,0,0
19183322,4,4.150781154632568,19182251,0.83111572265625,0.04718017578125,-0.3902587890625,0.393310546875,0,4.0625,-8.66015625,-3.33203125,4.009765625,6.94140625,-2.9296875,2691,19183316,1024.485107421875,24.520000457763672,-92.91188049316406,1354,0,0,0,0.0,0.0,0.0,0,0
19192322,4,4.137890815734863,19191251,0.84979248046875,0.0576171875,-0.35107421875,0.38885498046875,0,4.0625,-8.66015625,-3.33203125,3.984375,6.9140625,-2.708984375,2693,19192316,1024.485107421875,24.520000457763672,-92.91188049316406,1355,0,0,0,0.0,0.0,0.0,0,0
19198322,4,4.144335746765137,19197251,0.86138916015625,0.06378173828125,-0.32330322265625,0.38653564453125,0,4.0625,-8.66015625,-3.33203125,3.94921875,6.775390625,-2.380859375,2695,19198316,1024.485107421875,24.520000457763672,-92.91188049316406,1356,0,0,0,0.0,0.0,0.0,0,0
19212322,4,4.144335746765137,19211251,0.872314453125,0.06988525390625,-0.29345703125,0.384765625,0,4.0625,-8.66015625,-3.33203125,3.9375,6.6484375,-2.271484375,2697,19212316,1024.486083984375,24.520000457763672,-92.91980743408203,1357,0,0,0,0.0,0.0,0.0,0,0
19218322,4,4.137890815734863,19217251,0.89031982421875,0.08135986328125,-0.2357177734375,0.3809814453125,0,4.0625,-8.66015625,-3.33203125,4.017578125,6.400390625,-2.244140625,2699,19218316,1024.486083984375,24.520000457763672,-92.91980743408203,1358,0,0,0,0.0,0.0,0.0,0,0
19224322,4,4.144335746765137,19223251,0.8917236328125,0.08251953125,-0.2305908203125,0.38067626953125,2,-0.8046875,-4.02734375,0.91796875,4.017578125,6.400390625,-2.244140625,2701,19224316,1024.494140625,24.520000457763672,-92.98587036132812,1359,0,0,0,0.0,0.0,0.0,0,0
19231376,4,4.150781154632568,19230305,0.89947509765625,0.089599609375,-0.19940185546875,0.3782958984375,2,-0.8046875,-4.02734375,0.91796875,4.041015625,6.2578125,-2.21484375,2703,19231370,1024.494140625,24.520000457763672,-92.98587036132812,1360,0,0,0,0.0,0.0,0.0,0,0
19243376,4,4.150781154632568,19242305,0.906005859375,0.0965576171875,-0.16943359375,0.3756103515625,2,-0.8046875,-4.02734375,0.91796875,3.935546875,6.103515625,-2.12109375,2705,19243370,1024.4755859375,24.520000457763672,-92.83261108398438,1361,0,0,0,0.0,0.0,0.0,0,0
19249376,4,4.137890815734863,19248305,0.91357421875,0.1055908203125,-0.1270751953125,0.37158203125,2,-0.8046875,-4.02734375,0.91796875,3.728515625,6.064453125,-1.935546875,2707,19249370,1024.4755859375,24.520000457763672,-92.83261108398438,1362,0,0,0,0.0,0.0,0.0,0,0
19257376,4,4.144335746765137,19256305,0.91754150390625,0.110595703125,-0.0989990234375,0.368896484375,2,-0.8046875,-4.02734375,0.91796875,3.34375,5.951171875,-1.869140625,2709,19257370,1024.4755859375,24.520000457763672,-92.83261108398438,1363,0,0,0,0.0,0.0,0.0,0,0
19270376,4,4.144335746765137,19269305,0.9200439453125,0.113525390625,-0.0789794921875,0.36663818359375,2,-0.8046875,-4.02734375,0.91796875,2.98046875,5.9453125,-1.880859375,2711,19270370,1024.467041015625,24.520000457763672,-92.76390838623047,1364,0,0,0,0.0,0.0,0.0,0,0
19278376,4,4.1572265625,19277305,0.92437744140625,0.11590576171875,-0.03973388671875,0.361328125,2,-0.8046875,-4.02734375,0.91796875,2.212890625,6.046875,-1.97265625,2713,19278370,1024.467041015625,24.520000457763672,-92.76390838623047,1365,0,0,0,0.0,0.0,0.0,0,0
19286376,4,4.150781154632568,19285305,0.927490234375,0.1143798828125,-0.0086669921875,0.35577392578125,2,-0.8046875,-4.02734375,0.91796875,1.787109375,5.958984375,-2.11328125,2715,19286370,1024.502685546875,24.530000686645508,-93.0545654296875,1366,0,0,0,0.0,0.0,0.0,0,0
19296376,4,4.137890815734863,19295305,0.9300537109375,0.11224365234375,0.0223388671875,0.34906005859375,2,-0.8046875,-4.02734375,0.91796875,1.72265625,5.556640625,-2.1640625,2717,19296370,1024.502685546875,24.530000686645508,-93.0545654296875,1367,0,0,0,0.0,0.0,0.0,0,0
19309376,4,4.1572265625,19308305,0.9312744140625,0.111328125,0.0399169921875,0.34466552734375,2,-0.8046875,-4.02734375,0.91796875,1.697265625,5.029296875,-2.099609375,2719,19309370,1024.522705078125,24.530000686645508,-93.22103118896484,1368,0,0,0,0.0,0.0,0.0,0,0
19316376,4,4.144335746765137,19315305,0.93310546875,0.10906982421875,0.086181640625,0.33160400390625,2,-0.8046875,-4.02734375,0.91796875,1.521484375,4.515625,-2.083984375,2721,19316370,1024.522705078125,24.530000686645508,-93.22103118896484,1369,0,0,0,0.0,0.0,0.0,0,0
19323376,4,4.1572265625,19322305,0.93359375,0.10791015625,0.1019287109375,0.326171875,2,-0.8046875,-4.02734375,0.91796875,1.1640625,4.087890625,-2.251953125,2723,19323370,1024.503662109375,24.530000686645508,-93.06249237060547,1370,0,0,0,0.0,0.0,0.0,0,0
19330376,4,4.144335746765137,19329305,0.93426513671875,0.10589599609375,0.1162109375,0.32012939453125,2,-0.8046875,-4.02734375,0.91796875,0.83203125,3.99609375,-2.400390625,2725,19330370,1024.503662109375,24.530000686645508,-93.06249237060547,1371,0,0,0,0.0,0.0,0.0,0,0
19343376,4,4.144335746765137,19342305,0.935302734375,0.101806640625,0.132568359375,0.31182861328125,2,-0.8046875,-4.02734375,0.91796875,0.421875,3.701171875,-2.556640625,2727,19343370,1024.486572265625,24.520000457763672,-92.92245483398438,1372,0,0,0,0.0,0.0,0.0,0,0
19349322,4,4.1572265625,19348251,0.935302734375,0.101806640625,0.132568359375,0.31182861328125,0,-3.984375,0.8046875,4.171875,0.05859375,3.451171875,-2.61328125,2729,19349316,1024.486572265625,24.520000457763672,-92.92245483398438,1373,0,0,0,0.0,0.0,0.0,0,0
19359322,4,4.150781154632568,19358251,0.93701171875,0.093017578125,0.15948486328125,0.2965087890625,0,-3.984375,0.8046875,4.171875,-0.314453125,3.37109375,-2.5703125,2731,19359316,1024.4853515625,24.520000457763672,-92.91188049316406,1374,0,0,0,0.0,0.0,0.0,0,0
19367322,4,4.144335746765137,19366251,0.93768310546875,0.087890625,0.170166015625,0.28985595703125,0,-3.984375,0.8046875,4.171875,-0.5859375,3.396484375,-2.443359375,2733,19367316,1024.4853515625,24.520000457763672,-92.91188049316406,1375,0,0,0,0.0,0.0,0.0,0,0
19381322,4,4.137890815734863,19380251,0.9384765625,0.0782470703125,0.18701171875,0.27960205078125,0,-3.984375,0.8046875,4.171875,-0.595703125,3.396484375,-2.30078125,2735,19381316,1024.51611328125,24.530000686645508,-93.16554260253906,1376,0,0,0,0.0,0.0,0.0,0,0
19387322,4,4.144335746765137,19386251,0.93853759765625,0.0634765625,0.21112060546875,0.26568603515625,0,-3.984375,0.8046875,4.171875,-0.591796875,3.357421875,-2.255859375,2737,19387316,1024.51611328125,24.530000686645508,-93.16554260253906,1377,0,0,0,0.0,0.0,0.0,0,0
19393322,4,4.1572265625,19392251,0.9383544921875,0.06024169921875,0.21630859375,0.2626953125,0,-3.984375,0.8046875,4.171875,-0.490234375,3.15625,-2.060546875,2739,19393316,1024.51611328125,24.530000686645508,-93.16554260253906,1378,0,0,0,0.0,0.0,0.0,0,0
19408322,4,4.144335746765137,19407251,0.937744140625,0.0518798828125,0.2301025390625,0.2548828125,0,-3.984375,0.8046875,4.171875,-0.2109375,3.013671875,-1.88671875,2741,19408316,1024.505615234375,24.530000686645508,-93.0783462524414,1379,0,0,0,0.0,0.0,0.0,0,0
19413322,4,4.137890815734863,19412251,0.9361572265625,0.0406494140625,0.2503662109375,0.24346923828125,0,-3.984375,0.8046875,4.171875,-0.044921875,2.9375,-1.818359375,2743,19413316,1024.505615234375,24.530000686645508,-93.0783462524414,1380,0,0,0,0.0,0.0,0.0,0,0
19423322,4,4.131445407867432,19422251,0.93572998046875,0.0386962890625,0.25445556640625,0.24114990234375,0,-3.984375,0.8046875,4.171875,0.12890625,2.798828125,-1.765625,2745,19423316,1024.51171875,24.530000686645508,-93.13119506835938,1381,0,0,0,0.0,0.0,0.0,0,0
19429322,4,4.137890815734863,19428251,0.934814453125,0.03558349609375,0.26251220703125,0.236572265625,0,-3.984375,0.8046875,4.171875,-0.029296875,2.615234375,-1.947265625,2747,19429316,1024.51171875,24.530000686645508,-93.13119506835938,1382,0,0,0,0.0,0.0,0.0,0,0
19443322,4,4.163671970367432,19442251,0.932861328125,0.0291748046875,0.2783203125,0.22686767578125,0,-3.984375,0.8046875,4.171875,-0.197265625,2.408203125,-2.275390625,2749,19443316,1024.4931640625,24.530000686645508,-92.97794342041016,1383,0,0,0,0.0,0.0,0.0,0,0
19449322,4,4.144335746765137,19448251,0.9307861328125,0.01953125,0.296630859375,0.212646484375,0,-3.984375,0.8046875,4.171875,-0.220703125,2.27734375,-2.43359375,2751,19449316,1024.4931640625,24.530000686645508,-92.97794342041016,1384,0,0,0,0.0,0.0,0.0,0,0
19456322,4,4.131445407867432,19455251,0.93060302734375,0.0181884765625,0.29876708984375,0.21063232421875,0,-3.984375,0.8046875,4.171875,-0.142578125,1.974609375,-2.744140625,2753,19456316,1024.4931640625,24.530000686645508,-92.97794342041016,1385,0,0,0,0.0,0.0,0.0,0,0
19463322,4,4.131445407867432,19462251,0.93023681640625,0.013427734375,0.3055419921875,0.20269775390625,0,-3.984375,0.8046875,4.171875,-0.021484375,1.296875,-2.91015625,2755,19463316,1024.5048828125,24.530000686645508,-93.07306671142578,1386,0,0,0,0.0,0.0,0.0,0,0
19477322,4,4.144335746765137,19476251,0.93035888671875,0.00640869140625,0.314453125,0.18841552734375,2,-8.04296875,1.609375,7.46875,-0.021484375,1.296875,-2.91015625,2757,19477316,1024.470947265625,24.530000686645508,-92.79561614990234,1387,0,0,0,0.0,0.0,0.0,0,0
19482376,4,4.150781154632568,19481305,0.93170166015625,0.000732421875,0.31927490234375,0.1732177734375,2,-8.04296875,1.609375,7.46875,0.154296875,0.421875,-2.30859375,2759,19482370,1024.470947265625,24.530000686645508,-92.79561614990234,1388,0,0,0,0.0,0.0,0.0,0,0
19490376,4,4.1572265625,19489305,0.93218994140625,-0.00213623046875,0.321533203125,0.16632080078125,2,-8.04296875,1.609375,7.46875,-0.07421875,0.69140625,-2.349609375,2761,19490370,1024.470947265625,24.530000686645508,-92.79561614990234,1389,0,0,0,0.0,0.0,0.0,0,0
19497376,4,4.137890815734863,19496305,0.932861328125,-0.007568359375,0.32537841796875,0.1544189453125,2,-8.04296875,1.609375,7.46875,-0.224609375,0.876953125,-2.423828125,2763,19497370,1024.5107421875,24.540000915527344,-93.1232681274414,1390,0,0,0,0.0,0.0,0.0,0,0
19508376,4,4.144335746765137,19507305,0.93310546875,-0.01116943359375,0.32769775390625,0.14764404296875,2,-8.04296875,1.609375,7.46875,-0.384765625,0.89453125,-2.33203125,2765,19508370,1024.5107421875,24.540000915527344,-93.1232681274414,1391,0,0,0,0.0,0.0,0.0,0,0
19516376,4,4.137890815734863,19515305,0.9326171875,-0.02392578125,0.334228515625,0.13397216796875,2,-8.04296875,1.609375,7.46875,-1.078125,1.12890625,-1.951171875,2767,19516370,1024.489501953125,24.540000915527344,-92.94623565673828,1392,0,0,0,0.0,0.0,0.0,0,0
19523376,4,4.1572265625,19522305,0.932373046875,-0.029296875,0.33624267578125,0.12969970703125,2,-8.04296875,1.609375,7.46875,-1.267578125,1.22265625,-1.8125,2769,19523370,1024.489501953125,24.540000915527344,-92.94623565673828,1393,0,0,0,0.0,0.0,0.0,0,0
19536376,4,4.137890815734863,19535305,0.93194580078125,-0.03436279296875,0.338134765625,0.126220703125,2,-8.04296875,1.609375,7.46875,-1.41015625,1.275390625,-1.681640625,2771,19536370,1024.50927734375,24.540000915527344,-93.11005401611328,1394,0,0,0,0.0,0.0,0.0,0,0
19545376,4,4.150781154632568,19544305,0.92999267578125,-0.05035400390625,0.34356689453125,0.1207275390625,2,-8.04296875,1.609375,7.46875,-1.84375,0.96484375,-1.1328125,2773,19545370,1024.50927734375,24.549999237060547,-93.11005401611328,1395,0,0,0,0.0,0.0,0.0,0,0
19552376,4,4.144335746765137,19551305,0.9288330078125,-0.06195068359375,0.34539794921875,0.11907958984375,2,-8.04296875,1.609375,7.46875,-2.193359375,0.5234375,-0.888671875,2775,19552370,1024.50927734375,24.549999237060547,-93.11005401611328,1396,0,0,0,0.0,0.0,0.0,0,0
19559376,4,4.144335746765137,19558305,0.9283447265625,-0.06817626953125,0.34564208984375,0.11865234375,2,-8.04296875,1.609375,7.46875,-2.39453125,0.21484375,-0.8203125,2777,19559370,1024.519775390625,24.549999237060547,-93.19461059570312,1397,0,0,0,0.0,0.0,0.0,0,0
19572376,4,4.137890815734863,19571305,0.9281005859375,-0.08135986328125,0.34332275390625,0.11883544921875,2,-8.04296875,1.609375,7.46875,-2.689453125,-0.451171875,-0.8515625,2779,19572370,1024.519775390625,24.549999237060547,-93.19461059570312,1398,0,0,0,0.0,0.0,0.0,0,0
19580376,4,4.137890815734863,19579305,0.92852783203125,-0.09466552734375,0.3387451171875,0.11895751953125,2,-8.04296875,1.609375,7.46875,-2.619140625,-0.93359375,-1.171875,2781,19580370,1024.467041015625,24.530000686645508,-92.76390838623047,1399,0,0,0,0.0,0.0,0.0,0,0
19587322,4,4.150781154632568,19586251,0.92852783203125,-0.09466552734375,0.3387451171875,0.11895751953125,0,-7.203125,-7.31640625,11.49609375,-2.359375,-1.388671875,-1.572265625,2783,19587316,1024.467041015625,24.530000686645508,-92.76390838623047,1400,0,0,0,0.0,0.0,0.0,0,0
19595322,4,4.1572265625,19594251,0.92999267578125,-0.10906982421875,0.33087158203125,0.11712646484375,0,-7.203125,-7.31640625,11.49609375,-2.205078125,-1.611328125,-1.80859375,2785,19595316,1024.4873046875,24.530000686645508,-92.93038177490234,1401,0,0,0,0.0,0.0,0.0,0,0
19610322,4,4.150781154632568,19609251,0.93145751953125,-0.11749267578125,0.32470703125,0.11492919921875,0,-7.203125,-7.31640625,11.49609375,-2.115234375,-2.009765625,-2.630859375,2787,19610316,1024.4873046875,24.540000915527344,-92.93038177490234,1402,0,0,0,0.0,0.0,0.0,0,0
19618322,4,4.137890815734863,19617251,0.93646240234375,-0.13897705078125,0.3048095703125,0.1041259765625,0,-7.203125,-7.31640625,11.49609375,-2.501953125,-2.158203125,-3.380859375,2789,19618316,1024.4775390625,24.540000915527344,-92.84846496582031,1403,0,0,0,0.0,0.0,0.0,0,0
19629322,4,4.137890815734863,19628251,0.93927001953125,-0.15228271484375,0.29248046875,0.0953369140625,0,-7.203125,-7.31640625,11.49609375,-2.572265625,-2.373046875,-3.4921875,2791,19629316,1024.4775390625,24.540000915527344,-92.84846496582031,1404,0,0,0,0.0,0.0,0.0,0,0
19637322,4,4.144335746765137,19636251,0.94085693359375,-0.16168212890625,0.2840576171875,0.08917236328125,0,-7.203125,-7.31640625,11.49609375,-2.759765625,-2.55859375,-3.6484375,2793,19637316,1024.463134765625,24.530000686645508,-92.7322006225586,1405,0,0,0,0.0,0.0,0.0,0,0
19652322,4,4.150781154632568,19651251,0.94403076171875,-0.181640625,0.26470947265625,0.07562255859375,0,-7.203125,-7.31640625,11.49609375,-3.0859375,-2.4453125,-3.634765625,2795,19652316,1024.463134765625,24.530000686645508,-92.7322006225586,1406,0,0,0,0.0,0.0,0.0,0,0
19659322,4,4.137890815734863,19658251,0.94635009765625,-0.20709228515625,0.24078369140625,0.05926513671875,2,-7.39453125,-0.3828125,12.60546875,-3.0859375,-2.4453125,-3.634765625,2797,19659316,1024.500244140625,24.540000915527344,-93.03607177734375,1407,0,0,0,0.0,0.0,0.0,0,0
19664376,4,4.144335746765137,19663305,0.94677734375,-0.2247314453125,0.22528076171875,0.04852294921875,2,-7.39453125,-0.3828125,12.60546875,-3.6171875,-2.1640625,-3.93359375,2799,19664370,1024.500244140625,24.540000915527344,-93.03607177734375,1408,0,0,0,0.0,0.0,0.0,0,0
19674376,4,4.144335746765137,19673305,0.94525146484375,-0.2479248046875,0.20941162109375,0.0352783203125,2,-7.39453125,-0.3828125,12.60546875,-4.474609375,-2.263671875,-4.630859375,2801,19674370,1024.510498046875,24.540000915527344,-93.1206283569336,1409,0,0,0,0.0,0.0,0.0,0,0
19687376,4,4.144335746765137,19686305,0.9432373046875,-0.26678466796875,0.1962890625,0.0252685546875,2,-7.39453125,-0.3828125,12.60546875,-5.02734375,-2.740234375,-4.796875,2803,19687370,1024.510498046875,24.540000915527344,-93.1206283569336,1410,0,0,0,0.0,0.0,0.0,0,0
19695376,4,4.137890815734863,19694305,0.93572998046875,-0.31304931640625,0.16241455078125,0.00531005859375,2,-7.39453125,-0.3828125,12.60546875,-6.90625,-4.015625,-5.740234375,2805,19695370,1024.5009765625,24.540000915527344,-93.0413589477539,1411,0,0,0,0.0,0.0,0.0,0,0
19702376,4,4.131445407867432,19701305,0.928955078125,-0.34326171875,0.138671875,-0.00634765625,2,-7.39453125,-0.3828125,12.60546875,-8.12890625,-5.029296875,-6.53515625,2807,19702370,1024.5009765625,24.540000915527344,-93.0413589477539,1412,0,0,0,0.0,0.0,0.0,0,0
19715376,4,4.144335746765137,19714305,0.9212646484375,-0.37091064453125,0.11578369140625,-0.0167236328125,2,-7.39453125,-0.3828125,12.60546875,-8.66015625,-5.6484375,-6.8671875,2809,19715370,1024.505126953125,24.540000915527344,-93.0757064819336,1413,0,0,0,0.0,0.0,0.0,0,0
19722376,4,4.144335746765137,19721305,0.89434814453125,-0.4423828125,0.0509033203125,-0.04229736328125,2,-7.39453125,-0.3828125,12.60546875,-9.57421875,-6.73828125,-7.435546875,2811,19722370,1024.505126953125,24.540000915527344,-93.0757064819336,1414,0,0,0,0.0,0.0,0.0,0,0
19728376,4,4.144335746765137,19727305,0.8809814453125,-0.4697265625,0.02386474609375,-0.05145263671875,2,-7.39453125,-0.3828125,12.60546875,-10.07421875,-7.513671875,-7.701171875,2813,19728370,1024.505126953125,24.540000915527344,-93.0757064819336,1415,0,0,0,0.0,0.0,0.0,0,0
19735376,4,4.144335746765137,19734305,0.87103271484375,-0.48785400390625,0.00457763671875,-0.0567626953125,2,-7.39453125,-0.3828125,12.60546875,-10.2734375,-7.939453125,-7.728515625,2815,19735370,1024.467529296875,24.530000686645508,-92.76655578613281,1416,0,0,0,0.0,0.0,0.0,0,0
19747376,4,4.137890815734863,19746305,0.845703125,-0.5279541015625,-0.0391845703125,-0.067626953125,2,-7.39453125,-0.3828125,12.60546875,-10.548828125,-8.2890625,-7.35546875,2817,19747370,1024.467529296875,24.530000686645508,-92.76655578613281,1417,0,0,0,0.0,0.0,0.0,0,0
19754376,4,4.1572265625,19753305,0.808349609375,-0.57586669921875,-0.0936279296875,-0.07879638671875,2,-7.39453125,-0.3828125,12.60546875,-10.55859375,-8.501953125,-6.78515625,2819,19754370,1024.484619140625,24.530000686645508,-92.90660095214844,1418,0,0,0,0.0,0.0,0.0,0,0
19761376,4,4.144335746765137,19760305,0.7784423828125,-0.6077880859375,-0.132080078125,-0.08441162109375,2,-7.39453125,-0.3828125,12.60546875,-10.220703125,-8.486328125,-6.572265625,2821,19761370,1024.484619140625,24.530000686645508,-92.90660095214844,1419,0,0,0,0.0,0.0,0.0,0,0
19768376,4,4.150781154632568,19767305,0.75732421875,-0.62750244140625,-0.15789794921875,-0.088134765625,2,-7.39453125,-0.3828125,12.60546875,-9.357421875,-7.671875,-6.2890625,2823,19768370,1024.484619140625,24.530000686645508,-92.90660095214844,1420,0,0,0,0.0,0.0,0.0,0,0
19779376,4,4.131445407867432,19778305,0.712890625,-0.6632080078125,-0.20648193359375,-0.09649658203125,2,-7.39453125,-0.3828125,12.60546875,-8.650390625,-6.7734375,-5.9453125,2825,19779370,1024.4873046875,24.530000686645508,-92.93038177490234,1421,0,0,0,0.0,0.0,0.0,0,0
19785322,4,4.137890815734863,19784251,0.712890625,-0.6632080078125,-0.20648193359375,-0.09649658203125,0,12.984375,-18.65625,4.90234375,-8.259765625,-6.353515625,-5.84765625,2827,19785316,1024.4873046875,24.530000686645508,-92.93038177490234,1422,0,0,0,0.0,0.0,0.0,0,0
19793322,4,4.150781154632568,19792251,0.68359375,-0.68328857421875,-0.23504638671875,-0.10272216796875,0,12.984375,-18.65625,4.90234375,-7.50390625,-5.080078125,-5.87109375,2829,19793316,1024.448486328125,24.520000457763672,-92.61065673828125,1423,0,0,0,0.0,0.0,0.0,0,0
19800322,4,4.1572265625,19799251,0.6336669921875,-0.71148681640625,-0.2811279296875,-0.1151123046875,0,12.984375,-18.65625,4.90234375,-7.41796875,-4.576171875,-5.96875,2831,19800316,1024.448486328125,24.520000457763672,-92.61065673828125,1424,0,0,0,0.0,0.0,0.0,0,0
19815322,4,4.137890815734863,19814251,0.6146240234375,-0.720458984375,-0.29742431640625,-0.12115478515625,0,12.984375,-18.65625,4.90234375,-7.322265625,-3.6171875,-6.126953125,2833,19815316,1024.480712890625,24.530000686645508,-92.87489318847656,1425,0,0,0,0.0,0.0,0.0,0,0
19823322,4,4.137890815734863,19822251,0.5623779296875,-0.740966796875,-0.3385009765625,-0.141845703125,0,12.984375,-18.65625,4.90234375,-7.9609375,-2.35546875,-6.3125,2835,19823316,1024.480712890625,24.530000686645508,-92.87489318847656,1426,0,0,0,0.0,0.0,0.0,0,0
19831322,4,4.1572265625,19830251,0.5201416015625,-0.75396728515625,-0.3665771484375,-0.1629638671875,0,12.984375,-18.65625,4.90234375,-8.171875,-2.046875,-6.369140625,2837,19831316,1024.480712890625,24.530000686645508,-92.87489318847656,1427,0,0,0,0.0,0.0,0.0,0,0
19846322,4,4.144335746765137,19845251,0.498779296875,-0.7596435546875,-0.3787841796875,-0.1751708984375,0,12.984375,-18.65625,4.90234375,-8.248046875,-1.689453125,-6.419921875,2839,19846316,1024.453857421875,24.530000686645508,-92.65557861328125,1428,0,0,0,0.0,0.0,0.0,0,0
19854322,4,4.144335746765137,19853251,0.437255859375,-0.77215576171875,-0.40985107421875,-0.211181640625,0,12.984375,-18.65625,4.90234375,-7.53125,-1.412109375,-6.44140625,2841,19854316,1024.4736328125,24.520000457763672,-92.81675720214844,1429,0,0,0,0.0,0.0,0.0,0,0
19860322,4,4.137890815734863,19859251,0.40570068359375,-0.7760009765625,-0.4248046875,-0.229736328125,0,12.984375,-18.65625,4.90234375,-7.046875,-1.298828125,-6.41015625,2843,19860316,1024.4736328125,24.520000457763672,-92.81675720214844,1430,0,0,0,0.0,0.0,0.0,0,0
19868322,4,4.137890815734863,19867251,0.3846435546875,-0.77740478515625,-0.434814453125,-0.2420654296875,0,12.984375,-18.65625,4.90234375,-6.42578125,-1.181640625,-6.333984375,2845,19868316,1024.4736328125,24.520000457763672,-92.81675720214844,1431,0,0,0,0.0,0.0,0.0,0,0
19882322,4,4.163671970367432,19881251,0.35760498046875,-0.7777099609375,-0.447998046875,-0.25787353515625,0,12.984375,-18.65625,4.90234375,-4.919921875,-0.810546875,-6.037109375,2847,19882316,1024.49072265625,24.530000686645508,-92.95680236816406,1432,0,0,0,0.0,0.0,0.0,0,0
19887322,4,4.144335746765137,19886251,0.3057861328125,-0.7716064453125,-0.47711181640625,-0.28900146484375,2,11.11328125,-9.1171875,-4.2890625,-4.919921875,-0.810546875,-6.037109375,2849,19887316,1024.49072265625,24.530000686645508,-92.95680236816406,1433,0,0,0,0.0,0.0,0.0,0,0
19892376,4,4.144335746765137,19891305,0.29815673828125,-0.76885986328125,-0.48345947265625,-0.29364013671875,2,11.11328125,-9.1171875,-4.2890625,-4.265625,-0.55859375,-5.84375,2851,19892370,1024.489990234375,24.520000457763672,-92.9515151977539,1434,0,0,0,0.0,0.0,0.0,0,0
19902376,4,4.137890815734863,19901305,0.28216552734375,-0.7603759765625,-0.49908447265625,-0.30511474609375,2,11.11328125,-9.1171875,-4.2890625,-3.103515625,0.275390625,-5.529296875,2853,19902370,1024.489990234375,24.520000457763672,-92.9515151977539,1435,0,0,0,0.0,0.0,0.0,0,0
19915376,4,4.1572265625,19914305,0.25994873046875,-0.7471923828125,-0.51922607421875,-0.3233642578125,2,11.11328125,-9.1171875,-4.2890625,-2.791015625,0.732421875,-5.505859375,2855,19915370,1024.4951171875,24.530000686645508,-92.9937973022461,1436,0,0,0,0.0,0.0,0.0,0,0
19923376,4,4.1572265625,19922305,0.2314453125,-0.72491455078125,-0.5443115234375,-0.3531494140625,2,11.11328125,-9.1171875,-4.2890625,-2.412109375,1.255859375,-4.9765625,2857,19923370,1024.4951171875,24.530000686645508,-92.9937973022461,1437,0,0,0,0.0,0.0,0.0,0,0
19929376,4,4.144335746765137,19928305,0.2244873046875,-0.71832275390625,-0.55023193359375,-0.36175537109375,2,11.11328125,-9.1171875,-4.2890625,-2.4375,1.45703125,-4.837890625,2859,19929370,1024.4951171875,24.530000686645508,-92.9937973022461,1438,0,0,0,0.0,0.0,0.0,0,0
19937376,4,4.137890815734863,19936305,0.212646484375,-0.705810546875,-0.55999755859375,-0.37823486328125,2,11.11328125,-9.1171875,-4.2890625,-2.4609375,1.876953125,-4.763671875,2861,19937370,1024.470947265625,24.530000686645508,-92.79561614990234,1439,0,0,0,0.0,0.0,0.0,0,0
19950376,4,4.1572265625,19949305,0.2066650390625,-0.69854736328125,-0.56494140625,-0.3875732421875,2,11.11328125,-9.1171875,-4.2890625,-2.392578125,2.08984375,-4.77734375,2863,19950370,1024.470947265625,24.530000686645508,-92.79561614990234,1440,0,0,0,0.0,0.0,0.0,0,0
19958376,4,4.144335746765137,19957305,0.190673828125,-0.6734619140625,-0.579833984375,-0.4169921875,2,11.11328125,-9.1171875,-4.2890625,-1.5078125,2.587890625,-4.9296875,2865,19958370,1024.484619140625,24.530000686645508,-92.90660095214844,1441,0,0,0,0.0,0.0,0.0,0,0
19967376,4,4.144335746765137,19966305,0.18609619140625,-0.66461181640625,-0.58489990234375,-0.426025390625,2,11.11328125,-9.1171875,-4.2890625,-1.107421875,2.697265625,-4.93359375,2867,19967370,1024.484619140625,24.530000686645508,-92.90660095214844,1442,0,0,0,0.0,0.0,0.0,0,0
19979376,4,4.163671970367432,19978305,0.17962646484375,-0.64508056640625,-0.596435546875,-0.44256591796875,2,11.11328125,-9.1171875,-4.2890625,-0.365234375,2.765625,-4.794921875,2869,19979370,1024.4736328125,24.530000686645508,-92.81675720214844,1443,0,0,0,0.0,0.0,0.0,0,0
19987376,4,4.137890815734863,19986305,0.1768798828125,-0.62066650390625,-0.61181640625,-0.45733642578125,2,11.11328125,-9.1171875,-4.2890625,0.453125,2.3125,-4.427734375,2871,19987370,1024.4736328125,24.530000686645508,-92.81675720214844,1444,0,0,0,0.0,0.0,0.0,0,0
19994376,4,4.150781154632568,19993305,0.1759033203125,-0.609619140625,-0.61907958984375,-0.4627685546875,2,11.11328125,-9.1171875,-4.2890625,0.697265625,2.076171875,-4.3046875,2873,19994370,1024.44384765625,24.520000457763672,-92.57366180419922,1445,0,0,0,0.0,0.0,0.0,0,0
20002376,4,4.163671970367432,20001305,0.1744384765625,-0.58966064453125,-0.633056640625,-0.47015380859375,2,11.11328125,-9.1171875,-4.2890625,1.04296875,1.63671875,-4.005859375,2875,20002370,1024.44384765625,24.520000457763672,-92.57366180419922,1446,0,0,0,0.0,0.0,0.0,0,0
20015376,4,4.1572265625,20014305,0.17388916015625,-0.58123779296875,-0.639404296875,-0.47235107421875,2,11.11328125,-9.1171875,-4.2890625,1.173828125,1.400390625,-3.8515625,2877,20015370,1024.45361328125,24.520000457763672,-92.6529312133789,1447,0,0,0,0.0,0.0,0.0,0,0
20022322,4,4.137890815734863,20021251,0.17388916015625,-0.58123779296875,-0.639404296875,-0.47235107421875,0,0.0,0.19140625,1.609375,1.44921875,0.87890625,-3.490234375,2879,20022316,1024.45361328125,24.520000457763672,-92.6529312133789,1448,0,0,0,0.0,0.0,0.0,0,0
20029322,4,4.137890815734863,20028251,0.1705322265625,-0.55767822265625,-0.65771484375,-0.47674560546875,0,0.0,0.19140625,1.609375,2.056640625,0.05078125,-2.7890625,2881,20029316,1024.45361328125,24.520000457763672,-92.6529312133789,1449,0,0,0,0.0,0.0,0.0,0,0
20035322,4,4.144335746765137,20034251,0.1695556640625,-0.5462646484375,-0.66912841796875,-0.4744873046875,0,0.0,0.19140625,1.609375,2.3359375,-0.248046875,-2.609375,2883,20035316,1024.506591796875,24.540000915527344,-93.08627319335938,1450,0,0,0,0.0,0.0,0.0,0,0
20048322,4,4.150781154632568,20047251,0.16912841796875,-0.5406494140625,-0.67529296875,-0.4722900390625,0,0.0,0.19140625,1.609375,2.7890625,-0.826171875,-2.345703125,2885,20048316,1024.506591796875,24.540000915527344,-93.08627319335938,1451,0,0,0,0.0,0.0,0.0,0,0
20054322,4,4.137890815734863,20053251,0.16802978515625,-0.52728271484375,-0.694091796875,-0.46038818359375,0,0.0,0.19140625,1.609375,3.052734375,-1.123046875,-2.232421875,2887,20054316,1024.470703125,24.530000686645508,-92.79297637939453,1452,0,0,0,0.0,0.0,0.0,0,0
20061322,4,4.131445407867432,20060251,0.16778564453125,-0.5260009765625,-0.69708251953125,-0.45745849609375,0,0.0,0.19140625,1.609375,3.51171875,-1.60546875,-1.923828125,2889,20061316,1024.470703125,24.530000686645508,-92.79297637939453,1453,0,0,0,0.0,0.0,0.0,0,0
20069322,4,4.150781154632568,20068251,0.167236328125,-0.52154541015625,-0.705810546875,-0.44927978515625,0,0.0,0.19140625,1.609375,4.001953125,-1.9765625,-1.599609375,2891,20069316,1024.45849609375,24.530000686645508,-92.69256591796875,1454,0,0,0,0.0,0.0,0.0,0,0
20084322,4,4.150781154632568,20083251,0.1663818359375,-0.514404296875,-0.72320556640625,-0.42974853515625,0,0.0,0.19140625,1.609375,4.48046875,-2.265625,-1.48046875,2893,20084316,1024.45849609375,24.520000457763672,-92.69256591796875,1455,0,0,0,0.0,0.0,0.0,0,0
20091322,4,4.144335746765137,20090251,0.1641845703125,-0.5113525390625,-0.7421875,-0.40087890625,0,0.0,0.19140625,1.609375,4.669921875,-2.37890625,-1.513671875,2895,20091316,1024.482177734375,24.530000686645508,-92.88809967041016,1456,0,0,0,0.0,0.0,0.0,0,0
20099322,4,4.144335746765137,20098251,0.164794921875,-0.50946044921875,-0.74639892578125,-0.395263671875,0,0.0,0.19140625,1.609375,4.9921875,-2.486328125,-1.7109375,2897,20099316,1024.482177734375,24.530000686645508,-92.88809967041016,1457,0,0,0,0.0,0.0,0.0,0,0
20110322,4,4.137890815734863,20109251,0.16448974609375,-0.5029296875,-0.765380859375,-0.3663330078125,0,0.0,0.19140625,1.609375,5.1015625,-2.349609375,-1.73828125,2899,20110316,1024.482666015625,24.530000686645508,-92.8907470703125,1458,0,0,0,0.0,0.0,0.0,0,0
20117322,4,4.1572265625,20116251,0.1646728515625,-0.49591064453125,-0.78173828125,-0.34039306640625,0,0.0,0.19140625,1.609375,5.15625,-2.23046875,-1.740234375,2901,20117316,1024.482666015625,24.530000686645508,-92.8907470703125,1459,0,0,0,0.0,0.0,0.0,0,0
20123322,4,4.163671970367432,20122251,0.1650390625,-0.491943359375,-0.78985595703125,-0.32696533203125,0,0.0,0.19140625,1.609375,5.24609375,-2.03515625,-1.689453125,2903,20123316,1024.482666015625,24.530000686645508,-92.8907470703125,1460,0,0,0,0.0,0.0,0.0,0,0
20129322,4,4.144335746765137,20128251,0.1661376953125,-0.48638916015625,-0.800048828125,-0.3094482421875,0,0.0,0.19140625,1.609375,5.240234375,-1.755859375,-1.607421875,2905,20129316,1024.4775390625,24.530000686645508,-92.84846496582031,1461,0,0,0,0.0,0.0,0.0,0,0
20143322,4,4.137890815734863,20142251,0.16754150390625,-0.48370361328125,-0.8043212890625,-0.3017578125,2,3.2578125,-0.765625,-8.39453125,5.240234375,-1.755859375,-1.607421875,2907,20143316,1024.4775390625,24.530000686645508,-92.84846496582031,1462,0,0,0,0.0,0.0,0.0,0,0
20148376,4,4.150781154632568,20147305,0.17645263671875,-0.47113037109375,-0.82293701171875,-0.263916015625,2,3.2578125,-0.765625,-8.39453125,5.556640625,-0.94921875,-1.033203125,2909,20148370,1024.476806640625,24.530000686645508,-92.84317779541016,1463,0,0,0,0.0,0.0,0.0,0,0
20157376,4,4.150781154632568,20156305,0.1812744140625,-0.4674072265625,-0.82769775390625,-0.2520751953125,2,3.2578125,-0.765625,-8.39453125,5.7734375,-0.373046875,-0.599609375,2911,20157370,1024.476806640625,24.530000686645508,-92.84317779541016,1464,0,0,0,0.0,0.0,0.0,0,0
20164376,4,4.150781154632568,20163305,0.1947021484375,-0.458984375,-0.837646484375,-0.22314453125,2,3.2578125,-0.765625,-8.39453125,5.80078125,-0.177734375,-0.232421875,2913,20164370,1024.476806640625,24.530000686645508,-92.84317779541016,1465,0,0,0,0.0,0.0,0.0,0,0
20177376,4,4.144335746765137,20176305,0.20843505859375,-0.4520263671875,-0.84490966796875,-0.19586181640625,2,3.2578125,-0.765625,-8.39453125,5.548828125,-0.078125,-0.001953125,2915,20177370,1024.498291015625,24.530000686645508,-93.02021789550781,1466,0,0,0,0.0,0.0,0.0,0,0
20184376,4,4.150781154632568,20183305,0.2200927734375,-0.44647216796875,-0.849853515625,-0.1729736328125,2,3.2578125,-0.765625,-8.39453125,5.123046875,-0.162109375,0.052734375,2917,20184370,1024.498291015625,24.530000686645508,-93.02021789550781,1467,0,0,0,0.0,0.0,0.0,0,0
20190376,4,4.137890815734863,20189305,0.229736328125,-0.44110107421875,-0.85418701171875,-0.1514892578125,2,3.2578125,-0.765625,-8.39453125,4.591796875,-0.412109375,-0.126953125,2919,20190370,1024.495849609375,24.530000686645508,-92.99907684326172,1468,0,0,0,0.0,0.0,0.0,0,0
20203376,4,4.163671970367432,20202305,0.2349853515625,-0.43707275390625,-0.85791015625,-0.13323974609375,2,3.2578125,-0.765625,-8.39453125,4.193359375,-1.07421875,-0.51953125,2921,20203370,1024.495849609375,24.530000686645508,-92.99907684326172,1469,0,0,0,0.0,0.0,0.0,0,0
20216376,4,4.150781154632568,20215305,0.23736572265625,-0.43414306640625,-0.8604736328125,-0.12164306640625,2,3.2578125,-0.765625,-8.39453125,4.142578125,-1.4765625,-0.6484375,2923,20216370,1024.49169921875,24.530000686645508,-92.96472930908203,1470,0,0,0,0.0,0.0,0.0,0,0
20223376,4,4.150781154632568,20222305,0.239990234375,-0.42352294921875,-0.86895751953125,-0.08880615234375,2,3.2578125,-0.765625,-8.39453125,4.154296875,-1.91796875,-0.67578125,2925,20223370,1024.49169921875,24.530000686645508,-92.96472930908203,1471,0,0,0,0.0,0.0,0.0,0,0
20230376,4,4.137890815734863,20229305,0.242919921875,-0.42230224609375,-0.869384765625,-0.082763671875,2,3.2578125,-0.765625,-8.39453125,2.109375,0.255859375,0.26953125,2927,20230370,1024.46435546875,24.520000457763672,-92.74012756347656,1472,0,0,0,0.0,0.0,0.0,0,0
20238376,4,4.150781154632568,20237305,0.251220703125,-0.4217529296875,-0.86700439453125,-0.08526611328125,2,3.2578125,-0.765625,-8.39453125,0.052734375,3.501953125,0.19921875,2929,20238370,1024.46435546875,24.520000457763672,-92.74012756347656,1473,0,0,0,0.0,0.0,0.0,0,0
20253322,4,4.150781154632568,20252251,0.251220703125,-0.4217529296875,-0.86700439453125,-0.08526611328125,0,1.6484375,4.51953125,-13.7890625,-0.12890625,4.236328125,0.7734375,2931,20253316,1024.4404296875,24.520000457763672,-92.54460144042969,1474,0,0,0,0.0,0.0,0.0,0,0
20263322,4,4.137890815734863,20262251,0.2589111328125,-0.42279052734375,-0.864013671875,-0.08770751953125,0,1.6484375,4.51953125,-13.7890625,0.673828125,5.140625,0.92578125,2933,20263316,1024.4404296875,24.520000457763672,-92.54460144042969,1475,0,0,0,0.0,0.0,0.0,0,0
20270322,4,4.144335746765137,20269251,0.29901123046875,-0.4271240234375,-0.84771728515625,-0.09759521484375,0,1.6484375,4.51953125,-13.7890625,1.2265625,4.697265625,0.8828125,2935,20270316,1024.47265625,24.520000457763672,-92.80883026123047,1476,0,0,0,0.0,0.0,0.0,0,0
20283322,4,4.150781154632568,20282251,0.32049560546875,-0.4267578125,-0.8394775390625,-0.10223388671875,0,1.6484375,4.51953125,-13.7890625,0.986328125,4.4921875,1.064453125,2937,20283316,1024.47265625,24.520000457763672,-92.80883026123047,1477,0,0,0,0.0,0.0,0.0,0,0
20290322,4,4.150781154632568,20289251,0.35357666015625,-0.42645263671875,-0.8255615234375,-0.10772705078125,0,1.6484375,4.51953125,-13.7890625,0.734375,4.466796875,1.05859375,2939,20290316,1024.51220703125,24.530000686645508,-93.13383483886719,1478,0,0,0,0.0,0.0,0.0,0,0
20297322,4,4.144335746765137,20296251,0.36090087890625,-0.42657470703125,-0.82208251953125,-0.10919189453125,0,1.6484375,4.51953125,-13.7890625,0.82421875,4.455078125,1.09375,2941,20297316,1024.51220703125,24.530000686645508,-93.13383483886719,1479,0,0,0,0.0,0.0,0.0,0,0
20303322,4,4.137890815734863,20302251,0.37493896484375,-0.4268798828125,-0.81524658203125,-0.112060546875,0,1.6484375,4.51953125,-13.7890625,1.013671875,4.421875,1.03515625,2943,20303316,1024.51220703125,24.530000686645508,-93.13383483886719,1480,0,0,0,0.0,0.0,0.0,0,0
20317322,4,4.1572265625,20316251,0.38824462890625,-0.42694091796875,-0.80859375,-0.11456298828125,0,1.6484375,4.51953125,-13.7890625,1.365234375,4.1328125,0.814453125,2945,20317316,1024.484375,24.520000457763672,-92.9039535522461,1481,0,0,0,0.0,0.0,0.0,0,0
20323322,4,4.150781154632568,20322251,0.42138671875,-0.42724609375,-0.7908935546875,-0.12005615234375,0,1.6484375,4.51953125,-13.7890625,1.560546875,3.92578125,0.732421875,2947,20323316,1024.484375,24.520000457763672,-92.9039535522461,1482,0,0,0,0.0,0.0,0.0,0,0
20329322,4,4.1572265625,20328251,0.42681884765625,-0.427001953125,-0.7879638671875,-0.12066650390625,0,1.6484375,4.51953125,-13.7890625,2.064453125,3.08984375,0.4765625,2949,20329316,1024.488525390625,24.530000686645508,-92.93830871582031,1483,0,0,0,0.0,0.0,0.0,0,0
20335322,4,4.144335746765137,20334251,0.441650390625,-0.42431640625,-0.7813720703125,-0.11981201171875,0,1.6484375,4.51953125,-13.7890625,1.88671875,2.908203125,0.328125,2951,20335316,1024.488525390625,24.530000686645508,-92.93830871582031,1484,0,0,0,0.0,0.0,0.0,0,0
20350322,4,4.144335746765137,20349251,0.45123291015625,-0.42236328125,-0.7769775390625,-0.11944580078125,0,1.6484375,4.51953125,-13.7890625,1.2734375,2.13671875,0.037109375,2953,20350316,1024.4599609375,24.520000457763672,-92.70314025878906,1485,0,0,0,0.0,0.0,0.0,0,0
20357322,4,4.144335746765137,20356251,0.4757080078125,-0.415283203125,-0.76629638671875,-0.11822509765625,0,1.6484375,4.51953125,-13.7890625,1.3046875,1.96484375,0.13671875,2955,20357316,1024.4599609375,24.520000457763672,-92.70314025878906,1486,0,0,0,0.0,0.0,0.0,0,0
20364322,4,4.150781154632568,20363251,0.48065185546875,-0.41363525390625,-0.76416015625,-0.117919921875,0,1.6484375,4.51953125,-13.7890625,1.11328125,1.859375,0.345703125,2957,20364316,1024.4599609375,24.520000457763672,-92.70314025878906,1487,0,0,0,0.0,0.0,0.0,0,0
20370322,4,4.170117378234863,20369251,0.4892578125,-0.4107666015625,-0.760498046875,-0.1165771484375,2,10.30859375,1.33984375,-10.11328125,1.11328125,1.859375,0.345703125,2959,20370316,1024.450927734375,24.520000457763672,-92.629150390625,1488,0,0,0,0.0,0.0,0.0,0,0
20383376,4,4.137890815734863,20382305,0.49493408203125,-0.4111328125,-0.75640869140625,-0.11773681640625,2,10.30859375,1.33984375,-10.11328125,0.537109375,2.2578125,0.55078125,2961,20383370,1024.450927734375,24.520000457763672,-92.629150390625,1489,0,0,0,0.0,0.0,0.0,0,0
20392376,4,4.118554592132568,20391305,0.51318359375,-0.4129638671875,-0.74273681640625,-0.1202392578125,2,10.30859375,1.33984375,-10.11328125,0.529296875,1.853515625,0.763671875,2963,20392370,1024.48193359375,24.520000457763672,-92.88545989990234,1490,0,0,0,0.0,0.0,0.0,0,0
20399376,4,4.144335746765137,20398305,0.51629638671875,-0.41339111328125,-0.7403564453125,-0.11993408203125,2,10.30859375,1.33984375,-10.11328125,0.6484375,1.392578125,0.890625,2965,20399370,1024.48193359375,24.520000457763672,-92.88545989990234,1491,0,0,0,0.0,0.0,0.0,0,0
20410376,4,4.150781154632568,20409305,0.52154541015625,-0.41436767578125,-0.736328125,-0.1187744140625,2,10.30859375,1.33984375,-10.11328125,0.646484375,1.20703125,0.982421875,2967,20410370,1024.487060546875,24.530000686645508,-92.927734375,1492,0,0,0,0.0,0.0,0.0,0,0
20418376,4,4.144335746765137,20417305,0.5279541015625,-0.41632080078125,-0.7308349609375,-0.1173095703125,2,10.30859375,1.33984375,-10.11328125,0.263671875,1.072265625,1.033203125,2969,20418370,1024.487060546875,24.530000686645508,-92.927734375,1493,0,0,0,0.0,0.0,0.0,0,0
20425376,4,4.150781154632568,20424305,0.53125,-0.41937255859375,-0.7265625,-0.1182861328125,2,10.30859375,1.33984375,-10.11328125,-0.59375,1.232421875,0.966796875,2971,20425370,1024.47802734375,24.530000686645508,-92.85375213623047,1494,0,0,0,0.0,0.0,0.0,0,0
20433376,4,4.131445407867432,20432305,0.5350341796875,-0.42449951171875,-0.72027587890625,-0.1212158203125,2,10.30859375,1.33984375,-10.11328125,-0.998046875,1.259765625,0.962890625,2973,20433370,1024.47802734375,24.530000686645508,-92.85375213623047,1495,0,0,0,0.0,0.0,0.0,0,0
20445376,4,4.150781154632568,20444305,0.53662109375,-0.427734375,-0.71685791015625,-0.12322998046875,2,10.30859375,1.33984375,-10.11328125,-0.779296875,1.24609375,1.052734375,2975,20445370,1024.486572265625,24.530000686645508,-92.92245483398438,1496,0,0,0,0.0,0.0,0.0,0,0
20455376,4,4.1572265625,20454305,0.54217529296875,-0.4334716796875,-0.70928955078125,-0.1226806640625,2,10.30859375,1.33984375,-10.11328125,0.015625,0.958984375,1.2109375,2977,20455370,1024.486572265625,24.530000686645508,-92.92245483398438,1497,0,0,0,0.0,0.0,0.0,0,0
20463376,4,4.144335746765137,20462305,0.5482177734375,-0.43353271484375,-0.705078125,-0.11956787109375,2,10.30859375,1.33984375,-10.11328125,0.990234375,0.93359375,0.75,2979,20463370,1024.486572265625,24.530000686645508,-92.92245483398438,1498,0,0,0,0.0,0.0,0.0,0,0
20468376,4,4.150781154632568,20467305,0.5511474609375,-0.43304443359375,-0.70330810546875,-0.1185302734375,2,10.30859375,1.33984375,-10.11328125,1.05859375,1.08984375,0.498046875,2981,20468370,1024.447265625,24.530000686645508,-92.60009002685547,1499,0,0,0,0.0,0.0,0.0,0,0
20480376,4,4.144335746765137,20479305,0.5546875,-0.43218994140625,-0.70111083984375,-0.1180419921875,2,10.30859375,1.33984375,-10.11328125,0.96875,1.3203125,0.267578125,2983,20480370,1024.447265625,24.530000686645508,-92.60009002685547,1500,0,0,0,0.0,0.0,0.0,0,0
20488376,4,4.150781154632568,20487305,0.564208984375,-0.42913818359375,-0.695068359375,-0.1199951171875,2,10.30859375,1.33984375,-10.11328125,0.740234375,1.818359375,-0.12890625,2985,20488370,1024.46875,24.520000457763672,-92.7771224975586,1501,0,0,0,0.0,0.0,0.0,0,0
20496376,4,4.150781154632568,20495305,0.57110595703125,-0.42498779296875,-0.691650390625,-0.12158203125,2,10.30859375,1.33984375,-10.11328125,1.1796875,1.98046875,-0.61328125,2987,20496370,1024.46875,24.520000457763672,-92.7771224975586,1502,0,0,0,0.0,0.0,0.0,0,0
20503322,4,4.150781154632568,20502251,0.57110595703125,-0.42498779296875,-0.691650390625,-0.12158203125,0,12.02734375,1.07421875,-4.09765625,2.076171875,1.7421875,-1.3515625,2989,20503316,1024.446044921875,24.520000457763672,-92.58951568603516,1503,0,0,0,0.0,0.0,0.0,0,0
20521322,4,4.137890815734863,20520251,0.577392578125,-0.41839599609375,-0.69036865234375,-0.12237548828125,0,12.02734375,1.07421875,-4.09765625,3.017578125,1.345703125,-2.755859375,2991,20521316,1024.446044921875,24.530000686645508,-92.58951568603516,1504,0,0,0,0.0,0.0,0.0,0,0
20528322,4,4.1572265625,20527251,0.594970703125,-0.3876953125,-0.69293212890625,-0.12451171875,0,12.02734375,1.07421875,-4.09765625,3.5625,1.298828125,-3.470703125,2993,20528316,1024.463134765625,24.530000686645508,-92.7322006225586,1505,0,0,0,0.0,0.0,0.0,0,0
20534322,4,4.150781154632568,20533251,0.6051025390625,-0.36669921875,-0.69537353515625,-0.1259765625,0,12.02734375,1.07421875,-4.09765625,3.900390625,1.50390625,-3.38671875,2995,20534316,1024.463134765625,24.530000686645508,-92.7322006225586,1506,0,0,0,0.0,0.0,0.0,0,0
20547322,4,4.150781154632568,20546251,0.6121826171875,-0.3526611328125,-0.69635009765625,-0.12652587890625,0,12.02734375,1.07421875,-4.09765625,3.646484375,2.14453125,-3.32421875,2997,20547316,1024.477294921875,24.530000686645508,-92.84846496582031,1507,0,0,0,0.0,0.0,0.0,0,0
20553322,4,4.144335746765137,20552251,0.62396240234375,-0.32672119140625,-0.69842529296875,-0.12701416015625,0,12.02734375,1.07421875,-4.09765625,3.541015625,3.10546875,-3.140625,2999,20553316,1024.477294921875,24.530000686645508,-92.84846496582031,1508,0,0,0,0.0,0.0,0.0,0,0
20563322,4,4.144335746765137,20562251,0.63446044921875,-0.30718994140625,-0.697509765625,-0.1285400390625,0,12.02734375,1.07421875,-4.09765625,3.384765625,3.392578125,-3.103515625,3001,20563316,1024.468505859375,24.540000915527344,-92.77448272705078,1509,0,0,0,0.0,0.0,0.0,0,0
20569322,4,4.144335746765137,20568251,0.64453125,-0.29229736328125,-0.69390869140625,-0.1326904296875,0,12.02734375,1.07421875,-4.09765625,2.84765625,3.744140625,-3.056640625,3003,20569316,1024.468505859375,24.540000915527344,-92.77448272705078,1510,0,0,0,0.0,0.0,0.0,0,0
20584322,4,4.144335746765137,20583251,0.65716552734375,-0.27276611328125,-0.68914794921875,-0.136962890625,0,12.02734375,1.07421875,-4.09765625,2.81640625,3.9765625,-2.708984375,3005,20584316,1024.494873046875,24.549999237060547,-92.99114990234375,1511,0,0,0,0.0,0.0,0.0,0,0
20590322,4,4.131445407867432,20589251,0.678466796875,-0.2412109375,-0.6787109375,-0.14447021484375,0,12.02734375,1.07421875,-4.09765625,3.0,4.1640625,-2.59765625,3007,20590316,1024.494873046875,24.549999237060547,-92.99114990234375,1512,0,0,0,0.0,0.0,0.0,0,0
20597322,4,4.137890815734863,20596251,0.68603515625,-0.2303466796875,-0.6744384765625,-0.146484375,0,12.02734375,1.07421875,-4.09765625,3.228515625,4.474609375,-2.57421875,3009,20597316,1024.494873046875,24.549999237060547,-92.99114990234375,1513,0,0,0,0.0,0.0,0.0,0,0
20603322,4,4.163671970367432,20602251,0.69488525390625,-0.2178955078125,-0.6690673828125,-0.1483154296875,2,11.37890625,2.6796875,1.609375,3.228515625,4.474609375,-2.57421875,3011,20603316,1024.459228515625,24.530000686645508,-92.6978530883789,1514,0,0,0,0.0,0.0,0.0,0,0
20616376,4,4.144335746765137,20615305,0.7110595703125,-0.19647216796875,-0.65728759765625,-0.15411376953125,2,11.37890625,2.6796875,1.609375,3.7734375,5.15234375,-3.015625,3013,20616370,1024.459228515625,24.530000686645508,-92.6978530883789,1515,0,0,0,0.0,0.0,0.0,0,0
20623376,4,4.137890815734863,20622305,0.7408447265625,-0.1470947265625,-0.6353759765625,-0.16058349609375,2,11.37890625,2.6796875,1.609375,4.5703125,5.69921875,-4.16796875,3015,20623370,1024.49072265625,24.540000915527344,-92.95680236816406,1516,0,0,0,0.0,0.0,0.0,0,0
20630376,4,4.137890815734863,20629305,0.7491455078125,-0.1295166015625,-0.62872314453125,-0.16357421875,2,11.37890625,2.6796875,1.609375,5.171875,5.9296875,-5.375,3017,20630370,1024.49072265625,24.540000915527344,-92.95680236816406,1517,0,0,0,0.0,0.0,0.0,0,0
20637376,4,4.144335746765137,20636305,0.76483154296875,-0.08642578125,-0.61468505859375,-0.17242431640625,2,11.37890625,2.6796875,1.609375,5.650390625,5.873046875,-6.482421875,3019,20637370,1024.49072265625,24.540000915527344,-92.95680236816406,1518,0,0,0,0.0,0.0,0.0,0,0
20650376,4,4.144335746765137,20649305,0.77130126953125,-0.0648193359375,-0.60784912109375,-0.1771240234375,2,11.37890625,2.6796875,1.609375,5.71484375,5.759765625,-6.716796875,3021,20650370,1024.455078125,24.540000915527344,-92.66350555419922,1519,0,0,0,0.0,0.0,0.0,0,0
20658376,4,4.137890815734863,20657305,0.7886962890625,0.00787353515625,-0.58355712890625,-0.19317626953125,2,11.37890625,2.6796875,1.609375,5.30859375,5.38671875,-6.650390625,3023,20658370,1024.455078125,24.540000915527344,-92.66350555419922,1520,0,0,0,0.0,0.0,0.0,0,0
20666376,4,4.150781154632568,20665305,0.79443359375,0.0399169921875,-0.57086181640625,-0.20361328125,2,11.37890625,2.6796875,1.609375,5.099609375,5.296875,-6.427734375,3025,20666370,1024.4755859375,24.540000915527344,-92.83261108398438,1521,0,0,0,0.0,0.0,0.0,0,0
20678376,4,4.137890815734863,20677305,0.7991943359375,0.06732177734375,-0.55950927734375,-0.208984375,2,11.37890625,2.6796875,1.609375,4.65234375,5.232421875,-6.064453125,3027,20678370,1024.4755859375,24.540000915527344,-92.83261108398438,1522,0,0,0,0.0,0.0,0.0,0,0
20686376,4,4.163671970367432,20685305,0.8055419921875,0.10992431640625,-0.53961181640625,-0.21875,2,11.37890625,2.6796875,1.609375,4.060546875,5.19140625,-5.783203125,3029,20686370,1024.455078125,24.549999237060547,-92.66350555419922,1523,0,0,0,0.0,0.0,0.0,0,0
20693376,4,4.1572265625,20692305,0.8106689453125,0.146484375,-0.518798828125,-0.22845458984375,2,11.37890625,2.6796875,1.609375,3.376953125,5.119140625,-5.41796875,3031,20693370,1024.455078125,24.549999237060547,-92.66350555419922,1524,0,0,0,0.0,0.0,0.0,0,0
20700376,4,4.144335746765137,20699305,0.81304931640625,0.163818359375,-0.507568359375,-0.2335205078125,2,11.37890625,2.6796875,1.609375,3.017578125,5.09765625,-5.21875,3033,20700370,1024.455078125,24.549999237060547,-92.66350555419922,1525,0,0,0,0.0,0.0,0.0,0,0
20713376,4,4.137890815734863,20712305,0.8172607421875,0.1925048828125,-0.48583984375,-0.2427978515625,2,11.37890625,2.6796875,1.609375,2.216796875,5.005859375,-4.822265625,3035,20713370,1024.497314453125,24.540000915527344,-93.01229095458984,1526,0,0,0,0.0,0.0,0.0,0,0
20721376,4,4.144335746765137,20720305,0.82098388671875,0.2171630859375,-0.4638671875,-0.25213623046875,2,11.37890625,2.6796875,1.609375,1.53125,4.75390625,-4.544921875,3037,20721370,1024.4765625,24.540000915527344,-92.84053802490234,1527,0,0,0,0.0,0.0,0.0,0,0
20728322,4,4.137890815734863,20727251,0.82098388671875,0.2171630859375,-0.4638671875,-0.25213623046875,0,9.34375,1.37890625,1.265625,1.203125,4.236328125,-4.384765625,3039,20728316,1024.4765625,24.540000915527344,-92.84053802490234,1528,0,0,0,0.0,0.0,0.0,0,0
20736322,4,4.144335746765137,20735251,0.822998046875,0.2374267578125,-0.44256591796875,-0.26531982421875,0,9.34375,1.37890625,1.265625,1.154296875,3.94921875,-4.37890625,3041,20736316,1024.4765625,24.540000915527344,-92.84053802490234,1529,0,0,0,0.0,0.0,0.0,0,0
20751322,4,4.150781154632568,20750251,0.8240966796875,0.2508544921875,-0.42864990234375,-0.2724609375,0,9.34375,1.37890625,1.265625,0.904296875,3.330078125,-4.6171875,3043,20751316,1024.466552734375,24.549999237060547,-92.75862884521484,1530,0,0,0,0.0,0.0,0.0,0,0
20759322,4,4.144335746765137,20758251,0.82330322265625,0.28277587890625,-0.39532470703125,-0.2930908203125,0,9.34375,1.37890625,1.265625,1.033203125,3.017578125,-5.0234375,3045,20759316,1024.466552734375,24.549999237060547,-92.75862884521484,1531,0,0,0,0.0,0.0,0.0,0,0
20765322,4,4.144335746765137,20764251,0.82122802734375,0.2977294921875,-0.3798828125,-0.30419921875,0,9.34375,1.37890625,1.265625,1.1953125,3.037109375,-5.240234375,3047,20765316,1024.457275390625,24.540000915527344,-92.68199920654297,1532,0,0,0,0.0,0.0,0.0,0,0
20771322,4,4.150781154632568,20770251,0.81903076171875,0.30908203125,-0.3685302734375,-0.31280517578125,0,9.34375,1.37890625,1.265625,1.291015625,3.119140625,-5.490234375,3049,20771316,1024.457275390625,24.540000915527344,-92.68199920654297,1533,0,0,0,0.0,0.0,0.0,0,0
20786322,4,4.137890815734863,20785251,0.81591796875,0.32183837890625,-0.35601806640625,-0.3223876953125,0,9.34375,1.37890625,1.265625,1.232421875,3.58203125,-5.82421875,3051,20786316,1024.465087890625,24.549999237060547,-92.74805450439453,1534,0,0,0,0.0,0.0,0.0,0,0
20794322,4,4.144335746765137,20793251,0.8077392578125,0.35040283203125,-0.32647705078125,-0.34381103515625,0,9.34375,1.37890625,1.265625,0.919921875,4.052734375,-5.486328125,3053,20794316,1024.465087890625,24.549999237060547,-92.74805450439453,1535,0,0,0,0.0,0.0,0.0,0,0
20804322,4,4.163671970367432,20803251,0.80072021484375,0.37176513671875,-0.30120849609375,-0.36041259765625,0,9.34375,1.37890625,1.265625,0.763671875,4.033203125,-5.23828125,3055,20804316,1024.460205078125,24.549999237060547,-92.70578002929688,1536,0,0,0,0.0,0.0,0.0,0,0
20810322,4,4.144335746765137,20809251,0.79681396484375,0.38519287109375,-0.28338623046875,-0.36944580078125,0,9.34375,1.37890625,1.265625,-0.0390625,3.955078125,-4.826171875,3057,20810316,1024.460205078125,24.549999237060547,-92.70578002929688,1537,0,0,0,0.0,0.0,0.0,0,0
20824322,4,4.137890815734863,20823251,0.79376220703125,0.39581298828125,-0.26617431640625,-0.37744140625,0,9.34375,1.37890625,1.265625,0.4375,3.095703125,-4.21484375,3059,20824316,1024.470947265625,24.549999237060547,-92.79561614990234,1538,0,0,0,0.0,0.0,0.0,0,0
20830322,4,4.131445407867432,20829251,0.78759765625,0.41400146484375,-0.23486328125,-0.391357421875,0,9.34375,1.37890625,1.265625,-0.341796875,2.19140625,-3.904296875,3061,20830316,1024.470947265625,24.549999237060547,-92.79561614990234,1539,0,0,0,0.0,0.0,0.0,0,0
20837322,4,4.144335746765137,20836251,0.7843017578125,0.4202880859375,-0.22259521484375,-0.3983154296875,0,9.34375,1.37890625,1.265625,-0.767578125,1.8671875,-3.728515625,3063,20837316,1024.470947265625,24.549999237060547,-92.79561614990234,1540,0,0,0,0.0,0.0,0.0,0,0
20853322,4,4.1572265625,20852251,0.7818603515625,0.42401123046875,-0.21307373046875,-0.40435791015625,2,8.46484375,-0.91796875,9.46484375,-0.767578125,1.8671875,-3.728515625,3065,20853316,1024.478271484375,24.549999237060547,-92.85639190673828,1541,0,0,0,0.0,0.0,0.0,0,0
20858376,4,4.144335746765137,20857305,0.77593994140625,0.42633056640625,-0.18096923828125,-0.42822265625,2,8.46484375,-0.91796875,9.46484375,-1.66796875,1.4140625,-2.998046875,3067,20858370,1024.478271484375,24.549999237060547,-92.85639190673828,1542,0,0,0,0.0,0.0,0.0,0,0
20869376,4,4.131445407867432,20868305,0.77490234375,0.4222412109375,-0.17022705078125,-0.43841552734375,2,8.46484375,-0.91796875,9.46484375,-1.810546875,0.11328125,-2.005859375,3069,20869370,1024.492431640625,24.559999465942383,-92.97265625,1543,0,0,0,0.0,0.0,0.0,0,0
20876376,4,4.144335746765137,20875305,0.7745361328125,0.41839599609375,-0.16473388671875,-0.44482421875,2,8.46484375,-0.91796875,9.46484375,-1.857421875,-0.302734375,-1.697265625,3071,20876370,1024.492431640625,24.559999465942383,-92.97265625,1544,0,0,0,0.0,0.0,0.0,0,0
20889376,4,4.144335746765137,20888305,0.77496337890625,0.41265869140625,-0.161376953125,-0.45062255859375,2,8.46484375,-0.91796875,9.46484375,-2.072265625,-0.87890625,-1.119140625,3073,20889370,1024.486328125,24.549999237060547,-92.92245483398438,1545,0,0,0,0.0,0.0,0.0,0,0
20897376,4,4.144335746765137,20896305,0.77825927734375,0.39691162109375,-0.16058349609375,-0.4593505859375,2,8.46484375,-0.91796875,9.46484375,-2.294921875,-1.630859375,-0.15625,3075,20897370,1024.486328125,24.549999237060547,-92.92245483398438,1546,0,0,0,0.0,0.0,0.0,0,0
20906376,4,4.131445407867432,20905305,0.7802734375,0.38677978515625,-0.16156005859375,-0.46417236328125,2,8.46484375,-0.91796875,9.46484375,-2.37890625,-1.9375,0.16796875,3077,20906370,1024.466796875,24.559999465942383,-92.76126861572266,1547,0,0,0,0.0,0.0,0.0,0,0
20913376,4,4.144335746765137,20912305,0.78277587890625,0.3756103515625,-0.16412353515625,-0.4681396484375,2,8.46484375,-0.91796875,9.46484375,-2.619140625,-2.568359375,0.705078125,3079,20913370,1024.466796875,24.559999465942383,-92.76126861572266,1548,0,0,0,0.0,0.0,0.0,0,0
20926376,4,4.150781154632568,20925305,0.78485107421875,0.3665771484375,-0.16644287109375,-0.47113037109375,2,8.46484375,-0.91796875,9.46484375,-2.80859375,-2.8515625,0.908203125,3081,20926370,1024.474365234375,24.549999237060547,-92.8246841430664,1549,0,0,0,0.0,0.0,0.0,0,0
20933376,4,4.150781154632568,20932305,0.79229736328125,0.3349609375,-0.176025390625,-0.4786376953125,2,8.46484375,-0.91796875,9.46484375,-3.17578125,-3.365234375,1.271484375,3083,20933370,1024.474365234375,24.549999237060547,-92.8246841430664,1550,0,0,0,0.0,0.0,0.0,0,0
20939376,4,4.1572265625,20938305,0.794677734375,0.3251953125,-0.1796875,-0.48004150390625,2,8.46484375,-0.91796875,9.46484375,-3.46875,-3.876953125,1.525390625,3085,20939370,1024.480224609375,24.549999237060547,-92.87224578857422,1551,0,0,0,0.0,0.0,0.0,0,0
20946376,4,4.150781154632568,20945305,0.79913330078125,0.30572509765625,-0.1873779296875,-0.4825439453125,2,8.46484375,-0.91796875,9.46484375,-3.71484375,-4.2421875,1.703125,3087,20946370,1024.480224609375,24.549999237060547,-92.87224578857422,1552,0,0,0,0.0,0.0,0.0,0,0
20958322,4,4.137890815734863,20957251,0.79913330078125,0.30572509765625,-0.1873779296875,-0.4825439453125,0,1.80078125,1.4921875,7.97265625,-4.2109375,-4.767578125,1.9453125,3089,20958316,1024.46728515625,24.549999237060547,-92.76390838623047,1553,0,0,0,0.0,0.0,0.0,0,0
20965322,4,4.144335746765137,20964251,0.8026123046875,0.28411865234375,-0.1964111328125,-0.486328125,0,1.80078125,1.4921875,7.97265625,-4.96484375,-5.625,2.30859375,3091,20965316,1024.46728515625,24.549999237060547,-92.76390838623047,1554,0,0,0,0.0,0.0,0.0,0,0
20971322,4,4.150781154632568,20970251,0.811279296875,0.2340087890625,-0.2152099609375,-0.49066162109375,0,1.80078125,1.4921875,7.97265625,-5.224609375,-5.91015625,2.443359375,3093,20971316,1024.46728515625,24.549999237060547,-92.76390838623047,1555,0,0,0,0.0,0.0,0.0,0,0
20986321,4,4.137890815734863,20979306,0.81390380859375,0.21539306640625,-0.221923828125,-0.49188232421875,2,1.80078125,1.4921875,7.97265625,-5.224609375,-5.91015625,2.443359375,3094,20986316,1024.487060546875,24.559999465942383,-92.927734375,1556,0,0,0,0.0,0.0,0.0,0,0
20993322,4,4.150781154632568,20992251,0.82159423828125,0.13677978515625,-0.24884033203125,-0.49432373046875,0,1.80078125,1.4921875,7.97265625,-6.291015625,-6.9609375,3.08984375,3096,20993316,1024.487060546875,24.559999465942383,-92.927734375,1557,0,0,0,0.0,0.0,0.0,0,0
20999322,4,4.150781154632568,20998251,0.82281494140625,0.11566162109375,-0.255615234375,-0.49420166015625,0,1.80078125,1.4921875,7.97265625,-6.79296875,-7.458984375,3.494140625,3098,20999316,1024.44921875,24.549999237060547,-92.6159439086914,1558,0,0,0,0.0,0.0,0.0,0,0
21009322,4,4.144335746765137,21008251,0.82427978515625,0.0814208984375,-0.26617431640625,-0.4930419921875,0,1.80078125,1.4921875,7.97265625,-7.001953125,-7.65625,3.671875,3100,21009316,1024.44921875,24.549999237060547,-92.6159439086914,1559,0,0,0,0.0,0.0,0.0,0,0
21024322,4,4.144335746765137,21023251,0.82354736328125,0.04290771484375,-0.27777099609375,-0.49273681640625,0,1.80078125,1.4921875,7.97265625,-7.451171875,-8.1171875,4.080078125,3102,21024316,1024.493408203125,24.549999237060547,-92.98058319091797,1560,0,0,0,0.0,0.0,0.0,0,0
21031322,4,4.131445407867432,21030251,0.82061767578125,-0.04986572265625,-0.30255126953125,-0.48223876953125,0,1.80078125,1.4921875,7.97265625,-7.45703125,-8.31640625,4.25390625,3104,21031316,1024.493408203125,24.549999237060547,-92.98058319091797,1561,0,0,0,0.0,0.0,0.0,0,0
21038322,4,4.1572265625,21037251,0.8192138671875,-0.06658935546875,-0.306884765625,-0.4798583984375,0,1.80078125,1.4921875,7.97265625,-7.328125,-8.38671875,4.265625,3106,21038316,1024.4580078125,24.559999465942383,-92.68728637695312,1562,0,0,0,0.0,0.0,0.0,0,0
21044322,4,4.163671970367432,21043251,0.8175048828125,-0.08404541015625,-0.31146240234375,-0.47711181640625,0,1.80078125,1.4921875,7.97265625,-7.142578125,-8.431640625,4.240234375,3108,21044316,1024.4580078125,24.559999465942383,-92.68728637695312,1563,0,0,0,0.0,0.0,0.0,0,0
21059322,4,4.137890815734863,21058251,0.81036376953125,-0.13885498046875,-0.325439453125,-0.46710205078125,2,9.078125,0.4609375,9.5390625,-7.142578125,-8.431640625,4.240234375,3110,21059316,1024.45458984375,24.559999465942383,-92.66085815429688,1564,0,0,0,0.0,0.0,0.0,0,0
21064376,4,4.150781154632568,21063305,0.79388427734375,-0.22021484375,-0.34893798828125,-0.4466552734375,2,9.078125,0.4609375,9.5390625,-6.248046875,-8.484375,4.248046875,3112,21064370,1024.45458984375,24.559999465942383,-92.66085815429688,1565,0,0,0,0.0,0.0,0.0,0,0
21075376,4,4.1572265625,21074305,0.78045654296875,-0.27166748046875,-0.36602783203125,-0.4278564453125,2,9.078125,0.4609375,9.5390625,-4.908203125,-8.677734375,4.466796875,3114,21075370,1024.45458984375,24.559999465942383,-92.66085815429688,1566,0,0,0,0.0,0.0,0.0,0,0
21082376,4,4.1572265625,21081305,0.7669677734375,-0.31494140625,-0.381103515625,-0.4090576171875,2,9.078125,0.4609375,9.5390625,-4.681640625,-8.822265625,4.515625,3116,21082370,1024.49755859375,24.559999465942383,-93.01493072509766,1567,0,0,0,0.0,0.0,0.0,0,0
21094376,4,4.150781154632568,21093305,0.75323486328125,-0.35235595703125,-0.3970947265625,-0.3883056640625,2,9.078125,0.4609375,9.5390625,-4.12109375,-9.66015625,4.50390625,3118,21094370,1024.49755859375,24.559999465942383,-93.01493072509766,1568,0,0,0,0.0,0.0,0.0,0,0
21101376,4,4.163671970367432,21100305,0.7216796875,-0.4173583984375,-0.42987060546875,-0.34674072265625,2,9.078125,0.4609375,9.5390625,-3.5703125,-10.146484375,3.650390625,3120,21101370,1024.466796875,24.559999465942383,-92.76126861572266,1569,0,0,0,0.0,0.0,0.0,0,0
21108376,4,4.131445407867432,21107305,0.70904541015625,-0.43817138671875,-0.44146728515625,-0.3321533203125,2,9.078125,0.4609375,9.5390625,-3.388671875,-10.0078125,3.109375,3122,21108370,1024.466796875,24.559999465942383,-92.76126861572266,1570,0,0,0,0.0,0.0,0.0,0,0
21119376,4,4.144335746765137,21118305,0.697021484375,-0.4522705078125,-0.45361328125,-0.32220458984375,2,9.078125,0.4609375,9.5390625,-3.033203125,-9.37109375,1.994140625,3124,21119370,1024.4541015625,24.559999465942383,-92.65557861328125,1571,0,0,0,0.0,0.0,0.0,0,0
21127376,4,4.1572265625,21126305,0.655029296875,-0.49530029296875,-0.49029541015625,-0.29193115234375,2,9.078125,0.4609375,9.5390625,-2.712890625,-8.490234375,0.66015625,3126,21127370,1024.4541015625,24.559999465942383,-92.65557861328125,1572,0,0,0,0.0,0.0,0.0,0,0
21136376,4,4.137890815734863,21135305,0.63916015625,-0.50836181640625,-0.50335693359375,-0.28228759765625,2,9.078125,0.4609375,9.5390625,-2.580078125,-8.294921875,0.412109375,3128,21136370,1024.46875,24.559999465942383,-92.7771224975586,1573,0,0,0,0.0,0.0,0.0,0,0
21143376,4,4.137890815734863,21142305,0.6173095703125,-0.5245361328125,-0.52069091796875,-0.26947021484375,2,9.078125,0.4609375,9.5390625,-2.42578125,-8.107421875,0.24609375,3130,21143370,1024.46875,24.559999465942383,-92.7771224975586,1574,0,0,0,0.0,0.0,0.0,0,0
21156376,4,4.150781154632568,21155305,0.60540771484375,-0.532470703125,-0.53009033203125,-0.2626953125,2,9.078125,0.4609375,9.5390625,-2.14453125,-7.666015625,0.15625,3132,21156370,1024.48291015625,24.559999465942383,-92.89338684082031,1575,0,0,0,0.0,0.0,0.0,0,0
21164376,4,4.144335746765137,21163305,0.560791015625,-0.55975341796875,-0.56268310546875,-0.2357177734375,2,9.078125,0.4609375,9.5390625,-1.763671875,-7.193359375,0.287109375,3134,21164370,1024.48291015625,24.559999465942383,-92.89338684082031,1576,0,0,0,0.0,0.0,0.0,0,0
21171376,4,4.1572265625,21170305,0.5400390625,-0.5716552734375,-0.57666015625,-0.22149658203125,2,9.078125,0.4609375,9.5390625,-1.376953125,-6.283203125,0.525390625,3136,21171370,1024.48291015625,24.559999465942383,-92.89338684082031,1577,0,0,0,0.0,0.0,0.0,0,0
21179322,4,4.144335746765137,21178251,0.5400390625,-0.5716552734375,-0.57666015625,-0.22149658203125,0,11.953125,-3.1796875,3.5234375,-1.240234375,-5.923828125,0.603515625,3138,21179316,1024.487060546875,24.559999465942383,-92.927734375,1578,0,0,0,0.0,0.0,0.0,0,0
21194322,4,4.137890815734863,21193251,0.52386474609375,-0.580810546875,-0.58660888671875,-0.20989990234375,0,11.953125,-3.1796875,3.5234375,-1.09765625,-5.177734375,0.8359375,3140,21194316,1024.490478515625,24.559999465942383,-92.95680236816406,1579,0,0,0,0.0,0.0,0.0,0,0
21199322,4,4.144335746765137,21198251,0.49676513671875,-0.59613037109375,-0.601806640625,-0.18890380859375,0,11.953125,-3.1796875,3.5234375,-1.037109375,-4.828125,0.97265625,3142,21199316,1024.490478515625,24.559999465942383,-92.95680236816406,1580,0,0,0,0.0,0.0,0.0,0,0
21205322,4,4.150781154632568,21204251,0.4896240234375,-0.6002197265625,-0.6053466796875,-0.1832275390625,0,11.953125,-3.1796875,3.5234375,-0.8671875,-4.4375,1.28125,3144,21205316,1024.490478515625,24.559999465942383,-92.95680236816406,1581,0,0,0,0.0,0.0,0.0,0,0
21211322,4,4.137890815734863,21210251,0.47857666015625,-0.60693359375,-0.6103515625,-0.17333984375,0,11.953125,-3.1796875,3.5234375,-1.134765625,-4.193359375,1.408203125,3146,21211316,1024.490478515625,24.559999465942383,-92.95680236816406,1582,0,0,0,0.0,0.0,0.0,0,0
21225322,4,4.137890815734863,21224251,0.4700927734375,-0.6124267578125,-0.61358642578125,-0.165771484375,0,11.953125,-3.1796875,3.5234375,-1.244140625,-3.748046875,1.373046875,3148,21225316,1024.487060546875,24.559999465942383,-92.927734375,1583,0,0,0,0.0,0.0,0.0,0,0
21232322,4,4.131445407867432,21231251,0.447509765625,-0.62774658203125,-0.61956787109375,-0.14764404296875,0,11.953125,-3.1796875,3.5234375,-1.337890625,-3.640625,1.140625,3150,21232316,1024.487060546875,24.559999465942383,-92.927734375,1584,0,0,0,0.0,0.0,0.0,0,0
21240322,4,4.144335746765137,21239251,0.4429931640625,-0.630615234375,-0.62066650390625,-0.14453125,0,11.953125,-3.1796875,3.5234375,-1.3203125,-3.58203125,0.7890625,3152,21240316,1024.4501953125,24.559999465942383,-92.62387084960938,1585,0,0,0,0.0,0.0,0.0,0,0
21255322,4,4.137890815734863,21254251,0.4259033203125,-0.640625,-0.6248779296875,-0.13336181640625,0,11.953125,-3.1796875,3.5234375,-1.1015625,-3.365234375,0.337890625,3154,21255316,1024.490234375,24.549999237060547,-92.95416259765625,1586,0,0,0,0.0,0.0,0.0,0,0
21261322,4,4.144335746765137,21260251,0.40362548828125,-0.65093994140625,-0.63165283203125,-0.11993408203125,0,11.953125,-3.1796875,3.5234375,-0.736328125,-3.005859375,-0.130859375,3156,21261316,1024.490234375,24.549999237060547,-92.95416259765625,1587,0,0,0,0.0,0.0,0.0,0,0
21268322,4,4.137890815734863,21267251,0.39508056640625,-0.6534423828125,-0.6353759765625,-0.11492919921875,0,11.953125,-3.1796875,3.5234375,-0.5078125,-2.76171875,-0.341796875,3158,21268316,1024.490234375,24.549999237060547,-92.95416259765625,1588,0,0,0,0.0,0.0,0.0,0,0
21275322,4,4.131445407867432,21274251,0.387451171875,-0.65496826171875,-0.63934326171875,-0.11029052734375,0,11.953125,-3.1796875,3.5234375,-0.31640625,-2.146484375,-0.728515625,3160,21275316,1024.487060546875,24.559999465942383,-92.927734375,1589,0,0,0,0.0,0.0,0.0,0,0
21290322,4,4.150781154632568,21289251,0.37890625,-0.6552734375,-0.64501953125,-0.10504150390625,0,11.953125,-3.1796875,3.5234375,-0.197265625,-1.541015625,-1.13671875,3162,21290316,1024.487060546875,24.559999465942383,-92.927734375,1590,0,0,0,0.0,0.0,0.0,0,0
21297322,4,4.1572265625,21296251,0.3699951171875,-0.65289306640625,-0.65313720703125,-0.10101318359375,2,8.08203125,-3.79296875,-2.453125,-0.197265625,-1.541015625,-1.13671875,3164,21297316,1024.46435546875,24.549999237060547,-92.74012756347656,1591,0,0,0,0.0,0.0,0.0,0,0
21302376,4,4.144335746765137,21301305,0.36651611328125,-0.6507568359375,-0.65728759765625,-0.10064697265625,2,8.08203125,-3.79296875,-2.453125,-0.111328125,-1.033203125,-1.451171875,3166,21302370,1024.46435546875,24.549999237060547,-92.74012756347656,1592,0,0,0,0.0,0.0,0.0,0,0
21312376,4,4.125,21311305,0.36279296875,-0.64617919921875,-0.66387939453125,-0.1004638671875,2,8.08203125,-3.79296875,-2.453125,0.123046875,-0.677734375,-1.453125,3168,21312370,1024.46435546875,24.549999237060547,-92.74012756347656,1593,0,0,0,0.0,0.0,0.0,0,0
21325376,4,4.163671970367432,21324305,0.36077880859375,-0.6417236328125,-0.66925048828125,-0.100341796875,2,8.08203125,-3.79296875,-2.453125,0.298828125,-0.423828125,-1.291015625,3170,21325370,1024.46728515625,24.549999237060547,-92.76390838623047,1594,0,0,0,0.0,0.0,0.0,0,0
21333376,4,4.144335746765137,21332305,0.3607177734375,-0.63525390625,-0.67523193359375,-0.101806640625,2,8.08203125,-3.79296875,-2.453125,0.251953125,0.064453125,-1.125,3172,21333370,1024.517333984375,24.559999465942383,-93.17611694335938,1595,0,0,0,0.0,0.0,0.0,0,0
21339376,4,4.144335746765137,21338305,0.3609619140625,-0.6334228515625,-0.6767578125,-0.10260009765625,2,8.08203125,-3.79296875,-2.453125,0.19140625,0.283203125,-1.060546875,3174,21339370,1024.517333984375,24.559999465942383,-93.17611694335938,1596,0,0,0,0.0,0.0,0.0,0,0
21346376,4,4.150781154632568,21345305,0.361572265625,-0.63140869140625,-0.6781005859375,-0.10382080078125,2,8.08203125,-3.79296875,-2.453125,0.142578125,0.51171875,-1.013671875,3176,21346370,1024.517333984375,24.559999465942383,-93.17611694335938,1597,0,0,0,0.0,0.0,0.0,0,0
21357376,4,4.137890815734863,21356305,0.36322021484375,-0.62786865234375,-0.6800537109375,-0.1065673828125,2,8.08203125,-3.79296875,-2.453125,0.146484375,0.75,-1.009765625,3178,21357370,1024.487548828125,24.549999237060547,-92.93038177490234,1598,0,0,0,0.0,0.0,0.0,0,0
21364376,4,4.144335746765137,21363305,0.36651611328125,-0.62335205078125,-0.681884765625,-0.11004638671875,2,8.08203125,-3.79296875,-2.453125,0.4453125,1.037109375,-1.01953125,3180,21364370,1024.487548828125,24.549999237060547,-92.93038177490234,1599,0,0,0,0.0,0.0,0.0,0,0
21374376,4,4.1572265625,21373305,0.36968994140625,-0.619873046875,-0.68304443359375,-0.11212158203125,2,8.08203125,-3.79296875,-2.453125,0.703125,1.166015625,-1.09375,3182,21374370,1024.48779296875,24.549999237060547,-92.93302154541016,1600,0,0,0,0.0,0.0,0.0,0,0
21381376,4,4.144335746765137,21380305,0.37548828125,-0.61383056640625,-0.68475341796875,-0.115478515625,2,8.08203125,-3.79296875,-2.453125,0.830078125,1.361328125,-1.306640625,3184,21381370,1024.48779296875,24.549999237060547,-92.93302154541016,1601,0,0,0,0.0,0.0,0.0,0,0
21392376,4,4.131445407867432,21391305,0.3802490234375,-0.60882568359375,-0.68609619140625,-0.1182861328125,2,8.08203125,-3.79296875,-2.453125,0.93359375,1.533203125,-1.439453125,3186,21392370,1024.46728515625,24.549999237060547,-92.76390838623047,1602,0,0,0,0.0,0.0,0.0,0,0
21400376,4,4.144335746765137,21399305,0.39093017578125,-0.59771728515625,-0.6888427734375,-0.124267578125,2,8.08203125,-3.79296875,-2.453125,1.345703125,2.0546875,-1.865234375,3188,21400370,1024.46728515625,24.549999237060547,-92.76390838623047,1603,0,0,0,0.0,0.0,0.0,0,0
21407376,4,4.150781154632568,21406305,0.39910888671875,-0.58917236328125,-0.69073486328125,-0.12841796875,2,8.08203125,-3.79296875,-2.453125,1.45703125,2.177734375,-1.939453125,3190,21407370,1024.46728515625,24.549999237060547,-92.76390838623047,1604,0,0,0,0.0,0.0,0.0,0,0
21420376,4,4.150781154632568,21419305,0.40704345703125,-0.5811767578125,-0.692138671875,-0.132080078125,2,8.08203125,-3.79296875,-2.453125,1.578125,2.328125,-1.912109375,3192,21420370,1024.50390625,24.549999237060547,-93.06513977050781,1605,0,0,0,0.0,0.0,0.0,0,0
21428322,4,4.144335746765137,21427251,0.40704345703125,-0.5811767578125,-0.692138671875,-0.132080078125,0,9.80859375,-3.02734375,-4.90234375,1.630859375,2.36328125,-1.751953125,3194,21428316,1024.50390625,24.549999237060547,-93.06513977050781,1606,0,0,0,0.0,0.0,0.0,0,0
21438322,4,4.150781154632568,21437251,0.42327880859375,-0.5670166015625,-0.69244384765625,-0.1407470703125,0,9.80859375,-3.02734375,-4.90234375,1.7578125,2.42578125,-1.4375,3196,21438316,1024.49658203125,24.549999237060547,-93.00436401367188,1607,0,0,0,0.0,0.0,0.0,0,0
21444322,4,4.150781154632568,21443251,0.435546875,-0.55596923828125,-0.69293212890625,-0.14495849609375,0,9.80859375,-3.02734375,-4.90234375,1.787109375,2.5234375,-1.349609375,3198,21444316,1024.49658203125,24.549999237060547,-93.00436401367188,1608,0,0,0,0.0,0.0,0.0,0,0
21458322,4,4.150781154632568,21457251,0.444580078125,-0.54833984375,-0.69268798828125,-0.147705078125,0,9.80859375,-3.02734375,-4.90234375,1.685546875,2.923828125,-1.35546875,3200,21458316,1024.441650390625,24.540000915527344,-92.55516815185547,1609,0,0,0,0.0,0.0,0.0,0,0
21464322,4,4.144335746765137,21463251,0.46343994140625,-0.53326416015625,-0.690673828125,-0.15411376953125,0,9.80859375,-3.02734375,-4.90234375,1.654296875,3.22265625,-1.423828125,3202,21464316,1024.441650390625,24.540000915527344,-92.55516815185547,1610,0,0,0,0.0,0.0,0.0,0,0
21470322,4,4.144335746765137,21469251,0.46795654296875,-0.52972412109375,-0.69000244140625,-0.15594482421875,0,9.80859375,-3.02734375,-4.90234375,1.876953125,3.984375,-1.69921875,3204,21470316,1024.441650390625,24.540000915527344,-92.55516815185547,1611,0,0,0,0.0,0.0,0.0,0,0
21477322,4,4.144335746765137,21476251,0.482421875,-0.51837158203125,-0.6871337890625,-0.162353515625,0,9.80859375,-3.02734375,-4.90234375,1.94921875,4.166015625,-1.84765625,3206,21477316,1024.502197265625,24.549999237060547,-93.05192565917969,1612,0,0,0,0.0,0.0,0.0,0,0
21491322,4,4.1572265625,21490251,0.4925537109375,-0.51123046875,-0.6839599609375,-0.16815185546875,0,9.80859375,-3.02734375,-4.90234375,2.0625,4.509765625,-2.18359375,3208,21491316,1024.4599609375,24.549999237060547,-92.70314025878906,1613,0,0,0,0.0,0.0,0.0,0,0
21499322,4,4.144335746765137,21498251,0.51849365234375,-0.48907470703125,-0.67742919921875,-0.1817626953125,0,9.80859375,-3.02734375,-4.90234375,2.3125,4.85546875,-2.5,3210,21499316,1024.4599609375,24.549999237060547,-92.70314025878906,1614,0,0,0,0.0,0.0,0.0,0,0
21505322,4,4.137890815734863,21504251,0.5338134765625,-0.47454833984375,-0.67364501953125,-0.19000244140625,0,9.80859375,-3.02734375,-4.90234375,2.673828125,5.25,-2.822265625,3212,21505316,1024.4599609375,24.549999237060547,-92.70314025878906,1615,0,0,0,0.0,0.0,0.0,0,0
21512322,4,4.137890815734863,21511251,0.54730224609375,-0.460693359375,-0.67034912109375,-0.19708251953125,0,9.80859375,-3.02734375,-4.90234375,2.876953125,5.44140625,-3.013671875,3214,21512316,1024.445556640625,24.549999237060547,-92.58687591552734,1616,0,0,0,0.0,0.0,0.0,0,0
21527322,4,4.163671970367432,21526251,0.5599365234375,-0.447265625,-0.6671142578125,-0.20355224609375,0,9.80859375,-3.02734375,-4.90234375,3.125,5.734375,-3.19140625,3216,21527316,1024.445556640625,24.549999237060547,-92.58687591552734,1617,0,0,0,0.0,0.0,0.0,0,0
21535322,4,4.150781154632568,21534251,0.591796875,-0.41070556640625,-0.65789794921875,-0.21966552734375,2,13.48828125,-0.84375,-0.34375,3.125,5.734375,-3.19140625,3218,21535316,1024.470458984375,24.540000915527344,-92.79033660888672,1618,0,0,0,0.0,0.0,0.0,0,0
21540376,4,4.150781154632568,21539305,0.6136474609375,-0.3846435546875,-0.64892578125,-0.233154296875,2,13.48828125,-0.84375,-0.34375,3.67578125,5.921875,-3.51171875,3220,21540370,1024.470458984375,24.540000915527344,-92.79033660888672,1619,0,0,0,0.0,0.0,0.0,0,0
21552376,4,4.137890815734863,21551305,0.63092041015625,-0.36114501953125,-0.64288330078125,-0.24127197265625,2,13.48828125,-0.84375,-0.34375,3.80078125,6.001953125,-3.583984375,3222,21552370,1024.509521484375,24.540000915527344,-93.11270141601562,1620,0,0,0,0.0,0.0,0.0,0,0
21559376,4,4.150781154632568,21558305,0.6571044921875,-0.32220458984375,-0.63262939453125,-0.25335693359375,2,13.48828125,-0.84375,-0.34375,3.892578125,6.16796875,-3.81640625,3224,21559370,1024.509521484375,24.540000915527344,-93.11270141601562,1621,0,0,0,0.0,0.0,0.0,0,0
21566376,4,4.1572265625,21565305,0.671630859375,-0.29888916015625,-0.6258544921875,-0.26055908203125,2,13.48828125,-0.84375,-0.34375,3.927734375,6.22265625,-3.884765625,3226,21566370,1024.509521484375,24.540000915527344,-93.11270141601562,1622,0,0,0,0.0,0.0,0.0,0,0
21574376,4,4.144335746765137,21573305,0.6883544921875,-0.27044677734375,-0.6170654296875,-0.268798828125,2,13.48828125,-0.84375,-0.34375,4.0,6.28515625,-3.900390625,3228,21574370,1024.47607421875,24.549999237060547,-92.83789825439453,1623,0,0,0,0.0,0.0,0.0,0,0
21586376,4,4.137890815734863,21585305,0.698486328125,-0.2523193359375,-0.61114501953125,-0.27374267578125,2,13.48828125,-0.84375,-0.34375,4.01171875,6.2890625,-3.849609375,3230,21586370,1024.47607421875,24.549999237060547,-92.83789825439453,1624,0,0,0,0.0,0.0,0.0,0,0
21594376,4,4.144335746765137,21593305,0.7249755859375,-0.203369140625,-0.59124755859375,-0.2889404296875,2,13.48828125,-0.84375,-0.34375,3.775390625,6.30859375,-3.513671875,3232,21594370,1024.4755859375,24.549999237060547,-92.83261108398438,1625,0,0,0,0.0,0.0,0.0,0,0
21603376,4,4.144335746765137,21602305,0.73358154296875,-0.18701171875,-0.5841064453125,-0.2928466796875,2,13.48828125,-0.84375,-0.34375,3.623046875,6.33203125,-3.34375,3234,21603370,1024.4755859375,24.549999237060547,-92.83261108398438,1626,0,0,0,0.0,0.0,0.0,0,0
21610376,4,4.1572265625,21609305,0.7490234375,-0.158203125,-0.5694580078125,-0.29949951171875,2,13.48828125,-0.84375,-0.34375,3.123046875,6.26953125,-2.81640625,3236,21610370,1024.4560546875,24.549999237060547,-92.67143249511719,1627,0,0,0,0.0,0.0,0.0,0,0
21621376,4,4.1572265625,21620305,0.7608642578125,-0.13726806640625,-0.5565185546875,-0.30419921875,2,13.48828125,-0.84375,-0.34375,2.70703125,6.158203125,-2.400390625,3238,21621370,1024.4560546875,24.549999237060547,-92.67143249511719,1628,0,0,0,0.0,0.0,0.0,0,0
21629376,4,4.1572265625,21628305,0.775634765625,-0.11431884765625,-0.53875732421875,-0.30828857421875,2,13.48828125,-0.84375,-0.34375,2.38671875,6.076171875,-1.662109375,3240,21629370,1024.46875,24.549999237060547,-92.7771224975586,1629,0,0,0,0.0,0.0,0.0,0,0
21636376,4,4.137890815734863,21635305,0.78363037109375,-0.10333251953125,-0.5284423828125,-0.30975341796875,2,13.48828125,-0.84375,-0.34375,1.873046875,6.083984375,-1.009765625,3242,21636370,1024.46875,24.549999237060547,-92.7771224975586,1630,0,0,0,0.0,0.0,0.0,0,0
21644376,4,4.144335746765137,21643305,0.8013916015625,-0.08154296875,-0.50384521484375,-0.311767578125,2,13.48828125,-0.84375,-0.34375,1.3828125,6.017578125,-0.517578125,3244,21644370,1024.46875,24.549999237060547,-92.7771224975586,1631,0,0,0,0.0,0.0,0.0,0,0
21661322,4,4.144335746765137,21660251,0.8013916015625,-0.08154296875,-0.50384521484375,-0.311767578125,0,8.62109375,-0.95703125,1.33984375,1.009765625,5.81640625,-0.25,3246,21661316,1024.51611328125,24.549999237060547,-93.16554260253906,1632,0,0,0,0.0,0.0,0.0,0,0
21669322,4,4.137890815734863,21668251,0.82421875,-0.057861328125,-0.46575927734375,-0.31683349609375,0,8.62109375,-0.95703125,1.33984375,0.970703125,5.48828125,-0.4296875,3248,21669316,1024.47705078125,24.549999237060547,-92.8458251953125,1633,0,0,0,0.0,0.0,0.0,0,0
21675322,4,4.131445407867432,21674251,0.83636474609375,-0.0447998046875,-0.4447021484375,-0.31732177734375,0,8.62109375,-0.95703125,1.33984375,1.03515625,5.251953125,-0.724609375,3250,21675316,1024.47705078125,24.549999237060547,-92.8458251953125,1634,0,0,0,0.0,0.0,0.0,0,0
21691322,4,4.144335746765137,21690251,0.8453369140625,-0.033203125,-0.4276123046875,-0.31842041015625,0,8.62109375,-0.95703125,1.33984375,0.89453125,4.78125,-0.904296875,3252,21691316,1024.505615234375,24.549999237060547,-93.0783462524414,1635,0,0,0,0.0,0.0,0.0,0,0
21697322,4,4.144335746765137,21696251,0.86016845703125,-0.0107421875,-0.3955078125,-0.32177734375,0,8.62109375,-0.95703125,1.33984375,0.828125,4.578125,-0.859375,3254,21697316,1024.505615234375,24.549999237060547,-93.0783462524414,1636,0,0,0,0.0,0.0,0.0,0,0
21703322,4,4.150781154632568,21702251,0.86444091796875,-0.00360107421875,-0.3851318359375,-0.322998046875,0,8.62109375,-0.95703125,1.33984375,0.76171875,4.333984375,-0.77734375,3256,21703316,1024.505615234375,24.549999237060547,-93.0783462524414,1637,0,0,0,0.0,0.0,0.0,0,0
21710322,4,4.131445407867432,21709251,0.86773681640625,0.00201416015625,-0.37689208984375,-0.32391357421875,0,8.62109375,-0.95703125,1.33984375,0.619140625,3.869140625,-0.576171875,3258,21710316,1024.443359375,24.559999465942383,-92.5683822631836,1638,0,0,0,0.0,0.0,0.0,0,0
21729322,4,4.144335746765137,21728251,0.87359619140625,0.0123291015625,-0.36029052734375,-0.32684326171875,0,8.62109375,-0.95703125,1.33984375,0.373046875,3.265625,-0.265625,3260,21729316,1024.481689453125,24.549999237060547,-92.88282012939453,1639,0,0,0,0.0,0.0,0.0,0,0
21735322,4,4.144335746765137,21734251,0.88189697265625,0.0255126953125,-0.337890625,-0.32781982421875,0,8.62109375,-0.95703125,1.33984375,0.3203125,3.060546875,-0.19140625,3262,21735316,1024.481689453125,24.549999237060547,-92.88282012939453,1640,0,0,0,0.0,0.0,0.0,0,0
21741322,4,4.150781154632568,21740251,0.88555908203125,0.03094482421875,-0.32763671875,-0.32781982421875,0,8.62109375,-0.95703125,1.33984375,0.287109375,2.658203125,-0.15625,3264,21741316,1024.481689453125,24.549999237060547,-92.88282012939453,1641,0,0,0,0.0,0.0,0.0,0,0
21747322,4,4.144335746765137,21746251,0.8880615234375,0.03448486328125,-0.3206787109375,-0.32763671875,0,8.62109375,-0.95703125,1.33984375,0.251953125,2.462890625,-0.181640625,3266,21747316,1024.509033203125,24.549999237060547,-93.10741424560547,1642,0,0,0,0.0,0.0,0.0,0,0
21760321,4,4.144335746765137,21754306,0.8905029296875,0.0382080078125,-0.3134765625,-0.3275146484375,2,8.62109375,-0.95703125,1.33984375,0.251953125,2.462890625,-0.181640625,3267,21760316,1024.509033203125,24.559999465942383,-93.10741424560547,1643,0,0,0,0.0,0.0,0.0,0,0
21766322,4,4.1572265625,21765251,0.89495849609375,0.04473876953125,-0.29931640625,-0.32781982421875,0,8.62109375,-0.95703125,1.33984375,-0.353515625,1.798828125,-0.224609375,3269,21766316,1024.509033203125,24.559999465942383,-93.10741424560547,1644,0,0,0,0.0,0.0,0.0,0,0
21772322,4,4.150781154632568,21771251,0.89556884765625,0.04541015625,-0.2972412109375,-0.3280029296875,2,9.92578125,-1.53125,1.76171875,-0.353515625,1.798828125,-0.224609375,3271,21772316,1024.471923828125,24.549999237060547,-92.80354309082031,1645,0,0,0,0.0,0.0,0.0,0,0
21777376,4,4.1572265625,21776305,0.89697265625,0.04656982421875,-0.29193115234375,-0.32861328125,2,9.92578125,-1.53125,1.76171875,-0.509765625,1.619140625,-0.19921875,3273,21777370,1024.471923828125,24.549999237060547,-92.80354309082031,1646,0,0,0,0.0,0.0,0.0,0,0
21790376,4,4.137890815734863,21789305,0.899169921875,0.04571533203125,-0.28369140625,-0.3299560546875,2,9.92578125,-1.53125,1.76171875,-0.826171875,1.212890625,-0.07421875,3275,21790370,1024.4404296875,24.549999237060547,-92.54460144042969,1647,0,0,0,0.0,0.0,0.0,0,0
21798376,4,4.137890815734863,21797305,0.90106201171875,0.0391845703125,-0.277099609375,-0.331298828125,2,9.92578125,-1.53125,1.76171875,-1.337890625,0.470703125,0.193359375,3277,21798370,1024.4404296875,24.549999237060547,-92.54460144042969,1648,0,0,0,0.0,0.0,0.0,0,0
21804376,4,4.1572265625,21803305,0.90155029296875,0.03662109375,-0.275390625,-0.3316650390625,2,9.92578125,-1.53125,1.76171875,-1.5625,0.216796875,0.291015625,3279,21804370,1024.4404296875,24.549999237060547,-92.54460144042969,1649,0,0,0,0.0,0.0,0.0,0,0
21816376,4,4.150781154632568,21815305,0.902099609375,0.032958984375,-0.273681640625,-0.33203125,2,9.92578125,-1.53125,1.76171875,-1.80859375,-0.029296875,0.39453125,3281,21816370,1024.480224609375,24.549999237060547,-92.87224578857422,1650,0,0,0,0.0,0.0,0.0,0,0
21824376,4,4.1572265625,21823305,0.90325927734375,0.01898193359375,-0.27008056640625,-0.33282470703125,2,9.92578125,-1.53125,1.76171875,-2.29296875,-0.490234375,0.595703125,3283,21824370,1024.480224609375,24.549999237060547,-92.87224578857422,1651,0,0,0,0.0,0.0,0.0,0,0
21832376,4,4.144335746765137,21831305,0.90362548828125,0.01171875,-0.2691650390625,-0.33306884765625,2,9.92578125,-1.53125,1.76171875,-2.677734375,-0.943359375,0.7578125,3285,21832370,1024.504150390625,24.559999465942383,-93.06777954101562,1652,0,0,0,0.0,0.0,0.0,0,0
21839376,4,4.150781154632568,21838305,0.90380859375,-0.0037841796875,-0.26806640625,-0.33349609375,2,9.92578125,-1.53125,1.76171875,-3.080078125,-1.33984375,0.8515625,3287,21839370,1024.504150390625,24.559999465942383,-93.06777954101562,1653,0,0,0,0.0,0.0,0.0,0,0
21851376,4,4.144335746765137,21850305,0.90380859375,-0.01312255859375,-0.267578125,-0.333740234375,2,9.92578125,-1.53125,1.76171875,-3.30859375,-1.51171875,0.87109375,3289,21851370,1024.464111328125,24.549999237060547,-92.74012756347656,1654,0,0,0,0.0,0.0,0.0,0,0
21859376,4,4.1572265625,21858305,0.90228271484375,-0.03955078125,-0.2689208984375,-0.33465576171875,2,9.92578125,-1.53125,1.76171875,-3.828125,-1.912109375,0.849609375,3291,21859370,1024.464111328125,24.549999237060547,-92.74012756347656,1655,0,0,0,0.0,0.0,0.0,0,0
21867376,4,4.144335746765137,21866305,0.900146484375,-0.05792236328125,-0.27142333984375,-0.33575439453125,2,9.92578125,-1.53125,1.76171875,-4.3046875,-2.431640625,0.814453125,3293,21867370,1024.434326171875,24.559999465942383,-92.49439239501953,1656,0,0,0,0.0,0.0,0.0,0,0
21874376,4,4.150781154632568,21873305,0.89752197265625,-0.075439453125,-0.2744140625,-0.33685302734375,2,9.92578125,-1.53125,1.76171875,-4.6875,-3.0390625,0.8046875,3295,21874370,1024.434326171875,24.559999465942383,-92.49439239501953,1657,0,0,0,0.0,0.0,0.0,0,0
21886376,4,4.150781154632568,21885305,0.8944091796875,-0.09307861328125,-0.2779541015625,-0.337890625,2,9.92578125,-1.53125,1.76171875,-4.84375,-3.34375,0.802734375,3297,21886370,1024.448486328125,24.559999465942383,-92.61065673828125,1658,0,0,0,0.0,0.0,0.0,0,0
21894376,4,4.144335746765137,21893305,0.8861083984375,-0.13031005859375,-0.28704833984375,-0.3397216796875,2,9.92578125,-1.53125,1.76171875,-5.078125,-3.919921875,0.76953125,3299,21894370,1024.448486328125,24.559999465942383,-92.61065673828125,1659,0,0,0,0.0,0.0,0.0,0,0
21901322,4,4.137890815734863,21900251,0.8861083984375,-0.13031005859375,-0.28704833984375,-0.3397216796875,0,9.5390625,-3.21875,4.3671875,-5.287109375,-4.474609375,0.703125,3301,21901316,1024.448486328125,24.559999465942383,-92.61065673828125,1660,0,0,0,0.0,0.0,0.0,0,0
21910322,4,4.137890815734863,21909251,0.880859375,-0.14935302734375,-0.29290771484375,-0.34051513671875,0,9.5390625,-3.21875,4.3671875,-5.43359375,-5.03515625,0.595703125,3303,21910316,1024.4404296875,24.559999465942383,-92.54460144042969,1661,0,0,0,0.0,0.0,0.0,0,0
21924322,4,4.137890815734863,21923251,0.8680419921875,-0.18939208984375,-0.30621337890625,-0.34197998046875,0,9.5390625,-3.21875,4.3671875,-5.427734375,-5.80859375,0.478515625,3305,21924316,1024.4404296875,24.559999465942383,-92.54460144042969,1662,0,0,0,0.0,0.0,0.0,0,0
21931322,4,4.150781154632568,21930251,0.84820556640625,-0.238525390625,-0.32598876953125,-0.3426513671875,0,9.5390625,-3.21875,4.3671875,-5.287109375,-6.294921875,0.638671875,3307,21931316,1024.478759765625,24.559999465942383,-92.85903930664062,1663,0,0,0,0.0,0.0,0.0,0,0
21937322,4,4.144335746765137,21936251,0.837890625,-0.26055908203125,-0.33624267578125,-0.34197998046875,0,9.5390625,-3.21875,4.3671875,-5.2890625,-6.421875,0.814453125,3309,21937316,1024.478759765625,24.559999465942383,-92.85903930664062,1664,0,0,0,0.0,0.0,0.0,0,0
21945322,4,4.144335746765137,21944251,0.8297119140625,-0.27728271484375,-0.3441162109375,-0.34100341796875,0,9.5390625,-3.21875,4.3671875,-5.251953125,-6.533203125,1.05859375,3311,21945316,1024.46142578125,24.559999465942383,-92.71634674072266,1665,0,0,0,0.0,0.0,0.0,0,0
21960322,4,4.137890815734863,21959251,0.81451416015625,-0.3067626953125,-0.35797119140625,-0.33807373046875,0,9.5390625,-3.21875,4.3671875,-5.0078125,-6.87890625,2.0546875,3313,21960316,1024.46142578125,24.559999465942383,-92.71634674072266,1666,0,0,0,0.0,0.0,0.0,0,0
21962376,4,4.150781154632568,21959251,0.81451416015625,-0.3067626953125,-0.35797119140625,-0.33807373046875,0,9.5390625,-3.21875,4.3671875,-5.0078125,-6.87890625,2.0546875,3313,21962370,1024.46142578125,24.559999465942383,-92.71634674072266,1667,0,0,0,0.0,0.0,0.0,0,0
21969376,4,4.144335746765137,21968305,0.76800537109375,-0.39312744140625,-0.3961181640625,-0.3140869140625,2,9.5390625,-3.21875,4.3671875,-4.5859375,-6.994140625,2.646484375,3315,21969370,1024.495361328125,24.559999465942383,-92.9964370727539,1668,0,0,0,0.0,0.0,0.0,0,0
21981376,4,4.144335746765137,21980305,0.75811767578125,-0.41082763671875,-0.4036865234375,-0.30572509765625,2,9.5390625,-3.21875,4.3671875,-4.275390625,-7.015625,2.888671875,3317,21981370,1024.495361328125,24.559999465942383,-92.9964370727539,1669,0,0,0,0.0,0.0,0.0,0,0
21989376,4,4.1572265625,21988305,0.7305908203125,-0.45733642578125,-0.42449951171875,-0.2772216796875,2,9.5390625,-3.21875,4.3671875,-3.416015625,-6.919921875,3.205078125,3319,21989370,1024.486328125,24.559999465942383,-92.92245483398438,1670,0,0,0,0.0,0.0,0.0,0,0
21994376,4,4.131445407867432,21993305,0.72149658203125,-0.4715576171875,-0.43096923828125,-0.26715087890625,2,9.5390625,-3.21875,4.3671875,-3.328125,-6.83984375,3.14453125,3321,21994370,1024.486328125,24.559999465942383,-92.92245483398438,1671,0,0,0,0.0,0.0,0.0,0,0
22000376,4,4.137890815734863,21999305,0.7122802734375,-0.485107421875,-0.437255859375,-0.2572021484375,2,9.5390625,-3.21875,4.3671875,-3.267578125,-6.751953125,3.001953125,3323,22000370,1024.486328125,24.559999465942383,-92.92245483398438,1672,0,0,0,0.0,0.0,0.0,0,0
22011376,4,4.150781154632568,22010305,0.693603515625,-0.51007080078125,-0.44903564453125,-0.23883056640625,2,9.5390625,-3.21875,4.3671875,-3.2890625,-6.3984375,2.548828125,3325,22011370,1024.463623046875,24.559999465942383,-92.73484802246094,1673,0,0,0,0.0,0.0,0.0,0,0
22017376,4,4.163671970367432,22016305,0.67913818359375,-0.527587890625,-0.45733642578125,-0.2264404296875,2,9.5390625,-3.21875,4.3671875,-3.361328125,-6.208984375,2.2890625,3327,22017370,1024.463623046875,24.559999465942383,-92.73484802246094,1674,0,0,0,0.0,0.0,0.0,0,0
22024322,4,4.1572265625,22023251,0.67913818359375,-0.527587890625,-0.45733642578125,-0.2264404296875,0,13.6328125,-2.87109375,0.11328125,-3.626953125,-6.00390625,1.6875,3329,22024316,1024.506103515625,24.559999465942383,-93.08363342285156,1675,0,0,0,0.0,0.0,0.0,0,0
22033322,4,4.150781154632568,22032251,0.66412353515625,-0.5439453125,-0.46478271484375,-0.21673583984375,0,13.6328125,-2.87109375,0.11328125,-3.67578125,-5.97265625,1.34765625,3331,22033316,1024.506103515625,24.559999465942383,-93.08363342285156,1676,0,0,0,0.0,0.0,0.0,0,0
22048322,4,4.144335746765137,22047251,0.64715576171875,-0.56060791015625,-0.47344970703125,-0.20684814453125,0,13.6328125,-2.87109375,0.11328125,-3.1328125,-6.033203125,0.451171875,3333,22048316,1024.483154296875,24.559999465942383,-92.89602661132812,1677,0,0,0,0.0,0.0,0.0,0,0
22053322,4,4.1572265625,22052251,0.60382080078125,-0.59423828125,-0.49774169921875,-0.18597412109375,0,13.6328125,-2.87109375,0.11328125,-2.798828125,-6.0546875,0.228515625,3335,22053316,1024.483154296875,24.559999465942383,-92.89602661132812,1678,0,0,0,0.0,0.0,0.0,0,0
22059322,4,4.144335746765137,22058251,0.60101318359375,-0.5960693359375,-0.49945068359375,-0.1845703125,0,13.6328125,-2.87109375,0.11328125,-2.318359375,-6.03125,-0.1171875,3337,22059316,1024.483154296875,24.559999465942383,-92.89602661132812,1679,0,0,0,0.0,0.0,0.0,0,0
22065322,4,4.150781154632568,22064251,0.58770751953125,-0.6041259765625,-0.5079345703125,-0.1778564453125,0,13.6328125,-2.87109375,0.11328125,-2.015625,-5.984375,-0.306640625,3339,22065316,1024.45361328125,24.559999465942383,-92.6529312133789,1680,0,0,0,0.0,0.0,0.0,0,0
22081322,4,4.137890815734863,22080251,0.56951904296875,-0.6136474609375,-0.52032470703125,-0.16827392578125,0,13.6328125,-2.87109375,0.11328125,-1.419921875,-5.87890625,-0.48046875,3341,22081316,1024.45361328125,24.559999465942383,-92.6529312133789,1681,0,0,0,0.0,0.0,0.0,0,0
22089322,4,4.150781154632568,22088251,0.5372314453125,-0.626220703125,-0.544921875,-0.149169921875,0,13.6328125,-2.87109375,0.11328125,-1.05078125,-5.865234375,-0.400390625,3343,22089316,1024.4794921875,24.559999465942383,-92.86431884765625,1682,0,0,0,0.0,0.0,0.0,0,0
22095322,4,4.163671970367432,22094251,0.5196533203125,-0.63177490234375,-0.5584716796875,-0.13751220703125,0,13.6328125,-2.87109375,0.11328125,-0.9609375,-5.916015625,-0.314453125,3345,22095316,1024.4794921875,24.559999465942383,-92.86431884765625,1683,0,0,0,0.0,0.0,0.0,0,0
